
REPLACE INTO `quest_template` (`entry`, `Method`, `ZoneOrSort`, `MinLevel`, `MaxLevel`, `QuestLevel`, `Type`, `RequiredClasses`, `RequiredRaces`, `RequiredSkill`, `RequiredSkillValue`, `RepObjectiveFaction`, `RepObjectiveValue`, `RequiredMinRepFaction`, `RequiredMinRepValue`, `RequiredMaxRepFaction`, `RequiredMaxRepValue`, `SuggestedPlayers`, `LimitTime`, `QuestFlags`, `SpecialFlags`, `PrevQuestId`, `NextQuestId`, `ExclusiveGroup`, `NextQuestInChain`, `SrcItemId`, `SrcItemCount`, `SrcSpell`, `Title`, `Details`, `Objectives`, `OfferRewardText`, `RequestItemsText`, `EndText`, `ObjectiveText1`, `ObjectiveText2`, `ObjectiveText3`, `ObjectiveText4`, `ReqItemId1`, `ReqItemId2`, `ReqItemId3`, `ReqItemId4`, `ReqItemCount1`, `ReqItemCount2`, `ReqItemCount3`, `ReqItemCount4`, `ReqSourceId1`, `ReqSourceId2`, `ReqSourceId3`, `ReqSourceId4`, `ReqSourceCount1`, `ReqSourceCount2`, `ReqSourceCount3`, `ReqSourceCount4`, `ReqCreatureOrGOId1`, `ReqCreatureOrGOId2`, `ReqCreatureOrGOId3`, `ReqCreatureOrGOId4`, `ReqCreatureOrGOCount1`, `ReqCreatureOrGOCount2`, `ReqCreatureOrGOCount3`, `ReqCreatureOrGOCount4`, `ReqSpellCast1`, `ReqSpellCast2`, `ReqSpellCast3`, `ReqSpellCast4`, `RewChoiceItemId1`, `RewChoiceItemId2`, `RewChoiceItemId3`, `RewChoiceItemId4`, `RewChoiceItemId5`, `RewChoiceItemId6`, `RewChoiceItemCount1`, `RewChoiceItemCount2`, `RewChoiceItemCount3`, `RewChoiceItemCount4`, `RewChoiceItemCount5`, `RewChoiceItemCount6`, `RewItemId1`, `RewItemId2`, `RewItemId3`, `RewItemId4`, `RewItemCount1`, `RewItemCount2`, `RewItemCount3`, `RewItemCount4`, `RewRepFaction1`, `RewRepFaction2`, `RewRepFaction3`, `RewRepFaction4`, `RewRepFaction5`, `RewRepValue1`, `RewRepValue2`, `RewRepValue3`, `RewRepValue4`, `RewRepValue5`, `RewXP`, `RewOrReqMoney`, `RewMoneyMaxLevel`, `RewSpell`, `RewSpellCast`, `RewMailTemplateId`, `RewMailDelaySecs`, `RewMailMoney`, `PointMapId`, `PointX`, `PointY`, `PointOpt`, `DetailsEmote1`, `DetailsEmote2`, `DetailsEmote3`, `DetailsEmote4`, `DetailsEmoteDelay1`, `DetailsEmoteDelay2`, `DetailsEmoteDelay3`, `DetailsEmoteDelay4`, `IncompleteEmote`, `CompleteEmote`, `OfferRewardEmote1`, `OfferRewardEmote2`, `OfferRewardEmote3`, `OfferRewardEmote4`, `OfferRewardEmoteDelay1`, `OfferRewardEmoteDelay2`, `OfferRewardEmoteDelay3`, `OfferRewardEmoteDelay4`, `StartScript`, `CompleteScript`) VALUES
(20000, 2, 139, 60, 0, 60, 0, 0, 0, 0, 0, 0, 0, 0, 0, 0, 0, 0, 0, 0, 0, 0, 0, 0, 20001, 0, 0, 0, 'Orb of Pure Light', 'The orb shines as bright as the Sun inside the dread walls of Naxxramas.$B\nWith the Horsemen defeated, your next challenge is soon to be approached, you decide to take the orb with you and bring it back to Light''s Hope Chapel if you survive.', 'Take the Orb of Pure Light to Maxwell Tyrosus in Light''s Hope Chapel, Eastern Plaguelands.', 'So you''ve found this just after your victory?', NULL, '', NULL, NULL, NULL, NULL, 82000, 0, 0, 0, 1, 0, 0, 0, 0, 0, 0, 0, 0, 0, 0, 0, 0, 0, 0, 0, 0, 0, 0, 0, 0, 0, 0, 0, 0, 0, 0, 0, 0, 0, 0, 0, 0, 0, 0, 0, 0, 0, 0, 0, 0, 0, 0, 0, 529, 0, 0, 0, 0, 150, 0, 0, 0, 0, 0, 39500, 0, 0, 0, 0, 0, 0, 0, 0, 0, 0, 0, 0, 0, 0, 0, 0, 0, 0, 0, 0, 0, 0, 0, 0, 0, 0, 0, 0, 0, 0),
(20001, 2, 139, 60, 0, 60, 0, 0, 0, 0, 0, 0, 0, 0, 0, 0, 0, 0, 0, 0, 0, 20000, 0, 0, 20002, 0, 0, 0, 'Seek Help Elsewhere', 'It''s like nothing I have ever seen before, $N.$B\nIt''s like the very essence of the Light comes out of this orb, a strange thing that the Ashbringer left behind as he was freed from the clutches of the Scourge.$BI really cannot spare any time to aid you with this. Even if the Dread Citadel fell we still have a long way to go. While the Arch Lich has been defeated we have yet to find his phylactery.$B\nThe Argent Dawn is a mess, the casualties were many and the rest of us are beyond tired. While you will not find help here, I know where to send you, and I am sure he will be able to help.$BSeek Tirion Fordring, here, in Eastern Plaguelands to the West.$B\nI am truly sorry and I wish you luck.', 'Find Tirion Fordring in Eastern Plaguelands.', 'Maxwell is a bright man, his choice was just.', NULL, '', NULL, NULL, NULL, NULL, 0, 0, 0, 0, 0, 0, 0, 0, 0, 0, 0, 0, 0, 0, 0, 0, 0, 0, 0, 0, 0, 0, 0, 0, 0, 0, 0, 0, 0, 0, 0, 0, 0, 0, 0, 0, 0, 0, 0, 0, 0, 0, 0, 0, 0, 0, 0, 0, 0, 0, 0, 0, 0, 0, 0, 0, 0, 0, 0, 39500, 0, 0, 0, 0, 0, 0, 0, 0, 0, 0, 0, 0, 0, 0, 0, 0, 0, 0, 0, 0, 0, 0, 0, 0, 0, 0, 0, 0, 0, 0),
(20002, 2, 2017, 60, 0, 60, 81, 0, 0, 0, 0, 0, 0, 0, 0, 0, 0, 5, 0, 0, 0, 20001, 0, 0, 20003, 0, 0, 0, 'To Wake The Ashbringer', '<Tirion inspects the orb in silence for a while.>$B\nBy the Light!$BThis pure essence, this raw energy of the Light, this is definitely Alexandros himself!$BHis dormant soul turned into this orb, but for what purpose?$BI can''t wrap my head around this, but perhaps we can try to wake him up. Not sure that''s the right choice of words here. But how can we even do that?$BSomething familiar might do the trick.$B\nListen $N. Saidan Dathrohan was one of the very first Paladins, a friend of mine and Alexandros, at some point he went insane. Which in these times prove to have been due to a certain demonic influence.$BWhen Renault killed his father, Saidan took the Ashbringer''s Tabard as a trophy.$BAt the same time, if my information is correct, Baron Rivendare proudly wore Alexandros'' cape as mockery.$B\nYour task is to venture into the Stratholme and find these items that once belonged to the Ashbringer. Take the orb with you, I am sure you will get a reaction. In the meantime I will try to wrap my head around this situation.', 'Recover Tabard of the Ashbringer and Cape of Alexandros from Stratholme.', 'You managed to recover them, tattered, but still.', NULL, '', NULL, NULL, NULL, NULL, 82001, 0, 0, 0, 1, 0, 0, 0, 0, 0, 0, 0, 0, 0, 0, 0, 0, 0, 0, 0, 0, 0, 0, 0, 0, 0, 0, 0, 0, 0, 0, 0, 0, 0, 0, 0, 0, 0, 0, 0, 0, 0, 0, 0, 0, 0, 0, 0, 529, 0, 0, 0, 0, 150, 0, 0, 0, 0, 0, 40000, 0, 0, 0, 0, 0, 0, 0, 0, 0, 0, 0, 0, 0, 0, 0, 0, 0, 0, 0, 0, 0, 0, 0, 0, 0, 0, 0, 0, 0, 0),
(20003, 2, 28, 60, 0, 60, 0, 0, 0, 0, 0, 0, 0, 0, 0, 0, 0, 0, 0, 0, 0, 20002, 0, 0, 0, 0, 0, 0, 'Spirit of the Ashbringer', 'I can feel it $N.$BThe spirit of Alexandros and its thirst for justice. These lands are too corrupted for us to communicate with him, if we are to ever reach him we need a place strong in the Light.$BBy the Light''s guidance, I feel that we must travel to Uther''s tomb.$BCompleted any duties you have left and meet me there. My only wish is that this fragment of his spirit is willing to communicate and cooperate with us.$BOnly time will tell.$BTo Uther''s tomb!', 'Meet Tirion Fordring at Uther''s Tomb, Western Plaguelands.', 'This is it $N. He''s about to show.$BStand tall, his aura maybe a bit overwhelming.', NULL, '', NULL, NULL, NULL, NULL, 0, 0, 0, 0, 0, 0, 0, 0, 0, 0, 0, 0, 0, 0, 0, 0, 0, 0, 0, 0, 0, 0, 0, 0, 0, 0, 0, 0, 0, 0, 0, 0, 0, 0, 0, 0, 0, 0, 0, 0, 0, 0, 0, 0, 0, 0, 0, 0, 529, 0, 0, 0, 0, 150, 0, 0, 0, 0, 0, 34200, 0, 0, 0, 0, 0, 0, 0, 0, 0, 0, 0, 0, 0, 0, 0, 0, 0, 0, 0, 0, 0, 0, 0, 0, 0, 0, 0, 0, 0, 0),
(20004, 2, 28, 60, 0, 60, 0, 0, 0, 0, 0, 0, 0, 0, 0, 0, 0, 0, 0, 0, 0, 20003, 0, 0, 20005, 0, 0, 0, 'An Act of Humility', '<Alexandros stares deep into your eyes.>$B\nSo, the one to free me from eternal undeath is also the one to reach my message. The Light showed me this path.$BListen well, $N. I am Alexandros Mograine, the Ashbringer. Once a member of what is now the despicable Scarlet Crusade.$B\nA paladin, a husband, a father, and now nothing more than a ghost. My spirit is restless and I cannot and will not move on before my justice have been met. Yes, you''ve heard me well, this is not the Light''s justice but the Ashbringer''s.$BI am willing to give information to you, information that will let you be a part of something grand.$B\nInformation that once and for all will bring the demise of the Scarlet Crusade. And yes, surprisingly you are yet to end them.$BI ask for humility, from the one that defeated me in battle, from the one that liberated my soul. Bow to the Ashbringer, let me feel that my legend amongst the mortals of our world has yet to perish.', 'Bow to the Ashbringer.', 'It is a simple task, one which will prove the color of your own soul.', NULL, '', NULL, NULL, NULL, NULL, 0, 0, 0, 0, 0, 0, 0, 0, 0, 0, 0, 0, 0, 0, 0, 0, 0, 0, 0, 0, 0, 0, 0, 0, 0, 0, 0, 0, 0, 0, 0, 0, 0, 0, 0, 0, 0, 0, 0, 0, 0, 0, 0, 0, 0, 0, 0, 0, 529, 0, 0, 0, 0, 150, 0, 0, 0, 0, 0, 40000, 0, 0, 0, 0, 0, 0, 0, 0, 0, 0, 0, 0, 0, 0, 0, 0, 0, 0, 0, 0, 0, 0, 0, 0, 0, 0, 0, 0, 0, 0),
(20005, 2, 28, 60, 0, 60, 0, 0, 0, 0, 0, 0, 0, 0, 0, 0, 0, 0, 0, 0, 0, 20004, 0, 0, 0, 0, 0, 0, 'The Foul Stench of the Scarlet Crusade', 'After leaving behind my mortal shell the Light has shown me many different things.$BMy life,  my mission, my future.$BAll I wish now is to end the Scarlet Crusade.$BBridgette Abbendis has retreated to the Scarlet Monastery. She ordered the recruitment of more men and devised a new concoction that''d instantly put an end to the undead.$B\nIt seems her plans were not effective since the day she decide to hide in her chambers to meditate. The Light has its own paths you see, mysterious to us. She was to harbor more power for a purpose that is nothing else but foolish. East of Tyr''s Hand the Scarlet Crusade prepares for a trip North, waiting for their leader to return so they can commence.$B\nBut against their own odds, a dark power infiltrated the Monastery during her meditation and has forever tormented the already fanatical minds.$BThey can longer see any difference between the living and the undead. Their use of shadow magic comes from a different power, one that could equal the Light itself.$BIt''s time to decide whether you are ready to prove your own mettle.$B\nNaxxramas was a threat indeed, but the powers at play here can very well surpass it. Are you ready $N?', 'Speak to the Spirit of Alexandros Mograine.', 'Very well. You seem ready.$BA piece of advice before you go <name>. Someone like you, someone like me, we will always be forgotten. Keep this close to your heart: the people of this world will never remember your name, they will never recall your face, but they will always remember your deeds.$B', NULL, '', NULL, NULL, NULL, NULL, 0, 0, 0, 0, 0, 0, 0, 0, 0, 0, 0, 0, 0, 0, 0, 0, 0, 0, 0, 0, 0, 0, 0, 0, 0, 0, 0, 0, 0, 0, 0, 0, 0, 0, 0, 0, 0, 0, 0, 0, 0, 0, 0, 0, 0, 0, 0, 0, 529, 0, 0, 0, 0, 250, 0, 0, 0, 0, 0, 50000, 0, 0, 0, 0, 0, 0, 0, 0, 0, 0, 0, 0, 0, 0, 0, 0, 0, 0, 0, 0, 0, 0, 0, 0, 0, 0, 0, 0, 0, 0);

REPLACE INTO `creature_involvedrelation` (`id`, `quest`) VALUES
(0, 20003),
(1855, 20001),
(1855, 20002),
(11034, 20000),
(2000090, 20003),
(2000091, 20004),
(2000091, 20005);

REPLACE INTO `creature_questrelation` (`id`, `quest`) VALUES
(1855, 20002),
(1855, 20003),
(11034, 20001),
(2000091, 20004),
(2000091, 20005);

REPLACE INTO `item_template` (`entry`, `class`, `subclass`, `name`, `description`, `display_id`, `quality`, `flags`, `buy_count`, `buy_price`, `sell_price`, `inventory_type`, `allowable_class`, `allowable_race`, `item_level`, `required_level`, `required_skill`, `required_skill_rank`, `required_spell`, `required_honor_rank`, `required_city_rank`, `required_reputation_faction`, `required_reputation_rank`, `max_count`, `stackable`, `container_slots`, `stat_type1`, `stat_value1`, `stat_type2`, `stat_value2`, `stat_type3`, `stat_value3`, `stat_type4`, `stat_value4`, `stat_type5`, `stat_value5`, `stat_type6`, `stat_value6`, `stat_type7`, `stat_value7`, `stat_type8`, `stat_value8`, `stat_type9`, `stat_value9`, `stat_type10`, `stat_value10`, `delay`, `range_mod`, `ammo_type`, `dmg_min1`, `dmg_max1`, `dmg_type1`, `dmg_min2`, `dmg_max2`, `dmg_type2`, `dmg_min3`, `dmg_max3`, `dmg_type3`, `dmg_min4`, `dmg_max4`, `dmg_type4`, `dmg_min5`, `dmg_max5`, `dmg_type5`, `block`, `armor`, `holy_res`, `fire_res`, `nature_res`, `frost_res`, `shadow_res`, `arcane_res`, `spellid_1`, `spelltrigger_1`, `spellcharges_1`, `spellppmrate_1`, `spellcooldown_1`, `spellcategory_1`, `spellcategorycooldown_1`, `spellid_2`, `spelltrigger_2`, `spellcharges_2`, `spellppmrate_2`, `spellcooldown_2`, `spellcategory_2`, `spellcategorycooldown_2`, `spellid_3`, `spelltrigger_3`, `spellcharges_3`, `spellppmrate_3`, `spellcooldown_3`, `spellcategory_3`, `spellcategorycooldown_3`, `spellid_4`, `spelltrigger_4`, `spellcharges_4`, `spellppmrate_4`, `spellcooldown_4`, `spellcategory_4`, `spellcategorycooldown_4`, `spellid_5`, `spelltrigger_5`, `spellcharges_5`, `spellppmrate_5`, `spellcooldown_5`, `spellcategory_5`, `spellcategorycooldown_5`, `bonding`, `page_text`, `page_language`, `page_material`, `start_quest`, `lock_id`, `material`, `sheath`, `random_property`, `set_id`, `max_durability`, `area_bound`, `map_bound`, `duration`, `bag_family`, `disenchant_id`, `food_type`, `min_money_loot`, `max_money_loot`, `extra_flags`, `other_team_entry`, `script_name`) VALUES
(82000, 12, 0, 'Orb of Pure Light', 'There''s something amiss about the orb.', 24730, 5, 2048, 1, 0, 0, 0, -1, -1, 90, 60, 0, 0, 0, 0, 0, 0, 0, 1, 1, 0, 0, 0, 0, 0, 0, 0, 0, 0, 0, 0, 0, 0, 0, 0, 0, 0, 0, 0, 0, 0, 0, 0, 0, 0, 0, 0, 0, 0, 0, 0, 0, 0, 0, 0, 0, 0, 0, 0, 0, 0, 0, 0, 0, 0, 0, 0, 0, 0, 0, 0, -1, 0, -1, 0, 0, 0, 0, -1, 0, -1, 0, 0, 0, 0, -1, 0, -1, 0, 0, 0, 0, -1, 0, -1, 0, 0, 0, 0, 0, 0, 0, 1, 0, 0, 0, 20000, 0, 0, 0, 0, 0, 0, 0, 0, 0, 0, 0, 0, 0, 0, 0, 1, NULL),
(82001, 12, 0, 'Cape of Alexandros', 'Tattered cloak that once covered the back of the Ashbringer.', 35444, 1, 2048, 1, 0, 0, 0, -1, -1, 90, 60, 0, 0, 0, 0, 0, 0, 0, 1, 1, 0, 0, 0, 0, 0, 0, 0, 0, 0, 0, 0, 0, 0, 0, 0, 0, 0, 0, 0, 0, 0, 0, 0, 0, 0, 0, 0, 0, 0, 0, 0, 0, 0, 0, 0, 0, 0, 0, 0, 0, 0, 0, 0, 0, 0, 0, 0, 0, 0, 0, 0, -1, 0, -1, 0, 0, 0, 0, -1, 0, -1, 0, 0, 0, 0, -1, 0, -1, 0, 0, 0, 0, -1, 0, -1, 0, 0, 0, 0, 0, 0, 0, 1, 0, 0, 0, 0, 0, 0, 0, 0, 0, 0, 0, 0, 0, 0, 0, 0, 0, 0, 0, 1, NULL),
(82002, 4, 0, 'Tabard of the Ashbringer', 'Filled with light.', 34374, 4, 0, 1, 0, 0, 19, -1, -1, 85, 60, 0, 0, 0, 0, 0, 0, 0, 1, 1, 0, 0, 0, 0, 0, 0, 0, 0, 0, 0, 0, 0, 0, 0, 0, 0, 0, 0, 0, 0, 0, 0, 0, 0, 0, 0, 0, 0, 0, 0, 0, 0, 0, 0, 0, 0, 0, 0, 0, 0, 0, 15, 0, 0, 0, 0, 0, 25824, 0, 0, 0, 3600000, 0, -1, 0, 0, 0, 0, -1, 0, -1, 0, 0, 0, 0, -1, 0, -1, 0, 0, 0, 0, -1, 0, -1, 0, 0, 0, 0, 0, 0, 0, 1, 0, 0, 0, 0, 0, 0, 0, 0, 0, 0, 0, 0, 0, 0, 0, 0, 0, 0, 0, 1, NULL);

REPLACE INTO `creature_template` (`entry`, `display_id1`, `display_id2`, `display_id3`, `display_id4`, `mount_display_id`, `name`, `subname`, `gossip_menu_id`, `level_min`, `level_max`, `health_min`, `health_max`, `mana_min`, `mana_max`, `armor`, `faction`, `npc_flags`, `speed_walk`, `speed_run`, `scale`, `detection_range`, `call_for_help_range`, `leash_range`, `rank`, `xp_multiplier`, `dmg_min`, `dmg_max`, `dmg_school`, `attack_power`, `dmg_multiplier`, `base_attack_time`, `ranged_attack_time`, `unit_class`, `unit_flags`, `dynamic_flags`, `beast_family`, `trainer_type`, `trainer_spell`, `trainer_class`, `trainer_race`, `ranged_dmg_min`, `ranged_dmg_max`, `ranged_attack_power`, `type`, `type_flags`, `loot_id`, `pickpocket_loot_id`, `skinning_loot_id`, `holy_res`, `fire_res`, `nature_res`, `frost_res`, `shadow_res`, `arcane_res`, `spell_id1`, `spell_id2`, `spell_id3`, `spell_id4`, `spell_list_id`, `pet_spell_list_id`, `auras`, `gold_min`, `gold_max`, `ai_name`, `movement_type`, `inhabit_type`, `civilian`, `racial_leader`, `regeneration`, `equipment_id`, `trainer_id`, `vendor_id`, `mechanic_immune_mask`, `school_immune_mask`, `flags_extra`, `phase_quest_id`, `script_name`) VALUES
(2000090, 9477, 0, 0, 0, 0, 'Tirion Fordring', NULL, 0, 61, 61, 25150, 25150, 2486, 2486, 1091, 250, 3, 1, 1.14286, 0, 20, 5, 0, 1, 1, 244, 703, 0, 278, 1, 2000, 2000, 2, 64, 0, 0, 0, 0, 0, 0, 172.1, 240.07, 100, 7, 0, 0, 0, 0, 0, 10, 10, 10, 10, 10, 0, 0, 0, 0, 0, 0, NULL, 0, 0, '', 0, 3, 0, 0, 3, 1855, 0, 0, 0, 0, 1048576, 0, 'duplicate_tirion_fordring'),
(2000091, 18675, 0, 0, 0, 0, 'Spirit of Alexandros Mograine', NULL, 0, 83, 83, 13945000, 13945000, 2129000, 2129000, 10643, 35, 3, 1, 1.14286, 1, 20, 5, 0, 3, 1, 16336, 22546, 0, 290, 1, 1500, 1700, 2, 0, 0, 0, 0, 0, 0, 0, 0, 0, 0, 10, 0, 0, 0, 0, 0, 0, 0, 0, 0, 0, 0, 0, 0, 0, 0, 0, NULL, 0, 0, '', 0, 3, 0, 0, 3, 0, 0, 0, 3167436667, 0, 0, 0, 'npc_alexandros_mograine');
