
replace into `gameobject_template` values 
(2010670, 0, 14, 32842, 'Prison', 0, 0, 1, 1, 0, 0, 0, 0, 0, 0, 0, 0, 0, 0, 0, 0, 0, 0, 0, 0, 0, 0, 0, 0, 0, 0, 0, 0, 0, ''),
(2010671, 0, 14, 32843, 'Longhouse', 0, 0, 1, 1, 0, 0, 0, 0, 0, 0, 0, 0, 0, 0, 0, 0, 0, 0, 0, 0, 0, 0, 0, 0, 0, 0, 0, 0, 0, ''),
(2010672, 0, 14, 32856, 'Priory', 0, 0, 1, 1, 0, 0, 0, 0, 0, 0, 0, 0, 0, 0, 0, 0, 0, 0, 0, 0, 0, 0, 0, 0, 0, 0, 0, 0, 0, ''),
(2010673, 0, 14, 32857, 'Camp', 0, 0, 1, 1, 0, 0, 0, 0, 0, 0, 0, 0, 0, 0, 0, 0, 0, 0, 0, 0, 0, 0, 0, 0, 0, 0, 0, 0, 0, ''),
(2010674, 0, 14, 32858, 'Camp2', 0, 0, 1, 1, 0, 0, 0, 0, 0, 0, 0, 0, 0, 0, 0, 0, 0, 0, 0, 0, 0, 0, 0, 0, 0, 0, 0, 0, 0, ''),

(2010675, 0, 5, 32844, 'WorldExpansion02DoodadsGrizzlyHillsTreesGrizzlyHills_Clovers01.mdx', 94, 0, 1, 0, 0, 0, 0, 0, 0, 0, 0, 0, 0, 0, 0, 0, 0, 0, 0, 0, 0, 0, 0, 0, 0, 0, 0, 0, 0, ''),
(2010676, 0, 5, 32845, 'WorldExpansion02DoodadsGrizzlyHillsTreesGrizzlyHills_Clovers03.mdx', 94, 0, 1, 0, 0, 0, 0, 0, 0, 0, 0, 0, 0, 0, 0, 0, 0, 0, 0, 0, 0, 0, 0, 0, 0, 0, 0, 0, 0, ''),
(2010677, 0, 5, 32846, 'WorldGenericHumanPassive DoodadsBottlesGreenBottle01.mdx', 94, 0, 1, 0, 0, 0, 0, 0, 0, 0, 0, 0, 0, 0, 0, 0, 0, 0, 0, 0, 0, 0, 0, 0, 0, 0, 0, 0, 0, ''),
(2010678, 0, 5, 32847, 'WorldExpansion02DoodadsDalaranDalaran_Chair_01.mdx', 94, 0, 1, 0, 0, 0, 0, 0, 0, 0, 0, 0, 0, 0, 0, 0, 0, 0, 0, 0, 0, 0, 0, 0, 0, 0, 0, 0, 0, ''),
(2010679, 0, 5, 32848, 'WorldExpansion02DoodadsDalaranDalaran_Bed_02.mdx', 94, 0, 1, 0, 0, 0, 0, 0, 0, 0, 0, 0, 0, 0, 0, 0, 0, 0, 0, 0, 0, 0, 0, 0, 0, 0, 0, 0, 0, ''),
(2010680, 0, 5, 32849, 'WorldExpansion02DoodadsDalaranDalaran_BeerTable_01.mdx', 94, 0, 1, 0, 0, 0, 0, 0, 0, 0, 0, 0, 0, 0, 0, 0, 0, 0, 0, 0, 0, 0, 0, 0, 0, 0, 0, 0, 0, ''),
(2010681, 0, 5, 32850, 'WorldExpansion02DoodadsDalaranDalaran_BeerTable_Seat_01.mdx', 94, 0, 1, 0, 0, 0, 0, 0, 0, 0, 0, 0, 0, 0, 0, 0, 0, 0, 0, 0, 0, 0, 0, 0, 0, 0, 0, 0, 0, ''),
(2010682, 0, 5, 32851, 'WorldExpansion02DoodadsGenericInscriptionInscription_Quill_Frosty.mdx', 94, 0, 1, 0, 0, 0, 0, 0, 0, 0, 0, 0, 0, 0, 0, 0, 0, 0, 0, 0, 0, 0, 0, 0, 0, 0, 0, 0, 0, ''),
(2010683, 0, 5, 32852, 'WorldGenericPassiveDoodadsThanksgivingG_ThanksgivingChair_01.mdx', 94, 0, 1, 0, 0, 0, 0, 0, 0, 0, 0, 0, 0, 0, 0, 0, 0, 0, 0, 0, 0, 0, 0, 0, 0, 0, 0, 0, 0, ''),
(2010684, 0, 5, 32853, 'WorldGenericPassiveDoodadsThanksgivingG_ThanksgivingPlate_01.mdx', 94, 0, 1, 0, 0, 0, 0, 0, 0, 0, 0, 0, 0, 0, 0, 0, 0, 0, 0, 0, 0, 0, 0, 0, 0, 0, 0, 0, 0, ''),
(2010685, 0, 5, 32854, 'worldgenericpassivedoodadsthanksgivingg_thanksgivingtable_01_collision.mdx', 94, 0, 1, 0, 0, 0, 0, 0, 0, 0, 0, 0, 0, 0, 0, 0, 0, 0, 0, 0, 0, 0, 0, 0, 0, 0, 0, 0, 0, ''),
(2010686, 0, 5, 32855, 'gobspianopiano.mdx', 94, 0, 1, 0, 0, 0, 0, 0, 0, 0, 0, 0, 0, 0, 0, 0, 0, 0, 0, 0, 0, 0, 0, 0, 0, 0, 0, 0, 0, ''),
(2010687, 0, 5, 32859, 'WorldcustomALbanneralbanner01.mdx', 94, 0, 1, 0, 0, 0, 0, 0, 0, 0, 0, 0, 0, 0, 0, 0, 0, 0, 0, 0, 0, 0, 0, 0, 0, 0, 0, 0, 0, ''),
(2010688, 0, 5, 32860, 'WorldcustomALbanneralbanner02.mdx', 94, 0, 1, 0, 0, 0, 0, 0, 0, 0, 0, 0, 0, 0, 0, 0, 0, 0, 0, 0, 0, 0, 0, 0, 0, 0, 0, 0, 0, ''),
(2010689, 0, 5, 32861, 'WorldcustomALbanneralbanner03.mdx', 94, 0, 1, 0, 0, 0, 0, 0, 0, 0, 0, 0, 0, 0, 0, 0, 0, 0, 0, 0, 0, 0, 0, 0, 0, 0, 0, 0, 0, ''),
(2010690, 0, 5, 32862, 'WorldcustomSTbannerstbanner01.mdx', 94, 0, 1, 0, 0, 0, 0, 0, 0, 0, 0, 0, 0, 0, 0, 0, 0, 0, 0, 0, 0, 0, 0, 0, 0, 0, 0, 0, 0, ''),
(2010691, 0, 5, 32863, 'WorldcustomSTbannerstbanner02.mdx', 94, 0, 1, 0, 0, 0, 0, 0, 0, 0, 0, 0, 0, 0, 0, 0, 0, 0, 0, 0, 0, 0, 0, 0, 0, 0, 0, 0, 0, ''),
(2010692, 0, 5, 32864, 'WorldcustomSTbannerstbanner03.mdx', 94, 0, 1, 0, 0, 0, 0, 0, 0, 0, 0, 0, 0, 0, 0, 0, 0, 0, 0, 0, 0, 0, 0, 0, 0, 0, 0, 0, 0, ''),
(2010693, 0, 5, 32865, 'gobsboralusbannerboralusbanner01.mdx', 94, 0, 1, 0, 0, 0, 0, 0, 0, 0, 0, 0, 0, 0, 0, 0, 0, 0, 0, 0, 0, 0, 0, 0, 0, 0, 0, 0, 0, ''),
(2010694, 0, 5, 32866, 'gobsboralusbannerboralusbanner02.mdx', 94, 0, 1, 0, 0, 0, 0, 0, 0, 0, 0, 0, 0, 0, 0, 0, 0, 0, 0, 0, 0, 0, 0, 0, 0, 0, 0, 0, 0, '');

replace into `creature_template` values (80805, 0, 18335, 18336, 18337, 0, 'Amani\'Alor Settler', NULL, 0, 10, 10, 413, 413, 0, 0, 20, 1494, 2, 1, 1.14286, 0, 20, 5, 0, 0, 1, 9, 13, 0, 62, 1, 2000, 2000, 1, 4608, 0, 0, 0, 0, 0, 0, 16.808, 23.111, 100, 7, 0, 0, 0, 0, 0, 0, 0, 0, 0, 0, 0, 0, 0, 0, 0, 0, 0, 0, '', 0, 3, 0, 0, 3, 0, 0, 0, 0, 0, 524298, '');

REPLACE INTO `creature_template` VALUES (80806, 0, 6436, 6437, 0, 0, 'Risen Troll', NULL, 0, 11, 12, 220, 285, 0, 0, 560, 21, 0, 0.777776, 1.14286, 0, 20, 5, 0, 0, 1, 17, 22, 0, 66, 1, 2000, 2000, 1, 0, 0, 0, 0, 0, 0, 0, 21.2784, 29.2578, 100, 6, 0, 1866, 1866, 0, 0, 0, 0, 0, 0, 0, 7761, 0, 0, 0, 18660, 0, 12, 20, '', 1, 1, 0, 0, 3, 0, 0, 0, 8388624, 0, 0, '');

replace into `creature_template` values 
(80807, 0, 14773, 0, 0, 0, 'Reolis Riptusk', 'Revantusk Trolls Quartermaster', 0, 11, 11, 456, 456, 0, 0, 20, 1494, 16388, 1.1, 1.14286, 0, 20, 5, 0, 0, 1, 12, 14, 0, 64, 1, 2000, 2090, 1, 4864, 0, 0, 0, 0, 0, 0, 18.392, 25.289, 100, 7, 0, 0, 0, 0, 0, 0, 0, 0, 0, 0, 0, 0, 0, 0, 0, 0, 0, 0, 'EventAI', 0, 3, 0, 0, 3, 0, 0, 0, 0, 0, 524298, ''),
(80808, 0, 14772, 0, 0, 0, 'Ranor Riptusk', 'General Goods', 0, 3, 3, 219, 219, 0, 0, 852, 1494, 4, 1, 1.14286, 0, 20, 5, 0, 0, 1, 24, 31, 0, 90, 1, 2000, 2000, 1, 512, 0, 0, 0, 0, 0, 0, 31.856, 43.802, 100, 7, 4096, 0, 0, 0, 0, 0, 0, 0, 30, 0, 0, 0, 0, 0, 0, 0, 0, 0, '', 0, 1, 0, 0, 3, 0, 0, 0, 0, 0, 2, ''),

(80809, 0, 14770, 0, 0, 0, 'Talkharu Riptusk', 'Blacksmithing Supplies', 9290, 30, 30, 1605, 1605, 0, 0, 1200, 1494, 16390, 1, 1.14286, 0, 20, 5, 0, 0, 1, 42, 53, 0, 122, 1, 2000, 2000, 1, 37376, 0, 0, 0, 0, 0, 0, 45.144, 62.073, 100, 7, 0, 0, 0, 0, 0, 0, 0, 0, 0, 0, 0, 0, 0, 0, 0, 0, 0, 0, 'EventAI', 0, 3, 0, 0, 3, 4597, 0, 0, 0, 0, 524298, '');

REPLACE INTO `npc_vendor` VALUES (80809, 2880, 0, 0, 0, 0);
REPLACE INTO `npc_vendor` VALUES (80809, 2901, 0, 0, 0, 0);
REPLACE INTO `npc_vendor` VALUES (80809, 3466, 0, 0, 0, 0);
REPLACE INTO `npc_vendor` VALUES (80809, 3857, 0, 0, 0, 0);
REPLACE INTO `npc_vendor` VALUES (80809, 5956, 0, 0, 0, 0);
REPLACE INTO `npc_vendor` VALUES (80809, 18567, 0, 0, 0, 0);


REPLACE INTO `npc_vendor` VALUES (80808, 159, 0, 0, 0, 0);
REPLACE INTO `npc_vendor` VALUES (80808, 1205, 0, 0, 0, 0);
REPLACE INTO `npc_vendor` VALUES (80808, 1645, 0, 0, 0, 0);
REPLACE INTO `npc_vendor` VALUES (80808, 1708, 0, 0, 0, 0);
REPLACE INTO `npc_vendor` VALUES (80808, 2515, 0, 0, 0, 0);
REPLACE INTO `npc_vendor` VALUES (80808, 2519, 0, 0, 0, 0);
REPLACE INTO `npc_vendor` VALUES (80808, 2946, 0, 0, 0, 0);
REPLACE INTO `npc_vendor` VALUES (80808, 3030, 0, 0, 0, 0);
REPLACE INTO `npc_vendor` VALUES (80808, 3033, 0, 0, 0, 0);
REPLACE INTO `npc_vendor` VALUES (80808, 3107, 0, 0, 0, 0);
REPLACE INTO `npc_vendor` VALUES (80808, 3108, 0, 0, 0, 0);
REPLACE INTO `npc_vendor` VALUES (80808, 3131, 0, 0, 0, 0);
REPLACE INTO `npc_vendor` VALUES (80808, 3135, 0, 0, 0, 0);
REPLACE INTO `npc_vendor` VALUES (80808, 3137, 0, 0, 0, 0);
REPLACE INTO `npc_vendor` VALUES (80808, 4470, 0, 0, 0, 0);
REPLACE INTO `npc_vendor` VALUES (80808, 4471, 0, 0, 0, 0);
REPLACE INTO `npc_vendor` VALUES (80808, 4497, 0, 0, 0, 0);
REPLACE INTO `npc_vendor` VALUES (80808, 4498, 0, 0, 0, 0);
REPLACE INTO `npc_vendor` VALUES (80808, 6183, 0, 0, 0, 0);
REPLACE INTO `npc_vendor` VALUES (80808, 11284, 0, 0, 0, 0);
REPLACE INTO `npc_vendor` VALUES (80808, 11285, 0, 0, 0, 0);
REPLACE INTO `npc_vendor` VALUES (80808, 15326, 0, 0, 0, 0);
REPLACE INTO `npc_vendor` VALUES (80808, 15327, 0, 0, 0, 0);

replace into creature_model_info values (18329, 5875, 2, 2, 0, 0, 0);
replace into creature_model_info values (18330, 5875, 2, 2, 0, 0, 0);
replace into creature_model_info values (18331, 5875, 2, 2, 0, 0, 0);
replace into creature_model_info values (18332, 5875, 2, 2, 0, 0, 0);
replace into creature_model_info values (18333, 5875, 2, 2, 0, 0, 0);
replace into creature_model_info values (18334, 5875, 2, 2, 0, 0, 0);
replace into creature_model_info values (18335, 5875, 2, 2, 0, 0, 0);
replace into creature_model_info values (18336, 5875, 2, 2, 0, 0, 0);
replace into creature_model_info values (18337, 5875, 2, 2, 0, 0, 0);
replace into creature_model_info values (6436, 5875, 2, 2, 0, 0, 0);
replace into creature_model_info values (6437, 5875, 2, 2, 0, 0, 0);

-- A Tusken Affair 

replace into `creature_template` values (80800, 0, 14760, 0, 0, 0, 'Revantusk Watcher', NULL, 0, 46, 47, 2038, 2062, 1587, 1640, 2278, 1576, 0, 1.1, 1.14286, 0, 20, 5, 0, 0, 1, 81, 105, 0, 212, 1, 1600, 2000, 2, 0, 0, 0, 0, 0, 0, 0, 62.8672, 86.4424, 100, 7, 0, 2694, 2694, 0, 0, 0, 0, 0, 0, 0, 0, 0, 0, 0, 0, 0, 79, 108, 'EventAI', 1, 3, 0, 0, 3, 2694, 0, 0, 0, 0, 0, '');

update creature_template set movement_type = 0 where entry = 80800;
update creature set movementtype = 0 where id = 80800;
update creature_template set npc_flags = 2 where entry = 80800;
update creature_template set faction = 1494 where entry = 80800;

replace into creature_model_info values (18209, 5875, 2, 2, 0, 0, 0);

update creature_template set npc_flags = 3 where entry = 5885;    
update creature_template set script_name = 'npc_deino' where entry = 5885;  

replace into gameobject_template values 
(3000240, 0, 1, 2770, 'Portal to Amani\'Alor', 35, 0, 1, 0, 0, 0, 0, 0, 0, 0, 0, 0, 0, 0, 0, 0, 0, 0, 0, 0, 0, 0, 0, 0, 0, 0, 0, 0, 0, 'go_portal_amanialor'),
(3000241, 0, 1, 6696, 'Portal to Amani\'Alor', 35, 0, 0.5, 0, 0, 0, 0, 0, 0, 0, 0, 0, 0, 0, 0, 0, 0, 0, 0, 0, 0, 0, 0, 0, 0, 0, 0, 0, 0, 'go_portal_amanialor');

set @quest_entry = 80300;
set @quest_zone = 331;
set @title = 'A Tusken Affair';
set @description = 'Greetings, mon!\n\nI got an offer for you. Some of my brothers and I are setting up a new settlement in Kalimdor.\n\nIt will be far away from home, but the threat of the undead and the Alliance can’t be ignored.\n\nHowever, we are running into some difficulties doing that. If you can spare the time, we need your help. Talk to Deino in Orgrimmar. He is the mage trainer in the Valley of Spirits.\n\nYou be getting a nice reward for your time, too!';
set @objective = 'Talk to the mage trainer Deino in the Valley of Spirits in Orgrimmar.';
set @completetext = 'The Revantusk sent you?\n\nAh, Amani\'Alor. They came to Kalimdor in secret a few months ago and constructed a village in the hills of Stonetalon Mountains.\n\nEstablishing a secret new home for the trolls after struggling to survive in the other continent means the Revantusk could use all the help they can get.\n\nI will teleport you there when you be ready.';
set @incompletetext = 'What brings you to Deino?';
set @faction_id = 1494;
set @faction_count = 250;
set @xp_or_money = 650;
set @reward_money = 0; 
set @quest_level = 10;
set @min_level = 10;
set @questgiver_id = 80800;
set @quest_finisher = 5885;
set @nextquest = 0;
set @nextquestinchain = 0;
set @prevquest = 0;
set @RewChoiceItemId1 = 0; 
set @RewChoiceItemId2 = 0; 
set @RewChoiceItemId3 = 0;
set @RewChoiceItemId4 = 0; 
set @RewChoiceItemCount1 = 0;
set @RewChoiceItemCount2 = 0;
set @RewChoiceItemCount3 = 0;
set @RewChoiceItemCount4 = 0;
set @reward_item_1 = 0;
set @reward_item_2 = 0; 
set @reward_item_3 = 0;
set @reward_item_4 = 0;
set @reward_item_1_count = 0;
set @reward_item_2_count = 0;
set @reward_item_3_count = 0;
set @reward_item_4_count = 0;
set @creature_to_kill_1 = 0;
set @creature_to_kill_2 = 0; 
set @creature_to_kill_3 = 0;
set @creature_to_kill_4 = 0;
set @creature_to_kill_1_count = 0;
set @creature_to_kill_2_count = 0;
set @creature_to_kill_3_count = 0;
set @creature_to_kill_4_count = 0;
set @required_item_1 = 0; 
set @required_item_2 = 0;
set @required_item_3 = 0;
set @required_item_4 = 0;
set @required_item_1_count = 0;
set @required_item_2_count = 0;
set @required_item_3_count = 0;
set @required_item_4_count = 0;

replace into quest_template values 

(@quest_entry, '0', '2', @quest_zone, @min_level,  '0', @quest_level, '0', '0', '0', '0', '0', '0', '0', '0', '0','0', '0', '0', '0', '0', '0', '0', '0', '0', '0', '0', '0', '0', @title, @description, @objective, @completetext, @incompletetext, '', '', '', '', '', '0', '0', '0', '0', '0', '0', '0', '0', '0', '0', '0', '0', '0', '0', '0', '0', '0', '0', '0', '0', '0', '0', '0', '0', '0', '0', '0', '0', '0', '0', '0', '0', '0', '0', '0', '0', '0', '0', '0', '0', '0', '0', '0', '0', '0', '0', '0', '0', @faction_id, '0', '0', '0', '0', @faction_count, '0', '0', '0', '0', '0', @xp_or_money, '0', '0', '0', '0', '0', '0', '0', '0', '0', '0', '0', '0', '0', '0', '0', '0', '0', '0', '0', '0', '0', '0', '0', '0', '0', '0','0', 0, 0);
     
replace into creature_questrelation (id, quest, patch_min, patch_max) values (@questgiver_id, @quest_entry,'0','10'); 
replace into creature_involvedrelation (id, quest, patch_min, patch_max) values (@quest_finisher, @quest_entry,'0','10');
	 
update quest_template set 
rewitemid1 = @reward_item_1, rewitemcount1 = @reward_item_1_count,
rewitemid2 = @reward_item_2, rewitemcount2 = @reward_item_2_count,
rewitemid3 = @reward_item_3, rewitemcount3 = @reward_item_3_count,
rewitemid4 = @reward_item_4, rewitemcount4 = @reward_item_4_count,
RewChoiceItemId1 = @RewChoiceItemId1, RewChoiceItemCount1 = @RewChoiceItemCount1,
RewChoiceItemId2 = @RewChoiceItemId2, RewChoiceItemCount2 = @RewChoiceItemCount2,
RewChoiceItemId3 = @RewChoiceItemId3, RewChoiceItemCount3 = @RewChoiceItemCount3,
RewChoiceItemId4 = @RewChoiceItemId4, RewChoiceItemCount4 = @RewChoiceItemCount4,
ReqCreatureOrGOId1 = @creature_to_kill_1, ReqCreatureOrGOCount1 = @creature_to_kill_1_count,
ReqCreatureOrGOId2 = @creature_to_kill_2, ReqCreatureOrGOCount2 = @creature_to_kill_2_count,
ReqCreatureOrGOId3 = @creature_to_kill_3, ReqCreatureOrGOCount3 = @creature_to_kill_3_count,
ReqCreatureOrGOId4 = @creature_to_kill_4, ReqCreatureOrGOCount4 = @creature_to_kill_4_count,
reqitemid1 = @required_item_1, reqitemcount1 = @required_item_1_count,
reqitemid2 = @required_item_2, reqitemcount2 = @required_item_2_count,
reqitemid3 = @required_item_3, reqitemcount3 = @required_item_3_count,
reqitemid4 = @required_item_4, reqitemcount4 = @required_item_4_count,
nextquestid = @nextquest, RewOrReqMoney = @reward_money, 
nextquestinchain = @nextquestinchain, prevquestid = @prevquest
where entry = @quest_entry;	

-- Lighting the Pyres

delete from creature_questrelation where quest = 80301;
delete from creature_involvedrelation where quest = 80301;

replace into `creature_template` values (80801, 0, 18334, 0, 0, 0, 'Mystic Guay’Jin', NULL, 0, 62, 62, 4079, 4079, 6015, 6015, 4091, 12, 2, 1, 1.14286, 0, 20, 5, 0, 0, 1, 174, 224, 0, 284, 1, 1000, 2000, 8, 4608, 0, 0, 0, 0, 0, 0, 203.77, 104.278, 100, 7, 0, 0, 0, 0, 0, 10, 10, 10, 10, 10, 0, 0, 0, 0, 0, 0, 0, 0, '', 0, 3, 0, 0, 3, 5694, 0, 0, 0, 0, 524298, '');

replace into`creature_template` values (80803, 0, 0, 0, 0, 0, 'Quest 80301 Custom Objective', '', 0, 5, 5, 319, 319, 0, 0, 852, 84, 2, 1, 1.14286, 0, 20, 5, 0, 0, 1, 24, 31, 0, 90, 1, 2000, 2000, 1, 512, 0, 0, 0, 0, 0, 0, 31.856, 43.802, 100, 7, 4096, 0, 0, 0, 0, 0, 0, 0, 30, 0, 0, 0, 0, 0, 0, 0, 0, 0, '', 0, 1, 0, 0, 3, 4276, 0, 0, 0, 0, 2, '');

replace into `gameobject_template` values
(3000242, 0, 2, 759, 'Spirit Pyre', 0, 0, 1, 0, 0, 0, 0, 0, 0, 0, 0, 0, 0, 0, 0, 0, 0, 0, 0, 0, 0, 0, 0, 0, 0, 0, 0, 0, 0, 'go_spirit_pyre');

update creature_template set movement_type = 0 where entry = 80801;
update creature set movementtype = 0 where id = 80801;
update creature_template set npc_flags = 2 where entry = 80801;
update creature_template set faction = 1494 where entry = 80801;

set @quest_entry = 80301;
set @quest_zone = 331;
set @title = 'Lighting the Pyres';
set @description = 'Ah, good. What a beauty you are, $R. Exactly what ol’ Guay’jin be needing today.\n\nWhen we first came to this land, we found an ancient Zandalari tomb dating back to the days when the mighty Zandalari were fighting the Aqiri menace...\n\nYou see, mon, we settled here and received a blessing from the spirits and the loa to make our home. We discovered soon after that dark forces are at play here. Bad mojo be hiding in the tombs. Something be disturbing the dead, and the spirits are lashing out in anger. I prepared pyres that guide the disturbed back to where they rest. Enter the tomb and light the pyres, then you’ll bring peace to the spirits, $R!\n\nYou can find the tomb in the hills behind my hut. Look for a stone entrance into the cliff.';
set @objective = 'Light 3 Spirit Pyres inside of the tomb.';
set @completetext = 'You did good. The spirits be resting for now. We might need you to be lighting the pyres again soon once the fires go out. I be continuing my investigation, so try to find out why the spirits cannot seem to find rest here. Be it because of a battle? Or is there something nasty resting in this place? I got no idea, mon. Wonder why dis tomb was abandoned after all?\n\nWell, that be a problem for another time. You been doing us all a favor, $R. Guay’jin be thanking you.';
set @incompletetext = 'Is it done, mon? Have the spirits been put to rest? As long as the spirits are restless, our dead will finding no peace here.';
set @faction_id = 893;
set @faction_count = 75;
set @xp_or_money = 650;
set @reward_money = 5; 
set @quest_level = 10;
set @min_level = 10;
set @questgiver_id = 80801;
set @quest_finisher = 80801;
set @nextquest = 0;
set @nextquestinchain = 0;
set @prevquest = 80300;
set @RewChoiceItemId1 = 0; 
set @RewChoiceItemId2 = 0; 
set @RewChoiceItemId3 = 0;
set @RewChoiceItemId4 = 0; 
set @RewChoiceItemCount1 = 0;
set @RewChoiceItemCount2 = 0;
set @RewChoiceItemCount3 = 0;
set @RewChoiceItemCount4 = 0;
set @reward_item_1 = 0;
set @reward_item_2 = 0; 
set @reward_item_3 = 0;
set @reward_item_4 = 0;
set @reward_item_1_count = 0;
set @reward_item_2_count = 0;
set @reward_item_3_count = 0;
set @reward_item_4_count = 0;
set @creature_to_kill_1 = 80803;
set @creature_to_kill_2 = 0; 
set @creature_to_kill_3 = 0;
set @creature_to_kill_4 = 0;
set @creature_to_kill_1_count = 3;
set @creature_to_kill_2_count = 0;
set @creature_to_kill_3_count = 0;
set @creature_to_kill_4_count = 0;
set @required_item_1 = 0; 
set @required_item_2 = 0;
set @required_item_3 = 0;
set @required_item_4 = 0;
set @required_item_1_count = 0;
set @required_item_2_count = 0;
set @required_item_3_count = 0;
set @required_item_4_count = 0;

replace into quest_template values 

(@quest_entry, '0', '2', @quest_zone, @min_level,  '0', @quest_level, '0', '0', '0', '0', '0', '0', '0', '0', '0','0', '0', '0', '0', '0', '0', '0', '0', '0', '0', '0', '0', '0', @title, @description, @objective, @completetext, @incompletetext, '', '', '', '', '', '0', '0', '0', '0', '0', '0', '0', '0', '0', '0', '0', '0', '0', '0', '0', '0', '0', '0', '0', '0', '0', '0', '0', '0', '0', '0', '0', '0', '0', '0', '0', '0', '0', '0', '0', '0', '0', '0', '0', '0', '0', '0', '0', '0', '0', '0', '0', '0', @faction_id, '0', '0', '0', '0', @faction_count, '0', '0', '0', '0', '0', @xp_or_money, '0', '0', '0', '0', '0', '0', '0', '0', '0', '0', '0', '0', '0', '0', '0', '0', '0', '0', '0', '0', '0', '0', '0', '0', '0', '0','0', 0, 0);
     
replace into creature_questrelation (id, quest, patch_min, patch_max) values (@questgiver_id, @quest_entry,'0','10'); 
replace into creature_involvedrelation (id, quest, patch_min, patch_max) values (@quest_finisher, @quest_entry,'0','10');
	 
update quest_template set 
rewitemid1 = @reward_item_1, rewitemcount1 = @reward_item_1_count,
rewitemid2 = @reward_item_2, rewitemcount2 = @reward_item_2_count,
rewitemid3 = @reward_item_3, rewitemcount3 = @reward_item_3_count,
rewitemid4 = @reward_item_4, rewitemcount4 = @reward_item_4_count,
RewChoiceItemId1 = @RewChoiceItemId1, RewChoiceItemCount1 = @RewChoiceItemCount1,
RewChoiceItemId2 = @RewChoiceItemId2, RewChoiceItemCount2 = @RewChoiceItemCount2,
RewChoiceItemId3 = @RewChoiceItemId3, RewChoiceItemCount3 = @RewChoiceItemCount3,
RewChoiceItemId4 = @RewChoiceItemId4, RewChoiceItemCount4 = @RewChoiceItemCount4,
ReqCreatureOrGOId1 = @creature_to_kill_1, ReqCreatureOrGOCount1 = @creature_to_kill_1_count,
ReqCreatureOrGOId2 = @creature_to_kill_2, ReqCreatureOrGOCount2 = @creature_to_kill_2_count,
ReqCreatureOrGOId3 = @creature_to_kill_3, ReqCreatureOrGOCount3 = @creature_to_kill_3_count,
ReqCreatureOrGOId4 = @creature_to_kill_4, ReqCreatureOrGOCount4 = @creature_to_kill_4_count,
reqitemid1 = @required_item_1, reqitemcount1 = @required_item_1_count,
reqitemid2 = @required_item_2, reqitemcount2 = @required_item_2_count,
reqitemid3 = @required_item_3, reqitemcount3 = @required_item_3_count,
reqitemid4 = @required_item_4, reqitemcount4 = @required_item_4_count,
nextquestid = @nextquest, RewOrReqMoney = @reward_money, 
nextquestinchain = @nextquestinchain, prevquestid = @prevquest,
specialflags = 4, objectivetext1='Pyres Lit'  
where entry = @quest_entry;	 

-- Unwanted Eyes

delete from creature_questrelation where quest = 80302;
delete from creature_involvedrelation where quest = 80302;

replace into `creature_template` values (80802, 0, 18332, 0, 0, 0, 'Warleader Wetnose', NULL, 0, 62, 62, 4079, 4079, 6015, 6015, 4091, 12, 2, 1, 1.14286, 0, 20, 5, 0, 0, 1, 174, 224, 0, 284, 1, 1000, 2000, 8, 4608, 0, 0, 0, 0, 0, 0, 203.77, 104.278, 100, 7, 0, 0, 0, 0, 0, 10, 10, 10, 10, 10, 0, 0, 0, 0, 0, 0, 0, 0, '', 0, 3, 0, 0, 3, 5694, 0, 0, 0, 0, 524298, '');

replace into`creature_template` values (80804, 0, 0, 0, 0, 0, 'Quest 80302 Custom Objective', '', 0, 5, 5, 319, 319, 0, 0, 852, 84, 2, 1, 1.14286, 0, 20, 5, 0, 0, 1, 24, 31, 0, 90, 1, 2000, 2000, 1, 512, 0, 0, 0, 0, 0, 0, 31.856, 43.802, 100, 7, 4096, 0, 0, 0, 0, 0, 0, 0, 30, 0, 0, 0, 0, 0, 0, 0, 0, 0, '', 0, 1, 0, 0, 3, 4276, 0, 0, 0, 0, 2, '');

update creature_template set movement_type = 0 where entry = 80802;
update creature set movementtype = 0 where id = 80802;
update creature_template set npc_flags = 2 where entry = 80802;
update creature_template set faction =  1494 where entry = 80802;

set @quest_entry = 80302;
set @quest_zone = 331;
set @title = 'Unwanted Eyes';
set @description = 'Greetings, $R. It’s good to see your willingness to aid our cause.\n\nOur journey to get here wasn’t easy, and we lost a lot of our supplies to the raging storms. Now, the Alliance is after the rest of what we have left. Most of us are preoccupied with settling on this new land, so you’ll have to be the one to get rid of them.\n\nGo out there and slaughter their heroes. Prove your worth to us.';
set @objective = 'Kill 8 Alliance Players in PvP.';
set @completetext = 'Thank you, $R. This should deter them for a good while. Your service will be remembered.';
set @incompletetext = 'We can’t scoff at the potential of an Alliance assault backed by our elven nemesis. Make their heroes an example of our power.';
set @faction_id = 1494;
set @faction_count = 250;
set @xp_or_money = 8000;
set @reward_money = 1050; 
set @quest_level = 20;
set @min_level = 20;
set @questgiver_id = 80802;
set @quest_finisher = 80802;
set @nextquest = 0;
set @nextquestinchain = 0;
set @prevquest = 80300;
set @RewChoiceItemId1 = 0; 
set @RewChoiceItemId2 = 0; 
set @RewChoiceItemId3 = 0;
set @RewChoiceItemId4 = 0; 
set @RewChoiceItemCount1 = 0;
set @RewChoiceItemCount2 = 0;
set @RewChoiceItemCount3 = 0;
set @RewChoiceItemCount4 = 0;
set @reward_item_1 = 0;
set @reward_item_2 = 0; 
set @reward_item_3 = 0;
set @reward_item_4 = 0;
set @reward_item_1_count = 0;
set @reward_item_2_count = 0;
set @reward_item_3_count = 0;
set @reward_item_4_count = 0;
set @creature_to_kill_1 = 80804;
set @creature_to_kill_2 = 0; 
set @creature_to_kill_3 = 0;
set @creature_to_kill_4 = 0;
set @creature_to_kill_1_count = 8;
set @creature_to_kill_2_count = 0;
set @creature_to_kill_3_count = 0;
set @creature_to_kill_4_count = 0;
set @required_item_1 = 0; 
set @required_item_2 = 0;
set @required_item_3 = 0;
set @required_item_4 = 0;
set @required_item_1_count = 0;
set @required_item_2_count = 0;
set @required_item_3_count = 0;
set @required_item_4_count = 0;

replace into quest_template values 

(@quest_entry, '0', '2', @quest_zone, @min_level,  '0', @quest_level, '0', '0', '0', '0', '0', '0', '0', '0', '0','0', '0', '0', '0', '0', '0', '0', '0', '0', '0', '0', '0', '0', @title, @description, @objective, @completetext, @incompletetext, '', '', '', '', '', '0', '0', '0', '0', '0', '0', '0', '0', '0', '0', '0', '0', '0', '0', '0', '0', '0', '0', '0', '0', '0', '0', '0', '0', '0', '0', '0', '0', '0', '0', '0', '0', '0', '0', '0', '0', '0', '0', '0', '0', '0', '0', '0', '0', '0', '0', '0', '0', @faction_id, '0', '0', '0', '0', @faction_count, '0', '0', '0', '0', '0', @xp_or_money, '0', '0', '0', '0', '0', '0', '0', '0', '0', '0', '0', '0', '0', '0', '0', '0', '0', '0', '0', '0', '0', '0', '0', '0', '0', '0','0', 0, 0);
     
replace into creature_questrelation (id, quest, patch_min, patch_max) values (@questgiver_id, @quest_entry,'0','10'); 
replace into creature_involvedrelation (id, quest, patch_min, patch_max) values (@quest_finisher, @quest_entry,'0','10');
	 
update quest_template set 
rewitemid1 = @reward_item_1, rewitemcount1 = @reward_item_1_count,
rewitemid2 = @reward_item_2, rewitemcount2 = @reward_item_2_count,
rewitemid3 = @reward_item_3, rewitemcount3 = @reward_item_3_count,
rewitemid4 = @reward_item_4, rewitemcount4 = @reward_item_4_count,
RewChoiceItemId1 = @RewChoiceItemId1, RewChoiceItemCount1 = @RewChoiceItemCount1,
RewChoiceItemId2 = @RewChoiceItemId2, RewChoiceItemCount2 = @RewChoiceItemCount2,
RewChoiceItemId3 = @RewChoiceItemId3, RewChoiceItemCount3 = @RewChoiceItemCount3,
RewChoiceItemId4 = @RewChoiceItemId4, RewChoiceItemCount4 = @RewChoiceItemCount4,
ReqCreatureOrGOId1 = @creature_to_kill_1, ReqCreatureOrGOCount1 = @creature_to_kill_1_count,
ReqCreatureOrGOId2 = @creature_to_kill_2, ReqCreatureOrGOCount2 = @creature_to_kill_2_count,
ReqCreatureOrGOId3 = @creature_to_kill_3, ReqCreatureOrGOCount3 = @creature_to_kill_3_count,
ReqCreatureOrGOId4 = @creature_to_kill_4, ReqCreatureOrGOCount4 = @creature_to_kill_4_count,
reqitemid1 = @required_item_1, reqitemcount1 = @required_item_1_count,
reqitemid2 = @required_item_2, reqitemcount2 = @required_item_2_count,
reqitemid3 = @required_item_3, reqitemcount3 = @required_item_3_count,
reqitemid4 = @required_item_4, reqitemcount4 = @required_item_4_count,
nextquestid = @nextquest, RewOrReqMoney = @reward_money, 
nextquestinchain = @nextquestinchain, prevquestid = @prevquest,
specialflags = 4
where entry = @quest_entry;	 

-- Raiding Quel’Lithen Lodge

set @quest_entry = 80303;
set @quest_zone = 331;
set @title = 'Raiding Quel’Lithen Lodge';
set @description = 'It’s good to see you again, $C. You have done so much for us, yet our enemy never sleeps. Our scouts have reported increased activity in the Quel’Lithen Lodge in the Eastern Plaguelands and that they preparing for an expedition. Even though we don’t know why, it’s almost certain that they’re plotting against us. This is where you come into play, $N. Go into their lodge and leave no elf alive. Our heritage wills it.';
set @objective = 'Venture to the Quel’Lithen Lodge in the Eastern Plaguelands and slay 6 Quel’Lithen Pathstriders, 6 Quel’Lithen Woodsmen, and 6 Quel’Lithen Rangers.';
set @completetext = 'You have proven your worth to us yet again. These lands will return to their true owners in time, $R.\n\nThe Amani will return to power once more as part of the new Horde!';
set @incompletetext = 'Is it done? Have our enemies been defeated?';
set @faction_id = 893;
set @faction_count = 500;
set @xp_or_money = 8000;
set @reward_money = 20500; 
set @quest_level = 55;
set @min_level = 55;
set @questgiver_id = 80802;
set @quest_finisher = 80802;
set @nextquest = 0;
set @nextquestinchain = 0;
set @prevquest = 80300;
set @RewChoiceItemId1 = 0; 
set @RewChoiceItemId2 = 0; 
set @RewChoiceItemId3 = 0;
set @RewChoiceItemId4 = 0; 
set @RewChoiceItemCount1 = 0;
set @RewChoiceItemCount2 = 0;
set @RewChoiceItemCount3 = 0;
set @RewChoiceItemCount4 = 0;
set @reward_item_1 = 0;
set @reward_item_2 = 0; 
set @reward_item_3 = 0;
set @reward_item_4 = 0;
set @reward_item_1_count = 0;
set @reward_item_2_count = 0;
set @reward_item_3_count = 0;
set @reward_item_4_count = 0;
set @creature_to_kill_1 = 8564;
set @creature_to_kill_2 = 8563; 
set @creature_to_kill_3 = 8565;
set @creature_to_kill_4 = 0;
set @creature_to_kill_1_count = 6;
set @creature_to_kill_2_count = 6;
set @creature_to_kill_3_count = 6;
set @creature_to_kill_4_count = 0;
set @required_item_1 = 0; 
set @required_item_2 = 0;
set @required_item_3 = 0;
set @required_item_4 = 0;
set @required_item_1_count = 0;
set @required_item_2_count = 0;
set @required_item_3_count = 0;
set @required_item_4_count = 0;

replace into quest_template values 

(@quest_entry, '0', '2', @quest_zone, @min_level,  '0', @quest_level, '0', '0', '0', '0', '0', '0', '0', '0', '0','0', '0', '0', '0', '0', '0', '0', '0', '0', '0', '0', '0', '0', @title, @description, @objective, @completetext, @incompletetext, '', '', '', '', '', '0', '0', '0', '0', '0', '0', '0', '0', '0', '0', '0', '0', '0', '0', '0', '0', '0', '0', '0', '0', '0', '0', '0', '0', '0', '0', '0', '0', '0', '0', '0', '0', '0', '0', '0', '0', '0', '0', '0', '0', '0', '0', '0', '0', '0', '0', '0', '0', @faction_id, '0', '0', '0', '0', @faction_count, '0', '0', '0', '0', '0', @xp_or_money, '0', '0', '0', '0', '0', '0', '0', '0', '0', '0', '0', '0', '0', '0', '0', '0', '0', '0', '0', '0', '0', '0', '0', '0', '0', '0','0', 0, 0);
     
replace into creature_questrelation (id, quest, patch_min, patch_max) values (@questgiver_id, @quest_entry,'0','10'); 
replace into creature_involvedrelation (id, quest, patch_min, patch_max) values (@quest_finisher, @quest_entry,'0','10');
	 
update quest_template set 
rewitemid1 = @reward_item_1, rewitemcount1 = @reward_item_1_count,
rewitemid2 = @reward_item_2, rewitemcount2 = @reward_item_2_count,
rewitemid3 = @reward_item_3, rewitemcount3 = @reward_item_3_count,
rewitemid4 = @reward_item_4, rewitemcount4 = @reward_item_4_count,
RewChoiceItemId1 = @RewChoiceItemId1, RewChoiceItemCount1 = @RewChoiceItemCount1,
RewChoiceItemId2 = @RewChoiceItemId2, RewChoiceItemCount2 = @RewChoiceItemCount2,
RewChoiceItemId3 = @RewChoiceItemId3, RewChoiceItemCount3 = @RewChoiceItemCount3,
RewChoiceItemId4 = @RewChoiceItemId4, RewChoiceItemCount4 = @RewChoiceItemCount4,
ReqCreatureOrGOId1 = @creature_to_kill_1, ReqCreatureOrGOCount1 = @creature_to_kill_1_count,
ReqCreatureOrGOId2 = @creature_to_kill_2, ReqCreatureOrGOCount2 = @creature_to_kill_2_count,
ReqCreatureOrGOId3 = @creature_to_kill_3, ReqCreatureOrGOCount3 = @creature_to_kill_3_count,
ReqCreatureOrGOId4 = @creature_to_kill_4, ReqCreatureOrGOCount4 = @creature_to_kill_4_count,
reqitemid1 = @required_item_1, reqitemcount1 = @required_item_1_count,
reqitemid2 = @required_item_2, reqitemcount2 = @required_item_2_count,
reqitemid3 = @required_item_3, reqitemcount3 = @required_item_3_count,
reqitemid4 = @required_item_4, reqitemcount4 = @required_item_4_count,
nextquestid = @nextquest, RewOrReqMoney = @reward_money, 
nextquestinchain = @nextquestinchain, prevquestid = @prevquest,
specialflags = 4
where entry = @quest_entry;	 

-- The Means To Heal

-- Todo: Toad drop.

replace into item_template values
 ('80420', '0', '0', '0', 'Rosemary Flower', '', '19496', '1', '0', '1', '0', '0', '0', '-1', '-1', '0',
 '0', '0', '0', '0', '0', '0', '0', '0', '0', '10', '0', '0', '0', '0', '0',
 '0', '0', '0', '0', '0', '0', '0', '0', '0', '0', '0', '0', '0', '0', '0', '0', '0', '0',
 '0', '0', '0', '0', '0', '0', '0', '0', '0', '0', '0', '0', '0', '0', '0', '0', '0', '0', '0', '0', '0',
 '0', '0', '0', '0', '0', '0', '0', '-1', '0', '-1', '0', '0', '0', '0', '-1', '0', '-1', '0', '0',
 '0', '0', '-1', '0', '-1', '0', '0', '0', '0', '-1', '0', '-1', '0', '0', '0', '0', '-1', '0',
 '-1', '4', '0', '0', '0', '0', '0', '0', '0', '0', '0', '0', '0', '0', '0', '0', '0', '0', '0', '0',
 '0', '1', NULL);
 
 replace into item_template values
 ('80421', '0', '0', '0', 'Toad Oil', '', '3152', '1', '0', '1', '0', '0', '0', '-1', '-1', '0',
 '0', '0', '0', '0', '0', '0', '0', '0', '0', '10', '0', '0', '0', '0', '0',
 '0', '0', '0', '0', '0', '0', '0', '0', '0', '0', '0', '0', '0', '0', '0', '0', '0', '0',
 '0', '0', '0', '0', '0', '0', '0', '0', '0', '0', '0', '0', '0', '0', '0', '0', '0', '0', '0', '0', '0',
 '0', '0', '0', '0', '0', '0', '0', '-1', '0', '-1', '0', '0', '0', '0', '-1', '0', '-1', '0', '0',
 '0', '0', '-1', '0', '-1', '0', '0', '0', '0', '-1', '0', '-1', '0', '0', '0', '0', '-1', '0',
 '-1', '4', '0', '0', '0', '0', '0', '0', '0', '0', '0', '0', '0', '0', '0', '0', '0', '0', '0', '0',
 '0', '1', NULL);
 
 replace into gameobject_template values 
(3000280, 0, 3, 358, 'Rosemary', 0, 0, 1, 57, 3000280, 1, 0, 0, 0, 0, 0, 0, 0, 0, 0, 0, 0, 0, 0, 0, 0, 0, 0, 0, 0, 0, 0, 0, 0, '');

update gameobject_template set flags = 4 where entry = 3000280;
update gameobject_template set data0 = 43 where entry = 3000280;
update gameobject_template set data2 = 0 where entry = 3000280;
update gameobject_template set data3 = 1 where entry = 3000280;

replace into `gameobject_loot_template` (`entry`, `item`, `ChanceOrQuestChance`, `groupid`, `mincountOrRef`, `maxcount`, `condition_id`, `patch_min`, `patch_max`)  values (3000280, 80420, -100, 1, 1, 1, 0, 0, 10);

set @quest_entry = 80304;
set @quest_zone = 331;
set @title = 'The Means To Heal';
set @description = 'Greetings, mon. You back to being useful, then? Perfect timing. Ol’ Wetnose got a job for ya!\n\nWe trolls, not just us forest trolls, but all trolls, got an ability that regenerates wounds, ya?But sometimes, even that fails during battle, and we don’t know much about how it be happening. Sometimes it be working, sometimes it be not!\n\nYour mission is to go grab some stuff for me that turns into some healing salve... like the potions—but better!\n\nThere be this purple flowa growing around Ashenvale. I think some call it rosemary, but we be calling it useful. Grab a handful and bring ‘em back to me. But wait, there’s also a catch. The mix we need is a special kind of oil, mon, so you be going to squeeze some toads for their juices!\n\nThey can be found around the lake close to the cave that leads to Stonetalon.\n\nCareful, some toads have nasty skin, and you might end up infected. Don’t worry, mon, Guay’jin will cleanse you!';
set @objective = 'Collect 10 Rosemary Flowers and 10 Toad Oils, then bring everything to Warleader Wetnose.';
set @completetext = 'Yeah, mon, this be the good stuff. You did a great job!\n\nOl’ Wetnose might have already forgotten about you, but you’ll do this enough times for him to remember your name soon.';
set @incompletetext = 'Don’t take the mission for granted, mon! This is very important. Now, on your feet. Quickly as a monkey you go!';
set @faction_id = 893;
set @faction_count = 250;
set @xp_or_money = 8000;
set @reward_money = 1050; 
set @quest_level = 20;
set @min_level = 20;
set @questgiver_id = 80802;
set @quest_finisher = 80802;
set @nextquest = 0;
set @nextquestinchain = 0;
set @prevquest = 80300;
set @RewChoiceItemId1 = 0; 
set @RewChoiceItemId2 = 0; 
set @RewChoiceItemId3 = 0;
set @RewChoiceItemId4 = 0; 
set @RewChoiceItemCount1 = 0;
set @RewChoiceItemCount2 = 0;
set @RewChoiceItemCount3 = 0;
set @RewChoiceItemCount4 = 0;
set @reward_item_1 = 0;
set @reward_item_2 = 0; 
set @reward_item_3 = 0;
set @reward_item_4 = 0;
set @reward_item_1_count = 0;
set @reward_item_2_count = 0;
set @reward_item_3_count = 0;
set @reward_item_4_count = 0;
set @creature_to_kill_1 = 0;
set @creature_to_kill_2 = 0; 
set @creature_to_kill_3 = 0;
set @creature_to_kill_4 = 0;
set @creature_to_kill_1_count = 0;
set @creature_to_kill_2_count = 0;
set @creature_to_kill_3_count = 0;
set @creature_to_kill_4_count = 0;
set @required_item_1 = 80420; 
set @required_item_2 = 80421;
set @required_item_3 = 0;
set @required_item_4 = 0;
set @required_item_1_count = 10;
set @required_item_2_count = 5;
set @required_item_3_count = 0;
set @required_item_4_count = 0;

replace into quest_template values 

(@quest_entry, '0', '2', @quest_zone, @min_level,  '0', @quest_level, '0', '0', '0', '0', '0', '0', '0', '0', '0','0', '0', '0', '0', '0', '0', '0', '0', '0', '0', '0', '0', '0', @title, @description, @objective, @completetext, @incompletetext, '', '', '', '', '', '0', '0', '0', '0', '0', '0', '0', '0', '0', '0', '0', '0', '0', '0', '0', '0', '0', '0', '0', '0', '0', '0', '0', '0', '0', '0', '0', '0', '0', '0', '0', '0', '0', '0', '0', '0', '0', '0', '0', '0', '0', '0', '0', '0', '0', '0', '0', '0', @faction_id, '0', '0', '0', '0', @faction_count, '0', '0', '0', '0', '0', @xp_or_money, '0', '0', '0', '0', '0', '0', '0', '0', '0', '0', '0', '0', '0', '0', '0', '0', '0', '0', '0', '0', '0', '0', '0', '0', '0', '0','0', 0, 0);
     
replace into creature_questrelation (id, quest, patch_min, patch_max) values (@questgiver_id, @quest_entry,'0','10'); 
replace into creature_involvedrelation (id, quest, patch_min, patch_max) values (@quest_finisher, @quest_entry,'0','10');
	 
update quest_template set 
rewitemid1 = @reward_item_1, rewitemcount1 = @reward_item_1_count,
rewitemid2 = @reward_item_2, rewitemcount2 = @reward_item_2_count,
rewitemid3 = @reward_item_3, rewitemcount3 = @reward_item_3_count,
rewitemid4 = @reward_item_4, rewitemcount4 = @reward_item_4_count,
RewChoiceItemId1 = @RewChoiceItemId1, RewChoiceItemCount1 = @RewChoiceItemCount1,
RewChoiceItemId2 = @RewChoiceItemId2, RewChoiceItemCount2 = @RewChoiceItemCount2,
RewChoiceItemId3 = @RewChoiceItemId3, RewChoiceItemCount3 = @RewChoiceItemCount3,
RewChoiceItemId4 = @RewChoiceItemId4, RewChoiceItemCount4 = @RewChoiceItemCount4,
ReqCreatureOrGOId1 = @creature_to_kill_1, ReqCreatureOrGOCount1 = @creature_to_kill_1_count,
ReqCreatureOrGOId2 = @creature_to_kill_2, ReqCreatureOrGOCount2 = @creature_to_kill_2_count,
ReqCreatureOrGOId3 = @creature_to_kill_3, ReqCreatureOrGOCount3 = @creature_to_kill_3_count,
ReqCreatureOrGOId4 = @creature_to_kill_4, ReqCreatureOrGOCount4 = @creature_to_kill_4_count,
reqitemid1 = @required_item_1, reqitemcount1 = @required_item_1_count,
reqitemid2 = @required_item_2, reqitemcount2 = @required_item_2_count,
reqitemid3 = @required_item_3, reqitemcount3 = @required_item_3_count,
reqitemid4 = @required_item_4, reqitemcount4 = @required_item_4_count,
nextquestid = @nextquest, RewOrReqMoney = @reward_money, 
nextquestinchain = @nextquestinchain, prevquestid = @prevquest,
specialflags = 4
where entry = @quest_entry;	 

-- Times Be Changing

 replace into item_template values
 ('80422', '0', '0', '0', 'Juju of Kimbul', '', '32280', '1', '0', '1', '0', '0', '0', '-1', '-1', '0',
 '0', '0', '0', '0', '0', '0', '0', '0', '0', '10', '0', '0', '0', '0', '0',
 '0', '0', '0', '0', '0', '0', '0', '0', '0', '0', '0', '0', '0', '0', '0', '0', '0', '0',
 '0', '0', '0', '0', '0', '0', '0', '0', '0', '0', '0', '0', '0', '0', '0', '0', '0', '0', '0', '0', '0',
 '0', '0', '0', '0', '0', '0', '0', '-1', '0', '-1', '0', '0', '0', '0', '-1', '0', '-1', '0', '0',
 '0', '0', '-1', '0', '-1', '0', '0', '0', '0', '-1', '0', '-1', '0', '0', '0', '0', '-1', '0',
 '-1', '4', '0', '0', '0', '0', '0', '0', '0', '0', '0', '0', '0', '0', '0', '0', '0', '0', '0', '0',
 '0', '1', NULL);
 
set @quest_entry = 80305;
set @quest_zone = 331;
set @title = 'Times Be Changing';
set @description = 'Hello, mon. You be a good asset for the trolls. Guya’jin thanks you, but she also has another mission for you. There is a tribe of former jungle trolls that are now called sand trolls. Those of Zul’Farrak, they be having a connection with Kimbul, the loa of tigers. He usually is a loa of the jungle trolls, but it’s time for the Amani to praise a new loa.\n\nYou know, this is taking time and jujus that we lack, so you will have to go and obtain some of these jujus from them. They are not worthy of his blessings anymore. They’re toying with bad mojo, resurrecting their dead! Very bad mojo, mon, but if the Amani could connect to Kimbul again, he could be a very powerful loa and one that would be helpful in the battles to come.';
set @objective = 'Obtain 10 Jujus of Kimbul and bring them to Mystic Guay’jin.';
set @completetext = 'You make sure you do that again, soon, $N. The more, the better, believe Guya’jin. Kimbul’s eyes be on you now!';
set @incompletetext = 'Having a poweful loa on our side is for the best, $N. Kimbul believes in the predators, and you are a mighty one yourself. You will be our only way to commune with him';
set @faction_id = 893;
set @faction_count = 250;
set @xp_or_money = 4600;
set @reward_money = 5000; 
set @quest_level = 40;
set @min_level = 40;
set @questgiver_id = 80801;
set @quest_finisher = 80801;
set @nextquest = 0;
set @nextquestinchain = 0;
set @prevquest = 80300;
set @RewChoiceItemId1 = 0; 
set @RewChoiceItemId2 = 0; 
set @RewChoiceItemId3 = 0;
set @RewChoiceItemId4 = 0; 
set @RewChoiceItemCount1 = 0;
set @RewChoiceItemCount2 = 0;
set @RewChoiceItemCount3 = 0;
set @RewChoiceItemCount4 = 0;
set @reward_item_1 = 0;
set @reward_item_2 = 0; 
set @reward_item_3 = 0;
set @reward_item_4 = 0;
set @reward_item_1_count = 0;
set @reward_item_2_count = 0;
set @reward_item_3_count = 0;
set @reward_item_4_count = 0;
set @creature_to_kill_1 = 0;
set @creature_to_kill_2 = 0; 
set @creature_to_kill_3 = 0;
set @creature_to_kill_4 = 0;
set @creature_to_kill_1_count = 0;
set @creature_to_kill_2_count = 0;
set @creature_to_kill_3_count = 0;
set @creature_to_kill_4_count = 0;
set @required_item_1 = 80422; 
set @required_item_2 = 0;
set @required_item_3 = 0;
set @required_item_4 = 0;
set @required_item_1_count = 10;
set @required_item_2_count = 0;
set @required_item_3_count = 0;
set @required_item_4_count = 0;

replace into quest_template values 

(@quest_entry, '0', '2', @quest_zone, @min_level,  '0', @quest_level, '0', '0', '0', '0', '0', '0', '0', '0', '0','0', '0', '0', '0', '0', '0', '0', '0', '0', '0', '0', '0', '0', @title, @description, @objective, @completetext, @incompletetext, '', '', '', '', '', '0', '0', '0', '0', '0', '0', '0', '0', '0', '0', '0', '0', '0', '0', '0', '0', '0', '0', '0', '0', '0', '0', '0', '0', '0', '0', '0', '0', '0', '0', '0', '0', '0', '0', '0', '0', '0', '0', '0', '0', '0', '0', '0', '0', '0', '0', '0', '0', @faction_id, '0', '0', '0', '0', @faction_count, '0', '0', '0', '0', '0', @xp_or_money, '0', '0', '0', '0', '0', '0', '0', '0', '0', '0', '0', '0', '0', '0', '0', '0', '0', '0', '0', '0', '0', '0', '0', '0', '0', '0','0', 0, 0);
     
replace into creature_questrelation (id, quest, patch_min, patch_max) values (@questgiver_id, @quest_entry,'0','10'); 
replace into creature_involvedrelation (id, quest, patch_min, patch_max) values (@quest_finisher, @quest_entry,'0','10');
	 
update quest_template set 
rewitemid1 = @reward_item_1, rewitemcount1 = @reward_item_1_count,
rewitemid2 = @reward_item_2, rewitemcount2 = @reward_item_2_count,
rewitemid3 = @reward_item_3, rewitemcount3 = @reward_item_3_count,
rewitemid4 = @reward_item_4, rewitemcount4 = @reward_item_4_count,
RewChoiceItemId1 = @RewChoiceItemId1, RewChoiceItemCount1 = @RewChoiceItemCount1,
RewChoiceItemId2 = @RewChoiceItemId2, RewChoiceItemCount2 = @RewChoiceItemCount2,
RewChoiceItemId3 = @RewChoiceItemId3, RewChoiceItemCount3 = @RewChoiceItemCount3,
RewChoiceItemId4 = @RewChoiceItemId4, RewChoiceItemCount4 = @RewChoiceItemCount4,
ReqCreatureOrGOId1 = @creature_to_kill_1, ReqCreatureOrGOCount1 = @creature_to_kill_1_count,
ReqCreatureOrGOId2 = @creature_to_kill_2, ReqCreatureOrGOCount2 = @creature_to_kill_2_count,
ReqCreatureOrGOId3 = @creature_to_kill_3, ReqCreatureOrGOCount3 = @creature_to_kill_3_count,
ReqCreatureOrGOId4 = @creature_to_kill_4, ReqCreatureOrGOCount4 = @creature_to_kill_4_count,
reqitemid1 = @required_item_1, reqitemcount1 = @required_item_1_count,
reqitemid2 = @required_item_2, reqitemcount2 = @required_item_2_count,
reqitemid3 = @required_item_3, reqitemcount3 = @required_item_3_count,
reqitemid4 = @required_item_4, reqitemcount4 = @required_item_4_count,
nextquestid = @nextquest, RewOrReqMoney = @reward_money, 
nextquestinchain = @nextquestinchain, prevquestid = @prevquest,
specialflags = 4
where entry = @quest_entry;	 

-- Stable master and mount vendor:

REPLACE INTO `creature_template` VALUES (80810, 0, 6486, 0, 0, 0, 'Rinja Scenttusk', 'Stable Master', 9538, 30, 30, 1605, 1605, 0, 0, 1200, 80, 8192, 1, 1.14286, 0, 20, 5, 0, 0, 1, 42, 53, 0, 122, 1, 2000, 2000, 1, 4608, 0, 0, 0, 0, 0, 0, 45.144, 62.073, 100, 7, 0, 0, 0, 0, 0, 0, 0, 0, 0, 0, 0, 0, 0, 0, 0, 0, 0, 0, 'EventAI', 0, 3, 0, 0, 3, 0, 0, 0, 0, 0, 524298, '');
update creature_template set faction = 1494 where entry = 80810;

replace into `creature_template` values 
(80811, 0, 6479, 0, 0, 0, 'Zul\'Mabe Bearclaw', 'Bear Merchant', 0, 11, 11, 456, 456, 0, 0, 20, 371, 16388, 1.1, 1.14286, 0, 20, 5, 0, 0, 1, 12, 14, 0, 64, 1, 2000, 2090, 1, 4864, 0, 0, 0, 0, 0, 0, 18.392, 25.289, 100, 7, 0, 0, 0, 0, 0, 0, 0, 0, 0, 0, 0, 0, 0, 0, 0, 0, 0, 0, 'EventAI', 0, 3, 0, 0, 3, 0, 0, 0, 0, 0, 524298, '');
update creature_template set faction = 1494 where entry = 80811;

REPLACE INTO `npc_vendor` VALUES (80811, 80436, 0, 0, 0, 0);
REPLACE INTO `npc_vendor` VALUES (80811, 80438, 0, 0, 0, 0);
REPLACE INTO `npc_vendor` VALUES (80811, 80433, 0, 0, 0, 0);
