-- Farstrider Lodge

replace into `creature_template` values (80200, 0, 16760, 0, 0, 0, 'Malvinah Sunblade', '', 0, 8, 8, 319, 319, 0, 0, 852, 371, 2, 1, 1.14286, 0, 20, 5, 0, 0, 1, 24, 31, 0, 90, 1, 2000, 2000, 1, 512, 0, 0, 0, 0, 0, 0, 31.856, 43.802, 100, 7, 4096, 0, 0, 0, 0, 0, 0, 0, 30, 0, 0, 0, 0, 0, 0, 0, 0, 0, '', 0, 1, 0, 0, 3, 4276, 0, 0, 0, 0, 2, 'npc_malvinah_sunblade');

update creature_template set npc_flags = 3 where entry = 80200;
update creature_template set equipment_id = 0 where entry = 80200;

set @quest_entry = 80200;
set @quest_zone = 1519;
set @title = 'Farstrider Lodge';
set @description = 'Ah, $N, you’re awake.\n\nThe journey south from the remnants of Lordaeron was filled with peril, but we have survived and this is our new home.\n\nThere is a lot of work to be done now that we have arrived. This lodge has only been used by a few dwarven hunters ever since the Second War, but it hasn’t been maintained properly.\n\nVyrin Swiftwind in the lodge has been here much longer than any of us. Why not talk to her to get started?';
set @objective = 'Talk to Vyrin Swiftwind in the Farstrider Lodge.';
set @completetext = 'You wish to assist?\n\nWell, your offer is welcomed. I was just a lone ranger who took refuge down here, and the next thing I know, my homeland has fallen. Now, I have to contend with a hundred refugees.\n\nWe have a lot of work to do, friend, but it’s for the greater good. We quel’dorei must stick together now!';
set @incompletetext = 'Yes? What can I do for you?';
set @faction_id = 269;
set @faction_count = 75;
set @xp_or_money = 85;
set @reward_money = 5; 
set @quest_level = 1;
set @min_level = 1;
set @questgiver_id = 80200;
set @quest_finisher = 1156;
set @nextquest = 0;
set @nextquestinchain = 0;
set @prevquest = 0;
set @RewChoiceItemId1 = 0; 
set @RewChoiceItemId2 = 0; 
set @RewChoiceItemId3 = 0;
set @RewChoiceItemId4 = 0; 
set @RewChoiceItemCount1 = 0;
set @RewChoiceItemCount2 = 0;
set @RewChoiceItemCount3 = 0;
set @RewChoiceItemCount4 = 0;
set @reward_item_1 = 0;
set @reward_item_2 = 0; 
set @reward_item_3 = 0;
set @reward_item_4 = 0;
set @reward_item_1_count = 0;
set @reward_item_2_count = 0;
set @reward_item_3_count = 0;
set @reward_item_4_count = 0;
set @creature_to_kill_1 = 0;
set @creature_to_kill_2 = 0; 
set @creature_to_kill_3 = 0;
set @creature_to_kill_4 = 0;
set @creature_to_kill_1_count = 0;
set @creature_to_kill_2_count = 0;
set @creature_to_kill_3_count = 0;
set @creature_to_kill_4_count = 0;
set @required_item_1 = 0; 
set @required_item_2 = 0;
set @required_item_3 = 0;
set @required_item_4 = 0;
set @required_item_1_count = 8;
set @required_item_2_count = 0;
set @required_item_3_count = 0;
set @required_item_4_count = 0;

replace into quest_template values 

(@quest_entry, '0', '2', @quest_zone, @min_level,  '0', @quest_level, '0', '0', '0', '0', '0', '0', '0', '0', '0','0', '0', '0', '0', '0', '0', '0', '0', '0', '0', '0', '0', '0', @title, @description, @objective, @completetext, @incompletetext, '', '', '', '', '', '0', '0', '0', '0', '0', '0', '0', '0', '0', '0', '0', '0', '0', '0', '0', '0', '0', '0', '0', '0', '0', '0', '0', '0', '0', '0', '0', '0', '0', '0', '0', '0', '0', '0', '0', '0', '0', '0', '0', '0', '0', '0', '0', '0', '0', '0', '0', '0', @faction_id, '0', '0', '0', '0', @faction_count, '0', '0', '0', '0', '0', @xp_or_money, '0', '0', '0', '0', '0', '0', '0', '0', '0', '0', '0', '0', '0', '0', '0', '0', '0', '0', '0', '0', '0', '0', '0', '0', '0', '0','0', 0, 0);
     
replace into creature_questrelation (id, quest, patch_min, patch_max) values (@questgiver_id, @quest_entry,'0','10'); 
replace into creature_involvedrelation (id, quest, patch_min, patch_max) values (@quest_finisher, @quest_entry,'0','10');
	 
update quest_template set 
rewitemid1 = @reward_item_1, rewitemcount1 = @reward_item_1_count,
rewitemid2 = @reward_item_2, rewitemcount2 = @reward_item_2_count,
rewitemid3 = @reward_item_3, rewitemcount3 = @reward_item_3_count,
rewitemid4 = @reward_item_4, rewitemcount4 = @reward_item_4_count,
RewChoiceItemId1 = @RewChoiceItemId1, RewChoiceItemCount1 = @RewChoiceItemCount1,
RewChoiceItemId2 = @RewChoiceItemId2, RewChoiceItemCount2 = @RewChoiceItemCount2,
RewChoiceItemId3 = @RewChoiceItemId3, RewChoiceItemCount3 = @RewChoiceItemCount3,
RewChoiceItemId4 = @RewChoiceItemId4, RewChoiceItemCount4 = @RewChoiceItemCount4,
ReqCreatureOrGOId1 = @creature_to_kill_1, ReqCreatureOrGOCount1 = @creature_to_kill_1_count,
ReqCreatureOrGOId2 = @creature_to_kill_2, ReqCreatureOrGOCount2 = @creature_to_kill_2_count,
ReqCreatureOrGOId3 = @creature_to_kill_3, ReqCreatureOrGOCount3 = @creature_to_kill_3_count,
ReqCreatureOrGOId4 = @creature_to_kill_4, ReqCreatureOrGOCount4 = @creature_to_kill_4_count,
reqitemid1 = @required_item_1, reqitemcount1 = @required_item_1_count,
reqitemid2 = @required_item_2, reqitemcount2 = @required_item_2_count,
reqitemid3 = @required_item_3, reqitemcount3 = @required_item_3_count,
reqitemid4 = @required_item_4, reqitemcount4 = @required_item_4_count,
nextquestid = @nextquest, RewOrReqMoney = @reward_money, 
nextquestinchain = @nextquestinchain, prevquestid = @prevquest 
where entry = @quest_entry;	 

-- Stocking Up on Wood

replace into gameobject_template values 
(3000200, 0, 3, 1248, 'Bundle of Wood', 0, 0, 0.7, 57, 3000200, 1, 0, 0, 0, 0, 0, 0, 0, 0, 0, 0, 0, 0, 0, 0, 0, 0, 0, 0, 0, 0, 0, 0, 0, '');

update gameobject_template set flags = 4 where entry = 3000200;
update gameobject_template set data0 = 43 where entry = 3000200;
update gameobject_template set data2 = 0 where entry = 3000200;
update gameobject_template set data3 = 1 where entry = 3000200;

replace into `gameobject_loot_template` (`entry`, `item`, `ChanceOrQuestChance`, `groupid`, `mincountOrRef`, `maxcount`, `condition_id`, `patch_min`, `patch_max`) values 
(3000200, 80200, -100, 1, 1, 1, 0, 0, 10);

replace into item_template values
 ('80200', '0', '0', '0', 'Bundle of Wood', '', '929', '1', '0', '1', '0', '0', '0', '-1', '-1', '0',
 '0', '0', '0', '0', '0', '0', '0', '0', '0', '8', '0', '0', '0', '0', '0',
 '0', '0', '0', '0', '0', '0', '0', '0', '0', '0', '0', '0', '0', '0', '0', '0', '0', '0',
 '0', '0', '0', '0', '0', '0', '0', '0', '0', '0', '0', '0', '0', '0', '0', '0', '0', '0', '0', '0', '0',
 '0', '0', '0', '0', '0', '0', '0', '-1', '0', '-1', '0', '0', '0', '0', '-1', '0', '-1', '0', '0',
 '0', '0', '-1', '0', '-1', '0', '0', '0', '0', '-1', '0', '-1', '0', '0', '0', '0', '-1', '0',
 '-1', '4', '0', '0', '0', '0', '0', '0', '0', '0', '0', '0', '0', '0', '0', '0', '0', '0', '0', '0',
 '0', '1', NULL);

replace into `item_template` values (80202, 0, 4, 2, 'Worn Gloves', '', 17184, 1, 0, 1, 2, 2, 10, -1, -1, 4, 0, 0, 0, 0, 0, 0, 0, 0, 0, 1, 0, 0, 0, 0, 0, 0, 0, 0, 0, 0, 0, 0, 0, 0, 0, 0, 0, 0, 0, 0, 0, 0, 0, 0, 0, 0, 0, 0, 0, 0, 0, 0, 0, 0, 0, 0, 0, 0, 0, 0, 16, 0, 0, 0, 0, 0, 0, 0, 0, 0, 0, -1, 0, -1, 0, 0, 0, 0, -1, 0, -1, 0, 0, 0, 0, -1, 0, -1, 0, 0, 0, 0, -1, 0, -1, 0, 0, 0, 0, -1, 0, -1, 1, 0, 0, 0, 0, 0, 8, 0, 0, 0, 16, 0, 0, 0, 0, 0, 0, 0, 0, 0, 1, NULL);

replace into `item_template` values (80203, 0, 4, 1, 'Ragged Cloth Pants', '', 12388, 1, 0, 1, 2, 2, 7, -1, -1, 4, 0, 0, 0, 0, 0, 0, 0, 0, 0, 1, 0, 0, 0, 0, 0, 0, 0, 0, 0, 0, 0, 0, 0, 0, 0, 0, 0, 0, 0, 0, 0, 0, 0, 0, 0, 0, 0, 0, 0, 0, 0, 0, 0, 0, 0, 0, 0, 0, 0, 0, 4, 0, 0, 0, 0, 0, 0, 0, 0, 0, 0, -1, 0, -1, 0, 0, 0, 0, -1, 0, -1, 0, 0, 0, 0, -1, 0, -1, 0, 0, 0, 0, -1, 0, -1, 0, 0, 0, 0, -1, 0, -1, 1, 0, 0, 0, 0, 0, 7, 0, 0, 0, 25, 0, 0, 0, 0, 0, 0, 0, 0, 0, 1, NULL);

set @quest_entry = 80201;
set @quest_zone = 1519;
set @title = 'Stocking Up on Wood';
set @description = 'Wagons full of refugees have arrived from the north, and we know more are on the way.\n\nBecause this was used as a dwarven hunting lodge, the larders are fully stocked with meat. Unfortunately, most of the meat was in the process of being salted and the lodge does not have a great supply of firewood.\n\nGo out and collect some. You\'ll find plenty of wood in bundles just outside the lodge.\n\nOh, and a word of warning: do not leave the valley. There are things out there that are very dangerous, and you are not yet ready to face them.';
set @objective = 'Collect 8 Bundles of Wood outside of the Farstrider Lodge.';
set @completetext = 'Thank you, $N. With this wood we can cook enough meat to satisfy many hungry bellies!';
set @incompletetext = 'Do you have the wood, $N?';
set @faction_id = 269;
set @faction_count = 250;
set @xp_or_money = 156;
set @reward_money = 50; 
set @quest_level = 1;
set @min_level = 1;
set @questgiver_id = 1156;
set @quest_finisher = 1156;
set @nextquest = 0;
set @nextquestinchain = 0;
set @prevquest = 80200;
set @RewChoiceItemId1 = 80202; 
set @RewChoiceItemId2 = 80203; 
set @RewChoiceItemId3 = 0;
set @RewChoiceItemId4 = 0; 
set @RewChoiceItemCount1 = 1;
set @RewChoiceItemCount2 = 1;
set @RewChoiceItemCount3 = 0;
set @RewChoiceItemCount4 = 0;
set @reward_item_1 = 0;
set @reward_item_2 = 0; 
set @reward_item_3 = 0;
set @reward_item_4 = 0;
set @reward_item_1_count = 0;
set @reward_item_2_count = 0;
set @reward_item_3_count = 0;
set @reward_item_4_count = 0;
set @creature_to_kill_1 = 0;
set @creature_to_kill_2 = 0; 
set @creature_to_kill_3 = 0;
set @creature_to_kill_4 = 0;
set @creature_to_kill_1_count = 0;
set @creature_to_kill_2_count = 0;
set @creature_to_kill_3_count = 0;
set @creature_to_kill_4_count = 0;
set @required_item_1 = 80200; 
set @required_item_2 = 0;
set @required_item_3 = 0;
set @required_item_4 = 0;
set @required_item_1_count = 8;
set @required_item_2_count = 0;
set @required_item_3_count = 0;
set @required_item_4_count = 0;

replace into quest_template values 

(@quest_entry, '0', '2', @quest_zone, @min_level,  '0', @quest_level, '0', '0', '0', '0', '0', '0', '0', '0', '0','0', '0', '0', '0', '0', '0', '0', '0', '0', '0', '0', '0', '0', @title, @description, @objective, @completetext, @incompletetext, '', '', '', '', '', '0', '0', '0', '0', '0', '0', '0', '0', '0', '0', '0', '0', '0', '0', '0', '0', '0', '0', '0', '0', '0', '0', '0', '0', '0', '0', '0', '0', '0', '0', '0', '0', '0', '0', '0', '0', '0', '0', '0', '0', '0', '0', '0', '0', '0', '0', '0', '0', @faction_id, '0', '0', '0', '0', @faction_count, '0', '0', '0', '0', '0', @xp_or_money, '0', '0', '0', '0', '0', '0', '0', '0', '0', '0', '0', '0', '0', '0', '0', '0', '0', '0', '0', '0', '0', '0', '0', '0', '0', '0','0', 0, 0);
     
replace into creature_questrelation (id, quest, patch_min, patch_max) values (@questgiver_id, @quest_entry,'0','10'); 
replace into creature_involvedrelation (id, quest, patch_min, patch_max) values (@quest_finisher, @quest_entry,'0','10');
	 
update quest_template set 
rewitemid1 = @reward_item_1, rewitemcount1 = @reward_item_1_count,
rewitemid2 = @reward_item_2, rewitemcount2 = @reward_item_2_count,
rewitemid3 = @reward_item_3, rewitemcount3 = @reward_item_3_count,
rewitemid4 = @reward_item_4, rewitemcount4 = @reward_item_4_count,
RewChoiceItemId1 = @RewChoiceItemId1, RewChoiceItemCount1 = @RewChoiceItemCount1,
RewChoiceItemId2 = @RewChoiceItemId2, RewChoiceItemCount2 = @RewChoiceItemCount2,
RewChoiceItemId3 = @RewChoiceItemId3, RewChoiceItemCount3 = @RewChoiceItemCount3,
RewChoiceItemId4 = @RewChoiceItemId4, RewChoiceItemCount4 = @RewChoiceItemCount4,
ReqCreatureOrGOId1 = @creature_to_kill_1, ReqCreatureOrGOCount1 = @creature_to_kill_1_count,
ReqCreatureOrGOId2 = @creature_to_kill_2, ReqCreatureOrGOCount2 = @creature_to_kill_2_count,
ReqCreatureOrGOId3 = @creature_to_kill_3, ReqCreatureOrGOCount3 = @creature_to_kill_3_count,
ReqCreatureOrGOId4 = @creature_to_kill_4, ReqCreatureOrGOCount4 = @creature_to_kill_4_count,
reqitemid1 = @required_item_1, reqitemcount1 = @required_item_1_count,
reqitemid2 = @required_item_2, reqitemcount2 = @required_item_2_count,
reqitemid3 = @required_item_3, reqitemcount3 = @required_item_3_count,
reqitemid4 = @required_item_4, reqitemcount4 = @required_item_4_count,
nextquestid = @nextquest, RewOrReqMoney = @reward_money, 
nextquestinchain = @nextquestinchain, prevquestid = @prevquest 
where entry = @quest_entry;	 

-- Clearing Out Vermin

replace into `creature_template` values (80201, 0, 10285, 0, 0, 0, 'Trogg Vermin', '', 0, 1, 2, 42, 55, 0, 0, 15, 25, 0, 1, 0.857143, 0, 20, 5, 0, 0, 1, 0, 1, 0, 46, 1, 2000, 2000, 1, 0, 0, 0, 0, 0, 0, 0, 0, 0, 0, 7, 0, 6, 6, 0, 0, 0, 0, 0, 0, 0, 0, 0, 0, 0, 0, 0, 1, 4, 'EventAI', 1, 1, 0, 0, 3, 6, 0, 0, 0, 0, 2, '');

update creature_template set 
health_min = 60, health_max = 70, 
armor = 76, dmg_min = 3, dmg_max = 6, attack_power = 50,
spell_id1 = 0, gold_min = 1, gold_max = 7 
where entry = 80201;

update creature_template set loot_id = 707 where entry = 80201;

replace into `item_template` values (80204, 0, 4, 1, 'Ragged Cloth Sash', '', 28170, 1, 0, 1, 13, 13, 6, -1, -1, 9, 0, 0, 0, 0, 0, 0, 0, 0, 0, 1, 0, 0, 0, 0, 0, 0, 0, 0, 0, 0, 0, 0, 0, 0, 0, 0, 0, 0, 0, 0, 0, 0, 0, 0, 0, 0, 0, 0, 0, 0, 0, 0, 0, 0, 0, 0, 0, 0, 0, 0, 9, 0, 0, 0, 0, 0, 0, 0, 0, 0, 0, -1, 0, -1, 0, 0, 0, 0, -1, 0, -1, 0, 0, 0, 0, -1, 0, -1, 0, 0, 0, 0, -1, 0, -1, 0, 0, 0, 0, -1, 0, -1, 1, 0, 0, 0, 0, 0, 7, 0, 0, 0, 16, 0, 0, 0, 0, 0, 0, 0, 0, 0, 1, NULL);

replace into `item_template` values (80205, 0, 4, 2, 'Studded Bracers', '', 17002, 1, 0, 1, 12, 12, 9, -1, -1, 9, 0, 0, 0, 0, 0, 0, 0, 0, 0, 1, 0, 0, 0, 0, 0, 0, 0, 0, 0, 0, 0, 0, 0, 0, 0, 0, 0, 0, 0, 0, 0, 0, 0, 0, 0, 0, 0, 0, 0, 0, 0, 0, 0, 0, 0, 0, 0, 0, 0, 0, 21, 0, 0, 0, 0, 0, 0, 0, 0, 0, 0, -1, 0, -1, 0, 0, 0, 0, -1, 0, -1, 0, 0, 0, 0, -1, 0, -1, 0, 0, 0, 0, -1, 0, -1, 0, 0, 0, 0, -1, 0, -1, 1, 0, 0, 0, 0, 0, 8, 0, 0, 0, 18, 0, 0, 0, 0, 0, 0, 0, 0, 0, 1, NULL);

replace into `creature_template` values (80202, 0, 4618, 0, 0, 0, 'Kathy Wake', '', 0, 5, 5, 319, 319, 0, 0, 852, 84, 2, 1, 1.14286, 0, 20, 5, 0, 0, 1, 24, 31, 0, 90, 1, 2000, 2000, 1, 512, 0, 0, 0, 0, 0, 0, 31.856, 43.802, 100, 7, 4096, 0, 0, 0, 0, 0, 0, 0, 30, 0, 0, 0, 0, 0, 0, 0, 0, 0, '', 0, 1, 0, 0, 3, 4276, 0, 0, 0, 0, 2, 'npc_kathy_wake');

update creature_template set level_min = 60, level_max = 60 where entry = 80202;
update creature_template set rank = 2 where entry = 80202;
update creature_template set faction = 12 where entry = 80202;

update creature_template set equipment_id = 0 where entry = 80202;

set @quest_entry = 80203;
set @quest_zone = 1519;
set @title = 'Clearing Out Vermin';
set @description = 'Excuse me, $R, can I have your attention for a moment?\n\nI am Kathy Wake. I am a part of a branch of the Alliance military responsible for ensuring the safety and prosperity of Alliance lands. We\’ve recently been sent here with a large contingent of men. Although I personally believe we are needed more back home, it is not my place to question orders.\n\nOur mission has been to ensure your people arrived safely to the lodge, and also to get you settled in. However, it is not easy to keep everyone safe from the dangers out here. While my men have been dealing with the larger problematic elements in the region, smaller ones have been left unattended for too long, and now they have been allowed to run rampant.\n\nThe refugee caravans could be in danger if something is not done quickly. I take it you can fight? If so, please go out there and take care of the troggs that have been infesting the area around the lodge!';
set @objective = 'Kill 8 Trogg Vermin.';
set @completetext = 'Well done, $N. This is only the beginning, but removing those vermin will ensure the refugees remain safe for now.\n\nWe have more work to do, though. The more assistance we get from you, the more help we can provide your people.';
set @incompletetext = 'Well, $R, has the deed been done?';
set @faction_id = 269;
set @faction_count = 250;
set @xp_or_money = 186;
set @reward_money = 80; 
set @quest_level = 1;
set @min_level = 1;
set @questgiver_id = 80202;
set @quest_finisher = 80202;
set @nextquest = 0;
set @nextquestinchain = 0;
set @prevquest = 80200;
set @RewChoiceItemId1 = 80204; 
set @RewChoiceItemId2 = 80205; 
set @RewChoiceItemId3 = 0;
set @RewChoiceItemId4 = 0; 
set @RewChoiceItemCount1 = 1;
set @RewChoiceItemCount2 = 1;
set @RewChoiceItemCount3 = 0;
set @RewChoiceItemCount4 = 0;
set @reward_item_1 = 0;
set @reward_item_2 = 0; 
set @reward_item_3 = 0;
set @reward_item_4 = 0;
set @reward_item_1_count = 0;
set @reward_item_2_count = 0;
set @reward_item_3_count = 0;
set @reward_item_4_count = 0;
set @creature_to_kill_1 = 80201;
set @creature_to_kill_2 = 0; 
set @creature_to_kill_3 = 0;
set @creature_to_kill_4 = 0;
set @creature_to_kill_1_count = 8;
set @creature_to_kill_2_count = 0;
set @creature_to_kill_3_count = 0;
set @creature_to_kill_4_count = 0;
set @required_item_1 = 0; 
set @required_item_2 = 0;
set @required_item_3 = 0;
set @required_item_4 = 0;
set @required_item_1_count = 0;
set @required_item_2_count = 0;
set @required_item_3_count = 0;
set @required_item_4_count = 0;

replace into quest_template values 

(@quest_entry, '0', '2', @quest_zone, @min_level,  '0', @quest_level, '0', '0', '0', '0', '0', '0', '0', '0', '0','0', '0', '0', '0', '0', '0', '0', '0', '0', '0', '0', '0', '0', @title, @description, @objective, @completetext, @incompletetext, '', '', '', '', '', '0', '0', '0', '0', '0', '0', '0', '0', '0', '0', '0', '0', '0', '0', '0', '0', '0', '0', '0', '0', '0', '0', '0', '0', '0', '0', '0', '0', '0', '0', '0', '0', '0', '0', '0', '0', '0', '0', '0', '0', '0', '0', '0', '0', '0', '0', '0', '0', @faction_id, '0', '0', '0', '0', @faction_count, '0', '0', '0', '0', '0', @xp_or_money, '0', '0', '0', '0', '0', '0', '0', '0', '0', '0', '0', '0', '0', '0', '0', '0', '0', '0', '0', '0', '0', '0', '0', '0', '0', '0','0', 0, 0);
     
replace into creature_questrelation (id, quest, patch_min, patch_max) values (@questgiver_id, @quest_entry,'0','10'); 
replace into creature_involvedrelation (id, quest, patch_min, patch_max) values (@quest_finisher, @quest_entry,'0','10');
	 
update quest_template set 
rewitemid1 = @reward_item_1, rewitemcount1 = @reward_item_1_count,
rewitemid2 = @reward_item_2, rewitemcount2 = @reward_item_2_count,
rewitemid3 = @reward_item_3, rewitemcount3 = @reward_item_3_count,
rewitemid4 = @reward_item_4, rewitemcount4 = @reward_item_4_count,
RewChoiceItemId1 = @RewChoiceItemId1, RewChoiceItemCount1 = @RewChoiceItemCount1,
RewChoiceItemId2 = @RewChoiceItemId2, RewChoiceItemCount2 = @RewChoiceItemCount2,
RewChoiceItemId3 = @RewChoiceItemId3, RewChoiceItemCount3 = @RewChoiceItemCount3,
RewChoiceItemId4 = @RewChoiceItemId4, RewChoiceItemCount4 = @RewChoiceItemCount4,
ReqCreatureOrGOId1 = @creature_to_kill_1, ReqCreatureOrGOCount1 = @creature_to_kill_1_count,
ReqCreatureOrGOId2 = @creature_to_kill_2, ReqCreatureOrGOCount2 = @creature_to_kill_2_count,
ReqCreatureOrGOId3 = @creature_to_kill_3, ReqCreatureOrGOCount3 = @creature_to_kill_3_count,
ReqCreatureOrGOId4 = @creature_to_kill_4, ReqCreatureOrGOCount4 = @creature_to_kill_4_count,
reqitemid1 = @required_item_1, reqitemcount1 = @required_item_1_count,
reqitemid2 = @required_item_2, reqitemcount2 = @required_item_2_count,
reqitemid3 = @required_item_3, reqitemcount3 = @required_item_3_count,
reqitemid4 = @required_item_4, reqitemcount4 = @required_item_4_count,
nextquestid = @nextquest, RewOrReqMoney = @reward_money, 
nextquestinchain = @nextquestinchain, prevquestid = @prevquest 
where entry = @quest_entry;	

-- Gathering Intel

replace into `gameobject_template` values (3000201, 0, 5, 381, 'Quest 80204 Custom Trigger', 0, 0, 0.01, 0, 0, 0, 0, 0, 0, 0, 0, 0, 0, 0, 0, 0, 0, 0, 0, 0, 0, 0, 0, 0, 0, 0, 0, 0, 0, 'go_exploration_trigger');

replace into `creature_template` values (80203, 0, 0, 0, 0, 0, 'Quest 80204 Custom Objective', '', 0, 5, 5, 319, 319, 0, 0, 852, 84, 2, 1, 1.14286, 0, 20, 5, 0, 0, 1, 24, 31, 0, 90, 1, 2000, 2000, 1, 512, 0, 0, 0, 0, 0, 0, 31.856, 43.802, 100, 7, 4096, 0, 0, 0, 0, 0, 0, 0, 30, 0, 0, 0, 0, 0, 0, 0, 0, 0, '', 0, 1, 0, 0, 3, 4276, 0, 0, 0, 0, 2, '');

replace into `item_template` values (80206, '0', '2', '8', 'Rusted Bastard Sword', '', '2399', '1', '0', '1', '2', '2', '17', '-1', '-1', '6','0', '0', '0', '0', '0', '0', '0', '0', '0', '1', '0', '0', '0', '0', '0','0', '0', '0', '0', '0', '0', '0', '0', '0', '0', '0', '0', '0', '0', '0', '0', '3500', '0','0', '8', '13', '0', '0', '0', '0', '0', '0', '0', '0', '0', '0', '0', '0', '0', '0', '0', '0', '0', '0','0', '0', '0', '0', '0', '0', '0', '-1', '0', '-1', '0', '0', '0', '0', '-1', '0', '-1', '0', '0','0', '0', '-1', '0', '-1', '0', '0', '0', '0', '-1', '0', '-1', '0', '0', '0', '0', '-1', '0','-1', '1', '0', '0', '0', '0', '0', '2', '3', '0', '0', '35', '0', '0', '0', '0', '0', '0', '0', '0','0', '1', NULL);

update item_template set sheath = 1 where entry = 80206;

replace into `item_template` values (80207, 0, 2, 2, 'Worn Wooden Bow', '', 28235, 1, 0, 1, 2, 2, 15, -1, -1, 6,0, 0, 0, 0, 0, 0, 0, 0, 0, 1, 0, 0, 0, 0, 0,0, 0, 0, 0, 0, 0, 0, 0, 0, 0, 0, 0, 0, 0, 0, 0, 2800, 100,3, 5, 9, 0, 0, 0, 0, 0, 0, 0, 0, 0, 0, 0, 0, 0, 0, 0, 0, 0, 0,0, 0, 0, 0, 0, 0, 0, -1, 0, -1, 0, 0, 0, 0, -1, 0, -1, 0, 0,0, 0, -1, 0, -1, 0, 0, 0, 0, -1, 0, -1, 0, 0, 0, 0, -1, 0,-1, 1, 0, 0, 0, 0, 0, 1, 3, 0, 0, 25, 0, 0, 0, 0, 0, 0, 0, 0,0, 1, NULL);

update item_template set ammo_type = 2, material = 2, sheath = 0 where entry = 80207;

replace into `item_template` values (80208, 0, 2, 10, 'Crooked Tree Branch', '', 5404, 1, 0, 1, 2, 2, 17, -1, -1, 6, 0, 0, 0, 0, 0, 0, 0, 0, 0, 1, 0, 0, 0, 0, 0, 0, 0, 0, 0, 0, 0, 0, 0, 0, 0, 0, 0, 0, 0, 0, 0, 3200, 0, 0, 8, 12, 0, 0, 0, 0, 0, 0, 0, 0, 0, 0, 0, 0, 0, 0, 0, 0, 0, 0, 0, 0, 0, 0, 0, 0, 0, -1, 0, -1, 0, 0, 0, 0, -1, 0, -1, 0, 0, 0, 0, -1, 0, -1, 0, 0, 0, 0, -1, 0, -1, 0, 0, 0, 0, -1, 0, -1, 1, 0, 0, 0, 0, 0, 1, 3, 0, 0, 35, 0, 0, 0, 0, 0, 0, 0, 0, 0, 1, NULL);

update item_template set sheath = 2 where entry = 80208;

replace into `item_template` values (80211, 0, 2, 15, 'Camping Knife', '', 6432, 1, 0, 1, 18, 18, 21, -1, -1, 9, 0, 0, 0, 0, 0, 0, 0, 0, 0, 1, 0, 0, 0, 0, 0, 0, 0, 0, 0, 0, 0, 0, 0, 0, 0, 0, 0, 0, 0, 0, 0, 1600, 0, 0, 4, 8, 0, 0, 0, 0, 0, 0, 0, 0, 0, 0, 0, 0, 0, 0, 0, 0, 0, 0, 0, 0, 0, 0, 0, 0, 0, -1, 0, -1, 0, 0, 0, 0, -1, 0, -1, 0, 0, 0, 0, -1, 0, -1, 0, 0, 0, 0, -1, 0, -1, 0, 0, 0, 0, -1, 0, -1, 1, 0, 0, 0, 0, 0, 1, 1, 0, 0, 25, 0, 0, 0, 0, 0, 0, 0, 0, 0, 1, NULL);

update item_template set sheath = 3 where entry = 80211;

replace into `areatrigger_template` (`id`, `build`, `map_id`, `x`, `y`, `z`, `radius`, `box_x`, `box_y`, `box_z`, `box_orientation`) values 
(5000, 5875, 0, -5845.7, -4148.67, 387.78, 30, 0, 0, 0, 0);

replace into areatrigger_involvedrelation values (80204, 5000);

set @quest_entry = 80204;
set @quest_zone = 1519;
set @title = 'Gathering Intel';
set @description = 'You\’re less wet behind the ears, now, which is good.\n\nThe vermin you\’ve defeated are only a nuisance compared to other things that lurk in this valley. Some of the recent refugees who arrived last night reported seeing a short-statured figure with glowing red eyes in the woods as it stalked the area.\n\nSome brushed it off as fatigue from the long travel, but I believe it may be the forward scout of a Shadowforge raiding party.\n\nThe Shadowforge are one of the Dark Iron clans. They are corrupted red-eyed dwarves who are at odds with the kingdom of Ironforge. Investigate the area to the west where the sighting happened, but do not stray too close to the digsite. It is infested with troggs far stronger than those vermin that you fought earlier.\n\nRemember: do not engage. If you find something, confirm your sighting and immediately return here.';
set @objective = 'Investigate the area to the southwest of the the Farstrider Lodge.';
set @completetext = 'A whole armed camp? Damn, this is a problem. We\’ll need to devote resources into dealing with it that we don\’t have. Thank you for your help, $N! We may call upon you again once we figure out how to handle this.';
set @incompletetext = 'Have you spotted the Shadowforge scout?';
set @faction_id = 72;
set @faction_count = 250;
set @xp_or_money = 206;
set @reward_money = 90; 
set @quest_level = 3;
set @min_level = 2;
set @questgiver_id = 80202;
set @quest_finisher = 80202;
set @nextquest = 0;
set @nextquestinchain = 0;
set @prevquest = 80203;
set @RewChoiceItemId1 = 80206; 
set @RewChoiceItemId2 = 80207; 
set @RewChoiceItemId3 = 80208;
set @RewChoiceItemId4 = 80211; 
set @RewChoiceItemCount1 = 1;
set @RewChoiceItemCount2 = 1;
set @RewChoiceItemCount3 = 1;
set @RewChoiceItemCount4 = 1;
set @reward_item_1 = 0;
set @reward_item_2 = 0; 
set @reward_item_3 = 0;
set @reward_item_4 = 0;
set @reward_item_1_count = 0;
set @reward_item_2_count = 0;
set @reward_item_3_count = 0;
set @reward_item_4_count = 0;
set @creature_to_kill_1 = 80203;
set @creature_to_kill_2 = 0; 
set @creature_to_kill_3 = 0;
set @creature_to_kill_4 = 0;
set @creature_to_kill_1_count = 1;
set @creature_to_kill_2_count = 0;
set @creature_to_kill_3_count = 0;
set @creature_to_kill_4_count = 0;
set @required_item_1 = 0; 
set @required_item_2 = 0;
set @required_item_3 = 0;
set @required_item_4 = 0;
set @required_item_1_count = 0;
set @required_item_2_count = 0;
set @required_item_3_count = 0;
set @required_item_4_count = 0;

replace into quest_template values 

(@quest_entry, '0', '2', @quest_zone, @min_level,  '0', @quest_level, '0', '0', '0', '0', '0', '0', '0', '0', '0','0', '0', '0', '0', '0', '0', '0', '0', '0', '0', '0', '0', '0', @title, @description, @objective, @completetext, @incompletetext, '', '', '', '', '', '0', '0', '0', '0', '0', '0', '0', '0', '0', '0', '0', '0', '0', '0', '0', '0', '0', '0', '0', '0', '0', '0', '0', '0', '0', '0', '0', '0', '0', '0', '0', '0', '0', '0', '0', '0', '0', '0', '0', '0', '0', '0', '0', '0', '0', '0', '0', '0', @faction_id, '0', '0', '0', '0', @faction_count, '0', '0', '0', '0', '0', @xp_or_money, '0', '0', '0', '0', '0', '0', '0', '0', '0', '0', '0', '0', '0', '0', '0', '0', '0', '0', '0', '0', '0', '0', '0', '0', '0', '0','0', 0, 0);
     
replace into creature_questrelation (id, quest, patch_min, patch_max) values (@questgiver_id, @quest_entry,'0','10'); 
replace into creature_involvedrelation (id, quest, patch_min, patch_max) values (@quest_finisher, @quest_entry,'0','10');
	 
update quest_template set 
rewitemid1 = @reward_item_1, rewitemcount1 = @reward_item_1_count,
rewitemid2 = @reward_item_2, rewitemcount2 = @reward_item_2_count,
rewitemid3 = @reward_item_3, rewitemcount3 = @reward_item_3_count,
rewitemid4 = @reward_item_4, rewitemcount4 = @reward_item_4_count,
RewChoiceItemId1 = @RewChoiceItemId1, RewChoiceItemCount1 = @RewChoiceItemCount1,
RewChoiceItemId2 = @RewChoiceItemId2, RewChoiceItemCount2 = @RewChoiceItemCount2,
RewChoiceItemId3 = @RewChoiceItemId3, RewChoiceItemCount3 = @RewChoiceItemCount3,
RewChoiceItemId4 = @RewChoiceItemId4, RewChoiceItemCount4 = @RewChoiceItemCount4,
ReqCreatureOrGOId1 = @creature_to_kill_1, ReqCreatureOrGOCount1 = @creature_to_kill_1_count,
ReqCreatureOrGOId2 = @creature_to_kill_2, ReqCreatureOrGOCount2 = @creature_to_kill_2_count,
ReqCreatureOrGOId3 = @creature_to_kill_3, ReqCreatureOrGOCount3 = @creature_to_kill_3_count,
ReqCreatureOrGOId4 = @creature_to_kill_4, ReqCreatureOrGOCount4 = @creature_to_kill_4_count,
reqitemid1 = @required_item_1, reqitemcount1 = @required_item_1_count,
reqitemid2 = @required_item_2, reqitemcount2 = @required_item_2_count,
reqitemid3 = @required_item_3, reqitemcount3 = @required_item_3_count,
reqitemid4 = @required_item_4, reqitemcount4 = @required_item_4_count,
nextquestid = @nextquest, RewOrReqMoney = @reward_money, 
nextquestinchain = @nextquestinchain, prevquestid = @prevquest,
objectivetext1='Scouting completed' 
where entry = @quest_entry;	

-- Slaking Their Thirst

replace into `gameobject_template` values 
(3000202, 0, 2, 25386, 'Well', 0, 0, 1, 0, 0, 0, 0, 0, 0, 0, 0, 0, 0, 0, 0, 0, 0, 0, 0, 0, 0, 0, 0, 0, 0, 0, 0, 0, 0, 'go_farstrider_well');

replace into item_template values
 ('80209', '0', '0', '0', 'Empty Barrel', '', '8381', '1', '0', '1', '0', '0', '0', '-1', '-1', '0',
 '0', '0', '0', '0', '0', '0', '0', '0', '0', '1', '0', '0', '0', '0', '0',
 '0', '0', '0', '0', '0', '0', '0', '0', '0', '0', '0', '0', '0', '0', '0', '0', '0', '0',
 '0', '0', '0', '0', '0', '0', '0', '0', '0', '0', '0', '0', '0', '0', '0', '0', '0', '0', '0', '0', '0',
 '0', '0', '0', '0', '0', '0', '0', '-1', '0', '-1', '0', '0', '0', '0', '-1', '0', '-1', '0', '0',
 '0', '0', '-1', '0', '-1', '0', '0', '0', '0', '-1', '0', '-1', '0', '0', '0', '0', '-1', '0',
 '-1', '4', '0', '0', '0', '0', '0', '0', '0', '0', '0', '0', '0', '0', '0', '0', '0', '0', '0', '0',
 '0', '1', NULL);
 
 replace into item_template values
 ('80210', '0', '0', '0', 'Filled Barrel of Water', '', '8381', '1', '0', '1', '0', '0', '0', '-1', '-1', '0',
 '0', '0', '0', '0', '0', '0', '0', '0', '0', '1', '0', '0', '0', '0', '0',
 '0', '0', '0', '0', '0', '0', '0', '0', '0', '0', '0', '0', '0', '0', '0', '0', '0', '0',
 '0', '0', '0', '0', '0', '0', '0', '0', '0', '0', '0', '0', '0', '0', '0', '0', '0', '0', '0', '0', '0',
 '0', '0', '0', '0', '0', '0', '0', '-1', '0', '-1', '0', '0', '0', '0', '-1', '0', '-1', '0', '0',
 '0', '0', '-1', '0', '-1', '0', '0', '0', '0', '-1', '0', '-1', '0', '0', '0', '0', '-1', '0',
 '-1', '4', '0', '0', '0', '0', '0', '0', '0', '0', '0', '0', '0', '0', '0', '0', '0', '0', '0', '0',
 '0', '1', NULL);

replace into `item_template` values (80212, 0, 4, 3, 'Polished Scalemail', '', 8672, 1, 0, 1, 12, 12, 5, -1, -1, 9, 0, 0, 0, 0, 0, 0, 0, 0, 0, 1, 0, 0, 0, 0, 0, 0, 0, 0, 0, 0, 0, 0, 0, 0, 0, 0, 0, 0, 0, 0, 0, 0, 0, 0, 0, 0, 0, 0, 0, 0, 0, 0, 0, 0, 0, 0, 0, 0, 0, 0, 86, 0, 0, 0, 0, 0, 0, 0, 0, 0, 0, -1, 0, -1, 0, 0, 0, 0, -1, 0, -1, 0, 0, 0, 0, -1, 0, -1, 0, 0, 0, 0, -1, 0, -1, 0, 0, 0, 0, -1, 0, -1, 1, 0, 0, 0, 0, 0, 5, 0, 0, 0, 60, 0, 0, 0, 0, 0, 0, 0, 0, 0, 1, NULL);

replace into `item_template` values (80213, 0, 4, 1, 'Comfy Robe', '', 14549, 1, 0, 1, 12, 12, 5, -1, -1, 9, 0, 0, 0, 0, 0, 0, 0, 0, 0, 1, 0, 0, 0, 0, 0, 0, 0, 0, 0, 0, 0, 0, 0, 0, 0, 0, 0, 0, 0, 0, 0, 0, 0, 0, 0, 0, 0, 0, 0, 0, 0, 0, 0, 0, 0, 0, 0, 0, 0, 0, 16, 0, 0, 0, 0, 0, 0, 0, 0, 0, 0, -1, 0, -1, 0, 0, 0, 0, -1, 0, -1, 0, 0, 0, 0, -1, 0, -1, 0, 0, 0, 0, -1, 0, -1, 0, 0, 0, 0, -1, 0, -1, 1, 0, 0, 0, 0, 0, 7, 0, 0, 0, 40, 0, 0, 0, 0, 0, 0, 0, 0, 0, 1, NULL);

replace into `item_template` values (80214, 0, 4, 2, 'Stitched Leather Vest', '', 16585, 1, 0, 1, 12, 12, 5, -1, -1, 9, 0, 0, 0, 0, 0, 0, 0, 0, 0, 1, 0, 0, 0, 0, 0, 0, 0, 0, 0, 0, 0, 0, 0, 0, 0, 0, 0, 0, 0, 0, 0, 0, 0, 0, 0, 0, 0, 0, 0, 0, 0, 0, 0, 0, 0, 0, 0, 0, 0, 0, 46, 0, 0, 0, 0, 0, 0, 0, 0, 0, 0, -1, 0, -1, 0, 0, 0, 0, -1, 0, -1, 0, 0, 0, 0, -1, 0, -1, 0, 0, 0, 0, -1, 0, -1, 0, 0, 0, 0, -1, 0, -1, 1, 0, 0, 0, 0, 0, 8, 0, 0, 0, 55, 0, 0, 0, 0, 0, 0, 0, 0, 0, 1, NULL);

replace into `item_template` values (80215, 0, 4, 1, 'Ragged Cloth Vest', '', 14339, 1, 0, 1, 12, 12, 5, -1, -1, 9, 0, 0, 0, 0, 0, 0, 0, 0, 0, 1, 0, 0, 0, 0, 0, 0, 0, 0, 0, 0, 0, 0, 0, 0, 0, 0, 0, 0, 0, 0, 0, 0, 0, 0, 0, 0, 0, 0, 0, 0, 0, 0, 0, 0, 0, 0, 0, 0, 0, 0, 16, 0, 0, 0, 0, 0, 0, 0, 0, 0, 0, -1, 0, -1, 0, 0, 0, 0, -1, 0, -1, 0, 0, 0, 0, -1, 0, -1, 0, 0, 0, 0, -1, 0, -1, 0, 0, 0, 0, -1, 0, -1, 1, 0, 0, 0, 0, 0, 7, 0, 0, 0, 40, 0, 0, 0, 0, 0, 0, 0, 0, 0, 1, NULL);

set @quest_entry = 80205;
set @quest_zone = 1519;
set @title = 'Slaking Their Thirst';
set @description = 'Hello again, $N.\n\nThe wood you gathered helped feed many refugees. However, the situation is far from resolved.\n\nThe drinking water stores are running low. Soon, we will not be able to care for the refugees, but luckily there is a well to the north near the border of this valley. Go there, and fill this barrel with water.\n\nThere are volunteers trying to dig a new well here, but that will take time.\n\nPlease, $N, I know I can count on you!';
set @objective = 'Fill the Empty Barrel with water from the well.';
set @completetext = 'You got the water?\n\nThank you, $N. At least that\’s one less problem we have to deal with.\n\nThe children will have water, and the progress on the well is going wonderfully!';
set @incompletetext = 'Did you get it? The children are thirsty.';
set @faction_id = 269;
set @faction_count = 250;
set @xp_or_money = 206;
set @reward_money = 90; 
set @quest_level = 3;
set @min_level = 2;
set @questgiver_id = 1156;
set @quest_finisher = 1156;
set @nextquest = 0;
set @nextquestinchain = 0;
set @prevquest = 80201;
set @RewChoiceItemId1 = 80212; 
set @RewChoiceItemId2 = 80213; 
set @RewChoiceItemId3 = 80214;
set @RewChoiceItemId4 = 80215; 
set @RewChoiceItemCount1 = 1;
set @RewChoiceItemCount2 = 1;
set @RewChoiceItemCount3 = 1;
set @RewChoiceItemCount4 = 1;
set @reward_item_1 = 0;
set @reward_item_2 = 0; 
set @reward_item_3 = 0;
set @reward_item_4 = 0;
set @reward_item_1_count = 0;
set @reward_item_2_count = 0;
set @reward_item_3_count = 0;
set @reward_item_4_count = 0;
set @creature_to_kill_1 = 0;
set @creature_to_kill_2 = 0; 
set @creature_to_kill_3 = 0;
set @creature_to_kill_4 = 0;
set @creature_to_kill_1_count = 0;
set @creature_to_kill_2_count = 0;
set @creature_to_kill_3_count = 0;
set @creature_to_kill_4_count = 0;
set @required_item_1 = 80210; 
set @required_item_2 = 0;
set @required_item_3 = 0;
set @required_item_4 = 0;
set @required_item_1_count = 1;
set @required_item_2_count = 0;
set @required_item_3_count = 0;
set @required_item_4_count = 0;

replace into quest_template values 

(@quest_entry, '0', '2', @quest_zone, @min_level,  '0', @quest_level, '0', '0', '0', '0', '0', '0', '0', '0', '0','0', '0', '0', '0', '0', '0', '0', '0', '0', '0', '0', '0', '0', @title, @description, @objective, @completetext, @incompletetext, '', '', '', '', '', '0', '0', '0', '0', '0', '0', '0', '0', '0', '0', '0', '0', '0', '0', '0', '0', '0', '0', '0', '0', '0', '0', '0', '0', '0', '0', '0', '0', '0', '0', '0', '0', '0', '0', '0', '0', '0', '0', '0', '0', '0', '0', '0', '0', '0', '0', '0', '0', @faction_id, '0', '0', '0', '0', @faction_count, '0', '0', '0', '0', '0', @xp_or_money, '0', '0', '0', '0', '0', '0', '0', '0', '0', '0', '0', '0', '0', '0', '0', '0', '0', '0', '0', '0', '0', '0', '0', '0', '0', '0','0', 0, 0);
     
replace into creature_questrelation (id, quest, patch_min, patch_max) values (@questgiver_id, @quest_entry,'0','10'); 
replace into creature_involvedrelation (id, quest, patch_min, patch_max) values (@quest_finisher, @quest_entry,'0','10');
	 
update quest_template set 
rewitemid1 = @reward_item_1, rewitemcount1 = @reward_item_1_count,
rewitemid2 = @reward_item_2, rewitemcount2 = @reward_item_2_count,
rewitemid3 = @reward_item_3, rewitemcount3 = @reward_item_3_count,
rewitemid4 = @reward_item_4, rewitemcount4 = @reward_item_4_count,
RewChoiceItemId1 = @RewChoiceItemId1, RewChoiceItemCount1 = @RewChoiceItemCount1,
RewChoiceItemId2 = @RewChoiceItemId2, RewChoiceItemCount2 = @RewChoiceItemCount2,
RewChoiceItemId3 = @RewChoiceItemId3, RewChoiceItemCount3 = @RewChoiceItemCount3,
RewChoiceItemId4 = @RewChoiceItemId4, RewChoiceItemCount4 = @RewChoiceItemCount4,
ReqCreatureOrGOId1 = @creature_to_kill_1, ReqCreatureOrGOCount1 = @creature_to_kill_1_count,
ReqCreatureOrGOId2 = @creature_to_kill_2, ReqCreatureOrGOCount2 = @creature_to_kill_2_count,
ReqCreatureOrGOId3 = @creature_to_kill_3, ReqCreatureOrGOCount3 = @creature_to_kill_3_count,
ReqCreatureOrGOId4 = @creature_to_kill_4, ReqCreatureOrGOCount4 = @creature_to_kill_4_count,
reqitemid1 = @required_item_1, reqitemcount1 = @required_item_1_count,
reqitemid2 = @required_item_2, reqitemcount2 = @required_item_2_count,
reqitemid3 = @required_item_3, reqitemcount3 = @required_item_3_count,
reqitemid4 = @required_item_4, reqitemcount4 = @required_item_4_count,
nextquestid = @nextquest, RewOrReqMoney = @reward_money, 
nextquestinchain = @nextquestinchain, prevquestid = @prevquest,
srcItemId = 80209, srcitemcount = 1
where entry = @quest_entry;	

-- Burnt Wheels

replace into `creature_template` values (80204, 0, 0, 0, 0, 0, 'Quest 80206 Custom Objective', '', 0, 5, 5, 319, 319, 0, 0, 852, 84, 2, 1, 1.14286, 0, 20, 5, 0, 0, 1, 24, 31, 0, 90, 1, 2000, 2000, 1, 512, 0, 0, 0, 0, 0, 0, 31.856, 43.802, 100, 7, 4096, 0, 0, 0, 0, 0, 0, 0, 30, 0, 0, 0, 0, 0, 0, 0, 0, 0, '', 0, 1, 0, 0, 3, 4276, 0, 0, 0, 0, 2, '');

replace into broadcast_text (ID, MaleText) values (100200, 'It\'s so good that you\'re here with me $N, what can I do for you?');
replace into npc_text (ID, BroadcastTextID0) values (100200, 100200);

set @quest_entry = 80206;
set @quest_zone = 1519;
set @title = 'Burnt Wheels';
set @description = '<Vyrin appears distressed as she looks in your direction.>\n\nWe found a wagon burned down with the corpses of the accompanying escorts nearby and no sign of the refugees. It’s... terrible, $N, it’s absolutely terrible!\n\nPlease speak to your companion, Malvinah, was it? I am trying to keep people calm as we figure this out, but she is very disturbed. She\'s spreading panic and confusion among the refugees.';
set @objective = 'Speak to Malvinah Sunblade, then report back to Kathy Wake.';
set @completetext = 'So, you know about it, then? My scouts have confirmed it.\n\nIt’s that damned Shadowforge raiding party you found. We should have struck right away, but instead I wanted to prepare... damn it!\n\nIt’s as if they knew we were onto them. You didn\’t attack any of them, did you?\n\nWell, no matter. There is no time for regret. It is time to act!\n\nThe refugees have been put in cages, and the Dark Irons are preparing to ritually sacrifice them to their god, the Firelord Ragnaros.\n\nWe can\’t allow it, $N! I\’m going to need your help with this!';
set @incompletetext = 'What is it, $N? Now is not the time.';
set @faction_id = 269;
set @faction_count = 250;
set @xp_or_money = 206;
set @reward_money = 0; 
set @quest_level = 4;
set @min_level = 3;
set @questgiver_id = 1156;
set @quest_finisher = 80202;
set @nextquest = 0;
set @nextquestinchain = 0;
set @prevquest = 80205;
set @RewChoiceItemId1 = 0; 
set @RewChoiceItemId2 = 0; 
set @RewChoiceItemId3 = 0;
set @RewChoiceItemId4 = 0; 
set @RewChoiceItemCount1 = 0;
set @RewChoiceItemCount2 = 0;
set @RewChoiceItemCount3 = 0;
set @RewChoiceItemCount4 = 0;
set @reward_item_1 = 0;
set @reward_item_2 = 0; 
set @reward_item_3 = 0;
set @reward_item_4 = 0;
set @reward_item_1_count = 0;
set @reward_item_2_count = 0;
set @reward_item_3_count = 0;
set @reward_item_4_count = 0;
set @creature_to_kill_1 = 80204;
set @creature_to_kill_2 = 0; 
set @creature_to_kill_3 = 0;
set @creature_to_kill_4 = 0;
set @creature_to_kill_1_count = 1;
set @creature_to_kill_2_count = 0;
set @creature_to_kill_3_count = 0;
set @creature_to_kill_4_count = 0;
set @required_item_1 = 0; 
set @required_item_2 = 0;
set @required_item_3 = 0;
set @required_item_4 = 0;
set @required_item_1_count = 0;
set @required_item_2_count = 0;
set @required_item_3_count = 0;
set @required_item_4_count = 0;

replace into quest_template values 

(@quest_entry, '0', '2', @quest_zone, @min_level,  '0', @quest_level, '0', '0', '0', '0', '0', '0', '0', '0', '0','0', '0', '0', '0', '0', '0', '0', '0', '0', '0', '0', '0', '0', @title, @description, @objective, @completetext, @incompletetext, '', '', '', '', '', '0', '0', '0', '0', '0', '0', '0', '0', '0', '0', '0', '0', '0', '0', '0', '0', '0', '0', '0', '0', '0', '0', '0', '0', '0', '0', '0', '0', '0', '0', '0', '0', '0', '0', '0', '0', '0', '0', '0', '0', '0', '0', '0', '0', '0', '0', '0', '0', @faction_id, '0', '0', '0', '0', @faction_count, '0', '0', '0', '0', '0', @xp_or_money, '0', '0', '0', '0', '0', '0', '0', '0', '0', '0', '0', '0', '0', '0', '0', '0', '0', '0', '0', '0', '0', '0', '0', '0', '0', '0','0', 0, 0);
     
replace into creature_questrelation (id, quest, patch_min, patch_max) values (@questgiver_id, @quest_entry,'0','10'); 
replace into creature_involvedrelation (id, quest, patch_min, patch_max) values (@quest_finisher, @quest_entry,'0','10');
	 
update quest_template set 
rewitemid1 = @reward_item_1, rewitemcount1 = @reward_item_1_count,
rewitemid2 = @reward_item_2, rewitemcount2 = @reward_item_2_count,
rewitemid3 = @reward_item_3, rewitemcount3 = @reward_item_3_count,
rewitemid4 = @reward_item_4, rewitemcount4 = @reward_item_4_count,
RewChoiceItemId1 = @RewChoiceItemId1, RewChoiceItemCount1 = @RewChoiceItemCount1,
RewChoiceItemId2 = @RewChoiceItemId2, RewChoiceItemCount2 = @RewChoiceItemCount2,
RewChoiceItemId3 = @RewChoiceItemId3, RewChoiceItemCount3 = @RewChoiceItemCount3,
RewChoiceItemId4 = @RewChoiceItemId4, RewChoiceItemCount4 = @RewChoiceItemCount4,
ReqCreatureOrGOId1 = @creature_to_kill_1, ReqCreatureOrGOCount1 = @creature_to_kill_1_count,
ReqCreatureOrGOId2 = @creature_to_kill_2, ReqCreatureOrGOCount2 = @creature_to_kill_2_count,
ReqCreatureOrGOId3 = @creature_to_kill_3, ReqCreatureOrGOCount3 = @creature_to_kill_3_count,
ReqCreatureOrGOId4 = @creature_to_kill_4, ReqCreatureOrGOCount4 = @creature_to_kill_4_count,
reqitemid1 = @required_item_1, reqitemcount1 = @required_item_1_count,
reqitemid2 = @required_item_2, reqitemcount2 = @required_item_2_count,
reqitemid3 = @required_item_3, reqitemcount3 = @required_item_3_count,
reqitemid4 = @required_item_4, reqitemcount4 = @required_item_4_count,
nextquestid = @nextquest, RewOrReqMoney = @reward_money, 
nextquestinchain = @nextquestinchain, prevquestid = @prevquest,
objectivetext1='Listen to Malvinah Sunblade\'s story' 
where entry = @quest_entry;	

-- Dark Iron Scrapping

replace into item_template values
 ('80216', '0', '0', '0', 'Dark Key', '', '16100', '1', '0', '1', '0', '0', '0', '-1', '-1', '0',
 '0', '0', '0', '0', '0', '0', '0', '0', '0', '1', '0', '0', '0', '0', '0',
 '0', '0', '0', '0', '0', '0', '0', '0', '0', '0', '0', '0', '0', '0', '0', '0', '0', '0',
 '0', '0', '0', '0', '0', '0', '0', '0', '0', '0', '0', '0', '0', '0', '0', '0', '0', '0', '0', '0', '0',
 '0', '0', '0', '0', '0', '0', '0', '-1', '0', '-1', '0', '0', '0', '0', '-1', '0', '-1', '0', '0',
 '0', '0', '-1', '0', '-1', '0', '0', '0', '0', '-1', '0', '-1', '0', '0', '0', '0', '-1', '0',
 '-1', '4', '0', '0', '0', '0', '0', '0', '0', '0', '0', '0', '0', '0', '0', '0', '0', '0', '0', '0',
 '0', '1', NULL); 
 
replace into `item_template` values (80217, 0, 4, 2, 'Stitched Leather Boots', '', 14354, 1, 0, 1, 12, 12, 8, -1, -1, 9, 0, 0, 0, 0, 0, 0, 0, 0, 0, 1, 0, 0, 0, 0, 0, 0, 0, 0, 0, 0, 0, 0, 0, 0, 0, 0, 0, 0, 0, 0, 0, 0, 0, 0, 0, 0, 0, 0, 0, 0, 0, 0, 0, 0, 0, 0, 0, 0, 0, 0, 34, 0, 0, 0, 0, 0, 0, 0, 0, 0, 0, -1, 0, -1, 0, 0, 0, 0, -1, 0, -1, 0, 0, 0, 0, -1, 0, -1, 0, 0, 0, 0, -1, 0, -1, 0, 0, 0, 0, -1, 0, -1, 1, 0, 0, 0, 0, 0, 8, 0, 0, 0, 25, 0, 0, 0, 0, 0, 0, 0, 0, 0, 1, NULL);
replace into `item_template` values (80218, 0, 4, 3, 'Polished Scale Boots', '', 16980, 1, 0, 1, 12, 12, 8, -1, -1, 9, 0, 0, 0, 0, 0, 0, 0, 0, 0, 1, 0, 0, 0, 0, 0, 0, 0, 0, 0, 0, 0, 0, 0, 0, 0, 0, 0, 0, 0, 0, 0, 0, 0, 0, 0, 0, 0, 0, 0, 0, 0, 0, 0, 0, 0, 0, 0, 0, 0, 0, 62, 0, 0, 0, 0, 0, 0, 0, 0, 0, 0, -1, 0, -1, 0, 0, 0, 0, -1, 0, -1, 0, 0, 0, 0, -1, 0, -1, 0, 0, 0, 0, -1, 0, -1, 0, 0, 0, 0, -1, 0, -1, 1, 0, 0, 0, 0, 0, 5, 0, 0, 0, 30, 0, 0, 0, 0, 0, 0, 0, 0, 0, 1, NULL);
replace into `item_template` values (80219, 0, 4, 1, 'Ragged Cloth Gloves', '', 16586, 1, 0, 1, 15, 15, 10, -1, -1, 10, 0, 0, 0, 0, 0, 0, 0, 0, 0, 1, 0, 0, 0, 0, 0, 0, 0, 0, 0, 0, 0, 0, 0, 0, 0, 0, 0, 0, 0, 0, 0, 0, 0, 0, 0, 0, 0, 0, 0, 0, 0, 0, 0, 0, 0, 0, 0, 0, 0, 0, 11, 0, 0, 0, 0, 0, 0, 0, 0, 0, 0, -1, 0, -1, 0, 0, 0, 0, -1, 0, -1, 0, 0, 0, 0, -1, 0, -1, 0, 0, 0, 0, -1, 0, -1, 0, 0, 0, 0, -1, 0, -1, 1, 0, 0, 0, 0, 0, 7, 0, 0, 0, 16, 0, 0, 0, 0, 0, 0, 0, 0, 0, 1, NULL);
replace into `item_template` values (80220, 0, 4, 2, 'Stitched Leather Gloves', '', 17184, 1, 0, 1, 15, 15, 10, -1, -1, 10, 0, 0, 0, 0, 0, 0, 0, 0, 0, 1, 0, 0, 0, 0, 0, 0, 0, 0, 0, 0, 0, 0, 0, 0, 0, 0, 0, 0, 0, 0, 0, 0, 0, 0, 0, 0, 0, 0, 0, 0, 0, 0, 0, 0, 0, 0, 0, 0, 0, 0, 33, 0, 0, 0, 0, 0, 0, 0, 0, 0, 0, -1, 0, -1, 0, 0, 0, 0, -1, 0, -1, 0, 0, 0, 0, -1, 0, -1, 0, 0, 0, 0, -1, 0, -1, 0, 0, 0, 0, -1, 0, -1, 1, 0, 0, 0, 0, 0, 8, 0, 0, 0, 20, 0, 0, 0, 0, 0, 0, 0, 0, 0, 1, NULL);

replace into`creature_template` values (80205, 0, 6055, 0, 0, 0, 'Shadowforge Fire Priest', NULL, 0, 4, 4, 109, 109, 138, 138, 105, 16, 0, 0.92, 1.14286, 0, 20, 5, 0, 0, 1, 4, 5, 0, 52, 1, 2000, 2156, 2, 32768, 0, 0, 0, 0, 0, 0, 8.624, 11.858, 100, 7, 0, 3183, 3183, 0, 0, 0, 0, 0, 0, 0, 172, 348, 0, 0, 31830, 0, 3, 9, 'EventAI', 0, 3, 0, 0, 3, 3183, 0, 0, 0, 0, 0, '');

update creature_template set 
health_min = 100, health_max = 130, dmg_school = 2,
armor = 76, dmg_min = 12, dmg_max = 16, attack_power = 50,
spell_id1 = 348, spell_list_id = 31830, gold_min = 9, gold_max = 29 
where entry = 80205;

update creature_template set loot_id = 80205 where entry = 80205; 

delete from creature_loot_template where entry = 80205 and item = 80216;
replace into creature_loot_template (entry, item, chanceorquestchance, groupid, mincountorref, maxcount) values (80205, 80216, 100, 1, 1, 1);	 

replace into `creature_template` values (80206, 0, 0, 0, 0, 0, 'Quest 80207 Custom Objective', '', 0, 5, 5, 319, 319, 0, 0, 852, 84, 2, 1, 1.14286, 0, 20, 5, 0, 0, 1, 24, 31, 0, 90, 1, 2000, 2000, 1, 512, 0, 0, 0, 0, 0, 0, 31.856, 43.802, 100, 7, 4096, 0, 0, 0, 0, 0, 0, 0, 30, 0, 0, 0, 0, 0, 0, 0, 0, 0, '', 0, 1, 0, 0, 3, 4276, 0, 0, 0, 0, 2, '');

replace into`creature_template` values (80207, 0, 6053, 6057, 0, 0, 'Shadowforge Prowler', NULL, 0, 4, 5, 109, 109, 138, 138, 105, 16, 0, 0.92, 1.14286, 0, 20, 5, 0, 0, 1, 4, 5, 0, 52, 1, 2000, 2156, 2, 32768, 0, 0, 0, 0, 0, 0, 8.624, 11.858, 100, 7, 0, 3183, 3183, 0, 0, 0, 0, 0, 0, 0, 172, 348, 0, 0, 31830, 0, 3, 9, 'EventAI', 0, 3, 0, 0, 3, 3183, 0, 0, 0, 0, 0, '');

replace into `creature_template` values (80208, 0, 16592, 16676, 16682, 16289, 'High Elf Refugee', '', 0, 5, 5, 319, 319, 0, 0, 852, 84, 2, 1, 1.14286, 0, 20, 5, 0, 0, 1, 24, 31, 0, 90, 1, 2000, 2000, 1, 512, 0, 0, 0, 0, 0, 0, 31.856, 43.802, 100, 7, 4096, 0, 0, 0, 0, 0, 0, 0, 30, 0, 0, 0, 0, 0, 0, 0, 0, 0, '', 0, 1, 0, 0, 3, 4276, 0, 0, 0, 0, 2, '');

replace into `creature_template` values (80209, 0, 16825, 17658, 16103, 16704, 'High Elf Refugee', '', 0, 5, 5, 319, 319, 0, 0, 852, 84, 2, 1, 1.14286, 0, 20, 5, 0, 0, 1, 24, 31, 0, 90, 1, 2000, 2000, 1, 512, 0, 0, 0, 0, 0, 0, 31.856, 43.802, 100, 7, 4096, 0, 0, 0, 0, 0, 0, 0, 30, 0, 0, 0, 0, 0, 0, 0, 0, 0, '', 0, 1, 0, 0, 3, 4276, 0, 0, 0, 0, 2, '');

replace into `creature_template` values (80210, 0, 18003, 0, 0, 0, 'Arisha Sunblade', '', 0, 5, 5, 319, 319, 0, 0, 852, 84, 2, 1, 1.14286, 0, 20, 5, 0, 0, 1, 24, 31, 0, 90, 1, 2000, 2000, 1, 512, 0, 0, 0, 0, 0, 0, 31.856, 43.802, 100, 7, 4096, 0, 0, 0, 0, 0, 0, 0, 30, 0, 0, 0, 0, 0, 0, 0, 0, 0, '', 0, 1, 0, 0, 3, 4276, 0, 0, 0, 0, 2, '');

update creature_template set equipment_id = 0 where entry = 80208;
update creature_template set equipment_id = 0 where entry = 80209;
update creature_template set equipment_id = 0 where entry = 80210;

replace into creature_template_addon (entry, bytes1, emote) values ('80208', '1', 0); 

replace into `gameobject_template` (`entry`, `patch`, `type`, `displayId`, `name`, `faction`, `flags`, `size`, `data0`, `data1`, `data2`, `data3`, `data4`, `data5`, `data6`, `data7`, `data8`, `data9`, `data10`, `data11`, `data12`, `data13`, `data14`, `data15`, `data16`, `data17`, `data18`, `data19`, `data20`, `data21`, `data22`, `data23`, `mingold`, `maxgold`, `script_name`) values (3000203, 0, 0, 25794, 'Shadowforge Cage', 0, 32, 1, 0, 0, 0, 0, 21400, 0, 0, 0, 0, 0, 0, 0, 0, 0, 0, 0, 0, 0, 0, 0, 0, 0, 0, 0, 0, 0, 'go_shadowforge_cage');

set @quest_entry = 80207;
set @quest_zone = 1519;
set @title = 'Dark Iron Scrapping';
set @description = 'Alright, $N, here is the plan. We have established a perimeter around the Dark Iron camp, but we believe that if we move in in force, then they will execute the refugees. We have been ordered to stand down.\n\nHowever, if we do not act now, the refugees will be killed. We need an outsider to sneak into their camp, kill the fire cleric, acquire the key to the cells, and free the refugees.\n\nI can think of no one more worthy of this task than you. You have proven yourself to be strong and resourceful in the short time we’ve known each other.\n\nI believe in you, $N! Now go and save those people!';
set @objective = 'Kill the Shadowforge Fire Priest, acquire the Dark Key and free the High Elf Refugees.';
set @completetext = 'They are all safe. I can’t believe it, we averted a disaster! I can\’t thank you enough, $N! We take our duty very seriously, and losing those people would have been terrible.\n\nNow, we need to take care of that raiding party. There is someone who wants to speak with you about that. Go see Vyrin.';
set @incompletetext = 'Time is of the essence, $N. Do not delay!';
set @faction_id = 269;
set @faction_count = 250;
set @xp_or_money = 224;
set @reward_money = 200; 
set @quest_level = 4;
set @min_level = 4;
set @questgiver_id = 80202;
set @quest_finisher = 80202;
set @nextquest = 0;
set @nextquestinchain = 0;
set @prevquest = 80206;
set @RewChoiceItemId1 = 80217; 
set @RewChoiceItemId2 = 80218; 
set @RewChoiceItemId3 = 80219;
set @RewChoiceItemId4 = 80220; 
set @RewChoiceItemCount1 = 1;
set @RewChoiceItemCount2 = 1;
set @RewChoiceItemCount3 = 1;
set @RewChoiceItemCount4 = 1;
set @reward_item_1 = 0;
set @reward_item_2 = 0; 
set @reward_item_3 = 0;
set @reward_item_4 = 0;
set @reward_item_1_count = 0;
set @reward_item_2_count = 0;
set @reward_item_3_count = 0;
set @reward_item_4_count = 0;
set @creature_to_kill_1 = 80205;
set @creature_to_kill_2 = 80206; 
set @creature_to_kill_3 = 0;
set @creature_to_kill_4 = 0;
set @creature_to_kill_1_count = 1;
set @creature_to_kill_2_count = 1;
set @creature_to_kill_3_count = 0;
set @creature_to_kill_4_count = 0;
set @required_item_1 = 80216; 
set @required_item_2 = 0;
set @required_item_3 = 0;
set @required_item_4 = 0;
set @required_item_1_count = 1;
set @required_item_2_count = 0;
set @required_item_3_count = 0;
set @required_item_4_count = 0;

replace into quest_template values 

(@quest_entry, '0', '2', @quest_zone, @min_level,  '0', @quest_level, '0', '0', '0', '0', '0', '0', '0', '0', '0','0', '0', '0', '0', '0', '0', '0', '0', '0', '0', '0', '0', '0', @title, @description, @objective, @completetext, @incompletetext, '', '', '', '', '', '0', '0', '0', '0', '0', '0', '0', '0', '0', '0', '0', '0', '0', '0', '0', '0', '0', '0', '0', '0', '0', '0', '0', '0', '0', '0', '0', '0', '0', '0', '0', '0', '0', '0', '0', '0', '0', '0', '0', '0', '0', '0', '0', '0', '0', '0', '0', '0', @faction_id, '0', '0', '0', '0', @faction_count, '0', '0', '0', '0', '0', @xp_or_money, '0', '0', '0', '0', '0', '0', '0', '0', '0', '0', '0', '0', '0', '0', '0', '0', '0', '0', '0', '0', '0', '0', '0', '0', '0', '0','0', 0, 0);
     
replace into creature_questrelation (id, quest, patch_min, patch_max) values (@questgiver_id, @quest_entry,'0','10'); 
replace into creature_involvedrelation (id, quest, patch_min, patch_max) values (@quest_finisher, @quest_entry,'0','10');
	 
update quest_template set 
rewitemid1 = @reward_item_1, rewitemcount1 = @reward_item_1_count,
rewitemid2 = @reward_item_2, rewitemcount2 = @reward_item_2_count,
rewitemid3 = @reward_item_3, rewitemcount3 = @reward_item_3_count,
rewitemid4 = @reward_item_4, rewitemcount4 = @reward_item_4_count,
RewChoiceItemId1 = @RewChoiceItemId1, RewChoiceItemCount1 = @RewChoiceItemCount1,
RewChoiceItemId2 = @RewChoiceItemId2, RewChoiceItemCount2 = @RewChoiceItemCount2,
RewChoiceItemId3 = @RewChoiceItemId3, RewChoiceItemCount3 = @RewChoiceItemCount3,
RewChoiceItemId4 = @RewChoiceItemId4, RewChoiceItemCount4 = @RewChoiceItemCount4,
ReqCreatureOrGOId1 = @creature_to_kill_1, ReqCreatureOrGOCount1 = @creature_to_kill_1_count,
ReqCreatureOrGOId2 = @creature_to_kill_2, ReqCreatureOrGOCount2 = @creature_to_kill_2_count,
ReqCreatureOrGOId3 = @creature_to_kill_3, ReqCreatureOrGOCount3 = @creature_to_kill_3_count,
ReqCreatureOrGOId4 = @creature_to_kill_4, ReqCreatureOrGOCount4 = @creature_to_kill_4_count,
reqitemid1 = @required_item_1, reqitemcount1 = @required_item_1_count,
reqitemid2 = @required_item_2, reqitemcount2 = @required_item_2_count,
reqitemid3 = @required_item_3, reqitemcount3 = @required_item_3_count,
reqitemid4 = @required_item_4, reqitemcount4 = @required_item_4_count,
nextquestid = @nextquest, RewOrReqMoney = @reward_money, 
nextquestinchain = @nextquestinchain, prevquestid = @prevquest,
objectivetext2='High Elf Refugees freed' 
where entry = @quest_entry;	

-- Sunblade Reunion

delete from creature_questrelation where quest = 80208;
delete from creature_involvedrelation where quest = 80208;

replace into`creature_template` values (80211, 0, 0, 0, 0, 0, 'Quest 80208 Custom Objective', '', 0, 5, 5, 319, 319, 0, 0, 852, 84, 2, 1, 1.14286, 0, 20, 5, 0, 0, 1, 24, 31, 0, 90, 1, 2000, 2000, 1, 512, 0, 0, 0, 0, 0, 0, 31.856, 43.802, 100, 7, 4096, 0, 0, 0, 0, 0, 0, 0, 30, 0, 0, 0, 0, 0, 0, 0, 0, 0, '', 0, 1, 0, 0, 3, 4276, 0, 0, 0, 0, 2, '');

replace into item_template values
 ('80221', '0', '0', '0', 'Forever-Lovely Rose', 'Just like our friendship this rose shall never wither. — Malvinah Sunblade', '50199', '1', '0', '1', '0', '0', '1', '-1', '-1', '0',
 '0', '0', '0', '0', '0', '0', '0', '0', '0', '1', '0', '0', '0', '0', '0',
 '0', '0', '0', '0', '0', '0', '0', '0', '0', '0', '0', '0', '0', '0', '0', '0', '0', '0',
 '0', '0', '0', '0', '0', '0', '0', '0', '0', '0', '0', '0', '0', '0', '0', '0', '0', '0', '0', '0', '0',
 '0', '0', '0', '0', '0', '0', '0', '-1', '0', '-1', '0', '0', '0', '0', '-1', '0', '-1', '0', '0',
 '0', '0', '-1', '0', '-1', '0', '0', '0', '0', '-1', '0', '-1', '0', '0', '0', '0', '-1', '0',
 '-1', '1', '0', '0', '0', '0', '0', '0', '0', '0', '0', '0', '0', '0', '0', '0', '0', '0', '0', '0',
 '0', '1', NULL);

set @quest_entry = 80208;
set @quest_zone = 1519;
set @title = 'Sunblade Reunion';
set @description = 'You\’re the hero of the hour, $N! All the refugees are speaking your name!\n\nI believe there is a friend of yours who is particularly grateful. Why not go and speak with Malvinah Sunblade?';
set @objective = 'Speak to Malvinah Sunblade.';
set @completetext = 'You did well, $N. You deserve all the praise you\’re getting.\n\nIt may not seem like much to save a few refugees, but consider that this is just the start of your journey. You exhibited great courage, too.\n\nI can safely say that I am proud to have met you. However, there is another matter we must talk about.\n\nSeveral of the refugee caravans have decided to move on to Stormwind. We can escort them part of the way there, but eventually they will arrive in a region beset by strife.\n\nBandits and beasts run amok while we are ordered to outlying areas such as this lodge.\n\nWe can’t go against our orders, but adventurers like you can make a difference back home.\n\nThink about it and talk to me again.';
set @incompletetext = 'The hero of the hour returns, huh?';
set @faction_id = 269;
set @faction_count = 250;
set @xp_or_money = 224;
set @reward_money = 100; 
set @quest_level = 5;
set @min_level = 4;
set @questgiver_id = 1156;
set @quest_finisher = 80202;
set @nextquest = 0;
set @nextquestinchain = 0;
set @prevquest = 80207;
set @RewChoiceItemId1 = 0; 
set @RewChoiceItemId2 = 0; 
set @RewChoiceItemId3 = 0;
set @RewChoiceItemId4 = 0; 
set @RewChoiceItemCount1 = 0;
set @RewChoiceItemCount2 = 0;
set @RewChoiceItemCount3 = 0;
set @RewChoiceItemCount4 = 0;
set @reward_item_1 = 80221;
set @reward_item_2 = 0; 
set @reward_item_3 = 0;
set @reward_item_4 = 0;
set @reward_item_1_count = 1;
set @reward_item_2_count = 0;
set @reward_item_3_count = 0;
set @reward_item_4_count = 0;
set @creature_to_kill_1 = 80211;
set @creature_to_kill_2 = 0; 
set @creature_to_kill_3 = 0;
set @creature_to_kill_4 = 0;
set @creature_to_kill_1_count = 1;
set @creature_to_kill_2_count = 0;
set @creature_to_kill_3_count = 0;
set @creature_to_kill_4_count = 0;
set @required_item_1 = 0; 
set @required_item_2 = 0;
set @required_item_3 = 0;
set @required_item_4 = 0;
set @required_item_1_count = 0;
set @required_item_2_count = 0;
set @required_item_3_count = 0;
set @required_item_4_count = 0;

replace into quest_template values 

(@quest_entry, '0', '2', @quest_zone, @min_level,  '0', @quest_level, '0', '0', '0', '0', '0', '0', '0', '0', '0','0', '0', '0', '0', '0', '0', '0', '0', '0', '0', '0', '0', '0', @title, @description, @objective, @completetext, @incompletetext, '', '', '', '', '', '0', '0', '0', '0', '0', '0', '0', '0', '0', '0', '0', '0', '0', '0', '0', '0', '0', '0', '0', '0', '0', '0', '0', '0', '0', '0', '0', '0', '0', '0', '0', '0', '0', '0', '0', '0', '0', '0', '0', '0', '0', '0', '0', '0', '0', '0', '0', '0', @faction_id, '0', '0', '0', '0', @faction_count, '0', '0', '0', '0', '0', @xp_or_money, '0', '0', '0', '0', '0', '0', '0', '0', '0', '0', '0', '0', '0', '0', '0', '0', '0', '0', '0', '0', '0', '0', '0', '0', '0', '0','0', 0, 0);
     
replace into creature_questrelation (id, quest, patch_min, patch_max) values (@questgiver_id, @quest_entry,'0','10'); 
replace into creature_involvedrelation (id, quest, patch_min, patch_max) values (@quest_finisher, @quest_entry,'0','10');
	 
update quest_template set 
rewitemid1 = @reward_item_1, rewitemcount1 = @reward_item_1_count,
rewitemid2 = @reward_item_2, rewitemcount2 = @reward_item_2_count,
rewitemid3 = @reward_item_3, rewitemcount3 = @reward_item_3_count,
rewitemid4 = @reward_item_4, rewitemcount4 = @reward_item_4_count,
RewChoiceItemId1 = @RewChoiceItemId1, RewChoiceItemCount1 = @RewChoiceItemCount1,
RewChoiceItemId2 = @RewChoiceItemId2, RewChoiceItemCount2 = @RewChoiceItemCount2,
RewChoiceItemId3 = @RewChoiceItemId3, RewChoiceItemCount3 = @RewChoiceItemCount3,
RewChoiceItemId4 = @RewChoiceItemId4, RewChoiceItemCount4 = @RewChoiceItemCount4,
ReqCreatureOrGOId1 = @creature_to_kill_1, ReqCreatureOrGOCount1 = @creature_to_kill_1_count,
ReqCreatureOrGOId2 = @creature_to_kill_2, ReqCreatureOrGOCount2 = @creature_to_kill_2_count,
ReqCreatureOrGOId3 = @creature_to_kill_3, ReqCreatureOrGOCount3 = @creature_to_kill_3_count,
ReqCreatureOrGOId4 = @creature_to_kill_4, ReqCreatureOrGOCount4 = @creature_to_kill_4_count,
reqitemid1 = @required_item_1, reqitemcount1 = @required_item_1_count,
reqitemid2 = @required_item_2, reqitemcount2 = @required_item_2_count,
reqitemid3 = @required_item_3, reqitemcount3 = @required_item_3_count,
reqitemid4 = @required_item_4, reqitemcount4 = @required_item_4_count,
nextquestid = @nextquest, RewOrReqMoney = @reward_money, 
nextquestinchain = @nextquestinchain, prevquestid = @prevquest,
objectivetext1='Listen to Malvinah Sunblade' 
where entry = @quest_entry;	

-- Porting to Goldshire

replace into broadcast_text (ID, MaleText) values (100201, 'Ah, if it isn\'t $N! You’ve certainly become famous around here.\n\nYou need to get to Goldshire? Well, I can\'t deny you after all you\'ve done for us. I will be able to teleport you there this one time as a special favor.\n\nAre you ready to go? It will be a while before you can return back here once you leave.');
replace into npc_text (ID, BroadcastTextID0) values (100201, 100201);

replace into`creature_template` values (80212, 0, 0, 0, 0, 0, 'Quest 80209 Custom Objective', '', 0, 5, 5, 319, 319, 0, 0, 852, 84, 2, 1, 1.14286, 0, 20, 5, 0, 0, 1, 24, 31, 0, 90, 1, 2000, 2000, 1, 512, 0, 0, 0, 0, 0, 0, 31.856, 43.802, 100, 7, 4096, 0, 0, 0, 0, 0, 0, 0, 30, 0, 0, 0, 0, 0, 0, 0, 0, 0, '', 0, 1, 0, 0, 3, 4276, 0, 0, 0, 0, 2, '');

replace into `creature_template` values (80213, 0, 16115, 0, 0, 0, 'Magistrix Ishalah', '', 0, 6, 7, 319, 319, 0, 0, 852, 84, 2, 1, 1.14286, 0, 20, 5, 0, 0, 1, 24, 31, 0, 90, 1, 2000, 2000, 1, 512, 0, 0, 0, 0, 0, 0, 31.856, 43.802, 100, 7, 4096, 0, 0, 0, 0, 0, 0, 0, 30, 0, 0, 0, 0, 0, 0, 0, 0, 0, '', 0, 1, 0, 0, 3, 4276, 0, 0, 0, 0, 2, 'npc_magistrix_ishalah');

update creature_template set npc_flags = 1 where entry = 80213;
update creature_template set equipment_id = 0 where entry = 80213;

replace into gameobject_template values 
(3000204, 0, 1, 2770,  'Portal to Goldshire', 35, 0, 1, 0, 0, 0, 0, 0, 0, 0, 0, 0, 0, 0, 0, 0, 0, 0, 0, 0, 0, 0, 0, 0, 0, 0, 0, 0, 0, 'go_portal_goldshire'),
(3000205, 0, 1, 6696,  'Portal to Goldshire', 35, 0, 0.5, 0, 0, 0, 0, 0, 0, 0, 0, 0, 0, 0, 0, 0, 0, 0, 0, 0, 0, 0, 0, 0, 0, 0, 0, 0, 0, 'go_portal_goldshire');

set @quest_entry = 80209;
set @quest_zone = 1519;
set @title = 'Porting to Goldshire';
set @description = 'You\'ve decided to assist, then? I am grateful, $N!\n\nThe situation back home is dire and we cannot return to help at the moment. I do not know what kind of affliction ails the Stormwind nobles, but ever since King Varian disappeared, the Kingdom has been run into the ground!\n\nAlas, while we can\'t control the nobles, we can deal with the problems in the kingdom\'s provinces! Elwynn Forest is a good place to start. The capital is located in this region, and it has been surrounded by issues. Kobolds rule the mines, gnolls raid the towns, and bandits seize the roads. \n\nMy friend Marshal Dugan is stationed in Goldshire, and he can put you to good use. I believe the Magistrix here can teleport you to Goldshire.';
set @objective = 'Speak to Magistrix Ishalah to be teleported to Goldshire, and then report to Marshal Dugan.';
set @completetext = 'Kathy Wake sent you?! You\’ve certainly made connections if an SI... I mean, if a member of the Alliance military sent you!\n\nIf you\’re here to assist, I can assure you that we\’ll need the help. I have requested for reinforcements from the capital several times, but received nothing.\n\nIf Kathy vouches for you, then that\’s good enough for me. I believe I have your first assignment in mind!\n\nOh, and don\’t forget to visit the inn. You may want to attune your hearthstone there.';
set @incompletetext = 'A high elf here? What can I do for you, stranger?';
set @faction_id = 72;
set @faction_count = 250;
set @xp_or_money = 254;
set @reward_money = 0; 
set @quest_level = 5;
set @min_level = 4;
set @questgiver_id = 80202;
set @quest_finisher = 240;
set @nextquest = 0;
set @nextquestinchain = 0;
set @prevquest = 80208;
set @RewChoiceItemId1 = 0; 
set @RewChoiceItemId2 = 0; 
set @RewChoiceItemId3 = 0;
set @RewChoiceItemId4 = 0; 
set @RewChoiceItemCount1 = 0;
set @RewChoiceItemCount2 = 0;
set @RewChoiceItemCount3 = 0;
set @RewChoiceItemCount4 = 0;
set @reward_item_1 = 0;
set @reward_item_2 = 0; 
set @reward_item_3 = 0;
set @reward_item_4 = 0;
set @reward_item_1_count = 0;
set @reward_item_2_count = 0;
set @reward_item_3_count = 0;
set @reward_item_4_count = 0;
set @creature_to_kill_1 = 80212;
set @creature_to_kill_2 = 0; 
set @creature_to_kill_3 = 0;
set @creature_to_kill_4 = 0;
set @creature_to_kill_1_count = 1;
set @creature_to_kill_2_count = 0;
set @creature_to_kill_3_count = 0;
set @creature_to_kill_4_count = 0;
set @required_item_1 = 0; 
set @required_item_2 = 0;
set @required_item_3 = 0;
set @required_item_4 = 0;
set @required_item_1_count = 0;
set @required_item_2_count = 0;
set @required_item_3_count = 0;
set @required_item_4_count = 0;

replace into quest_template values 

(@quest_entry, '0', '2', @quest_zone, @min_level,  '0', @quest_level, '0', '0', '0', '0', '0', '0', '0', '0', '0','0', '0', '0', '0', '0', '0', '0', '0', '0', '0', '0', '0', '0', @title, @description, @objective, @completetext, @incompletetext, '', '', '', '', '', '0', '0', '0', '0', '0', '0', '0', '0', '0', '0', '0', '0', '0', '0', '0', '0', '0', '0', '0', '0', '0', '0', '0', '0', '0', '0', '0', '0', '0', '0', '0', '0', '0', '0', '0', '0', '0', '0', '0', '0', '0', '0', '0', '0', '0', '0', '0', '0', @faction_id, '0', '0', '0', '0', @faction_count, '0', '0', '0', '0', '0', @xp_or_money, '0', '0', '0', '0', '0', '0', '0', '0', '0', '0', '0', '0', '0', '0', '0', '0', '0', '0', '0', '0', '0', '0', '0', '0', '0', '0','0', 0, 0);
     
replace into creature_questrelation (id, quest, patch_min, patch_max) values (@questgiver_id, @quest_entry,'0','10'); 
replace into creature_involvedrelation (id, quest, patch_min, patch_max) values (@quest_finisher, @quest_entry,'0','10');
	 
update quest_template set 
rewitemid1 = @reward_item_1, rewitemcount1 = @reward_item_1_count,
rewitemid2 = @reward_item_2, rewitemcount2 = @reward_item_2_count,
rewitemid3 = @reward_item_3, rewitemcount3 = @reward_item_3_count,
rewitemid4 = @reward_item_4, rewitemcount4 = @reward_item_4_count,
RewChoiceItemId1 = @RewChoiceItemId1, RewChoiceItemCount1 = @RewChoiceItemCount1,
RewChoiceItemId2 = @RewChoiceItemId2, RewChoiceItemCount2 = @RewChoiceItemCount2,
RewChoiceItemId3 = @RewChoiceItemId3, RewChoiceItemCount3 = @RewChoiceItemCount3,
RewChoiceItemId4 = @RewChoiceItemId4, RewChoiceItemCount4 = @RewChoiceItemCount4,
ReqCreatureOrGOId1 = @creature_to_kill_1, ReqCreatureOrGOCount1 = @creature_to_kill_1_count,
ReqCreatureOrGOId2 = @creature_to_kill_2, ReqCreatureOrGOCount2 = @creature_to_kill_2_count,
ReqCreatureOrGOId3 = @creature_to_kill_3, ReqCreatureOrGOCount3 = @creature_to_kill_3_count,
ReqCreatureOrGOId4 = @creature_to_kill_4, ReqCreatureOrGOCount4 = @creature_to_kill_4_count,
reqitemid1 = @required_item_1, reqitemcount1 = @required_item_1_count,
reqitemid2 = @required_item_2, reqitemcount2 = @required_item_2_count,
reqitemid3 = @required_item_3, reqitemcount3 = @required_item_3_count,
reqitemid4 = @required_item_4, reqitemcount4 = @required_item_4_count,
nextquestid = @nextquest, RewOrReqMoney = @reward_money, 
nextquestinchain = @nextquestinchain, prevquestid = @prevquest,
objectivetext1='Teleport to Goldshire' 
where entry = @quest_entry;	

-- Providing a Balanced Diet

replace into gameobject_template values 
(3000206, 0, 3, 60, 'Loch Modan Pumpkin', 0, 0, 0.4, 57, 3000206, 1, 0, 0, 0, 0, 0, 0, 0, 0, 0, 0, 0, 0, 0, 0, 0, 0, 0, 0, 0, 0, 0, 0, 0, '');
replace into `gameobject_loot_template` (`entry`, `item`, `ChanceOrQuestChance`, `groupid`, `mincountOrRef`, `maxcount`, `condition_id`, `patch_min`, `patch_max`) values 
(3000206, 80224, -100, 1, 1, 1, 0, 0, 10);

update gameobject_template set flags = 4 where entry = 3000206;
update gameobject_template set data0 = 43 where entry = 3000206;
update gameobject_template set data2 = 0 where entry = 3000206;
update gameobject_template set data3 = 1 where entry = 3000206;

replace into gameobject_template values 
(3000207, 0, 3, 28, 'Loch Modan Berry Bush', 0, 0, 0.3, 57, 3000207, 1, 0, 0, 0, 0, 0, 0, 0, 0, 0, 0, 0, 0, 0, 0, 0, 0, 0, 0, 0, 0, 0, 0, 0, '');
replace into `gameobject_loot_template` (`entry`, `item`, `ChanceOrQuestChance`, `groupid`, `mincountOrRef`, `maxcount`, `condition_id`, `patch_min`, `patch_max`) values 
(3000207, 80225, -100, 1, 1, 1, 0, 0, 10);

update gameobject_template set flags = 4 where entry = 3000207;
update gameobject_template set data0 = 43 where entry = 3000207;
update gameobject_template set data2 = 0 where entry = 3000207;
update gameobject_template set data3 = 1 where entry = 3000207;

replace into item_template values
 ('80224', '0', '0', '0', 'Loch Modan Pumpkin', '', '3225', '1', '0', '1', '0', '0', '0', '-1', '-1', '0',
 '0', '0', '0', '0', '0', '0', '0', '0', '0', '10', '0', '0', '0', '0', '0',
 '0', '0', '0', '0', '0', '0', '0', '0', '0', '0', '0', '0', '0', '0', '0', '0', '0', '0',
 '0', '0', '0', '0', '0', '0', '0', '0', '0', '0', '0', '0', '0', '0', '0', '0', '0', '0', '0', '0', '0',
 '0', '0', '0', '0', '0', '0', '0', '-1', '0', '-1', '0', '0', '0', '0', '-1', '0', '-1', '0', '0',
 '0', '0', '-1', '0', '-1', '0', '0', '0', '0', '-1', '0', '-1', '0', '0', '0', '0', '-1', '0',
 '-1', '4', '0', '0', '0', '0', '0', '0', '0', '0', '0', '0', '0', '0', '0', '0', '0', '0', '0', '0',
 '0', '1', NULL);
 
 replace into item_template values
 ('80225', '0', '0', '0', 'Loch Modan Berries', '', '20770', '1', '0', '1', '0', '0', '0', '-1', '-1', '0',
 '0', '0', '0', '0', '0', '0', '0', '0', '0', '10', '0', '0', '0', '0', '0',
 '0', '0', '0', '0', '0', '0', '0', '0', '0', '0', '0', '0', '0', '0', '0', '0', '0', '0',
 '0', '0', '0', '0', '0', '0', '0', '0', '0', '0', '0', '0', '0', '0', '0', '0', '0', '0', '0', '0', '0',
 '0', '0', '0', '0', '0', '0', '0', '-1', '0', '-1', '0', '0', '0', '0', '-1', '0', '-1', '0', '0',
 '0', '0', '-1', '0', '-1', '0', '0', '0', '0', '-1', '0', '-1', '0', '0', '0', '0', '-1', '0',
 '-1', '4', '0', '0', '0', '0', '0', '0', '0', '0', '0', '0', '0', '0', '0', '0', '0', '0', '0', '0',
 '0', '1', NULL);

set @quest_entry = 80210;
set @quest_zone = 1519;
set @title = 'Providing a Balanced Diet';
set @description = 'Greetings, $N! You\’ve made amazing progress so far, but there is still so much to do.\n\nWhile the lodge is stocked with an abundance of grain and meat, we\’re lacking other types of nourishment like fruits and vegetables.\n\nLuckily, the area around the lodge has an abundance of pumpkins and berries this time of the year. Can I count on you to search the area for berries and pumpkins?\n\nOur peoples\’ welfare depends on it!';
set @objective = 'Collect 4 Loch Modan Pumpkins and 8 Loch Modan Berries from the area surrounding the Farstrider Lodge.';
set @completetext = 'Wonderful! This will last a while until we can acquire supplies from the Alliance.\n\nWe can also use the seeds from the pumpkins to plan our own pumpkin patch.';
set @incompletetext = 'Did you get the pumpkins and berries?';
set @faction_id = 269;
set @faction_count = 250;
set @xp_or_money = 264;
set @reward_money = 150; 
set @quest_level = 4;
set @min_level = 3;
set @questgiver_id = 1156;
set @quest_finisher = 1156;
set @nextquest = 0;
set @nextquestinchain = 0;
set @prevquest = 80201;
set @RewChoiceItemId1 = 118; 
set @RewChoiceItemId2 = 2455; 
set @RewChoiceItemId3 = 0;
set @RewChoiceItemId4 = 0; 
set @RewChoiceItemCount1 = 5;
set @RewChoiceItemCount2 = 5;
set @RewChoiceItemCount3 = 0;
set @RewChoiceItemCount4 = 0;
set @reward_item_1 = 0;
set @reward_item_2 = 0; 
set @reward_item_3 = 0;
set @reward_item_4 = 0;
set @reward_item_1_count = 0;
set @reward_item_2_count = 0;
set @reward_item_3_count = 0;
set @reward_item_4_count = 0;
set @creature_to_kill_1 = 0;
set @creature_to_kill_2 = 0; 
set @creature_to_kill_3 = 0;
set @creature_to_kill_4 = 0;
set @creature_to_kill_1_count = 0;
set @creature_to_kill_2_count = 0;
set @creature_to_kill_3_count = 0;
set @creature_to_kill_4_count = 0;
set @required_item_1 = 80224; 
set @required_item_2 = 80225;
set @required_item_3 = 0;
set @required_item_4 = 0;
set @required_item_1_count = 4;
set @required_item_2_count = 8;
set @required_item_3_count = 0;
set @required_item_4_count = 0;

replace into quest_template values 

(@quest_entry, '0', '2', @quest_zone, @min_level,  '0', @quest_level, '0', '0', '0', '0', '0', '0', '0', '0', '0','0', '0', '0', '0', '0', '0', '0', '0', '0', '0', '0', '0', '0', @title, @description, @objective, @completetext, @incompletetext, '', '', '', '', '', '0', '0', '0', '0', '0', '0', '0', '0', '0', '0', '0', '0', '0', '0', '0', '0', '0', '0', '0', '0', '0', '0', '0', '0', '0', '0', '0', '0', '0', '0', '0', '0', '0', '0', '0', '0', '0', '0', '0', '0', '0', '0', '0', '0', '0', '0', '0', '0', @faction_id, '0', '0', '0', '0', @faction_count, '0', '0', '0', '0', '0', @xp_or_money, '0', '0', '0', '0', '0', '0', '0', '0', '0', '0', '0', '0', '0', '0', '0', '0', '0', '0', '0', '0', '0', '0', '0', '0', '0', '0','0', 0, 0);
     
replace into creature_questrelation (id, quest, patch_min, patch_max) values (@questgiver_id, @quest_entry,'0','10'); 
replace into creature_involvedrelation (id, quest, patch_min, patch_max) values (@quest_finisher, @quest_entry,'0','10');
	 
update quest_template set 
rewitemid1 = @reward_item_1, rewitemcount1 = @reward_item_1_count,
rewitemid2 = @reward_item_2, rewitemcount2 = @reward_item_2_count,
rewitemid3 = @reward_item_3, rewitemcount3 = @reward_item_3_count,
rewitemid4 = @reward_item_4, rewitemcount4 = @reward_item_4_count,
RewChoiceItemId1 = @RewChoiceItemId1, RewChoiceItemCount1 = @RewChoiceItemCount1,
RewChoiceItemId2 = @RewChoiceItemId2, RewChoiceItemCount2 = @RewChoiceItemCount2,
RewChoiceItemId3 = @RewChoiceItemId3, RewChoiceItemCount3 = @RewChoiceItemCount3,
RewChoiceItemId4 = @RewChoiceItemId4, RewChoiceItemCount4 = @RewChoiceItemCount4,
ReqCreatureOrGOId1 = @creature_to_kill_1, ReqCreatureOrGOCount1 = @creature_to_kill_1_count,
ReqCreatureOrGOId2 = @creature_to_kill_2, ReqCreatureOrGOCount2 = @creature_to_kill_2_count,
ReqCreatureOrGOId3 = @creature_to_kill_3, ReqCreatureOrGOCount3 = @creature_to_kill_3_count,
ReqCreatureOrGOId4 = @creature_to_kill_4, ReqCreatureOrGOCount4 = @creature_to_kill_4_count,
reqitemid1 = @required_item_1, reqitemcount1 = @required_item_1_count,
reqitemid2 = @required_item_2, reqitemcount2 = @required_item_2_count,
reqitemid3 = @required_item_3, reqitemcount3 = @required_item_3_count,
reqitemid4 = @required_item_4, reqitemcount4 = @required_item_4_count,
nextquestid = @nextquest, RewOrReqMoney = @reward_money, 
nextquestinchain = @nextquestinchain, prevquestid = @prevquest
where entry = @quest_entry;	

-- Seeking Further Guidance (Hunter)

replace into item_template values
 ('80226', '0', '15', '0', 'Ranger\'s Letter', '', '3029', '1', '0', '1', '0', '0', '0', '-1', '-1', '0',
 '0', '0', '0', '0', '0', '0', '0', '0', '0', '1', '0', '0', '0', '0', '0',
 '0', '0', '0', '0', '0', '0', '0', '0', '0', '0', '0', '0', '0', '0', '0', '0', '0', '0',
 '0', '0', '0', '0', '0', '0', '0', '0', '0', '0', '0', '0', '0', '0', '0', '0', '0', '0', '0', '0', '0',
 '0', '0', '0', '0', '0', '0', '0', '-1', '0', '-1', '0', '0', '0', '0', '-1', '0', '-1', '0', '0',
 '0', '0', '-1', '0', '-1', '0', '0', '0', '0', '-1', '0', '-1', '0', '0', '0', '0', '-1', '0',
 '-1', '4', '80226', '0', '1', '0', '0', '0', '0', '0', '0', '0', '0', '0', '0', '0', '0', '0', '0', '0',
 '0', '1', NULL);
 
replace into page_text values (80226, 'Greetings, $N!\n\nMy name is Rubinah Sunsworn! I have watched your exploits with interest. You are a fine ranger, but the loss of our homeland has left your training incomplete.\n\nTwenty years ago, during the Second War, the Farstriders planted a seed from our homeland outside of the lodge. Now, that tree is more than a reminder. It is hope that our home may one day be reclaimed.\n\nIt is the job of all rangers to defend our people wherever they live.\n\nI will be able to continue your training. Come speak to me within the lodge when you\’re ready.', 0);

set @quest_entry = 80211;
set @quest_zone = 1519;
set @title = 'Seeking Further Guidance';
set @description = '$N, the fall of our homeland has affected us all. But, even if our education down this path was cut short, there are still ways to learn.\n\nRecently, someone left a letter on the desk and it was addressed to you.\n\nPerhaps you should read it and see what it says?';
set @objective = 'Read the Ranger\'s Letter and speak to Rubinah Sunsworn.';
set @completetext = 'So you\’ve chosen to begin your training? I am pleased, $N. Very pleased. Talk to me again and I will do my best to guide you with my knowledge.\n\nIn time, I believe you will grow to become someone all rangers can be proud of calling a comrade!\n\nMy bearded friend, Claude Erksine, can also assist you with beast-related training once you are ready.';
set @incompletetext = 'Yes? What is it?';
set @faction_id = 269;
set @faction_count = 250;
set @xp_or_money = 154;
set @reward_money = 0; 
set @quest_level = 3;
set @min_level = 3;
set @questgiver_id = 1156;
set @quest_finisher = 80219;
set @nextquest = 0;
set @nextquestinchain = 0;
set @prevquest = 80200;
set @RewChoiceItemId1 = 0; 
set @RewChoiceItemId2 = 0; 
set @RewChoiceItemId3 = 0;
set @RewChoiceItemId4 = 0; 
set @RewChoiceItemCount1 = 0;
set @RewChoiceItemCount2 = 0;
set @RewChoiceItemCount3 = 0;
set @RewChoiceItemCount4 = 0;
set @reward_item_1 = 0;
set @reward_item_2 = 0; 
set @reward_item_3 = 0;
set @reward_item_4 = 0;
set @reward_item_1_count = 0;
set @reward_item_2_count = 0;
set @reward_item_3_count = 0;
set @reward_item_4_count = 0;
set @creature_to_kill_1 = 0;
set @creature_to_kill_2 = 0; 
set @creature_to_kill_3 = 0;
set @creature_to_kill_4 = 0;
set @creature_to_kill_1_count = 0;
set @creature_to_kill_2_count = 0;
set @creature_to_kill_3_count = 0;
set @creature_to_kill_4_count = 0;
set @required_item_1 = 80226; 
set @required_item_2 = 0;
set @required_item_3 = 0;
set @required_item_4 = 0;
set @required_item_1_count = 1;
set @required_item_2_count = 0;
set @required_item_3_count = 0;
set @required_item_4_count = 0;

replace into quest_template values 

(@quest_entry, '0', '2', @quest_zone, @min_level,  '0', @quest_level, '0', '0', '0', '0', '0', '0', '0', '0', '0','0', '0', '0', '0', '0', '0', '0', '0', '0', '0', '0', '0', '0', @title, @description, @objective, @completetext, @incompletetext, '', '', '', '', '', '0', '0', '0', '0', '0', '0', '0', '0', '0', '0', '0', '0', '0', '0', '0', '0', '0', '0', '0', '0', '0', '0', '0', '0', '0', '0', '0', '0', '0', '0', '0', '0', '0', '0', '0', '0', '0', '0', '0', '0', '0', '0', '0', '0', '0', '0', '0', '0', @faction_id, '0', '0', '0', '0', @faction_count, '0', '0', '0', '0', '0', @xp_or_money, '0', '0', '0', '0', '0', '0', '0', '0', '0', '0', '0', '0', '0', '0', '0', '0', '0', '0', '0', '0', '0', '0', '0', '0', '0', '0','0', 0, 0);
     
replace into creature_questrelation (id, quest, patch_min, patch_max) values (@questgiver_id, @quest_entry,'0','10'); 
replace into creature_involvedrelation (id, quest, patch_min, patch_max) values (@quest_finisher, @quest_entry,'0','10');
	 
update quest_template set 
rewitemid1 = @reward_item_1, rewitemcount1 = @reward_item_1_count,
rewitemid2 = @reward_item_2, rewitemcount2 = @reward_item_2_count,
rewitemid3 = @reward_item_3, rewitemcount3 = @reward_item_3_count,
rewitemid4 = @reward_item_4, rewitemcount4 = @reward_item_4_count,
RewChoiceItemId1 = @RewChoiceItemId1, RewChoiceItemCount1 = @RewChoiceItemCount1,
RewChoiceItemId2 = @RewChoiceItemId2, RewChoiceItemCount2 = @RewChoiceItemCount2,
RewChoiceItemId3 = @RewChoiceItemId3, RewChoiceItemCount3 = @RewChoiceItemCount3,
RewChoiceItemId4 = @RewChoiceItemId4, RewChoiceItemCount4 = @RewChoiceItemCount4,
ReqCreatureOrGOId1 = @creature_to_kill_1, ReqCreatureOrGOCount1 = @creature_to_kill_1_count,
ReqCreatureOrGOId2 = @creature_to_kill_2, ReqCreatureOrGOCount2 = @creature_to_kill_2_count,
ReqCreatureOrGOId3 = @creature_to_kill_3, ReqCreatureOrGOCount3 = @creature_to_kill_3_count,
ReqCreatureOrGOId4 = @creature_to_kill_4, ReqCreatureOrGOCount4 = @creature_to_kill_4_count,
reqitemid1 = @required_item_1, reqitemcount1 = @required_item_1_count,
reqitemid2 = @required_item_2, reqitemcount2 = @required_item_2_count,
reqitemid3 = @required_item_3, reqitemcount3 = @required_item_3_count,
reqitemid4 = @required_item_4, reqitemcount4 = @required_item_4_count,
nextquestid = @nextquest, RewOrReqMoney = @reward_money, 
nextquestinchain = @nextquestinchain, prevquestid = @prevquest,
srcItemId = 80226, srcitemcount = 1, RequiredClasses = 4
where entry = @quest_entry;	

-- Seeking Further Guidance (Paladin)

replace into item_template values
 ('80227', '0', '15', '0', 'Paladin\'s Letter', '', '3029', '1', '0', '1', '0', '0', '0', '-1', '-1', '0',
 '0', '0', '0', '0', '0', '0', '0', '0', '0', '1', '0', '0', '0', '0', '0',
 '0', '0', '0', '0', '0', '0', '0', '0', '0', '0', '0', '0', '0', '0', '0', '0', '0', '0',
 '0', '0', '0', '0', '0', '0', '0', '0', '0', '0', '0', '0', '0', '0', '0', '0', '0', '0', '0', '0', '0',
 '0', '0', '0', '0', '0', '0', '0', '-1', '0', '-1', '0', '0', '0', '0', '-1', '0', '-1', '0', '0',
 '0', '0', '-1', '0', '-1', '0', '0', '0', '0', '-1', '0', '-1', '0', '0', '0', '0', '-1', '0',
 '-1', '4', '80227', '0', '1', '0', '0', '0', '0', '0', '0', '0', '0', '0', '0', '0', '0', '0', '0', '0',
 '0', '1', NULL);
 
replace into page_text values (80227, '$N, I am known as Lor\'thas the Holy. I was once part of the Order of the Silver Hand.\n\nBefore the fall of the Order and the Kingdom of Lordaeron I was known as a paladin, a valiant servant of the light, banishing darkness wherever it may be. Your path is taking you down one that is similar to mine. You carry the will of the Light alongside great martial prowess.\n\nSeek me out in the lodge and I shall train you to the best of my ability.', 0);

set @quest_entry = 80212;
set @quest_zone = 1519;
set @title = 'Seeking Further Guidance';
set @description = '$N, the fall of our homeland has affected us all. But, even if our education down this path was cut short, there are still ways to learn.\n\nRecently, someone left a letter on the desk and it was addressed to you.\n\nPerhaps you should read it and see what it says?';
set @objective = 'Read the Paladin\'s Letter and speak to Lor\'thas the Holy.';
set @completetext = 'Light be with you, $N!\n\nIt honors and brings me endless joy to see you take the first step on the path of becoming a paladin.\n\nKnow that I shall do my utmost to guide you through the tenets and through your training.\n\nTalk to me again whenever you wish to seek my counsel.';
set @incompletetext = 'Follow the Light.';
set @faction_id = 269;
set @faction_count = 250;
set @xp_or_money = 154;
set @reward_money = 0; 
set @quest_level = 3;
set @min_level = 3;
set @questgiver_id = 1156;
set @quest_finisher = 80220;
set @nextquest = 0;
set @nextquestinchain = 0;
set @prevquest = 80200;
set @RewChoiceItemId1 = 0; 
set @RewChoiceItemId2 = 0; 
set @RewChoiceItemId3 = 0;
set @RewChoiceItemId4 = 0; 
set @RewChoiceItemCount1 = 0;
set @RewChoiceItemCount2 = 0;
set @RewChoiceItemCount3 = 0;
set @RewChoiceItemCount4 = 0;
set @reward_item_1 = 0;
set @reward_item_2 = 0; 
set @reward_item_3 = 0;
set @reward_item_4 = 0;
set @reward_item_1_count = 0;
set @reward_item_2_count = 0;
set @reward_item_3_count = 0;
set @reward_item_4_count = 0;
set @creature_to_kill_1 = 0;
set @creature_to_kill_2 = 0; 
set @creature_to_kill_3 = 0;
set @creature_to_kill_4 = 0;
set @creature_to_kill_1_count = 0;
set @creature_to_kill_2_count = 0;
set @creature_to_kill_3_count = 0;
set @creature_to_kill_4_count = 0;
set @required_item_1 = 80227; 
set @required_item_2 = 0;
set @required_item_3 = 0;
set @required_item_4 = 0;
set @required_item_1_count = 1;
set @required_item_2_count = 0;
set @required_item_3_count = 0;
set @required_item_4_count = 0;

replace into quest_template values 

(@quest_entry, '0', '2', @quest_zone, @min_level,  '0', @quest_level, '0', '0', '0', '0', '0', '0', '0', '0', '0','0', '0', '0', '0', '0', '0', '0', '0', '0', '0', '0', '0', '0', @title, @description, @objective, @completetext, @incompletetext, '', '', '', '', '', '0', '0', '0', '0', '0', '0', '0', '0', '0', '0', '0', '0', '0', '0', '0', '0', '0', '0', '0', '0', '0', '0', '0', '0', '0', '0', '0', '0', '0', '0', '0', '0', '0', '0', '0', '0', '0', '0', '0', '0', '0', '0', '0', '0', '0', '0', '0', '0', @faction_id, '0', '0', '0', '0', @faction_count, '0', '0', '0', '0', '0', @xp_or_money, '0', '0', '0', '0', '0', '0', '0', '0', '0', '0', '0', '0', '0', '0', '0', '0', '0', '0', '0', '0', '0', '0', '0', '0', '0', '0','0', 0, 0);
     
replace into creature_questrelation (id, quest, patch_min, patch_max) values (@questgiver_id, @quest_entry,'0','10'); 
replace into creature_involvedrelation (id, quest, patch_min, patch_max) values (@quest_finisher, @quest_entry,'0','10');
	 
update quest_template set 
rewitemid1 = @reward_item_1, rewitemcount1 = @reward_item_1_count,
rewitemid2 = @reward_item_2, rewitemcount2 = @reward_item_2_count,
rewitemid3 = @reward_item_3, rewitemcount3 = @reward_item_3_count,
rewitemid4 = @reward_item_4, rewitemcount4 = @reward_item_4_count,
RewChoiceItemId1 = @RewChoiceItemId1, RewChoiceItemCount1 = @RewChoiceItemCount1,
RewChoiceItemId2 = @RewChoiceItemId2, RewChoiceItemCount2 = @RewChoiceItemCount2,
RewChoiceItemId3 = @RewChoiceItemId3, RewChoiceItemCount3 = @RewChoiceItemCount3,
RewChoiceItemId4 = @RewChoiceItemId4, RewChoiceItemCount4 = @RewChoiceItemCount4,
ReqCreatureOrGOId1 = @creature_to_kill_1, ReqCreatureOrGOCount1 = @creature_to_kill_1_count,
ReqCreatureOrGOId2 = @creature_to_kill_2, ReqCreatureOrGOCount2 = @creature_to_kill_2_count,
ReqCreatureOrGOId3 = @creature_to_kill_3, ReqCreatureOrGOCount3 = @creature_to_kill_3_count,
ReqCreatureOrGOId4 = @creature_to_kill_4, ReqCreatureOrGOCount4 = @creature_to_kill_4_count,
reqitemid1 = @required_item_1, reqitemcount1 = @required_item_1_count,
reqitemid2 = @required_item_2, reqitemcount2 = @required_item_2_count,
reqitemid3 = @required_item_3, reqitemcount3 = @required_item_3_count,
reqitemid4 = @required_item_4, reqitemcount4 = @required_item_4_count,
nextquestid = @nextquest, RewOrReqMoney = @reward_money, 
nextquestinchain = @nextquestinchain, prevquestid = @prevquest,
srcItemId = 80227, srcitemcount = 1, RequiredClasses = 2
where entry = @quest_entry;	

-- Seeking Further Guidance (Priest)

replace into item_template values
 ('80228', '0', '15', '0', 'Priest\'s Letter', '', '3029', '1', '0', '1', '0', '0', '0', '-1', '-1', '0',
 '0', '0', '0', '0', '0', '0', '0', '0', '0', '1', '0', '0', '0', '0', '0',
 '0', '0', '0', '0', '0', '0', '0', '0', '0', '0', '0', '0', '0', '0', '0', '0', '0', '0',
 '0', '0', '0', '0', '0', '0', '0', '0', '0', '0', '0', '0', '0', '0', '0', '0', '0', '0', '0', '0', '0',
 '0', '0', '0', '0', '0', '0', '0', '-1', '0', '-1', '0', '0', '0', '0', '-1', '0', '-1', '0', '0',
 '0', '0', '-1', '0', '-1', '0', '0', '0', '0', '-1', '0', '-1', '0', '0', '0', '0', '-1', '0',
 '-1', '4', '80228', '0', '1', '0', '0', '0', '0', '0', '0', '0', '0', '0', '0', '0', '0', '0', '0', '0',
 '0', '1', NULL);
 
replace into page_text values (80228, 'Light be with you, $N.\n\nI am Maelah Sunsworn.\n\nI was once ordained in Temples of Quel\’Thalas where I learned to preach the Light of the Sun. I walked the same halls as High Priest Belo\’vir.\n\nIt is with much sadness that those days are gone as our temples lay in ruin, and the warmth of the Sun is forsaken.\n\nI have seen the spark of devotion and faith within you.\n\nCome speak with me at the lodge. I will gladly guide your path so that, one day, our people\’s faith may be restored not only in the Light, but in our future.', 0);

set @quest_entry = 80213;
set @quest_zone = 1519;
set @title = 'Seeking Further Guidance';
set @description = '$N, the fall of our homeland has affected us all. But, even if our education down this path was cut short, there are still ways to learn.\n\nRecently, someone left a letter on the desk and it was addressed to you.\n\nPerhaps you should read it and see what it says?';
set @objective = 'Read the Priest\'s Letter and speak to Maelah Sunsworn.';
set @completetext = 'By the Sun, you\'ve come!\n\nMany of our people have lost their faith in the Light of the Sun as they wander like sheep lost in the dark. Together, we can be the beacon guiding them to salvation and to the warmth of the Sun!\n\nI shall do my best to be your beacon, $N. Ask and I will teach you what I can.';
set @incompletetext = 'May the Sun\’s Light shine upon you.';
set @faction_id = 269;
set @faction_count = 250;
set @xp_or_money = 154;
set @reward_money = 0; 
set @quest_level = 3;
set @min_level = 3;
set @questgiver_id = 1156;
set @quest_finisher = 80221;
set @nextquest = 0;
set @nextquestinchain = 0;
set @prevquest = 80200;
set @RewChoiceItemId1 = 0; 
set @RewChoiceItemId2 = 0; 
set @RewChoiceItemId3 = 0;
set @RewChoiceItemId4 = 0; 
set @RewChoiceItemCount1 = 0;
set @RewChoiceItemCount2 = 0;
set @RewChoiceItemCount3 = 0;
set @RewChoiceItemCount4 = 0;
set @reward_item_1 = 0;
set @reward_item_2 = 0; 
set @reward_item_3 = 0;
set @reward_item_4 = 0;
set @reward_item_1_count = 0;
set @reward_item_2_count = 0;
set @reward_item_3_count = 0;
set @reward_item_4_count = 0;
set @creature_to_kill_1 = 0;
set @creature_to_kill_2 = 0; 
set @creature_to_kill_3 = 0;
set @creature_to_kill_4 = 0;
set @creature_to_kill_1_count = 0;
set @creature_to_kill_2_count = 0;
set @creature_to_kill_3_count = 0;
set @creature_to_kill_4_count = 0;
set @required_item_1 = 80228; 
set @required_item_2 = 0;
set @required_item_3 = 0;
set @required_item_4 = 0;
set @required_item_1_count = 1;
set @required_item_2_count = 0;
set @required_item_3_count = 0;
set @required_item_4_count = 0;

replace into quest_template values 

(@quest_entry, '0', '2', @quest_zone, @min_level,  '0', @quest_level, '0', '0', '0', '0', '0', '0', '0', '0', '0','0', '0', '0', '0', '0', '0', '0', '0', '0', '0', '0', '0', '0', @title, @description, @objective, @completetext, @incompletetext, '', '', '', '', '', '0', '0', '0', '0', '0', '0', '0', '0', '0', '0', '0', '0', '0', '0', '0', '0', '0', '0', '0', '0', '0', '0', '0', '0', '0', '0', '0', '0', '0', '0', '0', '0', '0', '0', '0', '0', '0', '0', '0', '0', '0', '0', '0', '0', '0', '0', '0', '0', @faction_id, '0', '0', '0', '0', @faction_count, '0', '0', '0', '0', '0', @xp_or_money, '0', '0', '0', '0', '0', '0', '0', '0', '0', '0', '0', '0', '0', '0', '0', '0', '0', '0', '0', '0', '0', '0', '0', '0', '0', '0','0', 0, 0);
     
replace into creature_questrelation (id, quest, patch_min, patch_max) values (@questgiver_id, @quest_entry,'0','10'); 
replace into creature_involvedrelation (id, quest, patch_min, patch_max) values (@quest_finisher, @quest_entry,'0','10');
	 
update quest_template set 
rewitemid1 = @reward_item_1, rewitemcount1 = @reward_item_1_count,
rewitemid2 = @reward_item_2, rewitemcount2 = @reward_item_2_count,
rewitemid3 = @reward_item_3, rewitemcount3 = @reward_item_3_count,
rewitemid4 = @reward_item_4, rewitemcount4 = @reward_item_4_count,
RewChoiceItemId1 = @RewChoiceItemId1, RewChoiceItemCount1 = @RewChoiceItemCount1,
RewChoiceItemId2 = @RewChoiceItemId2, RewChoiceItemCount2 = @RewChoiceItemCount2,
RewChoiceItemId3 = @RewChoiceItemId3, RewChoiceItemCount3 = @RewChoiceItemCount3,
RewChoiceItemId4 = @RewChoiceItemId4, RewChoiceItemCount4 = @RewChoiceItemCount4,
ReqCreatureOrGOId1 = @creature_to_kill_1, ReqCreatureOrGOCount1 = @creature_to_kill_1_count,
ReqCreatureOrGOId2 = @creature_to_kill_2, ReqCreatureOrGOCount2 = @creature_to_kill_2_count,
ReqCreatureOrGOId3 = @creature_to_kill_3, ReqCreatureOrGOCount3 = @creature_to_kill_3_count,
ReqCreatureOrGOId4 = @creature_to_kill_4, ReqCreatureOrGOCount4 = @creature_to_kill_4_count,
reqitemid1 = @required_item_1, reqitemcount1 = @required_item_1_count,
reqitemid2 = @required_item_2, reqitemcount2 = @required_item_2_count,
reqitemid3 = @required_item_3, reqitemcount3 = @required_item_3_count,
reqitemid4 = @required_item_4, reqitemcount4 = @required_item_4_count,
nextquestid = @nextquest, RewOrReqMoney = @reward_money, 
nextquestinchain = @nextquestinchain, prevquestid = @prevquest,
srcItemId = 80228, srcitemcount = 1, RequiredClasses = 16
where entry = @quest_entry;	

-- Seeking Further Guidance (Mage)

replace into item_template values
 ('80229', '0', '15', '0', 'Magister\'s Letter', '', '3029', '1', '0', '1', '0', '0', '0', '-1', '-1', '0',
 '0', '0', '0', '0', '0', '0', '0', '0', '0', '1', '0', '0', '0', '0', '0',
 '0', '0', '0', '0', '0', '0', '0', '0', '0', '0', '0', '0', '0', '0', '0', '0', '0', '0',
 '0', '0', '0', '0', '0', '0', '0', '0', '0', '0', '0', '0', '0', '0', '0', '0', '0', '0', '0', '0', '0',
 '0', '0', '0', '0', '0', '0', '0', '-1', '0', '-1', '0', '0', '0', '0', '-1', '0', '-1', '0', '0',
 '0', '0', '-1', '0', '-1', '0', '0', '0', '0', '-1', '0', '-1', '0', '0', '0', '0', '-1', '0',
 '-1', '4', '80229', '0', '1', '0', '0', '0', '0', '0', '0', '0', '0', '0', '0', '0', '0', '0', '0', '0',
 '0', '1', NULL);
 
replace into page_text values (80229, 'Bal\’a dash, $N. You have the honor of being addressed by Magister Ala\’shor of house Sunblood.\n\nI see that you have a meager grasp of magic that exceeds the common refugee. The Magisterium these days is a shadow of what it once was. As a Magister of Quel\’Thalas, I cannot allow this to continue.\n\nWhatever may have befallen our homeland, my duties or those of the Magisterium have never ceased.\n\nCome to me and I shall make you my apprentice. If you can handle my training, you will become a capable magic caster. One worthy of a rebuilt Magisterium.\n\nSeek me out within the lodge.', 0);

set @quest_entry = 80214;
set @quest_zone = 1519;
set @title = 'Seeking Further Guidance';
set @description = '$N, the fall of our homeland has affected us all. But, even if our education down this path was cut short, there are still ways to learn.\n\nRecently, someone left a letter on the desk and it was addressed to you.\n\nPerhaps you should read it and see what it says?';
set @objective = 'Read the Magister\'s Letter and speak to Magister Ala\'shor.';
set @completetext = 'Ah, $N, I take it you’re here to become my apprentice?\n\nIf so, then know that I will not coddle you. You will be serving under a proud member of the Magisterium.\n\nAs such, you will be taught what I deem necessary for your progress. Continue to perform adequately and I shall continue to guide you.\n\nEventually, you will be fit enough for the Magisterium.\n\nTalk to me again once you are prepared.';
set @incompletetext = 'The Magisterium is the most prestigious group that a mage can be a part of.';
set @faction_id = 269;
set @faction_count = 250;
set @xp_or_money = 154;
set @reward_money = 0; 
set @quest_level = 3;
set @min_level = 3;
set @questgiver_id = 1156;
set @quest_finisher = 80218;
set @nextquest = 0;
set @nextquestinchain = 0;
set @prevquest = 80200;
set @RewChoiceItemId1 = 0; 
set @RewChoiceItemId2 = 0; 
set @RewChoiceItemId3 = 0;
set @RewChoiceItemId4 = 0; 
set @RewChoiceItemCount1 = 0;
set @RewChoiceItemCount2 = 0;
set @RewChoiceItemCount3 = 0;
set @RewChoiceItemCount4 = 0;
set @reward_item_1 = 0;
set @reward_item_2 = 0; 
set @reward_item_3 = 0;
set @reward_item_4 = 0;
set @reward_item_1_count = 0;
set @reward_item_2_count = 0;
set @reward_item_3_count = 0;
set @reward_item_4_count = 0;
set @creature_to_kill_1 = 0;
set @creature_to_kill_2 = 0; 
set @creature_to_kill_3 = 0;
set @creature_to_kill_4 = 0;
set @creature_to_kill_1_count = 0;
set @creature_to_kill_2_count = 0;
set @creature_to_kill_3_count = 0;
set @creature_to_kill_4_count = 0;
set @required_item_1 = 80229; 
set @required_item_2 = 0;
set @required_item_3 = 0;
set @required_item_4 = 0;
set @required_item_1_count = 1;
set @required_item_2_count = 0;
set @required_item_3_count = 0;
set @required_item_4_count = 0;

replace into quest_template values 

(@quest_entry, '0', '2', @quest_zone, @min_level,  '0', @quest_level, '0', '0', '0', '0', '0', '0', '0', '0', '0','0', '0', '0', '0', '0', '0', '0', '0', '0', '0', '0', '0', '0', @title, @description, @objective, @completetext, @incompletetext, '', '', '', '', '', '0', '0', '0', '0', '0', '0', '0', '0', '0', '0', '0', '0', '0', '0', '0', '0', '0', '0', '0', '0', '0', '0', '0', '0', '0', '0', '0', '0', '0', '0', '0', '0', '0', '0', '0', '0', '0', '0', '0', '0', '0', '0', '0', '0', '0', '0', '0', '0', @faction_id, '0', '0', '0', '0', @faction_count, '0', '0', '0', '0', '0', @xp_or_money, '0', '0', '0', '0', '0', '0', '0', '0', '0', '0', '0', '0', '0', '0', '0', '0', '0', '0', '0', '0', '0', '0', '0', '0', '0', '0','0', 0, 0);
     
replace into creature_questrelation (id, quest, patch_min, patch_max) values (@questgiver_id, @quest_entry,'0','10'); 
replace into creature_involvedrelation (id, quest, patch_min, patch_max) values (@quest_finisher, @quest_entry,'0','10');
	 
update quest_template set 
rewitemid1 = @reward_item_1, rewitemcount1 = @reward_item_1_count,
rewitemid2 = @reward_item_2, rewitemcount2 = @reward_item_2_count,
rewitemid3 = @reward_item_3, rewitemcount3 = @reward_item_3_count,
rewitemid4 = @reward_item_4, rewitemcount4 = @reward_item_4_count,
RewChoiceItemId1 = @RewChoiceItemId1, RewChoiceItemCount1 = @RewChoiceItemCount1,
RewChoiceItemId2 = @RewChoiceItemId2, RewChoiceItemCount2 = @RewChoiceItemCount2,
RewChoiceItemId3 = @RewChoiceItemId3, RewChoiceItemCount3 = @RewChoiceItemCount3,
RewChoiceItemId4 = @RewChoiceItemId4, RewChoiceItemCount4 = @RewChoiceItemCount4,
ReqCreatureOrGOId1 = @creature_to_kill_1, ReqCreatureOrGOCount1 = @creature_to_kill_1_count,
ReqCreatureOrGOId2 = @creature_to_kill_2, ReqCreatureOrGOCount2 = @creature_to_kill_2_count,
ReqCreatureOrGOId3 = @creature_to_kill_3, ReqCreatureOrGOCount3 = @creature_to_kill_3_count,
ReqCreatureOrGOId4 = @creature_to_kill_4, ReqCreatureOrGOCount4 = @creature_to_kill_4_count,
reqitemid1 = @required_item_1, reqitemcount1 = @required_item_1_count,
reqitemid2 = @required_item_2, reqitemcount2 = @required_item_2_count,
reqitemid3 = @required_item_3, reqitemcount3 = @required_item_3_count,
reqitemid4 = @required_item_4, reqitemcount4 = @required_item_4_count,
nextquestid = @nextquest, RewOrReqMoney = @reward_money, 
nextquestinchain = @nextquestinchain, prevquestid = @prevquest,
srcItemId = 80229, srcitemcount = 1, RequiredClasses = 128
where entry = @quest_entry;	

-- Seeking Further Guidance (Rogue)

replace into item_template values
 ('80230', '0', '15', '0', 'Shady Letter', '', '3029', '1', '0', '1', '0', '0', '0', '-1', '-1', '0',
 '0', '0', '0', '0', '0', '0', '0', '0', '0', '1', '0', '0', '0', '0', '0',
 '0', '0', '0', '0', '0', '0', '0', '0', '0', '0', '0', '0', '0', '0', '0', '0', '0', '0',
 '0', '0', '0', '0', '0', '0', '0', '0', '0', '0', '0', '0', '0', '0', '0', '0', '0', '0', '0', '0', '0',
 '0', '0', '0', '0', '0', '0', '0', '-1', '0', '-1', '0', '0', '0', '0', '-1', '0', '-1', '0', '0',
 '0', '0', '-1', '0', '-1', '0', '0', '0', '0', '-1', '0', '-1', '0', '0', '0', '0', '-1', '0',
 '-1', '4', '80230', '0', '1', '0', '0', '0', '0', '0', '0', '0', '0', '0', '0', '0', '0', '0', '0', '0',
 '0', '1', NULL);
 
replace into page_text values (80230, 'Heya, $N. I write to you because you seem like a useful asset.\n\nEveryone here will gladly boast of honor, integrity, the Sun, or other nonsense like that, but not me. I know that in order to keep our people safe, harsher methods must be used.\n\nOur people need someone to skulk in the shadows, learn things, report them, or even end threats prematurely. I sense within you an affinity for the kind of order I wish to form.\n\nSeek me out and I shall make it worth your time. I\’ll be waiting for you within the lodge.', 0);

set @quest_entry = 80215;
set @quest_zone = 1519;
set @title = 'Seeking Further Guidance';
set @description = '$N, the fall of our homeland has affected us all. But, even if our education down this path was cut short, there are still ways to learn.\n\nRecently, someone left a letter on the desk and it was addressed to you.\n\nPerhaps you should read it and see what it says?';
set @objective = 'Read the Shady Letter and speak to Leela the Shadow.';
set @completetext = 'So, you really came, huh?\n\nAmusing. Well, you\’ve completed your first test, but don’t think that it\’s your last.\n\nLet\’s see how well you fare under my training. Talk to me again when you\’re ready and I\’ll teach you some tricks. If you continue to show potential, then expect me to continue teaching you.';
set @incompletetext = 'Stick to the shadows, protégé.';
set @faction_id = 269;
set @faction_count = 250;
set @xp_or_money = 154;
set @reward_money = 0; 
set @quest_level = 3;
set @min_level = 3;
set @questgiver_id = 1156;
set @quest_finisher = 80223;
set @nextquest = 0;
set @nextquestinchain = 0;
set @prevquest = 80200;
set @RewChoiceItemId1 = 0; 
set @RewChoiceItemId2 = 0; 
set @RewChoiceItemId3 = 0;
set @RewChoiceItemId4 = 0; 
set @RewChoiceItemCount1 = 0;
set @RewChoiceItemCount2 = 0;
set @RewChoiceItemCount3 = 0;
set @RewChoiceItemCount4 = 0;
set @reward_item_1 = 0;
set @reward_item_2 = 0; 
set @reward_item_3 = 0;
set @reward_item_4 = 0;
set @reward_item_1_count = 0;
set @reward_item_2_count = 0;
set @reward_item_3_count = 0;
set @reward_item_4_count = 0;
set @creature_to_kill_1 = 0;
set @creature_to_kill_2 = 0; 
set @creature_to_kill_3 = 0;
set @creature_to_kill_4 = 0;
set @creature_to_kill_1_count = 0;
set @creature_to_kill_2_count = 0;
set @creature_to_kill_3_count = 0;
set @creature_to_kill_4_count = 0;
set @required_item_1 = 80230;
set @required_item_2 = 0;
set @required_item_3 = 0;
set @required_item_4 = 0;
set @required_item_1_count = 1;
set @required_item_2_count = 0;
set @required_item_3_count = 0;
set @required_item_4_count = 0;

replace into quest_template values 

(@quest_entry, '0', '2', @quest_zone, @min_level,  '0', @quest_level, '0', '0', '0', '0', '0', '0', '0', '0', '0','0', '0', '0', '0', '0', '0', '0', '0', '0', '0', '0', '0', '0', @title, @description, @objective, @completetext, @incompletetext, '', '', '', '', '', '0', '0', '0', '0', '0', '0', '0', '0', '0', '0', '0', '0', '0', '0', '0', '0', '0', '0', '0', '0', '0', '0', '0', '0', '0', '0', '0', '0', '0', '0', '0', '0', '0', '0', '0', '0', '0', '0', '0', '0', '0', '0', '0', '0', '0', '0', '0', '0', @faction_id, '0', '0', '0', '0', @faction_count, '0', '0', '0', '0', '0', @xp_or_money, '0', '0', '0', '0', '0', '0', '0', '0', '0', '0', '0', '0', '0', '0', '0', '0', '0', '0', '0', '0', '0', '0', '0', '0', '0', '0','0', 0, 0);
     
replace into creature_questrelation (id, quest, patch_min, patch_max) values (@questgiver_id, @quest_entry,'0','10'); 
replace into creature_involvedrelation (id, quest, patch_min, patch_max) values (@quest_finisher, @quest_entry,'0','10');
	 
update quest_template set 
rewitemid1 = @reward_item_1, rewitemcount1 = @reward_item_1_count,
rewitemid2 = @reward_item_2, rewitemcount2 = @reward_item_2_count,
rewitemid3 = @reward_item_3, rewitemcount3 = @reward_item_3_count,
rewitemid4 = @reward_item_4, rewitemcount4 = @reward_item_4_count,
RewChoiceItemId1 = @RewChoiceItemId1, RewChoiceItemCount1 = @RewChoiceItemCount1,
RewChoiceItemId2 = @RewChoiceItemId2, RewChoiceItemCount2 = @RewChoiceItemCount2,
RewChoiceItemId3 = @RewChoiceItemId3, RewChoiceItemCount3 = @RewChoiceItemCount3,
RewChoiceItemId4 = @RewChoiceItemId4, RewChoiceItemCount4 = @RewChoiceItemCount4,
ReqCreatureOrGOId1 = @creature_to_kill_1, ReqCreatureOrGOCount1 = @creature_to_kill_1_count,
ReqCreatureOrGOId2 = @creature_to_kill_2, ReqCreatureOrGOCount2 = @creature_to_kill_2_count,
ReqCreatureOrGOId3 = @creature_to_kill_3, ReqCreatureOrGOCount3 = @creature_to_kill_3_count,
ReqCreatureOrGOId4 = @creature_to_kill_4, ReqCreatureOrGOCount4 = @creature_to_kill_4_count,
reqitemid1 = @required_item_1, reqitemcount1 = @required_item_1_count,
reqitemid2 = @required_item_2, reqitemcount2 = @required_item_2_count,
reqitemid3 = @required_item_3, reqitemcount3 = @required_item_3_count,
reqitemid4 = @required_item_4, reqitemcount4 = @required_item_4_count,
nextquestid = @nextquest, RewOrReqMoney = @reward_money, 
nextquestinchain = @nextquestinchain, prevquestid = @prevquest,
srcItemId = 80230, srcitemcount = 1, RequiredClasses = 8
where entry = @quest_entry;	

-- Seeking Further Guidance (Warrior)

replace into item_template values
 ('80231', '0', '15', '0', 'Swordsman\'s Letter', '', '3029', '1', '0', '1', '0', '0', '0', '-1', '-1', '0',
 '0', '0', '0', '0', '0', '0', '0', '0', '0', '1', '0', '0', '0', '0', '0',
 '0', '0', '0', '0', '0', '0', '0', '0', '0', '0', '0', '0', '0', '0', '0', '0', '0', '0',
 '0', '0', '0', '0', '0', '0', '0', '0', '0', '0', '0', '0', '0', '0', '0', '0', '0', '0', '0', '0', '0',
 '0', '0', '0', '0', '0', '0', '0', '-1', '0', '-1', '0', '0', '0', '0', '-1', '0', '-1', '0', '0',
 '0', '0', '-1', '0', '-1', '0', '0', '0', '0', '-1', '0', '-1', '0', '0', '0', '0', '-1', '0',
 '-1', '4', '80231', '0', '1', '0', '0', '0', '0', '0', '0', '0', '0', '0', '0', '0', '0', '0', '0', '0',
 '0', '1', NULL);
 
replace into page_text values (80231, 'Hail to you, $N!\n\nI am Valanos Dawnfire, a swordsman of the Thalassian army.\n\nWith the fall of Quel\’Thalas, my duties now involve protecting what\’s left of our land, our heritage, and our people wherever they may reside.\n\nThat duty includes training new warriors who can defend our cause.\n\nSeek me out in the lodge, $N, and I shall hone your inexperienced body into that of a warrior, one that can protect the High Elves!', 0);

set @quest_entry = 80216;
set @quest_zone = 1519;
set @title = 'Seeking Further Guidance';
set @description = '$N, the fall of our homeland has affected us all. But, even if our education down this path was cut short, there are still ways to learn.\n\nRecently, someone left a letter on the desk and it was addressed to you.\n\nPerhaps you should read it and see what it says?';
set @objective = 'Read the Swordsman\'s Letter and speak to Valanos Dawnfire.';
set @completetext = 'I must say that your appearance gives me hope.\n\nFew of our people take on the path of the sword. It is a long and arduous journey, but I have faith that you can overcome it with my training.\n\nIt doesn\’t matter how many rangers or mages you have. In the end, you need someone on the frontlines to win battles.\n\nWhen you\’re ready to take up that mantle, talk to me again.';
set @incompletetext = 'Wielding the sword is just as majestic as it is powerful.';
set @faction_id = 269;
set @faction_count = 250;
set @xp_or_money = 154;
set @reward_money = 0; 
set @quest_level = 3;
set @min_level = 3;
set @questgiver_id = 1156;
set @quest_finisher = 80217;
set @nextquest = 0;
set @nextquestinchain = 0;
set @prevquest = 80200;
set @RewChoiceItemId1 = 0; 
set @RewChoiceItemId2 = 0; 
set @RewChoiceItemId3 = 0;
set @RewChoiceItemId4 = 0; 
set @RewChoiceItemCount1 = 0;
set @RewChoiceItemCount2 = 0;
set @RewChoiceItemCount3 = 0;
set @RewChoiceItemCount4 = 0;
set @reward_item_1 = 0;
set @reward_item_2 = 0; 
set @reward_item_3 = 0;
set @reward_item_4 = 0;
set @reward_item_1_count = 0;
set @reward_item_2_count = 0;
set @reward_item_3_count = 0;
set @reward_item_4_count = 0;
set @creature_to_kill_1 = 0;
set @creature_to_kill_2 = 0; 
set @creature_to_kill_3 = 0;
set @creature_to_kill_4 = 0;
set @creature_to_kill_1_count = 0;
set @creature_to_kill_2_count = 0;
set @creature_to_kill_3_count = 0;
set @creature_to_kill_4_count = 0;
set @required_item_1 = 80231;
set @required_item_2 = 0;
set @required_item_3 = 0;
set @required_item_4 = 0;
set @required_item_1_count = 1;
set @required_item_2_count = 0;
set @required_item_3_count = 0;
set @required_item_4_count = 0;

replace into quest_template values 

(@quest_entry, '0', '2', @quest_zone, @min_level,  '0', @quest_level, '0', '0', '0', '0', '0', '0', '0', '0', '0','0', '0', '0', '0', '0', '0', '0', '0', '0', '0', '0', '0', '0', @title, @description, @objective, @completetext, @incompletetext, '', '', '', '', '', '0', '0', '0', '0', '0', '0', '0', '0', '0', '0', '0', '0', '0', '0', '0', '0', '0', '0', '0', '0', '0', '0', '0', '0', '0', '0', '0', '0', '0', '0', '0', '0', '0', '0', '0', '0', '0', '0', '0', '0', '0', '0', '0', '0', '0', '0', '0', '0', @faction_id, '0', '0', '0', '0', @faction_count, '0', '0', '0', '0', '0', @xp_or_money, '0', '0', '0', '0', '0', '0', '0', '0', '0', '0', '0', '0', '0', '0', '0', '0', '0', '0', '0', '0', '0', '0', '0', '0', '0', '0','0', 0, 0);
     
replace into creature_questrelation (id, quest, patch_min, patch_max) values (@questgiver_id, @quest_entry,'0','10'); 
replace into creature_involvedrelation (id, quest, patch_min, patch_max) values (@quest_finisher, @quest_entry,'0','10');
	 
update quest_template set 
rewitemid1 = @reward_item_1, rewitemcount1 = @reward_item_1_count,
rewitemid2 = @reward_item_2, rewitemcount2 = @reward_item_2_count,
rewitemid3 = @reward_item_3, rewitemcount3 = @reward_item_3_count,
rewitemid4 = @reward_item_4, rewitemcount4 = @reward_item_4_count,
RewChoiceItemId1 = @RewChoiceItemId1, RewChoiceItemCount1 = @RewChoiceItemCount1,
RewChoiceItemId2 = @RewChoiceItemId2, RewChoiceItemCount2 = @RewChoiceItemCount2,
RewChoiceItemId3 = @RewChoiceItemId3, RewChoiceItemCount3 = @RewChoiceItemCount3,
RewChoiceItemId4 = @RewChoiceItemId4, RewChoiceItemCount4 = @RewChoiceItemCount4,
ReqCreatureOrGOId1 = @creature_to_kill_1, ReqCreatureOrGOCount1 = @creature_to_kill_1_count,
ReqCreatureOrGOId2 = @creature_to_kill_2, ReqCreatureOrGOCount2 = @creature_to_kill_2_count,
ReqCreatureOrGOId3 = @creature_to_kill_3, ReqCreatureOrGOCount3 = @creature_to_kill_3_count,
ReqCreatureOrGOId4 = @creature_to_kill_4, ReqCreatureOrGOCount4 = @creature_to_kill_4_count,
reqitemid1 = @required_item_1, reqitemcount1 = @required_item_1_count,
reqitemid2 = @required_item_2, reqitemcount2 = @required_item_2_count,
reqitemid3 = @required_item_3, reqitemcount3 = @required_item_3_count,
reqitemid4 = @required_item_4, reqitemcount4 = @required_item_4_count,
nextquestid = @nextquest, RewOrReqMoney = @reward_money, 
nextquestinchain = @nextquestinchain, prevquestid = @prevquest,
srcItemId = 80231, srcitemcount = 1, RequiredClasses = 1
where entry = @quest_entry;	

-- Additional NPC and citizens:

replace into `creature_template` values (80214, 0, 16705, 0, 0, 0, 'Malanius Silvershine', 'Food Merchant', 0, 3, 3, 219, 219, 0, 0, 852, 84, 2, 1, 1.14286, 0, 20, 5, 0, 0, 1, 24, 31, 0, 90, 1, 2000, 2000, 1, 512, 0, 0, 0, 0, 0, 0, 31.856, 43.802, 100, 7, 4096, 0, 0, 0, 0, 0, 0, 0, 30, 0, 0, 0, 0, 0, 0, 0, 0, 0, '', 0, 1, 0, 0, 3, 4276, 0, 0, 0, 0, 2, '');

update creature_template set npc_flags = 4 where entry = 80214;
update creature_template set equipment_id = 0 where entry = 80214;

replace into `npc_vendor` values 
(80214, 159, 0, 0, 0, 0),
(80214, 2512, 0, 0, 0, 0),
(80214, 2516, 0, 0, 0, 0),
(80214, 2947, 0, 0, 0, 0),
(80214, 3111, 0, 0, 0, 0),
(80214, 4540, 0, 0, 0, 0),
(80214, 6183, 0, 0, 0, 0);

replace into `creature_template` values (80215, 0, 16133, 0, 0, 0, 'Alyssia Solar', 'Cloth & Leather Armor Merchant', 0, 11, 11, 456, 456, 0, 0, 20, 29, 16388, 1.1, 1.14286, 0, 20, 5, 0, 0, 1, 12, 14, 0, 64, 1, 2000, 2090, 1, 4864, 0, 0, 0, 0, 0, 0, 18.392, 25.289, 100, 7, 0, 0, 0, 0, 0, 0, 0, 0, 0, 0, 0, 0, 0, 0, 0, 0, 0, 0, 'EventAI', 0, 3, 0, 0, 3, 0, 0, 0, 0, 0, 524298, '');

update creature_template set faction = 371 where entry = 80215; 

replace into `npc_vendor` values 
(80215, 2117, 0, 0, 0, 0),
(80215, 2119, 0, 0, 0, 0),
(80215, 2120, 0, 0, 0, 0),
(80215, 2121, 0, 0, 0, 0),
(80215, 2122, 0, 0, 0, 0),
(80215, 2123, 0, 0, 0, 0),
(80215, 2124, 0, 0, 0, 0),
(80215, 2125, 0, 0, 0, 0),
(80215, 2126, 0, 0, 0, 0),
(80215, 2127, 0, 0, 0, 0),
(80215, 3599, 0, 0, 0, 0),
(80215, 3600, 0, 0, 0, 0);

replace into `creature_template` values (80216, 0, 18220, 18221, 18222, 18223, 'Ranger Protector', '', 0, 55, 55, 4700, 4700, 0, 0, 20, 85, 0, 1, 1.42857, 0, 20, 5, 0, 0, 1, 154, 222, 0, 248, 1, 2000, 2000, 1, 36864, 0, 0, 0, 0, 0, 0, 0, 0, 0, 7, 0, 0, 0, 0, 0, 0, 0, 0, 0, 0, 0, 0, 0, 0, 35021, 0, 0, 0, 'EventAI', 0, 3, 0, 0, 3, 16096, 0, 0, 0, 0, 524288, '');

update creature_template set faction = 371 where entry = 80216; 

REPLACE INTO `item_template` values (80222, 0, 2, 8, 'Farstrider Lodge Protector\'s Sword', '', 35898, 2, 0, 1, 8842, 1768, 17, -1, -1, 20, 15, 0, 0, 0, 0, 0, 0, 0, 0, 1, 0, 4, 4, 7, 4, 0, 0, 0, 0, 0, 0, 0, 0, 0, 0, 0, 0, 0, 0, 0, 0, 2900, 0, 0, 30, 46, 0, 0, 0, 0, 0, 0, 0, 0, 0, 0, 0, 0, 0, 0, 0, 0, 0, 0, 0, 0, 0, 0, 0, 0, 0, -1, 0, -1, 0, 0, 0, 0, -1, 0, -1, 0, 0, 0, 0, -1, 0, -1, 0, 0, 0, 0, -1, 0, -1, 0, 0, 0, 0, 0, 0, 0, 2, 0, 0, 0, 0, 0, 1, 1, 0, 0, 65, 0, 0, 0, 0, 22, 0, 0, 0, 0, 1, NULL);

REPLACE INTO `item_template` values (80223, 6, 2, 2, 'Farstrider Lodge Protector\'s Bow', '', 40143, 3, 32768, 1, 9126, 1825, 15, 2047, 255, 23, 18, 0, 0, 0, 0, 0, 0, 6, 0, 1, 0, 0, 0, 0, 0, 0, 0, 0, 0, 0, 0, 0, 0, 0, 0, 0, 0, 0, 0, 0, 0, 2400, 100, 2, 19, 37, 0, 0, 0, 0, 0, 0, 0, 0, 0, 0, 0, 0, 0, 0, 0, 0, 0, 0, 0, 0, 0, 0, 0, 0, 0, -1, 0, -1, 0, 0, 0, 0, -1, 0, -1, 0, 0, 0, 0, -1, 0, -1, 0, 0, 0, 0, -1, 0, -1, 0, 0, 0, 0, 0, 0, -1, 1, 0, 0, 0, 0, 0, 2, 0, 0, 0, 65, 0, 0, 0, 0, 0, 0, 0, 0, 0, 1, NULL);

update item_template set allowable_race = -1 where entry = 80223;

replace into `creature_equip_template` (`entry`, `equipentry1`, `equipentry3`) values ('80216', '80222', '80223');

update creature_template set equipment_id = 80216 where entry = 80216;

replace into `creature_template` values (80217, 0, 16767, 0, 0, 0, 'Valanos Dawnfire', 'Warrior Trainer', 523, 11, 11, 456, 456, 406, 406, 20, 29, 19, 1, 1.14286, 0, 20, 5, 0, 0, 1, 12, 14, 0, 64, 1, 2000, 2000, 1, 4864, 0, 0, 0, 0, 1, 0, 18.392, 25.289, 100, 7, 0, 0, 0, 0, 0, 0, 0, 0, 0, 0, 0, 0, 0, 0, 0, 0, 0, 0, 'EventAI', 0, 3, 0, 0, 3, 3153, 0, 0, 0, 0, 524298, '');

update creature_template set faction = 371 where entry = 80217; 

SET @gossip_menu_id = 56540;
SET @magic_number = 80217; -- Warrior
replace into gossip_menu (entry, text_id, condition_id) VALUES (@gossip_menu_id, @magic_number, '0'); 
replace into broadcast_text (ID, MaleText) values (@magic_number, 'Our kin prides itself with intellect and magic, but you and I know that sometimes a more brutish approach is needed.');
replace into npc_text (ID, BroadcastTextID0) values (@magic_number, @magic_number);
update creature_template set gossip_menu_id = @gossip_menu_id where entry = @magic_number;

replace into `npc_trainer` values (80217, 1343, 100, 0, 0, 6, 0, 5875);
replace into `npc_trainer` values (80217, 1423, 100, 0, 0, 4, 0, 5875);
replace into `npc_trainer` values (80217, 1738, 100, 0, 0, 4, 0, 5875);
replace into `npc_trainer` values (80217, 3128, 100, 0, 0, 6, 0, 5875);
replace into `npc_trainer` values (80217, 6674, 10, 0, 0, 1, 0, 5875);

replace into `creature_template` values (80218, 0, 17279, 0, 0, 0, 'Magister Ala\'shor Sunblood', 'Mage Trainer', 64, 10, 10, 413, 413, 370, 370, 20, 126, 19, 1, 1.14286, 0, 20, 5, 0, 0, 1, 7, 7, 0, 62, 1, 2000, 2000, 1, 4864, 0, 0, 0, 0, 8, 0, 16.808, 23.111, 100, 7, 0, 0, 0, 0, 0, 0, 0, 0, 0, 0, 0, 0, 0, 0, 0, 0, 0, 0, 'EventAI', 0, 3, 0, 0, 3, 5884, 0, 0, 0, 0, 524298, '');

update creature_template set faction = 371 where entry = 80218;

SET @gossip_menu_id = 56541;
SET @magic_number = 80218; -- Mage
replace into gossip_menu (entry, text_id, condition_id) VALUES (@gossip_menu_id, @magic_number, '0'); 
replace into broadcast_text (ID, MaleText) values (@magic_number, 'With the Sunwell gone, we strive to use as little mana as possible. We used to be paragons of arcane, $N. Now look at us.');
replace into npc_text (ID, BroadcastTextID0) values (@magic_number, @magic_number);
update creature_template set gossip_menu_id = @gossip_menu_id where entry = @magic_number;

replace into `npc_trainer` values (80218, 1142, 100, 0, 0, 0, 0, 5875);
replace into `npc_trainer` values (80218, 1173, 100, 0, 0, 0, 0, 5875);
replace into `npc_trainer` values (80218, 1249, 100, 0, 0, 0, 0, 5875);
replace into `npc_trainer` values (80218, 1472, 10, 0, 0, 0, 0, 5875);
replace into `npc_trainer` values (80218, 2141, 100, 0, 0, 0, 0, 5875);
replace into `npc_trainer` values (80218, 5507, 100, 0, 0, 0, 0, 5875);

replace into `creature_template` values (80219, 0, 16778, 0, 0, 0, 'Ranger Rubinah Sunsworn', 'Hunter Trainer', 4648, 8, 8, 334, 334, 297, 297, 20, 126, 19, 1, 1.14286, 0, 20, 5, 0, 0, 1, 7, 10, 0, 58, 1, 2000, 2000, 1, 4864, 0, 0, 0, 0, 3, 0, 13.5872, 18.6824, 100, 7, 0, 0, 0, 0, 0, 0, 0, 0, 0, 0, 0, 0, 0, 0, 0, 0, 0, 0, 'EventAI', 0, 3, 0, 0, 3, 3154, 0, 0, 0, 0, 524298, '');

update creature_template set faction = 371 where entry = 80219;

SET @gossip_menu_id = 56542;
SET @magic_number = 80219; -- Hunter
replace into gossip_menu (entry, text_id, condition_id) VALUES (@gossip_menu_id, @magic_number, '0'); 
replace into broadcast_text (ID, MaleText) values (@magic_number, 'The Farstriders were a proud group of rangers. With the fall of our homeland, they, too, have perished. It is in us that their legacy will live on.');
replace into npc_text (ID, BroadcastTextID0) values (@magic_number, @magic_number);
update creature_template set gossip_menu_id = @gossip_menu_id where entry = @magic_number;

replace into `npc_trainer` values (80219, 1547, 10, 0, 0, 1, 0, 5875);
replace into `npc_trainer` values (80219, 2003, 100, 0, 0, 4, 0, 5875);
replace into `npc_trainer` values (80219, 3048, 100, 0, 0, 6, 0, 5875);
replace into `npc_trainer` values (80219, 5298, 100, 0, 0, 6, 0, 5875);
replace into `npc_trainer` values (80219, 13164, 50, 0, 0, 4, 0, 5875);

replace into `creature_template`  values (80220, 0, 16851, 0, 0, 0, 'Lor\'thas the Holy', 'Paladin Trainer', 4663, 5, 5, 166, 166, 190, 190, 20, 12, 19, 1, 1.14286, 0, 20, 5, 0, 0, 1, 6, 8, 0, 52, 1, 1500, 2000, 1, 4864, 0, 0, 0, 0, 2, 0, 8.624, 11.858, 100, 7, 0, 0, 0, 0, 0, 0, 0, 0, 0, 0, 0, 0, 0, 0, 0, 0, 0, 0, '', 0, 3, 0, 0, 3, 925, 0, 0, 0, 0, 524298, '');

update creature_template set faction = 371 where entry = 80220;

SET @gossip_menu_id = 56543;
SET @magic_number = 80220; -- Paladin
replace into gossip_menu (entry, text_id, condition_id) VALUES (@gossip_menu_id, @magic_number, '0'); 
replace into broadcast_text (ID, MaleText) values (@magic_number, 'It is by the blessings of the Light we both stand here today, $N. We will be the ones to avenge our people against the Scourge and other threats, but remember the lessons. Vengeance by justice.');
replace into npc_text (ID, BroadcastTextID0) values (@magic_number, @magic_number);
update creature_template set gossip_menu_id = @gossip_menu_id where entry = @magic_number;

replace into `npc_trainer` values (80220, 1873, 100, 0, 0, 6, 0, 5875);
replace into `npc_trainer` values (80220, 1875, 10, 0, 0, 1, 0, 5875);
replace into `npc_trainer` values (80220, 1937, 100, 0, 0, 8, 0, 5875);
replace into `npc_trainer` values (80220, 10321, 100, 0, 0, 4, 0, 5875);
replace into `npc_trainer` values (80220, 19741, 100, 0, 0, 4, 0, 5875);
replace into `npc_trainer` values (80220, 21083, 100, 0, 0, 6, 0, 5875);

replace into `creature_template` values (80221, 0, 16765, 0, 0, 0, 'Priestess Maelah Sunsworn', 'Priest Trainer', 4665, 5, 5, 166, 166, 190, 190, 20, 12, 19, 1, 1.14286, 0, 20, 5, 0, 0, 1, 6, 8, 0, 52, 1, 1500, 2000, 1, 4864, 0, 0, 0, 0, 5, 0, 8.624, 11.858, 100, 7, 0, 0, 0, 0, 0, 0, 0, 0, 0, 0, 0, 0, 0, 0, 0, 0, 0, 0, '', 0, 3, 0, 0, 3, 375, 0, 0, 0, 0, 524298, '');

update creature_template set faction = 371 where entry = 80221;

SET @gossip_menu_id = 56544;
SET @magic_number = 80221; -- Priest
replace into gossip_menu (entry, text_id, condition_id) VALUES (@gossip_menu_id, @magic_number, '0'); 
replace into broadcast_text (ID, MaleText) values (@magic_number, 'These are dark times, $N, but we must guide our kin to the Light.  Their wounds have to be tended to as best as we can.');
replace into npc_text (ID, BroadcastTextID0) values (@magic_number, @magic_number);
update creature_template set gossip_menu_id = @gossip_menu_id where entry = @magic_number;

replace into `npc_trainer` values (80221, 1255, 10, 0, 0, 1, 0, 5875);
replace into `npc_trainer` values (80221, 1258, 100, 0, 0, 4, 0, 5875);
replace into `npc_trainer` values (80221, 1275, 100, 0, 0, 6, 0, 5875);
replace into `npc_trainer` values (80221, 2056, 100, 0, 0, 4, 0, 5875);
replace into `npc_trainer` values (80221, 2851, 100, 0, 0, 6, 0, 5875);

REPLACE INTO `creature_template`VALUES (80223, 0, 16796, 0, 0, 0, 'Leela the Shadow', 'Rogue Trainer', 0, 8, 8, 334, 334, 297, 297, 20, 29, 18, 1, 1.14286, 0, 20, 5, 0, 0, 1, 7, 10, 0, 58, 1, 2000, 2000, 1, 4864, 0, 0, 0, 0, 4, 0, 13.5872, 18.6824, 100, 7, 0, 0, 0, 0, 0, 0, 0, 0, 0, 0, 0, 0, 0, 0, 0, 0, 0, 0, 'EventAI', 0, 3, 0, 0, 3, 3155, 0, 0, 0, 0, 524298, '');

update creature_template set faction = 371 where entry = 80223;
update creature_template set npc_flags = 19 where entry = 80223;

SET @gossip_menu_id = 56545;
SET @magic_number = 80223; -- Rogue
replace into gossip_menu (entry, text_id, condition_id) VALUES (@gossip_menu_id, @magic_number, '0'); 
replace into broadcast_text (ID, MaleText) values (@magic_number, 'Whether you want to steal from a noble\'s pocket, delve into the shadows, or lockpick someone\'s chest, remember the Sunwell.');
replace into npc_text (ID, BroadcastTextID0) values (@magic_number, @magic_number);
update creature_template set gossip_menu_id = @gossip_menu_id where entry = @magic_number;

REPLACE INTO `npc_trainer` VALUES (80223, 1762, 100, 0, 0, 6, 0, 5875);
REPLACE INTO `npc_trainer` VALUES (80223, 1780, 100, 0, 0, 6, 0, 5875);
REPLACE INTO `npc_trainer` VALUES (80223, 1789, 10, 0, 0, 1, 0, 5875);
REPLACE INTO `npc_trainer` VALUES (80223, 2592, 100, 0, 0, 4, 0, 5875);
REPLACE INTO `npc_trainer` VALUES (80223, 5167, 100, 0, 0, 4, 0, 5875);

replace into `creature_template` values (80222, 0, 16655, 0, 0, 0, 'Melonius Silvershine', 'Mail Armor Merchant', 0, 10, 10, 413, 413, 0, 0, 20, 29, 16388, 1.1, 1.14286, 0, 20, 5, 0, 0, 1, 9, 13, 0, 62, 1, 2000, 2101, 1, 4864, 0, 0, 0, 0, 0, 0, 16.808, 23.111, 100, 7, 0, 0, 0, 0, 0, 0, 0, 0, 0, 0, 0, 0, 0, 0, 0, 0, 0, 0, 'EventAI', 0, 3, 0, 0, 3, 3161, 0, 0, 0, 0, 524298, '');

update creature_template set faction = 371 where entry = 80222; 
update creature_template set equipment_id = 0 where entry = 80222;

replace into `npc_vendor` values
(80222, 2129, 0, 0, 0, 0),
(80222, 2379, 0, 0, 0, 0),
(80222, 2380, 0, 0, 0, 0),
(80222, 2381, 0, 0, 0, 0),
(80222, 2383, 0, 0, 0, 0),
(80222, 2384, 0, 0, 0, 0),
(80222, 2385, 0, 0, 0, 0),
(80222, 17184, 0, 0, 0, 0);

replace into `creature_template` values (80224, 0, 16592, 16676, 16682, 16289, 'Captured Refugee', '', 0, 5, 5, 319, 319, 0, 0, 852, 84, 2, 1, 1.14286, 0, 20, 5, 0, 0, 1, 24, 31, 0, 90, 1, 2000, 2000, 1, 512, 0, 0, 0, 0, 0, 0, 31.856, 43.802, 100, 7, 4096, 0, 0, 0, 0, 0, 0, 0, 30, 0, 0, 0, 0, 0, 0, 0, 0, 0, '', 0, 1, 0, 0, 3, 4276, 0, 0, 0, 0, 2, '');

update creature_template set equipment_id = 0 where entry = 80224;

replace into `creature_template` values (80225, 0, 16825, 17658, 16103, 16704, 'Captured Refugee', '', 0, 5, 5, 319, 319, 0, 0, 852, 84, 2, 1, 1.14286, 0, 20, 5, 0, 0, 1, 24, 31, 0, 90, 1, 2000, 2000, 1, 512, 0, 0, 0, 0, 0, 0, 31.856, 43.802, 100, 7, 4096, 0, 0, 0, 0, 0, 0, 0, 30, 0, 0, 0, 0, 0, 0, 0, 0, 0, '', 0, 1, 0, 0, 3, 4276, 0, 0, 0, 0, 2, '');

update creature_template set equipment_id = 0 where entry = 80225;

replace into `creature_template` values (80226, 0, 1435, 2027, 2045, 1297, 'Caravan Escort', '', 0, 55, 55, 4700, 4700, 0, 0, 20, 85, 0, 1, 1.42857, 0, 20, 5, 0, 0, 1, 154, 222, 0, 248, 1, 2000, 2000, 1, 36864, 0, 0, 0, 0, 0, 0, 0, 0, 0, 7, 0, 0, 0, 0, 0, 0, 0, 0, 0, 0, 0, 0, 0, 0, 35021, 0, 0, 0, 'EventAI', 0, 3, 0, 0, 3, 16096, 0, 0, 0, 0, 524288, '');

update creature_template set equipment_id = 1423 where entry = 80226;
update creature_template set faction = 12 where entry = 80226;

REPLACE INTO `creature_template` values (80227, 0, 17676, 0, 0, 0, 'Ashanya Quel\'belore', 'Innkeeper', 1293, 30, 30, 1605, 1605, 0, 0, 1200, 80, 135, 1, 1.14286, 0, 20, 5, 0, 0, 1, 42, 53, 0, 122, 1, 2000, 2000, 1, 4608, 0, 0, 0, 0, 0, 0, 45.144, 62.073, 100, 7, 0, 0, 0, 0, 0, 0, 0, 0, 0, 0, 0, 0, 0, 0, 0, 0, 0, 0, '', 0, 3, 0, 0, 3, 6736, 0, 0, 0, 0, 524298, '');

SET @gossip_menu_id = 56551;
SET @magic_number = 80227; -- Innkeeper
replace into gossip_menu (entry, text_id, condition_id) VALUES (@gossip_menu_id, @magic_number, '0'); 
replace into broadcast_text (ID, MaleText) values (@magic_number, 'You\'ve traveled a long way, kin. Rest your weary bones under our roof, and may the eternal sun shine upon you.');
replace into npc_text (ID, BroadcastTextID0) values (@magic_number, @magic_number);
update creature_template set gossip_menu_id = @gossip_menu_id where entry = @magic_number;


replace into`creature_template` values (80228, 0, 16818, 0, 0, 0, 'Toranial Mishulas', 'Apprentice Weapon Master', 5271, 50, 50, 6830, 6830, 0, 0, 2999, 12, 17, 1, 1.14286, 0, 20, 5, 0, 1, 1, 292, 333, 0, 226, 1, 1500, 2000, 1, 4096, 0, 0, 2, 0, 0, 0, 55.36, 76.12, 100, 7, 0, 0, 0, 0, 0, 0, 0, 0, 0, 0, 0, 0, 0, 0, 0, 0, 0, 0, 'EventAI', 0, 3, 0, 0, 3, 11867, 0, 0, 0, 0, 524298, '');
update creature_template set npc_flags = 0, trainer_type = 0, gossip_menu_id = 0 where entry = 80228;
update creature_template set faction = 371 where entry = 80228;

-- Misc. fixes.:

update gameobject_template set size = 0.5 where entry = 2003285;
update gameobject_template set displayid = 32841 where entry = 2010516;
update creature_template set faction = 371 where entry in (80208, 80209, 80210,80213,80214,80224,80225,80227);
update creature_template set faction = 371 where entry = 1156;

-- Starting items:

replace into item_template values

 ('24146', '0', '4', '0', 'Initiate\'s Boots', '', '36793', '0', '0', '1', '1', '1', '8', '-1', '-1', '1',
 '0', '0', '0', '0', '0', '0', '0', '0', '0', '1', '0', '0', '0', '0', '0',
 '0', '0', '0', '0', '0', '0', '0', '0', '0', '0', '0', '0', '0', '0', '0', '0', '0', '0',
 '0', '0', '0', '0', '0', '0', '0', '0', '0', '0', '0', '0', '0', '0', '0', '0', '0', '0', '0', '0', '0',
 '0', '0', '0', '0', '0', '0', '0', '-1', '0', '-1', '0', '0', '0', '0', '-1', '0', '-1', '0', '0',
 '0', '0', '-1', '0', '-1', '0', '0', '0', '0', '-1', '0', '-1', '0', '0', '0', '0', '-1', '0',
 '-1', '0', '0', '0', '0', '0', '0', '7', '0', '0', '0', '0', '0', '0', '0', '0', '0', '0', '0', '0',
 '0', '1', NULL), 

 ('24143', '0', '4', '0', 'Initiate\'s Shirt', '', '36789', '0', '0', '1', '1', '1', '4', '-1', '-1', '1',
 '0', '0', '0', '0', '0', '0', '0', '0', '0', '1', '0', '0', '0', '0', '0',
 '0', '0', '0', '0', '0', '0', '0', '0', '0', '0', '0', '0', '0', '0', '0', '0', '0', '0',
 '0', '0', '0', '0', '0', '0', '0', '0', '0', '0', '0', '0', '0', '0', '0', '0', '0', '0', '0', '0', '0',
 '0', '0', '0', '0', '0', '0', '0', '-1', '0', '-1', '0', '0', '0', '0', '-1', '0', '-1', '0', '0',
 '0', '0', '-1', '0', '-1', '0', '0', '0', '0', '-1', '0', '-1', '0', '0', '0', '0', '-1', '0',
 '-1', '0', '0', '0', '0', '0', '0', '7', '0', '0', '0', '0', '0', '0', '0', '0', '0', '0', '0', '0',
 '0', '1', NULL), 

 ('24145', '0', '4', '1', 'Initiate\'s Pants', '', '36790', '0', '0', '1', '1', '1', '7', '-1', '-1', '1',
 '0', '0', '0', '0', '0', '0', '0', '0', '0', '1', '0', '0', '0', '0', '0',
 '0', '0', '0', '0', '0', '0', '0', '0', '0', '0', '0', '0', '0', '0', '0', '0', '0', '0',
 '0', '0', '0', '0', '0', '0', '0', '0', '0', '0', '0', '0', '0', '0', '0', '0', '0', '2', '0', '0', '0',
 '0', '0', '0', '0', '0', '0', '0', '-1', '0', '-1', '0', '0', '0', '0', '-1', '0', '-1', '0', '0',
 '0', '0', '-1', '0', '-1', '0', '0', '0', '0', '-1', '0', '-1', '0', '0', '0', '0', '-1', '0',
 '-1', '0', '0', '0', '0', '0', '0', '7', '0', '0', '0', '25', '0', '0', '0', '0', '0', '0', '0', '0',
 '0', '1', NULL), 

 ('20895', '0', '4', '0', 'Apprentice\'s Boots', '', '33260', '0', '0', '1', '1', '1', '8', '-1', '-1', '1',
 '0', '0', '0', '0', '0', '0', '0', '0', '0', '1', '0', '0', '0', '0', '0',
 '0', '0', '0', '0', '0', '0', '0', '0', '0', '0', '0', '0', '0', '0', '0', '0', '0', '0',
 '0', '0', '0', '0', '0', '0', '0', '0', '0', '0', '0', '0', '0', '0', '0', '0', '0', '0', '0', '0', '0',
 '0', '0', '0', '0', '0', '0', '0', '-1', '0', '-1', '0', '0', '0', '0', '-1', '0', '-1', '0', '0',
 '0', '0', '-1', '0', '-1', '0', '0', '0', '0', '-1', '0', '-1', '0', '0', '0', '0', '-1', '0',
 '-1', '0', '0', '0', '0', '0', '0', '7', '0', '0', '0', '0', '0', '0', '0', '0', '0', '0', '0', '0',
 '0', '1', NULL), 

 ('20893', '0', '4', '1', 'Apprentice\'s Robe', '', '33258', '0', '0', '1', '1', '1', '5', '-1', '-1', '1',
 '0', '0', '0', '0', '0', '0', '0', '0', '0', '1', '0', '0', '0', '0', '0',
 '0', '0', '0', '0', '0', '0', '0', '0', '0', '0', '0', '0', '0', '0', '0', '0', '0', '0',
 '0', '0', '0', '0', '0', '0', '0', '0', '0', '0', '0', '0', '0', '0', '0', '0', '0', '3', '0', '0', '0',
 '0', '0', '0', '0', '0', '0', '0', '-1', '0', '-1', '0', '0', '0', '0', '-1', '0', '-1', '0', '0',
 '0', '0', '-1', '0', '-1', '0', '0', '0', '0', '-1', '0', '-1', '0', '0', '0', '0', '-1', '0',
 '-1', '0', '0', '0', '0', '0', '0', '7', '0', '0', '0', '35', '0', '0', '0', '0', '0', '0', '0', '0',
 '0', '1', NULL), 

 ('20891', '0', '4', '1', 'Neophyte\'s Robe', '', '33256', '0', '0', '1', '1', '1', '5', '-1', '-1', '1',
 '0', '0', '0', '0', '0', '0', '0', '0', '0', '1', '0', '0', '0', '0', '0',
 '0', '0', '0', '0', '0', '0', '0', '0', '0', '0', '0', '0', '0', '0', '0', '0', '0', '0',
 '0', '0', '0', '0', '0', '0', '0', '0', '0', '0', '0', '0', '0', '0', '0', '0', '0', '3', '0', '0', '0',
 '0', '0', '0', '0', '0', '0', '0', '-1', '0', '-1', '0', '0', '0', '0', '-1', '0', '-1', '0', '0',
 '0', '0', '-1', '0', '-1', '0', '0', '0', '0', '-1', '0', '-1', '0', '0', '0', '0', '-1', '0',
 '-1', '0', '0', '0', '0', '0', '0', '7', '0', '0', '0', '35', '0', '0', '0', '0', '0', '0', '0', '0',
 '0', '1', NULL), 

 ('20898', '0', '4', '0', 'Lookout\'s Boots', '', '36764', '0', '0', '1', '1', '1', '8', '-1', '-1', '1',
 '0', '0', '0', '0', '0', '0', '0', '0', '0', '1', '0', '0', '0', '0', '0',
 '0', '0', '0', '0', '0', '0', '0', '0', '0', '0', '0', '0', '0', '0', '0', '0', '0', '0',
 '0', '0', '0', '0', '0', '0', '0', '0', '0', '0', '0', '0', '0', '0', '0', '0', '0', '0', '0', '0', '0',
 '0', '0', '0', '0', '0', '0', '0', '-1', '0', '-1', '0', '0', '0', '0', '-1', '0', '-1', '0', '0',
 '0', '0', '-1', '0', '-1', '0', '0', '0', '0', '-1', '0', '-1', '0', '0', '0', '0', '-1', '0',
 '-1', '0', '0', '0', '0', '0', '0', '7', '0', '0', '0', '0', '0', '0', '0', '0', '0', '0', '0', '0',
 '0', '1', NULL), 

 ('20897', '0', '4', '0', 'Lookout\'s Shirt', '', '33353', '0', '0', '1', '1', '1', '4', '-1', '-1', '1',
 '0', '0', '0', '0', '0', '0', '0', '0', '0', '1', '0', '0', '0', '0', '0',
 '0', '0', '0', '0', '0', '0', '0', '0', '0', '0', '0', '0', '0', '0', '0', '0', '0', '0',
 '0', '0', '0', '0', '0', '0', '0', '0', '0', '0', '0', '0', '0', '0', '0', '0', '0', '0', '0', '0', '0',
 '0', '0', '0', '0', '0', '0', '0', '-1', '0', '-1', '0', '0', '0', '0', '-1', '0', '-1', '0', '0',
 '0', '0', '-1', '0', '-1', '0', '0', '0', '0', '-1', '0', '-1', '0', '0', '0', '0', '-1', '0',
 '-1', '0', '0', '0', '0', '0', '0', '7', '0', '0', '0', '0', '0', '0', '0', '0', '0', '0', '0', '0',
 '0', '1', NULL),  

 ('20896', '0', '4', '1', 'Lookout\'s Pants', '', '33342', '0', '0', '1', '1', '1', '7', '-1', '-1', '1',
 '0', '0', '0', '0', '0', '0', '0', '0', '0', '1', '0', '0', '0', '0', '0',
 '0', '0', '0', '0', '0', '0', '0', '0', '0', '0', '0', '0', '0', '0', '0', '0', '0', '0',
 '0', '0', '0', '0', '0', '0', '0', '0', '0', '0', '0', '0', '0', '0', '0', '0', '0', '2', '0', '0', '0',
 '0', '0', '0', '0', '0', '0', '0', '-1', '0', '-1', '0', '0', '0', '0', '-1', '0', '-1', '0', '0',
 '0', '0', '-1', '0', '-1', '0', '0', '0', '0', '-1', '0', '-1', '0', '0', '0', '0', '-1', '0',
 '-1', '0', '0', '0', '0', '0', '0', '7', '0', '0', '0', '25', '0', '0', '0', '0', '0', '0', '0', '0',
 '0', '1', NULL), 

 ('20900', '0', '4', '0', 'Warder\'s Boots', '', '33350', '0', '0', '1', '1', '1', '8', '-1', '-1', '1',
 '0', '0', '0', '0', '0', '0', '0', '0', '0', '1', '0', '0', '0', '0', '0',
 '0', '0', '0', '0', '0', '0', '0', '0', '0', '0', '0', '0', '0', '0', '0', '0', '0', '0',
 '0', '0', '0', '0', '0', '0', '0', '0', '0', '0', '0', '0', '0', '0', '0', '0', '0', '0', '0', '0', '0',
 '0', '0', '0', '0', '0', '0', '0', '-1', '0', '-1', '0', '0', '0', '0', '-1', '0', '-1', '0', '0',
 '0', '0', '-1', '0', '-1', '0', '0', '0', '0', '-1', '0', '-1', '0', '0', '0', '0', '-1', '0',
 '-1', '0', '0', '0', '0', '0', '0', '7', '0', '0', '0', '0', '0', '0', '0', '0', '0', '0', '0', '0',
 '0', '1', NULL), 

 ('20901', '0', '4', '0', 'Warder\'s Shirt', '', '33352', '0', '0', '1', '1', '1', '4', '-1', '-1', '1',
 '0', '0', '0', '0', '0', '0', '0', '0', '0', '1', '0', '0', '0', '0', '0',
 '0', '0', '0', '0', '0', '0', '0', '0', '0', '0', '0', '0', '0', '0', '0', '0', '0', '0',
 '0', '0', '0', '0', '0', '0', '0', '0', '0', '0', '0', '0', '0', '0', '0', '0', '0', '0', '0', '0', '0',
 '0', '0', '0', '0', '0', '0', '0', '-1', '0', '-1', '0', '0', '0', '0', '-1', '0', '-1', '0', '0',
 '0', '0', '-1', '0', '-1', '0', '0', '0', '0', '-1', '0', '-1', '0', '0', '0', '0', '-1', '0',
 '-1', '0', '0', '0', '0', '0', '0', '7', '0', '0', '0', '0', '0', '0', '0', '0', '0', '0', '0', '0',
 '0', '1', NULL), 

 ('20899', '0', '4', '1', 'Warder\'s Pants', '', '33351', '0', '0', '1', '1', '1', '7', '-1', '-1', '1',
 '0', '0', '0', '0', '0', '0', '0', '0', '0', '1', '0', '0', '0', '0', '0',
 '0', '0', '0', '0', '0', '0', '0', '0', '0', '0', '0', '0', '0', '0', '0', '0', '0', '0',
 '0', '0', '0', '0', '0', '0', '0', '0', '0', '0', '0', '0', '0', '0', '0', '0', '0', '2', '0', '0', '0',
 '0', '0', '0', '0', '0', '0', '0', '-1', '0', '-1', '0', '0', '0', '0', '-1', '0', '-1', '0', '0',
 '0', '0', '-1', '0', '-1', '0', '0', '0', '0', '-1', '0', '-1', '0', '0', '0', '0', '-1', '0',
 '-1', '0', '0', '0', '0', '0', '0', '7', '0', '0', '0', '25', '0', '0', '0', '0', '0', '0', '0', '0',
 '0', '1', NULL);
 
-- Pelts and Tusks 

replace into item_template values
 ('80232', '0', '15', '0', 'Young Boar Meat', '', '25472', '1', '0', '1', '0', '0', '0', '-1', '-1', '0',
 '0', '0', '0', '0', '0', '0', '0', '0', '0', '1', '0', '0', '0', '0', '0',
 '0', '0', '0', '0', '0', '0', '0', '0', '0', '0', '0', '0', '0', '0', '0', '0', '0', '0',
 '0', '0', '0', '0', '0', '0', '0', '0', '0', '0', '0', '0', '0', '0', '0', '0', '0', '0', '0', '0', '0',
 '0', '0', '0', '0', '0', '0', '0', '-1', '0', '-1', '0', '0', '0', '0', '-1', '0', '-1', '0', '0',
 '0', '0', '-1', '0', '-1', '0', '0', '0', '0', '-1', '0', '-1', '0', '0', '0', '0', '-1', '0',
 '-1', '4', '0', '0', '0', '0', '0', '0', '0', '0', '0', '0', '0', '0', '0', '0', '0', '0', '0', '0',
 '0', '1', NULL);
 
update item_template set stackable = 10 where entry = 80232;
 
replace into item_template values
 ('80233', '0', '15', '0', 'Young Bear Pelt', '', '1495', '1', '0', '1', '0', '0', '0', '-1', '-1', '0',
 '0', '0', '0', '0', '0', '0', '0', '0', '0', '1', '0', '0', '0', '0', '0',
 '0', '0', '0', '0', '0', '0', '0', '0', '0', '0', '0', '0', '0', '0', '0', '0', '0', '0',
 '0', '0', '0', '0', '0', '0', '0', '0', '0', '0', '0', '0', '0', '0', '0', '0', '0', '0', '0', '0', '0',
 '0', '0', '0', '0', '0', '0', '0', '-1', '0', '-1', '0', '0', '0', '0', '-1', '0', '-1', '0', '0',
 '0', '0', '-1', '0', '-1', '0', '0', '0', '0', '-1', '0', '-1', '0', '0', '0', '0', '-1', '0',
 '-1', '4', '0', '0', '0', '0', '0', '0', '0', '0', '0', '0', '0', '0', '0', '0', '0', '0', '0', '0',
 '0', '1', NULL);
 
update item_template set stackable = 10 where entry = 80233;
 
replace into `item_template` values (80234, 0, 4, 1, 'Bear Hide Cape', '', 23054, 0, 0, 1, 11, 2, 16, -1, -1, 3, 1, 0, 0, 0, 0, 0, 0, 0, 0, 1, 0, 0, 0, 0, 0, 0, 0, 0, 0, 0, 0, 0, 0, 0, 0, 0, 0, 0, 0, 0, 0, 0, 0, 0, 0, 0, 0, 0, 0, 0, 0, 0, 0, 0, 0, 0, 0, 0, 0, 0, 3, 0, 0, 0, 0, 0, 0, 0, 0, 0, 0, -1, 0, -1, 0, 0, 0, 0, -1, 0, -1, 0, 0, 0, 0, -1, 0, -1, 0, 0, 0, 0, -1, 0, -1, 0, 0, 0, 0, 0, 0, 0, 0, 0, 0, 0, 0, 0, 7, 0, 0, 0, 0, 0, 0, 0, 0, 0, 0, 0, 0, 0, 1, NULL);

update item_template set quality = 1 where entry = 80234;
update item_template set armor = 6 where entry = 80234;

REPLACE INTO `creature_template` VALUES (80507, 7, 8869, 503, 607, 0, 'Young Boar', NULL, 0, 1, 2, 42, 54, 0, 0, 16, 189, 0, 1, 0.857143, 0, 20, 5, 0, 0, 1, 0, 1, 0, 46, 1, 2000, 2000, 1, 0, 0, 5, 0, 0, 0, 0, 3.5024, 4.8158, 100, 1, 1, 80507, 0, 100008, 0, 0, 0, 0, 0, 0, 0, 0, 0, 0, 0, 9083, 0, 0, '', 1, 1, 0, 0, 3, 0, 0, 0, 0, 0, 2, '');

REPLACE INTO `creature_template` VALUES (80508, 7, 1006, 8843, 719, 0, 'Young Bear', NULL, 0, 1, 2, 42, 54, 0, 0, 16, 189, 0, 1, 0.857143, 0, 20, 5, 0, 0, 1, 0, 1, 0, 46, 1, 2000, 2000, 1, 0, 0, 5, 0, 0, 0, 0, 3.5024, 4.8158, 100, 1, 1, 80508, 0, 100008, 0, 0, 0, 0, 0, 0, 0, 0, 0, 0, 0, 9083, 0, 0, '', 1, 1, 0, 0, 3, 0, 0, 0, 0, 0, 2, '');

update creature_template set scale = 0.7 where entry in (80507, 80508);

delete from creature_loot_template where entry = 80507;
replace into creature_loot_template (entry, item, chanceorquestchance, groupid, mincountorref, maxcount) values 
(80507, 80232, -100, 1, 1, 1),
(80507, 117, 17.4022, 0, 1, 2),
(80507, 769, 0.0081, 0, 1, 1),
(80507, 805, 0.25, 0, 1, 1),
(80507, 828, 0.25, 0, 1, 1),
(80507, 4496, 0.25, 0, 1, 1),
(80507, 4865, 48.6375, 0, 1, 2),
(80507, 5571, 0.25, 0, 1, 1),
(80507, 5572, 0.25, 0, 1, 1),
(80507, 7098, 48.9298, 0, 1, 2),
(80507, 30017, 2.5, 0, -30017, 1);

delete from creature_loot_template where entry = 80508;
replace into creature_loot_template (entry, item, chanceorquestchance, groupid, mincountorref, maxcount) values 
(80508, 80233, -100, 1, 1, 1),
(80508, 117, 17.4022, 0, 1, 2),
(80508, 769, 0.0081, 0, 1, 1),
(80508, 805, 0.25, 0, 1, 1),
(80508, 828, 0.25, 0, 1, 1),
(80508, 4496, 0.25, 0, 1, 1),
(80508, 4865, 48.6375, 0, 1, 2),
(80508, 5571, 0.25, 0, 1, 1),
(80508, 5572, 0.25, 0, 1, 1),
(80508, 7098, 48.9298, 0, 1, 2),
(80508, 30017, 2.5, 0, -30017, 1);
 
set @quest_entry = 80217;
set @quest_zone = 1519;
set @title = 'Pelts and Tusks';
set @description = 'To prove yourself to me, $N, I will have you go around the lodge and search for the many piglets and cubs that made their home close to here.\n\nYour kin will also need clothes and armor made from their hides. While I am not the best leatherworker, I could still make a few pieces of gear.\n\nFive pelts of the bear cubs and five chunks of meat from the piglets will be enough to prove your worth.\n\nCome back when you have everything.';
set @objective = 'Bring 5 Young Bear Pelts and 5 pieces of Young Boar Meat to Marek Ironheart in the Farstrider Lodge.';
set @completetext = 'Ah, yes. While these clearly weren\'t harvested by an expert, you did a pretty good job. Very well, $N, you\'ve proven to be a capable $R. You know, some might not see them as very dangerous, but indeed they are. Here, some coin for your troubles, and I made you a cape from the remaining pelts.';
set @incompletetext = 'Are you done yet, $N? We need the supplies.';
set @faction_id = 0;
set @faction_count = 0;
set @xp_or_money = 185;
set @reward_money = 80; 
set @quest_level = 2;
set @min_level = 2;
set @questgiver_id = 1154;
set @quest_finisher = 1154;
set @nextquest = 0;
set @nextquestinchain = 0;
set @prevquest = 0;
set @RewChoiceItemId1 = 0; 
set @RewChoiceItemId2 = 0; 
set @RewChoiceItemId3 = 0;
set @RewChoiceItemId4 = 0; 
set @RewChoiceItemCount1 = 0;
set @RewChoiceItemCount2 = 0;
set @RewChoiceItemCount3 = 0;
set @RewChoiceItemCount4 = 0;
set @reward_item_1 = 80234;
set @reward_item_2 = 0; 
set @reward_item_3 = 0;
set @reward_item_4 = 0;
set @reward_item_1_count = 1;
set @reward_item_2_count = 0;
set @reward_item_3_count = 0;
set @reward_item_4_count = 0;
set @creature_to_kill_1 = 0;
set @creature_to_kill_2 = 0; 
set @creature_to_kill_3 = 0;
set @creature_to_kill_4 = 0;
set @creature_to_kill_1_count = 0;
set @creature_to_kill_2_count = 0;
set @creature_to_kill_3_count = 0;
set @creature_to_kill_4_count = 0;
set @required_item_1 = 80232; 
set @required_item_2 = 80233;
set @required_item_3 = 0;
set @required_item_4 = 0;
set @required_item_1_count = 5;
set @required_item_2_count = 5;
set @required_item_3_count = 0;
set @required_item_4_count = 0;

replace into quest_template values 

(@quest_entry, '0', '2', @quest_zone, @min_level,  '0', @quest_level, '0', '0', '0', '0', '0', '0', '0', '0', '0','0', '0', '0', '0', '0', '0', '0', '0', '0', '0', '0', '0', '0', @title, @description, @objective, @completetext, @incompletetext, '', '', '', '', '', '0', '0', '0', '0', '0', '0', '0', '0', '0', '0', '0', '0', '0', '0', '0', '0', '0', '0', '0', '0', '0', '0', '0', '0', '0', '0', '0', '0', '0', '0', '0', '0', '0', '0', '0', '0', '0', '0', '0', '0', '0', '0', '0', '0', '0', '0', '0', '0', @faction_id, '0', '0', '0', '0', @faction_count, '0', '0', '0', '0', '0', @xp_or_money, '0', '0', '0', '0', '0', '0', '0', '0', '0', '0', '0', '0', '0', '0', '0', '0', '0', '0', '0', '0', '0', '0', '0', '0', '0', '0','0', 0, 0);
     
replace into creature_questrelation (id, quest, patch_min, patch_max) values (@questgiver_id, @quest_entry,'0','10'); 
replace into creature_involvedrelation (id, quest, patch_min, patch_max) values (@quest_finisher, @quest_entry,'0','10');
	 
update quest_template set 
rewitemid1 = @reward_item_1, rewitemcount1 = @reward_item_1_count,
rewitemid2 = @reward_item_2, rewitemcount2 = @reward_item_2_count,
rewitemid3 = @reward_item_3, rewitemcount3 = @reward_item_3_count,
rewitemid4 = @reward_item_4, rewitemcount4 = @reward_item_4_count,
RewChoiceItemId1 = @RewChoiceItemId1, RewChoiceItemCount1 = @RewChoiceItemCount1,
RewChoiceItemId2 = @RewChoiceItemId2, RewChoiceItemCount2 = @RewChoiceItemCount2,
RewChoiceItemId3 = @RewChoiceItemId3, RewChoiceItemCount3 = @RewChoiceItemCount3,
RewChoiceItemId4 = @RewChoiceItemId4, RewChoiceItemCount4 = @RewChoiceItemCount4,
ReqCreatureOrGOId1 = @creature_to_kill_1, ReqCreatureOrGOCount1 = @creature_to_kill_1_count,
ReqCreatureOrGOId2 = @creature_to_kill_2, ReqCreatureOrGOCount2 = @creature_to_kill_2_count,
ReqCreatureOrGOId3 = @creature_to_kill_3, ReqCreatureOrGOCount3 = @creature_to_kill_3_count,
ReqCreatureOrGOId4 = @creature_to_kill_4, ReqCreatureOrGOCount4 = @creature_to_kill_4_count,
reqitemid1 = @required_item_1, reqitemcount1 = @required_item_1_count,
reqitemid2 = @required_item_2, reqitemcount2 = @required_item_2_count,
reqitemid3 = @required_item_3, reqitemcount3 = @required_item_3_count,
reqitemid4 = @required_item_4, reqitemcount4 = @required_item_4_count,
nextquestid = @nextquest, RewOrReqMoney = @reward_money, 
nextquestinchain = @nextquestinchain, prevquestid = @prevquest 
where entry = @quest_entry;	 

update creature set spawntimesecsmin = 100, spawntimesecsmax = 200 where id in (80200,80202,80219,80221,80220,80208,80209,80208,80208,80209,80209,80209,80214,80215,80217,80213,80218,80201,80201,80201,80201,80201,80226,80226,10930,1686,1687,954,80223,80226,80226,80226,80226,80216,80216,80216,80208,80208,80226,80226,80208,80226,40009,80209,80209,80209,80208,80208,80208,80208,80216,80216,80216,80216,80216,80216,80216,80216,80227,1685,1155,40013,80216,80216,80216,80216,80216,80216,80216,80216,80216,80216,80216,80216,80250,80250,80250,40013,40013,40019,40013,40013,80209,40013,40013,80250,80250,80216,80216,80216,80216,80216,40012,80216,80208,80506,40012,80228,14268,1194,1194,1194,1194,1194,80207,80205,80207,80207,80207,80207,80207,80207,80207,80207,80207,80207,80207,80207,80207,80207,80207,80208,80207,80207,80226,80226,80226,6491,80210,80224,80225,80222,1412,1412,1412,721,721,1412,721,80257,80257,80257,80257,80257,80257,80257,80257,80257,80257,80257,80257,80257,80257,80257,80257,80257,80257,80257,80257,80257,80507,80508);

-- Arisha respawn timer:

update creature set spawntimesecsmin = 1, spawntimesecsmax = 2 where id = 80210;

-- Starting food items:

REPLACE INTO `item_template` VALUES (80250, 0, 0, 0, 'Sun-Parched Waterskin', '', 29439, 1, 0, 5, 25, 1, 0, -1, -1, 5, 1, 0, 0, 0, 0, 0, 0, 0, 0, 20, 0, 0, 0, 0, 0, 0, 0, 0, 0, 0, 0, 0, 0, 0, 0, 0, 0, 0, 0, 0, 0, 0, 0, 0, 0, 0, 0, 0, 0, 0, 0, 0, 0, 0, 0, 0, 0, 0, 0, 0, 0, 0, 0, 0, 0, 0, 0, 430, 0, -1, 0, 0, 59, 1000, 0, 0, 0, 0, -1, 0, -1, 0, 0, 0, 0, -1, 0, -1, 0, 0, 0, 0, -1, 0, -1, 0, 0, 0, 0, 0, 0, 0, 0, 0, 0, 0, 0, 0, 0, 0, 0, 0, 0, 0, 0, 0, 0, 0, 0, 0, 0, 0, 1, NULL);
REPLACE INTO `item_template` VALUES (80251, 0, 0, 0, 'Crusty Flatbread', '', 1483, 1, 0, 5, 25, 1, 0, -1, -1, 5, 1, 0, 0, 0, 0, 0, 0, 0, 0, 20, 0, 0, 0, 0, 0, 0, 0, 0, 0, 0, 0, 0, 0, 0, 0, 0, 0, 0, 0, 0, 0, 0, 0, 0, 0, 0, 0, 0, 0, 0, 0, 0, 0, 0, 0, 0, 0, 0, 0, 0, 0, 0, 0, 0, 0, 0, 0, 433, 0, -1, 0, 0, 11, 1000, 0, 0, 0, 0, 0, 0, 0, 0, 0, 0, 0, 0, 0, 0, 0, 0, 0, 0, 0, 0, 0, 0, 0, 0, 0, 0, 0, 0, 0, 0, 0, 0, 0, 0, 0, 0, 0, 0, 0, 0, 0, 0, 0, 0, 3, 0, 0, 0, 1, NULL);