replace into quest_template (entry, method, zoneorsort, requiredclasses, title, details, objectives, offerrewardtext, minlevel, questlevel, questflags, rewrepfaction1, rewrepvalue1, rewxp, rewmoneymaxlevel, requiredraces) values (40010, 2, 493, 1024, 'Antler\’s Guidance', 'While many druids possess the ability to control more than one form, there are some of us, a very select few, who decide to follow only one path and dedicate our lives to one of the Wild Gods.\n\nDruidism is very different for each individual, $n. I think it will be the same for you.\n\nYour task will be to find one of those dedicated few, a Druid of the Antler, who has sworn their life to Malorne.\n\nSeek out Malanys Cloudpiercer.', 'Find Malanys Cloudpiercer.', 'Welcome, young druid. It has been long since someone sought out this path.\n\nYour efforts are commendable and for that you\’ve earned yourself a lesson.', 60, 60, 0, 0, 0, 0, 0, 1101);

replace into quest_template (entry, method, zoneorsort, requiredclasses, title, details, objectives, offerrewardtext, minlevel, questlevel, questflags, rewrepfaction1, rewrepvalue1, rewxp, rewmoneymaxlevel, requiredraces) values (40011, 2, 493, 1024, 'Antler\’s Guidance', 'While many druids possess the ability to control more than one form, there are some of us, a very select few, who decide to follow only one path and dedicate our lives to one of the Wild Gods.\n\nDruidism is very different for each individual, $n. I think it will be the same for you.\n\nYour task will be to find one of those dedicated few, a Druid of the Antler, who has sworn their life to Malorne.\n\nSeek out Ilyara Skyvault.', 'Find Ilyara Skyvault.', 'Welcome, young druid. It has been long since someone sought out this path.\n\nYour efforts are commendable and for that you\’ve earned yourself a lesson.', 60, 60, 0, 0, 0, 0, 0, 690);

replace into creature_template (entry, display_id1, name, level_min, level_max, health_min, health_max, mana_min, mana_max, armor, faction, npc_flags, speed_walk, speed_run, detection_range, call_for_help_range, xp_multiplier, dmg_min, dmg_max, attack_power, dmg_multiplier, base_attack_time, ranged_attack_time, unit_class, unit_flags, ranged_dmg_min, ranged_dmg_max, ranged_attack_power, type, loot_id, gold_min, gold_max, movement_type, inhabit_type, regeneration, script_name) values (60310, 1991, 'Malanys Cloudpiercer', 60, 60, 3296, 3296, 2434, 2434, 2954, 635, 2, 1, 1.14286, 20, 5, 1, 164, 212, 272, 1, 2000, 2000, 2, 4096, 74.448, 102.366, 100, 7, 0, 0, 0, 0, 3, 3, 'npc_malanys_cloudpiercer');

replace into creature_template (entry, display_id1, name, level_min, level_max, health_min, health_max, mana_min, mana_max, armor, faction, npc_flags, speed_walk, speed_run, detection_range, call_for_help_range, xp_multiplier, dmg_min, dmg_max, attack_power, dmg_multiplier, base_attack_time, ranged_attack_time, unit_class, unit_flags, ranged_dmg_min, ranged_dmg_max, ranged_attack_power, type, loot_id, gold_min, gold_max, movement_type, inhabit_type, regeneration, script_name) values (60311, 2161, 'Ilyara Skyvault', 60, 60, 3296, 3296, 2434, 2434, 2954, 635, 2, 1, 1.14286, 20, 5, 1, 164, 212, 272, 1, 2000, 2000, 2, 4096, 74.448, 102.366, 100, 7, 0, 0, 0, 0, 3, 3, 'npc_ilyara_skyvault');

delete from creature where id = 60310;
replace into creature (id, map, position_x, position_y, position_z, orientation, spawntimesecsmin, spawntimesecsmax, wander_distance, health_percent, movement_type, patch_max) values (60310, 1, 2758.663086, 666.268066, 101.623100, 1.23, 300, 300, 3, 100, 0, 10);

delete from creature where id = 60311;
replace into creature (id, map, position_x, position_y, position_z, orientation, spawntimesecsmin, spawntimesecsmax, wander_distance, health_percent, movement_type, patch_max) values (60311, 1, -3589.142578, -2457.026367, 100.089050, 4.71, 300, 300, 3, 100, 0, 10);

replace into creature_questrelation (id, quest) values (11802, 40010);
replace into creature_questrelation (id, quest) values (11802, 40011);
replace into creature_involvedrelation (id, quest) values (60310, 40010);
replace into creature_involvedrelation (id, quest) values (60311, 40011);



replace into quest_template (entry, method, zoneorsort, requiredclasses, minlevel, questlevel, questflags, title, details, objectives, requestitemstext, offerrewardtext, prevquestid, reqitemid1, reqitemcount1, rewrepfaction1, rewrepvalue1, rewxp, rewmoneymaxlevel, rewitemid1, rewitemcount1, requiredraces) values (40012, 2, 493, 1024, 60, 60, 0, 'The White Stag and the Moon', 'As a Druid of the Antler, we have dedicated our lives to Malorne, the White Stag that reached the moon.\n\nOurs is the path of love and tenacity.\n\nLong ago, when Azeroth was born and the first nightfall covered its lands, Elune shone upon the dark night\’s sky with a light so bright that it struck the White Stag\’s heart. During one of his travels in the woods Elune guided him with her light which banished the fear of the dark and brought hope into Malorne\’s soul.\n\nNight after night he chased after her light, each time growing faster and stronger until the day he truly reached the skies.\n\nImpressed by his tenacity and the love he carried for her, Elune decided to make the White Stag her consort.\n\nNot long after, out of their love, our lord Cenarius was born.\n\nThis is the story as it was told for generations, one which you must know if you desire to assume the White Stag\’s form.', 'Speak to Malanys to continue your path.', 'Are you ready to embrace the beauty of the wilds under Elune\'s guiding light just as Malorne did?', 'Now that you are aware of the history you must strengthen your heart and claim these virtues as your own.', 40010, 0, 0, 0, 0, 0, 0, 51056, 1, 1101);

replace into creature_questrelation (id, quest) values (60310, 40012);
replace into creature_involvedrelation (id, quest) values (60310, 40012);



replace into quest_template (entry, method, zoneorsort, requiredclasses, minlevel, questlevel, questflags, title, details, objectives, requestitemstext, offerrewardtext, prevquestid, reqitemid1, reqitemcount1, rewrepfaction1, rewrepvalue1, rewxp, rewmoneymaxlevel, rewitemid1, rewitemcount1, requiredraces) values (40013, 2, 493, 1024, 60, 60, 0, 'The White Stag and The Moon', 'When the world was young and the Shu\’halo rose from the golden mists of the dawn, the Earthmother blessed us with the love of the hunt. The creatures of the first dawn were fierce and savage. They hid from the Earthmother\’s sight finding solace in the shadows and the wilds. Our ancestors hunted these mighty beasts and tamed them with the Earthmother\’s blessing.\n\nApa\’ro, the White Stag, who carried fur as white as the purest of snow, with antlers that pierced the sky and hooves that shook the land itself, eluded the hunters of our ancestors.\n\nFor many nights our ancestors hunted him across the plains and to the ends of the earth. To flee, the great stag leapt into the sky. But, his mighty antlers tangled in the stars. He struggled and struggled to no avail.\n\nIt was in that moment then that Mu\'sha, as she chased after her brother, An\’she, across the heavens, found him and at first glance fell in love with him. The clever moon made a bargain with the proud stag. If he were to end her loneliness and dedicate his love to him she would set him free.\n\nMany moons later from their love, the demi-god, Cenarius, was born.\n\nCenarius was meant to walk the starry path between the waking world and the kingdom of the heavens.\n\nAs a Druid of the Antler, I and many other were touched by the tenacity of the White Stag and the love he held for the wilds and for Mu\’sha. The story I have shared with you was passed from generation to generation to share to those who would choose to walk this path.', 'Speak to Ilyara to continue your path.', 'Are you ready to face the trials and walk in Apa\’ro\’s tracks?', 'The trials ahead will strengthen your heart and soul so that you may take the virtues of the White Stag as your own.', 40011, 0, 0, 0, 0, 0, 0, 51056, 1, 690);

replace into creature_questrelation (id, quest) values (60311, 40013);
replace into creature_involvedrelation (id, quest) values (60311, 40013);

delete from gameobject where id = 70557 and position_x = -3601.469971;
replace into gameobject (id, map, position_x, position_y, position_z, orientation) values (70557, 1, -3601.469971, -2453.580078, 95.696999, 3.27);

delete from gameobject where id = 2005993 and position_x = -3601.389893;
replace into gameobject (id, map, position_x, position_y, position_z, orientation) values (2005993, 1, -3601.389893, -2443.760010, 93.494102, 4.56);

delete from gameobject where id = 2005992 and position_x = -3596.439941;
replace into gameobject (id, map, position_x, position_y, position_z, orientation) values (2005992, 1, -3596.439941, -2440.040039, 93.450699, 5.15);

delete from gameobject where id = 2005992 and position_x = -3591.239990;
replace into gameobject (id, map, position_x, position_y, position_z, orientation) values (2005992, 1, -3591.239990, -2439.939941, 94.137703, 4.83);