
REPLACE INTO `creature_template` VALUES (65124, 0, 9012, 0, 0, 0, 'Mossheart', '', 0, 63, 63, 53951, 53951, 50000, 50000, 5723, 40, 0, 1, 1.14286, 2.2
, 20, 5, 0, 1, 1, 621, 682, 3, 290, 1, 2000, 2000, 1, 0, 0, 0, 0, 0, 0, 0, 220.81, 105.197, 100, 1, 0, 0, 0, 0, 0, 25, 25, 25, 25, 25, 0, 0, 0, 0, 0, 0, 0, 0, '', 0, 3, 0, 0, 1, 0, 0, 0, 0, 0, 0, 'mossheart_cot');
REPLACE INTO `creature_template` VALUES (65122, 0, 2996, 0, 0, 0, 'Rotmaw', '', 0, 63, 63, 54951, 54951, 0, 0, 6273, 40, 0, 1, 1.14286, 1.5, 20, 5, 0, 3, 1, 1189, 1539, 0, 290, 1, 2000, 2000, 1, 0, 0, 0, 0, 0, 0, 0, 220.81, 105.197, 100, 1, 0, 0, 0, 0, 0, 25, 25, 25, 25, 25, 0, 0, 0, 0, 0, 0, 0, 0, '', 0, 3, 0, 0, 1, 0, 0, 0, 0, 0, 0, 'rotmaw_cot');
REPLACE INTO `creature_template` VALUES (65123, 0, 18041, 0, 0, 0, 'Infinite Dragonspawn', '', 0, 62, 62, 16524, 16524, 0, 0, 5553, 40, 0, 1.5, 1.5, 1.5, 1, 5, 0, 1, 1, 852, 979, 0, 290, 1, 2000, 2000, 1, 0, 0, 0, 0, 0, 0, 0, 220.81, 105.197, 100, 2, 0, 0, 0, 0, 0, 25, 25, 25, 25, 25, 0, 0, 0, 0, 0, 0, 0, 0, '', 0, 3, 0, 0, 1, 82000, 0, 0, 0, 0, 0, '');
REPLACE INTO `creature_template` VALUES (65124, 0, 9012, 0, 0, 0, 'Mossheart', '', 0, 63, 63, 53951, 53951, 50000, 50000, 5723, 40, 0, 1, 1.14286, 2.2, 20, 5, 0, 1, 1, 621, 682, 3, 290, 1, 2000, 2000, 1, 0, 0, 0, 0, 0, 0, 0, 220.81, 105.197, 100, 1, 0, 0, 0, 0, 0, 25, 25, 25, 25, 25, 0, 0, 0, 0, 0, 0, 0, 0, '', 2, 3, 0, 0, 1, 0, 0, 0, 0, 0, 0, 'mossheart_cot');



REPLACE INTO `pool_creature` VALUES (2562707, 43525, 0, 'Rotmaw', 0, 0, 10);
REPLACE INTO `pool_creature` VALUES (2562713, 43525, 0, 'Mossheart', 0, 0, 10);
REPLACE INTO `pool_creature` VALUES (2562712, 43525, 0, 'Mossheart', 0, 0, 10);
REPLACE INTO `pool_creature` VALUES (2562705, 43525, 0, 'Rotmaw', 0, 0, 10);
REPLACE INTO `pool_creature` VALUES (2562706, 43525, 0, 'Rotmaw', 0, 0, 10);
REPLACE INTO `pool_creature` VALUES (2562711, 43525, 0, 'Mossheart', 0, 0, 10);
REPLACE INTO `pool_creature` VALUES (2562710, 43525, 0, 'Mossheart', 0, 0, 10);
REPLACE INTO `pool_creature` VALUES (2562709, 43525, 0, 'Mossheart', 0, 0, 10);
REPLACE INTO `pool_creature` VALUES (2562708, 43525, 0, 'Rotmaw', 0, 0, 10);


REPLACE INTO `pool_template` VALUES (43525, 1, 'Mossheart and Rotmaw', 0, 0, 0, 10);


REPLACE INTO `creature` VALUES (2562705, 65122, 0, 0, 0, 269, 0, 0, -2013.68, 7124.55, 22.1193, 5.88807, 86400, 86400, 0, 100, 100, 0, 0, 0, 0, 10);
REPLACE INTO `creature` VALUES (2562706, 65122, 0, 0, 0, 269, 0, 0, -1840.82, 6944.29, 25.9291, 6.04357, 86400, 86400, 0, 100, 100, 0, 0, 0, 0, 10);
REPLACE INTO `creature` VALUES (2562707, 65122, 0, 0, 0, 269, 0, 0, -1694.81, 7065.77, 22.2362, 1.15289, 86400, 86400, 0, 100, 100, 0, 0, 0, 0, 10);
REPLACE INTO `creature` VALUES (2562708, 65122, 0, 0, 0, 269, 0, 0, -1801.64, 7243.85, 17.4782, 3.25226, 86400, 86400, 0, 100, 100, 0, 0, 0, 0, 10);
REPLACE INTO `creature` VALUES (2562709, 65124, 0, 0, 0, 269, 0, 0, -1804.01, 7171.21, 22.4623, 4.50103, 86400, 86400, 0, 100, 100, 0, 0, 0, 0, 10);
REPLACE INTO `creature` VALUES (2562710, 65124, 0, 0, 0, 269, 0, 0, -1945.41, 7071.04, 22.1259, 3.66615, 86400, 86400, 0, 100, 100, 0, 0, 0, 0, 10);
REPLACE INTO `creature` VALUES (2562711, 65124, 0, 0, 0, 269, 0, 0, -2025.99, 7232.06, 23.4385, 1.77727, 86400, 86400, 0, 100, 100, 0, 0, 0, 0, 10);
REPLACE INTO `creature` VALUES (2562712, 65124, 0, 0, 0, 269, 0, 0, -2034.53, 7272.86, 20.5892, 1.77727, 86400, 86400, 0, 100, 100, 0, 0, 0, 0, 10);
REPLACE INTO `creature` VALUES (2562713, 65124, 0, 0, 0, 269, 0, 0, -1880.69, 7385.41, 17.2957, 0.41539, 86400, 86400, 0, 100, 100, 0, 0, 0, 0, 10);

REPLACE INTO `creature_movement` VALUES (2562709, 1, -1804.01, 7171.21, 22.4623, 100, 0, 0, 0);
REPLACE INTO `creature_movement` VALUES (2562709, 2, -1838.56, 7154.92, 21.7274, 100, 0, 0, 0);
REPLACE INTO `creature_movement` VALUES (2562709, 3, -1848.33, 7079.54, 22.1322, 100, 0, 0, 0);
REPLACE INTO `creature_movement` VALUES (2562709, 4, -1892.65, 7021.95, 21.975, 100, 0, 0, 0);
REPLACE INTO `creature_movement` VALUES (2562709, 5, -1874.21, 7014.98, 24.0532, 100, 0, 0, 0);
REPLACE INTO `creature_movement` VALUES (2562709, 6, -1812.34, 7048.58, 21.9664, 100, 0, 0, 0);
REPLACE INTO `creature_movement` VALUES (2562709, 7, -1792.46, 7107.66, 19.1479, 100, 0, 0, 0);
REPLACE INTO `creature_movement` VALUES (2562709, 8, -1795.05, 7129.38, 21.3418, 100, 0, 0, 0);
REPLACE INTO `creature_movement` VALUES (2562709, 9, -1786.55, 7166.14, 22.2401, 100, 0, 0, 0);
REPLACE INTO `creature_movement` VALUES (2562709, 10, -1804.43, 7171.23, 22.4568, 100, 0, 0, 0);
REPLACE INTO `creature_movement` VALUES (2562710, 1, -1945.41, 7071.04, 22.1259, 100, 0, 0, 0);
REPLACE INTO `creature_movement` VALUES (2562710, 2, -1935.87, 7050.74, 22.534, 100, 0, 0, 0);
REPLACE INTO `creature_movement` VALUES (2562710, 3, -1954.44, 7014.79, 22.3404, 100, 0, 0, 0);
REPLACE INTO `creature_movement` VALUES (2562710, 4, -1977.1, 6959.15, 23.3953, 100, 0, 0, 0);
REPLACE INTO `creature_movement` VALUES (2562710, 5, -1958.8, 6912.27, 23.1828, 100, 0, 0, 0);
REPLACE INTO `creature_movement` VALUES (2562710, 6, -1970.78, 6882.92, 23.8045, 100, 0, 0, 0);
REPLACE INTO `creature_movement` VALUES (2562710, 7, -1992.27, 6896.98, 22.8656, 100, 0, 0, 0);
REPLACE INTO `creature_movement` VALUES (2562710, 8, -1967.92, 6942.87, 23.3741, 100, 0, 0, 0);
REPLACE INTO `creature_movement` VALUES (2562710, 9, -1972.78, 6978.1, 20.4687, 100, 0, 0, 0);
REPLACE INTO `creature_movement` VALUES (2562710, 10, -1957.56, 7012.65, 21.8997, 100, 0, 0, 0);
REPLACE INTO `creature_movement` VALUES (2562710, 11, -1938.67, 7058.48, 22.9493, 100, 0, 0, 0);
REPLACE INTO `creature_movement` VALUES (2562710, 12, -1945.45, 7070.37, 22.2541, 100, 0, 0, 0);
REPLACE INTO `creature_movement` VALUES (2562710, 13, -2025.99, 7232.06, 23.4385, 100, 0, 0, 0);
REPLACE INTO `creature_movement` VALUES (2562710, 14, -2011.26, 7253.15, 17.6538, 100, 0, 0, 0);
REPLACE INTO `creature_movement` VALUES (2562710, 15, -1989.8, 7264.08, 21.1314, 100, 0, 0, 0);
REPLACE INTO `creature_movement` VALUES (2562710, 16, -1953.79, 7315.65, 24.1723, 100, 0, 0, 0);
REPLACE INTO `creature_movement` VALUES (2562711, 1, -1966.38, 7350.66, 24.534, 100, 0, 0, 0);
REPLACE INTO `creature_movement` VALUES (2562711, 2, -2041.53, 7339.19, 21.5413, 100, 0, 0, 0);
REPLACE INTO `creature_movement` VALUES (2562711, 3, -2034.22, 7272.51, 20.4014, 100, 0, 0, 0);
REPLACE INTO `creature_movement` VALUES (2562711, 4, -2029.41, 7235.09, 22.8848, 100, 0, 0, 0);
REPLACE INTO `creature_movement` VALUES (2562712, 1, -2034.53, 7272.86, 20.5892, 100, 0, 0, 0);
REPLACE INTO `creature_movement` VALUES (2562712, 2, -2065.92, 7306.06, 22.7746, 100, 0, 0, 0);
REPLACE INTO `creature_movement` VALUES (2562712, 3, -2108.17, 7345.43, 23.4528, 100, 0, 0, 0);
REPLACE INTO `creature_movement` VALUES (2562712, 4, -2089.64, 7369.75, 22.8427, 100, 0, 0, 0);
REPLACE INTO `creature_movement` VALUES (2562712, 5, -2037.54, 7398.69, 24.9597, 100, 0, 0, 0);
REPLACE INTO `creature_movement` VALUES (2562712, 6, -2021.38, 7386.53, 22.6345, 100, 0, 0, 0);
REPLACE INTO `creature_movement` VALUES (2562712, 7, -2042.36, 7339.39, 21.7161, 100, 0, 0, 0);
REPLACE INTO `creature_movement` VALUES (2562712, 8, -2088.63, 7322.65, 23.4341, 100, 0, 0, 0);
REPLACE INTO `creature_movement` VALUES (2562712, 9, -2037.13, 7273.79, 21.617, 100, 0, 0, 0);
REPLACE INTO `creature_movement` VALUES (2562713, 1, -1880.69, 7385.41, 17.2957, 100, 0, 0, 0);
REPLACE INTO `creature_movement` VALUES (2562713, 2, -1890.41, 7320.06, 23.2845, 100, 0, 0, 0);
REPLACE INTO `creature_movement` VALUES (2562713, 3, -1866.56, 7266.66, 21.533, 100, 0, 0, 0);
REPLACE INTO `creature_movement` VALUES (2562713, 4, -1811.95, 7248.87, 17.6172, 100, 0, 0, 0);
REPLACE INTO `creature_movement` VALUES (2562713, 5, -1760.25, 7254.16, 17.2914, 100, 0, 0, 0);
REPLACE INTO `creature_movement` VALUES (2562713, 6, -1757.01, 7270.78, 17.4211, 100, 0, 0, 0);
REPLACE INTO `creature_movement` VALUES (2562713, 7, -1794.68, 7288.4, 23.5919, 100, 0, 0, 0);
REPLACE INTO `creature_movement` VALUES (2562713, 8, -1805.48, 7318.21, 23.4158, 100, 0, 0, 0);
REPLACE INTO `creature_movement` VALUES (2562713, 9, -1799.22, 7341.4, 24.301, 100, 0, 0, 0);
REPLACE INTO `creature_movement` VALUES (2562713, 10, -1831.38, 7350.26, 22.1088, 100, 0, 0, 0);
REPLACE INTO `creature_movement` VALUES (2562713, 11, -1886.29, 7340.59, 18.4728, 100, 0, 0, 0);
REPLACE INTO `creature_movement` VALUES (2562713, 12, -1896.22, 7324.88, 22.6928, 100, 0, 0, 0);
REPLACE INTO `creature_movement` VALUES (2562713, 13, -1912.54, 7361.19, 20.9275, 100, 0, 0, 0);
REPLACE INTO `creature_movement` VALUES (2562713, 14, -1888.85, 7386.19, 18.1195, 100, 0, 0, 0);
