-- Caverns of Time quest hub NPCs:
replace into creature_template values 
(65000, 0, 16184, 0, 0, 0, 'Eremzion', 'Custodian of Time', 0, 63, 63, 4496, 4496, 0, 0, 4641, 35, 6, 1, 1.14286, 1.15, 20, 5, 0, 0, 1, 178, 229, 0, 290, 1, 2000, 2000, 1, 33536, 0, 0, 0, 0, 0, 0, 220.81, 105.197, 100, 2, 0, 0, 0, 0, 0, 15, 15, 15, 15, 15, 0, 0, 0, 0, 0, 0, 0, 0, '', 0, 3, 0, 0, 3, 10667, 0, 0, 0, 0, 2, ''),
(65001, 4, 14887, 0, 0, 0, 'Bronze Defender', 'Keepers of Time', 0, 60, 60, 500, 500, 0, 0, 3791, 11, 0, 1, 1.14286, 0, 20, 5, 0, 1, 1, 524, 673, 0, 272, 2, 1183, 1301, 1, 0, 0, 0, 0, 0, 0, 0, 61.4072, 84.4349, 100, 7, 8, 0, 0, 0, 0, 0, 0, 0, 0, 400, 0, 0, 0, 0, 142630, 0, 737, 967, 'EventAI', 0, 1, 0, 0, 3, 14263, 0, 0, 65537, 0, 0, ''),
(65002, 0, 16083, 0, 0, 0, 'Ethernos', 'General Goods', 0, 57, 57, 3758, 3758, 0, 0, 3334, 80, 6, 1, 1.14286, 0, 20, 5, 0, 0, 1, 102, 131, 0, 258, 1, 1500, 2000, 1, 4608, 0, 0, 0, 0, 0, 0, 72.2304, 99.3168, 100, 7, 0, 0, 0, 0, 0, 0, 0, 0, 0, 0, 0, 0, 0, 0, 0, 0, 0, 0, '', 0, 1, 0, 0, 3, 0, 0, 0, 0, 0, 524298, ''),
(65003, 9, 16046, 0, 0, 0, 'Chradarmu', 'Innkeeper', 0, 52, 52, 2489, 2489, 0, 0, 2669, 794, 133, 1.1, 1.14286, 0, 20, 5, 0, 0, 1, 342, 416, 0, 234, 1, 1000, 2000, 1, 4608, 0, 0, 0, 0, 0, 0, 244.174, 340.4, 100, 7, 0, 0, 0, 0, 0, 0, 0, 0, 0, 0, 0, 0, 0, 0, 0, 0, 0, 0, '', 1, 3, 0, 0, 3, 0, 0, 0, 0, 0, 524298, ''),
(65004, 0, 18043, 0, 0, 0, 'Kheyna Spinpistol', 'Infinite Dragonflight', 0, 60, 60, 24182, 24182, 12364, 12364, 6340, 35, 2, 1, 1.14286, 0.9, 30, 5, 0, 0, 1, 1255, 1370, 0, 3844, 1, 1300, 1300, 1, 4608, 0, 0, 0, 0, 0, 0, 53.3984, 73.4228, 100, 7, 0, 0, 0, 0, 0, 0, 0, 0, 0, 0, 0, 0, 0, 0, 0, 0, 0, 0, 'EventAI', 0, 3, 0, 0, 3, 81041, 0, 0, 0, 0, 524298, ''),
(65005, 0, 10008, 0, 0, 0, 'Chromie', 'Keepers of Time', 0, 63, 63, 4876, 4876, 2781, 2781, 4641, 35, 3, 1.1, 1.14286, 1.15, 20, 5, 0, 0, 1, 178, 229, 0, 290, 1, 2000, 2000, 1, 33536, 0, 0, 0, 0, 0, 0, 220.81, 105.197, 100, 2, 0, 0, 0, 0, 0, 15, 15, 15, 15, 15, 0, 0, 0, 0, 0, 0, 0, 0, '', 0, 3, 0, 0, 3, 10667, 0, 0, 0, 0, 2, ''),
(65006, 0, 6292, 0, 0, 0, 'Kaizormi', 'Warden of Time', 0, 62, 62, 3496, 3496, 2568, 2568, 4391, 35, 3, 1, 1.14286, 0, 20, 5, 0, 1, 1, 559, 720, 0, 284, 1, 2000, 2000, 2, 33536, 0, 0, 0, 0, 0, 0, 203.77, 289.86, 100, 2, 0, 0, 0, 0, 0, 10, 10, 10, 10, 10, 0, 0, 0, 0, 0, 0, 0, 0, '', 0, 1, 0, 0, 3, 10929, 0, 0, 0, 0, 2, ''),
(65007, 0, 6292, 0, 0, 0, 'Zidormi', 'Warden of Time', 0, 62, 62, 3496, 3496, 2568, 2568, 4391, 35, 3, 1, 1.14286, 0, 20, 5, 0, 1, 1, 559, 720, 0, 284, 1, 2000, 2000, 2, 33536, 0, 0, 0, 0, 0, 0, 203.77, 289.86, 100, 2, 0, 0, 0, 0, 0, 10, 10, 10, 10, 10, 0, 0, 0, 0, 0, 0, 0, 0, '', 0, 1, 0, 0, 3, 10929, 0, 0, 0, 0, 2, ''),
(65008, 0, 6292, 0, 0, 0, 'Alurmi', 'Warden of Time', 0, 62, 62, 3496, 3496, 2568, 2568, 4391, 35, 3, 1, 1.14286, 0, 20, 5, 0, 1, 1, 559, 720, 0, 284, 1, 2000, 2000, 2, 33536, 0, 0, 0, 0, 0, 0, 203.77, 289.86, 100, 2, 0, 0, 0, 0, 0, 10, 10, 10, 10, 10, 0, 0, 0, 0, 0, 0, 0, 0, '', 0, 1, 0, 0, 3, 10929, 0, 0, 0, 0, 2, ''),
(65009, 0, 6292, 0, 0, 0, 'Ta\'as', 'Warden of Time', 0, 62, 62, 3496, 3496, 2568, 2568, 4391, 35, 3, 1, 1.14286, 0, 20, 5, 0, 1, 1, 559, 720, 0, 284, 1, 2000, 2000, 2, 33536, 0, 0, 0, 0, 0, 0, 203.77, 289.86, 100, 2, 0, 0, 0, 0, 0, 10, 10, 10, 10, 10, 0, 0, 0, 0, 0, 0, 0, 0, '', 0, 1, 0, 0, 3, 10929, 0, 0, 0, 0, 2, ''),
(65010, 0, 6292, 0, 0, 0, 'Agezrion', 'Warden of Time', 0, 62, 62, 3496, 3496, 2568, 2568, 4391, 35, 3, 1, 1.14286, 0, 20, 5, 0, 1, 1, 559, 720, 0, 284, 1, 2000, 2000, 2, 33536, 0, 0, 0, 0, 0, 0, 203.77, 289.86, 100, 2, 0, 0, 0, 0, 0, 10, 10, 10, 10, 10, 0, 0, 0, 0, 0, 0, 0, 0, '', 0, 1, 0, 0, 3, 10929, 0, 0, 0, 0, 2, ''),
(65011, 0, 6292, 0, 0, 0, 'Telumrius', 'Warden of Time', 0, 62, 62, 3496, 3496, 2568, 2568, 4391, 35, 3, 1, 1.14286, 0, 20, 5, 0, 1, 1, 559, 720, 0, 284, 1, 2000, 2000, 2, 33536, 0, 0, 0, 0, 0, 0, 203.77, 289.86, 100, 2, 0, 0, 0, 0, 0, 10, 10, 10, 10, 10, 0, 0, 0, 0, 0, 0, 0, 0, '', 0, 1, 0, 0, 3, 10929, 0, 0, 0, 0, 2, ''),
(65012, 0, 95, 0, 0, 0, 'Taradormi', 'Keepers of Time', 0, 57, 57, 3758, 3758, 0, 0, 3334, 80, 6, 1, 1.14286, 0, 20, 5, 0, 0, 1, 102, 131, 0, 258, 1, 1500, 2000, 1, 4608, 0, 0, 0, 0, 0, 0, 72.2304, 99.3168, 100, 7, 0, 0, 0, 0, 0, 0, 0, 0, 0, 0, 0, 0, 0, 0, 0, 0, 0, 0, '', 0, 1, 0, 0, 3, 0, 0, 0, 0, 0, 524298, ''),
(65013, 0, 242, 0, 0, 0, 'Rimus', 'Blacksmithing Supplies', 6085, 47, 47, 1990, 1990, 0, 0, 3600, 1494, 16391, 1, 1.14286, 0, 20, 5, 0, 0, 1, 72, 93, 0, 204, 1, 2000, 2000, 1, 36864, 0, 0, 0, 0, 0, 0, 61.776, 84.942, 100, 7, 0, 0, 0, 0, 0, 0, 0, 0, 0, 0, 0, 0, 0, 0, 0, 0, 0, 0, '', 0, 3, 0, 0, 3, 14737, 0, 0, 0, 0, 524298, ''),
(65014, 0, 4605, 0, 0, 0, 'Aunassi', 'Time-Lost Baubles', 0, 57, 57, 3758, 3758, 0, 0, 3334, 80, 6, 1, 1.14286, 0, 20, 5, 0, 0, 1, 102, 131, 0, 258, 1, 1500, 2000, 1, 4608, 0, 0, 0, 0, 0, 0, 72.2304, 99.3168, 100, 7, 0, 0, 0, 0, 0, 0, 0, 0, 0, 0, 0, 0, 0, 0, 0, 0, 0, 0, '', 0, 1, 0, 0, 3, 0, 0, 0, 0, 0, 524298, ''),
(65015, 0, 15569, 0, 0, 0, 'Mazornos', 'Custodian of Time', 0, 63, 63, 4496, 4496, 0, 0, 4641, 35, 6, 1, 1.14286, 1.15, 20, 5, 0, 0, 1, 178, 229, 0, 290, 1, 2000, 2000, 1, 33536, 0, 0, 0, 0, 0, 0, 220.81, 105.197, 100, 2, 0, 0, 0, 0, 0, 15, 15, 15, 15, 15, 0, 0, 0, 0, 0, 0, 0, 0, '', 0, 3, 0, 0, 3, 10667, 0, 0, 0, 0, 2, ''),
(80943, 0, 18120, 0, 0, 0, 'Dronormu', 'Quartermaster', 0, 57, 57, 3758, 3758, 0, 0, 3334, 80, 6, 1, 1.14286, 0, 20, 5, 0, 0, 1, 102, 131, 0, 258, 1, 1500, 2000, 1, 4608, 0, 0, 0, 0, 0, 0, 72.2304, 99.3168, 100, 7, 0, 0, 0, 0, 0, 0, 0, 0, 0, 0, 0, 0, 0, 0, 0, 0, 0, 0, '', 0, 1, 0, 0, 3, 0, 0, 0, 0, 0, 524298, '');

-- Set correct faction and other mics. stuff:
update creature_template set faction = 910 where entry between 65000 and 65015;
update creature_template set scale = 0.4 where entry = 65004;
update creature_template set script_name = 'npc_custodian_of_time', npc_flags = 1 where entry in (65000, 65015);

-- General Goods 
replace into npc_vendor values 
(65002, 159, 0, 0, 0, 0),
(65002, 1205, 0, 0, 0, 0),
(65002, 1645, 0, 0, 0, 0),
(65002, 1708, 0, 0, 0, 0),
(65002, 2515, 0, 0, 0, 0),
(65002, 2519, 0, 0, 0, 0),
(65002, 2946, 0, 0, 0, 0),
(65002, 3030, 0, 0, 0, 0),
(65002, 3033, 0, 0, 0, 0),
(65002, 3107, 0, 0, 0, 0),
(65002, 3108, 0, 0, 0, 0),
(65002, 3131, 0, 0, 0, 0),
(65002, 3135, 0, 0, 0, 0),
(65002, 3137, 0, 0, 0, 0),
(65002, 4470, 0, 0, 0, 0),
(65002, 4471, 0, 0, 0, 0),
(65002, 4497, 0, 0, 0, 0),
(65002, 4498, 0, 0, 0, 0),
(65002, 6183, 0, 0, 0, 0),
(65002, 11284, 0, 0, 0, 0),
(65002, 11285, 0, 0, 0, 0),
(65002, 15326, 0, 0, 0, 0),
(65002, 15327, 0, 0, 0, 0),
-- Innkeeper
(65003, 117, 0, 0, 0, 0),
(65003, 159, 0, 0, 0, 0),
(65003, 1179, 0, 0, 0, 0),
(65003, 1205, 0, 0, 0, 0),
(65003, 1645, 0, 0, 0, 0),
(65003, 1708, 0, 0, 0, 0),
(65003, 2287, 0, 0, 0, 0),
(65003, 2515, 0, 0, 0, 0),
(65003, 2519, 0, 0, 0, 0),
(65003, 3030, 0, 0, 0, 0),
(65003, 3033, 0, 0, 0, 0),
(65003, 3107, 0, 0, 0, 0),
(65003, 3108, 0, 0, 0, 0),
(65003, 3135, 0, 0, 0, 0),
(65003, 3137, 0, 0, 0, 0),
(65003, 3770, 0, 0, 0, 0),
(65003, 3771, 0, 0, 0, 0),
(65003, 4470, 0, 0, 0, 0),
(65003, 4471, 0, 0, 0, 0),
(65003, 4497, 0, 0, 0, 0),
(65003, 4498, 0, 0, 0, 0),
(65003, 4599, 0, 0, 0, 0),
(65003, 8766, 0, 0, 0, 0),
(65003, 8952, 0, 0, 0, 0),
(65003, 11284, 0, 0, 0, 0),
(65003, 11285, 0, 0, 0, 0),
(65003, 15326, 0, 0, 0, 0),
(65003, 15327, 0, 0, 0, 0),
-- Taradormi
(65012, 83000, 0, 0, 0, 0),
-- Rimus
(65013, 2880, 0, 0, 0, 0),
(65013, 2901, 0, 0, 0, 0),
(65013, 3466, 0, 0, 0, 0),
(65013, 3857, 0, 0, 0, 0),
(65013, 5956, 0, 0, 0, 0),
(65013, 18567, 0, 0, 0, 0);

-- Misc. environmental updates:
delete from gameobject where guid = 4001269;
delete from gameobject where guid = 4001268;
delete from gameobject where guid = 3999109;
delete from gameobject where guid = 3999112;
delete from gameobject where guid = 3999113;

-- Quest rewards and stuff:

-- Time Lost Rune
replace into item_template values
 ('61000', '0', '0', '0', 'Time-Lost Rune', 'Teleports you to the Caverns of Time.', '20220', '2', '65536', '1', '0', '0', '0', '-1', '-1', '65',
 '0', '0', '0', '0', '0', '0', '0', '0', '1', '1', '0', '0', '0', '0', '0',
 '0', '0', '0', '0', '0', '0', '0', '0', '0', '0', '0', '0', '0', '0', '0', '0', '0', '0',
 '0', '0', '0', '0', '0', '0', '0', '0', '0', '0', '0', '0', '0', '0', '0', '0', '0', '0', '0', '0', '0',
 '0', '0', '0', '0', '0', '0', '0', '-1', '0', '-1', '0', '0', '0', '0', '-1', '0', '-1', '0', '0',
 '0', '0', '-1', '0', '-1', '0', '0', '0', '0', '-1', '0', '-1', '0', '0', '0', '0', '-1', '0',
 '-1', '1', '0', '0', '0', '0', '0', '4', '1', '0', '0', '0', '0', '0', '0', '0', '0', '0', '0', '0',
 '0', '1', NULL);
 -- Armaments of the Scale
 replace into item_template values
 ('61001', '0', '2', '0', 'Claw of the Infinite', '', '5928', '3', '0', '1', '243932', '60983', '13', '-1', '-1', '65',
 '0', '0', '0', '0', '0', '0', '0', '0', '0', '1', '0', '4', '11', '7', '5',
 '0', '0', '0', '0', '0', '0', '0', '0', '0', '0', '0', '0', '0', '0', '0', '0', '2200', '0',
 '0', '63', '125', '0', '0', '0', '0', '0', '0', '0', '0', '0', '0', '0', '0', '0', '0', '0', '0', '0', '0',
 '0', '0', '0', '7540', '1', '0', '0', '-1', '0', '-1', '0', '0', '0', '0', '-1', '0', '-1', '0', '0',
 '0', '0', '-1', '0', '-1', '0', '0', '0', '0', '-1', '0', '-1', '0', '0', '0', '0', '-1', '0',
 '-1', '1', '0', '0', '0', '0', '0', '1', '3', '0', '0', '90', '0', '0', '0', '0', '49', '0', '0', '0',
 '0', '1', NULL);
 replace into item_template values
 ('61002', '0', '4', '1', 'Robe of the Custodian', '', '28992', '3', '0', '1', '100980', '25245', '5', '-1', '-1', '65',
 '0', '0', '0', '0', '0', '0', '0', '0', '0', '1', '0', '5', '12', '7', '11',
 '6', '9', '0', '0', '0', '0', '0', '0', '0', '0', '0', '0', '0', '0', '0', '0', '0', '0',
 '0', '0', '0', '0', '0', '0', '0', '0', '0', '0', '0', '0', '0', '0', '0', '0', '0', '92', '0', '0', '0',
 '0', '0', '0', '18034', '1', '0', '0', '-1', '0', '-1', '21363', '1', '0', '0', '-1', '0', '-1', '0', '0',
 '0', '0', '-1', '0', '-1', '0', '0', '0', '0', '-1', '0', '-1', '0', '0', '0', '0', '-1', '0',
 '-1', '1', '0', '0', '0', '0', '0', '7', '1', '0', '0', '90', '0', '0', '0', '0', '49', '0', '0', '0',
 '0', '1', NULL);
 replace into item_template values
 ('61003', '0', '4', '4', 'Timeskipper\'s Helm of Alacrity', '', '29865', '3', '0', '1', '74212', '18553', '1', '-1', '-1', '65',
 '0', '0', '0', '0', '0', '0', '0', '0', '0', '1', '0', '4', '12', '7', '20',
 '0', '0', '0', '0', '0', '0', '0', '0', '0', '0', '0', '0', '0', '0', '0', '0', '0', '0',
 '0', '0', '0', '0', '0', '0', '0', '0', '0', '0', '0', '0', '0', '0', '0', '0', '0', '549', '0', '0', '0',
 '0', '0', '0', '13670', '1', '0', '0', '-1', '0', '-1', '0', '0', '0', '0', '-1', '0', '-1', '0', '0',
 '0', '0', '-1', '0', '-1', '0', '0', '0', '0', '-1', '0', '-1', '0', '0', '0', '0', '-1', '0',
 '-1', '1', '0', '0', '0', '0', '0', '6', '1', '0', '0', '80', '0', '0', '0', '0', '49', '0', '0', '0',
 '0', '1', NULL);
 replace into item_template values
 ('61004', '0', '4', '0', 'Sandswept Ring of Arcanum', '', '24569', '3', '65536', '1', '141956', '35489', '11', '-1', '-1', '65',
 '0', '0', '0', '0', '0', '0', '0', '0', '1', '1', '0', '5', '6', '7', '6',
 '0', '0', '0', '0', '0', '0', '0', '0', '0', '0', '0', '0', '0', '0', '0', '0', '0', '0',
 '0', '0', '0', '0', '0', '0', '0', '0', '0', '0', '0', '0', '0', '0', '0', '0', '0', '0', '0', '0', '0',
 '0', '0', '0', '9416', '1', '0', '0', '-1', '0', '-1', '21363', '1', '0', '0', '-1', '0', '-1', '0', '0',
 '0', '0', '-1', '0', '-1', '0', '0', '0', '0', '-1', '0', '-1', '0', '0', '0', '0', '-1', '0',
 '-1', '1', '0', '0', '0', '0', '0', '4', '1', '0', '0', '0', '0', '0', '0', '0', '49', '0', '0', '0',
 '0', '1', NULL);
 replace into item_template values
 ('61005', '0', '4', '2', 'Boots of Flowing Sands', '', '17164', '3', '0', '1', '85368', '21342', '8', '-1', '-1', '65',
 '0', '0', '0', '0', '0', '0', '0', '0', '0', '1', '0', '3', '14', '7', '16',
 '0', '0', '0', '0', '0', '0', '0', '0', '0', '0', '0', '0', '0', '0', '0', '0', '0', '0',
 '0', '0', '0', '0', '0', '0', '0', '0', '0', '0', '0', '0', '0', '0', '0', '0', '0', '187', '0', '0', '0',
 '0', '0', '0', '15464', '1', '0', '0', '-1', '0', '-1', '0', '0', '0', '0', '-1', '0', '-1', '0', '0',
 '0', '0', '-1', '0', '-1', '0', '0', '0', '0', '-1', '0', '-1', '0', '0', '0', '0', '-1', '0',
 '-1', '1', '0', '0', '0', '0', '0', '8', '1', '0', '0', '50', '0', '0', '0', '0', '49', '0', '0', '0',
 '0', '1', NULL);
 
-- Sands of Time — Time-Worn Rune

replace into quest_template (prevquestid, entry, zoneorsort, questlevel, minlevel, questflags, specialflags, title, details, objectives, requestitemstext, offerrewardtext, reqitemid1, reqitemcount1, reqitemid2, reqitemcount2, reqitemid3, reqitemcount3, reqitemid4, reqitemcount4, reqcreatureorgoid1, reqcreatureorgocount1, reqcreatureorgoid2, reqcreatureorgocount2, reqcreatureorgoid3, reqcreatureorgocount3, reqcreatureorgoid4, reqcreatureorgocount4, srcitemid, srcitemcount, reworreqmoney, rewmoneymaxlevel, rewrepfaction1, rewrepvalue1,  rewrepfaction2, rewrepvalue2, rewrepfaction3, rewrepvalue3, rewrepfaction4, rewrepvalue4, rewspell, rewspellcast, completeemote, rewitemid1, rewitemcount1, rewitemid2, rewitemcount2, rewitemid3, rewitemcount3, rewitemid4, rewitemcount4, rewchoiceitemid1, rewchoiceitemcount1, rewchoiceitemid2, rewchoiceitemcount2, rewchoiceitemid3, rewchoiceitemcount3, rewchoiceitemid4, rewchoiceitemcount4) values (0,80600,2300,60,58,0,1,'Sands of Time: Time-Worn Rune','Greetings mortal, You might have acquired some Corrupted Sand from one of the Infinite Dragonflight, which they\'ve been using to try and compromise the flow of the timelines, or residual amounts that can be found creatures that have been affected by their magic.\n\nI\'ve been assigned to reward those that bring adequate amounts of Corrupted Sand for purification and being returned to safe hands.\n\nIn exchange for 100 Corrupted Sand, I can reward you with a Time-Lost Rune, which can teleport you back to the Caverns of Time when used, beware though.\n\nThey can only be used five times, after which they lose their power.','Bring 100 Corrupted Sand to Dronormu in the Caverns of Time.','These sands cannot fall to the wrong hands.','Very well. May it serve you well.',50203,100,0,0,0,0,0,0,0,0,0,0,0,0,0,0,0,0,0,0,910,50,0,0,0,0,0,0,0,0,0,61000,1,0,0,0,0,0,0,0,0,0,0,0,0,0,0);

replace into creature_questrelation (id, quest) values (80943, 80600);
replace into creature_involvedrelation (id, quest) values (80943, 80600);

-- Sands of Time: Armaments of the Scale

replace into quest_template (prevquestid, entry, zoneorsort, questlevel, minlevel, questflags, specialflags, title, details, objectives, requestitemstext, offerrewardtext, reqitemid1, reqitemcount1, reqitemid2, reqitemcount2, reqitemid3, reqitemcount3, reqitemid4, reqitemcount4, reqcreatureorgoid1, reqcreatureorgocount1, reqcreatureorgoid2, reqcreatureorgocount2, reqcreatureorgoid3, reqcreatureorgocount3, reqcreatureorgoid4, reqcreatureorgocount4, srcitemid, srcitemcount, reworreqmoney, rewmoneymaxlevel, rewrepfaction1, rewrepvalue1,  rewrepfaction2, rewrepvalue2, rewrepfaction3, rewrepvalue3, rewrepfaction4, rewrepvalue4, rewspell, rewspellcast, completeemote, rewitemid1, rewitemcount1, rewitemid2, rewitemcount2, rewitemid3, rewitemcount3, rewitemid4, rewitemcount4, rewchoiceitemid1, rewchoiceitemcount1, rewchoiceitemid2, rewchoiceitemcount2, rewchoiceitemid3, rewchoiceitemcount3, rewchoiceitemid4, rewchoiceitemcount4, rewchoiceitemid5, rewchoiceitemcount5, rewchoiceitemid6, rewchoiceitemcount6) values (0,80601,2300,60,58,0,0,'Sands of Time: Armaments of the Scale','Greetings mortal!\n\nYou might have acquired some Corrupted Sand from one of the Infinite Dragonflight, which they\'ve been using to try and compromise the flow of the timelines, or residual amounts that can be found creatures that have been affected by their magic.\n\nI\'ve been assigned to reward those that bring adequate amounts of Corrupted Sand for purification and being returned to safe hands.\n\nIn exchange for 500 Corrupted Sand, I can reward you with one of our timeless armaments, imbued with the very magic that shaped these caverns.','Bring 500 Corrupted Sand to Dronormu in the Caverns of Time.','These sands cannot fall to the wrong hands.','Very well. May it serve you well.',50203,500,0,0,0,0,0,0,0,0,0,0,0,0,0,0,0,0,0,0,910,150,0,0,0,0,0,0,0,0,0,0,0,0,0,0,0,0,0,61006,1,61001,1,61002,1,61003,1, 61004, 1, 61005, 1);

replace into creature_questrelation (id, quest) values (80943, 80601);
replace into creature_involvedrelation (id, quest) values (80943, 80601);

-- Sands of Time: Epic Armaments of the Scale

replace into quest_template (prevquestid, entry, zoneorsort, questlevel, minlevel, questflags, specialflags, title, details, objectives, requestitemstext, offerrewardtext, reqitemid1, reqitemcount1, reqitemid2, reqitemcount2, reqitemid3, reqitemcount3, reqitemid4, reqitemcount4, reqcreatureorgoid1, reqcreatureorgocount1, reqcreatureorgoid2, reqcreatureorgocount2, reqcreatureorgoid3, reqcreatureorgocount3, reqcreatureorgoid4, reqcreatureorgocount4, srcitemid, srcitemcount, reworreqmoney, rewmoneymaxlevel, rewrepfaction1, rewrepvalue1,  rewrepfaction2, rewrepvalue2, rewrepfaction3, rewrepvalue3, rewrepfaction4, rewrepvalue4, rewspell, rewspellcast, completeemote, rewitemid1, rewitemcount1, rewitemid2, rewitemcount2, rewitemid3, rewitemcount3, rewitemid4, rewitemcount4, rewchoiceitemid1, rewchoiceitemcount1, rewchoiceitemid2, rewchoiceitemcount2, rewchoiceitemid3, rewchoiceitemcount3, rewchoiceitemid4, rewchoiceitemcount4, rewchoiceitemid5, rewchoiceitemcount5, rewchoiceitemid6, rewchoiceitemcount6) values (0,80602,2300,60,58,0,0,'Sands of Time: Epic Armaments of the Scale','Greetings mortal!\n\nYou might have acquired some Corrupted Sand from one of the Infinite Dragonflight, which they\'ve been using to try and compromise the flow of the timelines, or residual amounts that can be found creatures that have been affected by their magic.\n\nI\'ve been assigned to reward those that bring adequate amounts of Corrupted Sand for purification and being returned to safe hands.\n\nIn exchange for 1500 Corrupted Sand, I can reward you with one of our highly revered armaments, imbued with the most powerful magic our timeweavers could muster.','Bring 1500 Corrupted Sand to Dronormu in the Caverns of Time.','These sands cannot fall to the wrong hands.','Very well. May it serve you well.',50203,1500,0,0,0,0,0,0,0,0,0,0,0,0,0,0,0,0,0,0,910,500,0,0,0,0,0,0,0,0,0,0,0,0,0,0,0,0,0,61007,1,61008,1,61009,1,61010,1,61011,1,61012,1);

replace into creature_questrelation (id, quest) values (80943, 80602);
replace into creature_involvedrelation (id, quest) values (80943, 80602);

