DROP PROCEDURE IF EXISTS add_migration;
delimiter ??
CREATE PROCEDURE `add_migration`()
BEGIN
DECLARE v INT DEFAULT 1;
SET v = (SELECT COUNT(*) FROM `migrations` WHERE `id`='20190326161912');
IF v=0 THEN
INSERT INTO `migrations` VALUES ('20190326161912');
-- Add your query below.

insert ignore into npc_vendor (entry, item, maxcount, incrtime) values
(2120, 5110, 1, 1200);
update creature_template set npc_flags = 4 where entry = 2120;

insert into npc_vendor (entry, item) values
(50029, 50020),
(50029, 50021),
(50030, 50020),
(50030, 50021);

-- ### Custom creature_template entries must remain in 50000-51000 entry range.

-- Battlemasters: Tagnar Woundmaker and Kelir Thickbeard
-- TODO: Set correct faction.

replace into creature_template (entry, display_id1, name, subname, level_min, level_max, health_min, health_max, faction, npc_flags, script_name) values
('50000', '15032', 'Tagnar Woundmaker', 'War Recruiter', '60', '60', '7845', '7845', '35', '1', 'npc_battlemaster');

replace into creature_template (entry, display_id1, name, subname, level_min, level_max, health_min, health_max, faction, npc_flags, script_name) values
('50001', '15389', 'Kelir Thickbeard', 'War Recruiter', '60', '60', '7845', '7845', '35', '1', 'npc_battlemaster');

-- Sands of Time: Disguise related NPCs

replace into creature_template (Entry, Name, SubName, level_min, level_max, display_id1, Faction, Type, Inhabit_Type, npc_flags, unit_flags, Speed_Walk, Speed_Run, Unit_Class, Dmg_Multiplier, xp_multiplier, health_min, health_max, mana_min, mana_max, dmg_min, dmg_max, ranged_dmg_min, ranged_dmg_max, Armor, base_attack_time, Equipment_Id) values
(50002, 'Professor Malkovich', 'Anatomy Master', 25, 25, 11467, 68, 7, 3, 2, 0, 1, 1.14286, 8, 2, 1, 1104, 1104, 1984, 1984, 31, 40, 38.72, 53.24, 5043, 1500, 1919),
(50004, 'Professor Papucho', 'Anatomy Master', 25, 25, 5377, 55, 7, 3, 2, 0, 1, 1.14286, 8, 2, 1, 1104, 1104, 1984, 1984, 31, 40, 38.72, 53.24, 5043, 1500, 1919);
replace into creature_template (Entry, Name, SubName, Loot_Id, level_min, level_max, display_id1, Faction, Type, Inhabit_Type, Unit_Class, npc_flags, unit_flags, Speed_Walk, Speed_Run, Dmg_Multiplier, xp_multiplier, health_min, health_max, dmg_min, dmg_max, ranged_dmg_min, ranged_dmg_max, Armor, base_attack_time, Equipment_Id) values
(50003, 'Annoying Peasant', '', 50003, 5, 5, 11036, 7, 7, 3, 1, 0, 0, 0.92, 1.14286, 1, 1.8, 112, 112, 15, 21, 5, 8, 65, 2500, 0),
(50005, 'Stupefied Orcish Peon', '', 50003, 5, 5, 10038, 7, 7, 3, 1, 0, 0, 0.92, 1.14286, 1, 1.8, 112, 112, 15, 21, 5, 8, 65, 2500, 0);
replace into creature_template (Entry, Name, SubName, level_min, level_max, display_id1, Faction, Type, Inhabit_Type, npc_flags, unit_flags, flags_extra, Speed_Walk, Speed_Run, Unit_Class, Dmg_Multiplier, xp_multiplier, health_min, health_max, dmg_min, dmg_max, ranged_dmg_min, ranged_dmg_max, Armor, base_attack_time, Equipment_Id) values
(50006, 'Suspicious Defias Footpad', '', 15, 15, 2333, 35, 7, 3, 4, 0, 2, 1, 1.14286, 1, 2, 1, 2305, 2305, 42, 53, 45.144, 62.073, 5043, 2000, 481),
(50007, 'Suspicious Dark Iron Dwarf', '', 30, 30, 825, 35, 7, 3, 4, 0, 2, 1, 1.14286, 1, 2, 1, 2305, 2305, 42, 53, 45.144, 62.073, 5043, 2000, 1051),
(50008, 'Suspicious Southsea Pirate', '', 15, 15, 3834, 35, 7, 3, 4, 0, 2, 1, 1.14286, 1, 2, 1, 2305, 2305, 42, 53, 45.144, 62.073, 5043, 2000, 3381),
(50009, 'Suspicious Dalaran Wizard', '', 20, 20, 3585, 35, 7, 3, 4, 0, 2, 1, 1.14286, 1, 2, 1, 2305, 2305, 42, 53, 45.144, 62.073, 5043, 2000, 1889),
(50010, 'Suspicious Stonesplinter Trogg', '', 15, 15, 763, 35, 7, 3, 4, 0, 2, 1, 1.14286, 1, 2, 1, 2305, 2305, 42, 53, 45.144, 62.073, 5043, 2000, 1161),
(50011, 'Suspicious Syndicate Highwayman', '', 35, 35, 3984, 35, 7, 3, 4, 0, 2, 1, 1.14286, 1, 2, 1, 2305, 2305, 42, 53, 45.144, 62.073, 5043, 2000, 6771);

-- Sands of Time: Khadgar's Unlocking related NPCs

replace into creature_template (Entry, Scale, Name, SubName, level_min, level_max, display_id1, Faction, Type, Inhabit_Type, npc_flags, unit_flags, flags_extra, Speed_Walk, Speed_Run, Unit_Class, Dmg_Multiplier, xp_multiplier, health_min, health_max, dmg_min, dmg_max, ranged_dmg_min, ranged_dmg_max, Armor, base_attack_time, Equipment_Id) values
(50012, 1.2, 'Ol\' Biggins', 'Retired Thief', 58, 58, 191, 35, 7, 3, 2, 0, 2, 1, 1.14286, 4, 6, 1, 1104, 1104, 31, 40, 38.72, 53.24, 5043, 16, 50012),
(50013, 1, 'Moroves', 'The Keymaster', 30, 30, 10456, 68, 7, 3, 4, 0, 2, 1, 1.14286, 1, 1, 1, 2305, 2305, 42, 53, 45.144, 62.073, 5043, 22, 4605),
(50014, 1, 'Truvicus', 'The Keymaster', 30, 30, 10457, 12, 7, 3, 4, 0, 2, 1, 1.14286, 1, 1, 1, 2305, 2305, 42, 53, 45.144, 62.073, 5043, 22, 4605);

-- Gurubashi Arena: Bloody Tournament related NPCs

replace into creature_template (entry, display_id1, name, subname, level_min, level_max, health_min, health_max, mana_min, mana_max, faction, npc_flags, unit_class, script_name) values
('50015', '7175', 'Trixy Gollavix', 'Buffer', '60', '60', '12298', '12298', '5467', '5467', '35', 8, '1', 'npc_arena_vendor');

replace into creature_template (entry, display_id1, name, subname, level_min, level_max, health_min, health_max, faction, npc_flags, script_name) values
('50016', '7209', 'Dyah Owon', 'Item Rewards', '60', '60', '12298', '12298', '35', '1', 'npc_arena_vendor');

replace into creature_template (Entry, Name, SubName, Loot_Id, level_min, level_max, display_id1, display_id2, Faction, Type, Inhabit_Type, Unit_Class, npc_flags, unit_flags, Speed_Walk, Speed_Run, Dmg_Multiplier, xp_multiplier, health_min, health_max, dmg_min, dmg_max, ranged_dmg_min, ranged_dmg_max, Armor, base_attack_time, Equipment_Id) values
(50017, 'Arena Spectator', '', 0, 5, 5, 3366, 3332, 7, 7, 3, 1, 0, 0, 0.92, 1.14286, 1.9, 1.8, 112, 112, 15, 21, 5, 8, 120, 2000, 0),
(50018, 'Arena Spectator', '', 0, 5, 5, 4902, 1878, 7, 7, 3, 1, 0, 0, 0.92, 1.14286, 1.9, 1.8, 112, 112, 15, 21, 5, 8, 120, 2000, 0),
(50019, 'Arena Spectator', '', 0, 5, 5, 4084, 4072, 7, 7, 3, 1, 0, 0, 0.92, 1.14286, 1.9, 1.8, 112, 112, 15, 21, 5, 8, 120, 2000, 0),
(50020, 'Arena Spectator', '', 0, 5, 5, 9253, 1376, 7, 7, 3, 1, 0, 0, 0.92, 1.14286, 1.9, 1.8, 112, 112, 15, 21, 5, 8, 120, 2000, 0),
(50021, 'Arena Spectator', '', 0, 5, 5, 3516, 1632, 7, 7, 3, 1, 0, 0, 0.92, 1.14286, 1.9, 1.8, 112, 112, 15, 21, 5, 8, 120, 2000, 0),
(50022, 'Arena Spectator', '', 0, 5, 5, 10052, 10050, 7, 7, 3, 1, 0, 0, 0.92, 1.14286, 1.9, 1.8, 112, 112, 15, 21, 5, 8, 120, 2000, 0),
(50023, 'Arena Spectator', '', 0, 5, 5, 12729, 2459, 7, 7, 3, 1, 0, 0, 0.92, 1.14286, 1.9, 1.8, 112, 112, 15, 21, 5, 8, 120, 2000, 0),
(50024, 'Arena Spectator', '', 0, 5, 5, 3125, 3118, 7, 7, 3, 1, 0, 0, 0.92, 1.14286, 1.9, 1.8, 112, 112, 15, 21, 5, 8, 120, 2000, 0),
(50025, 'Arena Spectator', '', 0, 5, 5, 7132, 7130, 7, 7, 3, 1, 0, 0, 0.92, 1.14286, 1.9, 1.8, 112, 112, 15, 21, 5, 8, 120, 2000, 0);

replace into creature_template (entry, display_id1, name, subname, level_min, level_max, health_min, health_max, faction, npc_flags, script_name) values
('50026', '14561', 'Arena Ambassador', 'The Fight Club', '60', '60', '12298', '12298', '35', '1', 'npc_arena_ambassador');

insert ignore into creature_template_addon (entry, emote) values
(50017, 4), (50018, 4), (50019, 4), (50020, 4), (50021, 4), (50022, 4), (50023, 4), (50024, 4), (50025, 4); -- Cheering

-- Diplomacy related NPCs

replace into creature_template (entry, display_id1, name, subname, level_min, level_max, health_min, health_max, faction, npc_flags) values
('50027', '2532', 'Karn Deepeye', 'Horde Diplomat', '60', '60', '15768', '12298', '35', '1'),
('50028', '197', 'Tarun Swifteagle', 'Alliance Diplomat', '60', '60', '15768', '12298', '35', '1');

replace into creature_template (entry, name, scale, level_min, level_max, health_min, health_max, display_id1, faction, type, inhabit_type, npc_flags) values
(50029, 'Agize', 1.2, 8, 8, 112, 112, 14616, 35, 7, 3, 4),
(50030, 'Alice', 1.2, 8, 8, 112, 112, 257, 35, 7, 3, 4);

REPLACE INTO `creature` VALUES (2554897,50002,0,0,1919,1430.98,382.437,-84.9938,1.93851,25,25,0,0,100,100,0,0,0,0,0,10),(2554898,50003,0,0,0,1397.27,366.591,-84.9514,0.316653,25,25,0,0,100,0,0,0,0,0,0,10),(2554899,50004,0,0,1919,-4631.26,-1136.82,501.328,5.41172,25,25,0,0,100,100,0,0,0,0,0,10),(2554900,50005,0,0,0,-4640.06,-1137.56,501.327,6.22853,25,25,0,0,100,0,0,0,0,0,0,10),(2554901,50006,0,0,481,-11106.1,1511.6,43.3866,2.32356,25,25,0,0,100,0,0,0,0,0,0,10),(2554905,50007,0,0,1051,-2607.17,-2409.45,79.317,3.43563,25,25,0,0,100,0,0,0,0,0,0,10),(2554903,50008,1,0,3381,-1324.88,-3788.75,18.0087,6.10959,25,25,0,0,100,0,0,0,0,0,0,10),(2554902,50009,0,0,1889,-503.143,984.065,93.1714,1.89218,25,25,0,0,100,0,0,0,0,0,0,10),(2554904,50010,0,0,1161,-5509.92,-2735.39,364.061,4.7339,25,25,0,0,100,0,0,0,0,0,0,10),(2554906,50011,0,0,6771,-788.742,-2093.66,33.7838,4.62158,25,25,0,0,100,0,0,0,0,0,0,10),(2554909,50012,0,0,50012,39.4136,-1535.87,180.332,0.413293,25,25,0,0,100,0,0,0,0,0,0,10),(2554896,50013,0,0,4605,1727.83,87.2044,-62.2862,0.701507,25,25,0,0,100,0,0,0,0,0,0,10),(2554911,50014,0,0,4605,-9007.22,861.841,29.6208,1.54154,25,25,0,0,100,0,0,0,0,0,0,10),(2554873,50015,0,0,0,-13239.5,229.262,33.2431,1.107,25,25,0,0,100,100,0,0,0,0,0,10),(2554872,50016,0,0,0,-13220.8,220.034,33.2431,1.19732,25,25,0,0,100,0,0,0,0,0,0,10),(2554874,50017,0,0,0,-13252.1,265.141,33.2318,0.113464,25,25,0,0,100,0,0,0,0,0,0,10),(2554875,50018,0,0,0,-13251.8,283.249,33.2325,5.96076,25,25,0,0,100,0,0,0,0,0,0,10),(2554876,50019,0,0,0,-13246.1,297.413,33.2316,5.6898,25,25,0,0,100,0,0,0,0,0,0,10),(2554883,50019,0,0,0,-13170.5,239.993,33.2328,2.34403,25,25,0,0,100,0,0,0,0,0,0,10),(2554877,50020,0,0,0,-13214.5,319.568,33.2327,4.8455,25,25,0,0,100,0,0,0,0,0,0,10),(2554878,50021,0,0,0,-13199.2,320.082,33.2339,4.57455,25,25,0,0,100,0,0,0,0,0,0,10),(2554885,50021,0,0,0,-13185.1,229.541,33.2334,1.91206,25,25,0,0,100,0,0,0,0,0,0,10),(2554879,50022,0,0,0,-13182.9,314.682,33.2332,4.2172,25,25,0,0,100,0,0,0,0,0,0,10),(2554880,50023,0,0,0,-13169.3,304.128,33.2336,3.84806,25,25,0,0,100,0,0,0,0,0,0,10),(2554881,50024,0,0,0,-13161,291.297,33.2339,3.47107,25,25,0,0,100,0,0,0,0,0,0,10),(2554882,50025,0,0,0,-13161.7,252.61,33.2326,2.66997,25,25,0,0,100,0,0,0,0,0,0,10),(2554871,50026,1,0,0,1652.45,-4394.26,21.4054,4.35737,25,25,0,0,100,0,0,0,0,0,0,10),(2554886,50026,0,0,0,1556.44,241.586,-43.1027,6.25822,25,25,0,0,100,0,0,0,0,0,0,10),(2554888,50026,1,0,0,-1258.25,63.256,127.934,1.86514,25,25,0,0,100,0,0,0,0,0,0,10),(2554893,50026,0,0,0,-8857.42,638.891,96.3515,1.9293,25,25,0,0,100,0,0,0,0,0,0,10),(2554894,50026,0,0,0,-4894.87,-963.59,501.448,3.02407,25,25,0,0,100,0,0,0,0,0,0,10),(2554895,50026,1,0,0,9949.73,2495.69,1317.43,5.02413,25,25,0,0,100,0,0,0,0,0,0,10),(2554916,50027,1,0,0,1632.35,-4443.24,15.4067,1.87156,25,25,0,0,100,0,0,0,0,0,0,10),(2554786,50028,0,0,0,-6213.62,329.897,383.683,2.80623,120,120,0,0,100,100,0,0,0,0,0,10),(2554889,50028,0,0,0,-8826.42,633.237,94.253,3.79854,25,25,0,0,100,0,0,0,0,0,0,10),(2554915,50029,1,0,0,2060.74,-4680.97,25.4665,1.37676,25,25,0,0,100,0,0,0,0,0,0,10),(2554787,50030,0,0,0,1704.57,1671.9,133.817,3.24011,120,120,0,0,100,100,0,0,0,0,0,10),(2554914,50030,0,0,0,-8616.59,726.216,101.903,0.62161,25,25,0,0,100,0,0,0,0,0,0,10),(2554788,50031,1,0,0,-589.608,-4223.07,38.2861,4.15231,120,120,0,0,100,100,0,0,0,0,0,10),(2554789,50031,1,0,0,-2929.09,-237.19,53.9151,4.97707,120,120,0,0,100,100,0,0,0,0,0,10),(2554790,50032,1,0,0,10306.7,827.746,1326.62,6.17933,120,120,0,0,100,100,0,0,0,0,0,10),(2554791,50033,0,0,0,-8902.82,-110.604,81.8486,3.67017,120,120,0,0,100,100,0,0,0,0,0,10),(2554792,50034,1,0,0,-3000.14,-141.16,76.1378,4.56,120,120,0,0,100,100,0,0,0,0,0,10),(2554793,50034,1,0,0,-3036.58,-191.956,60.8279,4.9095,120,120,0,0,100,100,0,0,0,0,0,10),(2554794,50034,1,0,0,-3128.01,-186.419,45.6787,4.97233,120,120,0,0,100,100,0,0,0,0,0,10),(2554795,50034,1,0,0,-3255.86,-186.326,33.9254,4.30867,120,120,0,0,100,100,0,0,0,0,0,10),(2554796,50034,1,0,0,-3274.32,-239.698,40.5544,4.81918,120,120,0,0,100,100,0,0,0,0,0,10),(2554797,50034,1,0,0,-3182.93,-399.021,30.7568,5.55744,120,120,0,0,100,100,0,0,0,0,0,10),(2554798,50034,1,0,0,-2946.25,-386.79,57.8073,0.295272,120,120,0,0,100,100,0,0,0,0,0,10),(2554799,50034,1,0,0,-2819.84,-363.243,56.9863,3.02846,120,120,0,0,100,100,0,0,0,0,0,10),(2554800,50034,1,0,0,-2873.91,-200.326,54.6029,4.50502,120,120,0,0,100,100,0,0,0,0,0,10),(2554801,50034,1,0,0,-2783.58,-294.574,56.3818,4.38721,120,120,0,0,100,100,0,0,0,0,0,10),(2554802,50034,1,0,0,-2933.34,-507.823,46.864,2.49441,120,120,0,0,100,100,0,0,0,0,0,10),(2554803,50034,1,0,0,-2843.75,-581.337,57.2962,3.7157,120,120,0,0,100,100,0,0,0,0,0,10),(2554804,50034,1,0,0,-2794.66,-587.382,57.6006,3.25231,120,120,0,0,100,100,0,0,0,0,0,10),(2554805,50034,1,0,0,-426.301,-4392.52,39.7561,3.71885,120,120,0,0,100,100,0,0,0,0,0,10),(2554806,50034,1,0,0,-305.531,-4340.51,50.6765,1.03672,120,120,0,0,100,100,0,0,0,0,0,10),(2554807,50034,1,0,0,-339.23,-4240.66,66.809,1.51581,120,120,0,0,100,100,0,0,0,0,0,10),(2554808,50034,1,0,0,-320.239,-4124.04,51.4649,4.82705,120,120,0,0,100,100,0,0,0,0,0,10),(2554809,50034,1,0,0,-372.751,-4014.05,50.6587,3.9859,120,120,0,0,100,100,0,0,0,0,0,10),(2554810,50034,1,0,0,-406.658,-4057.35,52.201,3.07876,120,120,0,0,100,100,0,0,0,0,0,10),(2554811,50034,1,0,0,-536.163,-4083.38,71.8074,3.26726,120,120,0,0,100,100,0,0,0,0,0,10),(2554812,50034,1,0,0,-619.188,-4102.08,75.08,3.7817,120,120,0,0,100,100,0,0,0,0,0,10),(2554813,50034,1,0,0,-709.615,-4312.48,41.5208,1.17811,120,120,0,0,100,100,0,0,0,0,0,10),(2554814,50034,1,0,0,-700.334,-4299.22,41.6887,5.66273,120,120,0,0,100,100,0,0,0,0,0,10),(2554815,50034,1,0,0,-687.694,-4109.12,30.1794,1.43729,120,120,0,0,100,100,0,0,0,0,0,10),(2554816,50034,1,0,0,-579.909,-4550.28,42.2241,1.43336,120,120,0,0,100,100,0,0,0,0,0,10),(2554817,50034,0,0,0,-6323.18,252.513,383.255,4.30399,120,120,0,0,100,100,0,0,0,0,0,10),(2554818,50034,0,0,0,-6393.15,317.415,387.101,1.52368,120,120,0,0,100,100,0,0,0,0,0,10),(2554819,50034,0,0,0,-6342.61,448.986,377.579,4.62207,120,120,0,0,100,100,0,0,0,0,0,10),(2554820,50034,0,0,0,-6303.15,544.317,386.614,1.9046,120,120,0,0,100,100,0,0,0,0,0,10),(2554821,50034,0,0,0,-6225.35,636.942,399.72,2.04597,120,120,0,0,100,100,0,0,0,0,0,10),(2554822,50034,0,0,0,-6220.19,688.087,384.92,4.56709,120,120,0,0,100,100,0,0,0,0,0,10),(2554823,50034,0,0,0,-6273.23,747.696,386.672,1.93993,120,120,0,0,100,100,0,0,0,0,0,10),(2554824,50034,0,0,0,-6350.54,753.83,388.706,3.88772,120,120,0,0,100,100,0,0,0,0,0,10),(2554825,50034,0,0,0,-6366.98,659.99,386.618,5.3682,120,120,0,0,100,100,0,0,0,0,0,10),(2554826,50034,0,0,0,-6368.58,579.388,385.918,4.67312,120,120,0,0,100,100,0,0,0,0,0,10),(2554827,50034,0,0,0,-6383.96,513.085,384.505,4.83805,120,120,0,0,100,100,0,0,0,0,0,10),(2554828,50034,1,0,0,10255.1,971.553,1341.51,0.731808,120,120,0,0,100,100,0,0,0,0,0,10),(2554829,50034,1,0,0,10349.1,999.129,1333.89,5.44419,120,120,0,0,100,100,0,0,0,0,0,10),(2554830,50034,1,0,0,10425.7,999.907,1325.43,5.59735,120,120,0,0,100,100,0,0,0,0,0,10),(2554831,50034,1,0,0,10559.3,880.426,1309.98,3.61422,120,120,0,0,100,100,0,0,0,0,0,10),(2554832,50034,1,0,0,10588.1,827.769,1308.79,0.00923345,120,120,0,0,100,100,0,0,0,0,0,10),(2554833,50034,1,0,0,10702.6,773.388,1321.04,3.2333,120,120,0,0,100,100,0,0,0,0,0,10),(2554834,50034,1,0,0,10778.5,730.985,1327.28,5.67981,120,120,0,0,100,100,0,0,0,0,0,10),(2554835,50034,1,0,0,10550.6,577.8,1339.9,3.92444,120,120,0,0,100,100,0,0,0,0,0,10),(2554836,50034,1,0,0,10410,528.983,1330.52,5.23606,120,120,0,0,100,100,0,0,0,0,0,10),(2554837,50034,1,0,0,10415.7,615.783,1322.13,1.36326,120,120,0,0,100,100,0,0,0,0,0,10),(2554838,50034,1,0,0,10359,613.199,1328.81,2.69058,120,120,0,0,100,100,0,0,0,0,0,10),(2554839,50034,1,0,0,10347.6,698.316,1327.64,0.785988,120,120,0,0,100,100,0,0,0,0,0,10),(2554840,50034,1,0,0,10204.7,693.353,1361.12,3.25214,120,120,0,0,100,100,0,0,0,0,0,10),(2554841,50034,0,0,0,-8888.18,-323.611,70.8654,6.08684,120,120,0,0,100,100,0,0,0,0,0,10),(2554842,50034,0,0,0,-8875.21,-346.092,71.6182,5.39177,120,120,0,0,100,100,0,0,0,0,0,10),(2554843,50034,0,0,0,-8818.47,-361.705,70.3117,6.20858,120,120,0,0,100,100,0,0,0,0,0,10),(2554844,50034,0,0,0,-8768.15,-290.305,76.8946,1.64934,120,120,0,0,100,100,0,0,0,0,0,10),(2554845,50034,0,0,0,-8741.74,-221.427,88.7327,0.934632,120,120,0,0,100,100,0,0,0,0,0,10),(2554846,50034,0,0,0,-8728.67,-138.641,86.9815,2.43082,120,120,0,0,100,100,0,0,0,0,0,10),(2554847,50034,0,0,0,-8786.02,-16.9039,113.8,4.41395,120,120,0,0,100,100,0,0,0,0,0,10),(2554848,50034,0,0,0,-8876.54,12.7079,93.156,3.89951,120,120,0,0,100,100,0,0,0,0,0,10),(2554849,50034,0,0,0,-8965.33,-59.111,92.0573,3.18087,120,120,0,0,100,100,0,0,0,0,0,10),(2554850,50034,0,0,0,-9018.5,-46.4417,87.9452,5.50565,120,120,0,0,100,100,0,0,0,0,0,10),(2554851,50034,0,0,0,-9073.02,-211.534,70.1276,1.33127,120,120,0,0,100,100,0,0,0,0,0,10),(2554852,50034,0,0,0,-9082.35,-308.971,73.4284,5.13652,120,120,0,0,100,100,0,0,0,0,0,10),(2554853,50034,0,0,0,-8918.57,-411.998,66.0981,0.946413,120,120,0,0,100,100,0,0,0,0,0,10),(2554854,50034,0,0,0,1774.86,1694.44,124.893,1.75885,120,120,0,0,100,100,0,0,0,0,0,10),(2554855,50034,0,0,0,1750.48,1585.58,112.855,4.58629,120,120,0,0,100,100,0,0,0,0,0,10),(2554856,50034,0,0,0,1659.18,1574.08,138.48,5.23031,120,120,0,0,100,100,0,0,0,0,0,10),(2554857,50034,0,0,0,1693.53,1556.06,123.34,4.27841,120,120,0,0,100,100,0,0,0,0,0,10),(2554858,50034,0,0,0,1728.08,1550.36,123.007,5.46986,120,120,0,0,100,100,0,0,0,0,0,10),(2554859,50034,0,0,0,1838.22,1500.32,91.6455,5.76832,120,120,0,0,100,100,0,0,0,0,0,10),(2554860,50034,0,0,0,1959.93,1387,64.5993,5.51306,120,120,0,0,100,100,0,0,0,0,0,10),(2554861,50034,0,0,0,2049.28,1429.89,65.6948,0.694644,120,120,0,0,100,100,0,0,0,0,0,10),(2554862,50034,0,0,0,2121.76,1397.04,66.3354,5.5916,120,120,0,0,100,100,0,0,0,0,0,10),(2554863,50034,0,0,0,2135.57,1311.18,53.679,5.96859,120,120,0,0,100,100,0,0,0,0,0,10),(2554864,50035,0,0,0,-8902.79,-111.719,81.8486,3.47686,120,120,0,0,100,100,0,0,0,0,0,10),(2554865,50035,0,0,0,-6212.89,330.891,383.782,3.22717,120,120,0,0,100,100,0,0,0,0,0,10),(2554866,50035,1,0,0,-2930.97,-236.97,53.9151,4.72966,120,120,0,0,100,100,0,0,0,0,0,10),(2554867,50035,1,0,0,-2933.87,-236.84,53.9151,5.08059,120,120,0,0,100,100,0,0,0,0,0,10),(2554868,50035,1,0,0,-2934.35,-240.382,53.9151,0.879633,120,120,0,0,100,100,0,0,0,0,0,10),(2554869,50035,1,0,0,10306.6,825.965,1326.68,6.19818,120,120,0,0,100,100,0,0,0,0,0,10),(2554870,50035,1,0,0,-591.873,-4222.55,38.3419,4.95193,120,120,0,0,100,100,0,0,0,0,0,10);

-- End of migration.
END IF;
END??
delimiter ; 
CALL add_migration();
DROP PROCEDURE IF EXISTS add_migration;
