replace into migrations values (20191130021621);

-- 10878

-- 13609 lantern
-- 2715  lantern

update creature_template set level_min = 30, level_max = 40 where entry between 50638 and 50653;
update creature_template set health_min = 1500, health_max = 3000 where entry between 50638 and 50653;

-- More Winter Veil Vale Citizens:

REPLACE INTO `creature_template` (`entry`, `patch`, `display_id1`, `display_id2`, `display_id3`, `display_id4`, `name`, `subname`, `gossip_menu_id`, `level_min`, `level_max`, `health_min`, `health_max`, `mana_min`, `mana_max`, `armor`, `faction`, `npc_flags`, `speed_walk`, `speed_run`, `scale`, `detection_range`, `call_for_help_range`, `leash_range`, `rank`, `xp_multiplier`, `dmg_min`, `dmg_max`, `dmg_school`, `attack_power`, `dmg_multiplier`, `base_attack_time`, `ranged_attack_time`, `unit_class`, `unit_flags`, `dynamic_flags`, `beast_family`, `trainer_type`, `trainer_spell`, `trainer_class`, `trainer_race`, `ranged_dmg_min`, `ranged_dmg_max`, `ranged_attack_power`, `type`, `type_flags`, `loot_id`, `pickpocket_loot_id`, `skinning_loot_id`, `holy_res`, `fire_res`, `nature_res`, `frost_res`, `shadow_res`, `arcane_res`, `spell_id1`, `spell_id2`, `spell_id3`, `spell_id4`, `spell_list_id`, `pet_spell_list_id`, `gold_min`, `gold_max`, `ai_name`, `movement_type`, `inhabit_type`, `civilian`, `racial_leader`, `regeneration`, `equipment_id`, `trainer_id`, `vendor_id`, `mechanic_immune_mask`, `school_immune_mask`, `flags_extra`, `script_name`) VALUES 

(50660, 6, 10878, 0, 0, 0, 'Lantaria Woodshadow', 'Cenarion Circle', 0, 30, 40, 2000, 3000, 0, 0, 7, 35, 0, 1.2, 1.14286, 1, 20, 5, 0, 0, 1, 2, 2, 0, 44, 1, 2000, 2000, 1, 0, 0, 0, 0, 0, 0, 0, 1, 1, 0, 7, 0, 0, 0, 0, 0, 0, 0, 0, 0, 0, 0, 0, 0, 0, 0, 0, 0, 0, '', 0, 3, 0, 0, 3, 0, 0, 0, 0, 0, 524288, '');

REPLACE INTO `creature_equip_template` (`entry`, `patch`, `equipentry1`, `equipentry2`, `equipentry3`) VALUES (50660, 0, 13609, 0, 0);
update creature_template set equipment_id = 50660 where entry =50660 ;
update creature_template set faction = 35 where entry = 50660;
update creature_template set npc_flags = 2 where entry = 50660;

replace into quest_template (
entry, patch, Method, ZoneOrSort, MinLevel, QuestLevel, MaxLevel, Type, RequiredClasses, RequiredRaces, RequiredSkill,
RequiredSkillValue, RepObjectiveFaction, RepObjectiveValue, RequiredMinRepFaction, RequiredMinRepValue,RequiredMaxRepFaction,
RequiredMaxRepValue, SuggestedPlayers, LimitTime, QuestFlags, SpecialFlags, PrevQuestId, NextQuestId, ExclusiveGroup, NextQuestInChain,
SrcItemId, SrcItemCount, SrcSpell, Title, Details, Objectives, OfferRewardText, RequestItemsText, EndText, ObjectiveText1, ObjectiveText2,
ObjectiveText3, ObjectiveText4, ReqItemId1, ReqItemId2, ReqItemId3, ReqItemId4, ReqItemCount1, ReqItemCount2, ReqItemCount3,
ReqItemCount4, ReqSourceId1, ReqSourceId2, ReqSourceId3, ReqSourceId4, ReqSourceCount1, ReqSourceCount2, ReqSourceCount3,
ReqSourceCount4, ReqCreatureOrGOId1, ReqCreatureOrGOId2, ReqCreatureOrGOId3, ReqCreatureOrGOId4, ReqCreatureOrGOCount1,
ReqCreatureOrGOCount2, ReqCreatureOrGOCount3, ReqCreatureOrGOCount4, ReqSpellCast1, ReqSpellCast2, ReqSpellCast3,
ReqSpellCast4, RewChoiceItemId1, RewChoiceItemId2, RewChoiceItemId3, RewChoiceItemId4, RewChoiceItemId5, RewChoiceItemId6,
RewChoiceItemCount1, RewChoiceItemCount2, RewChoiceItemCount3, RewChoiceItemCount4, RewChoiceItemCount5, RewChoiceItemCount6,
RewItemId1, RewItemId2, RewItemId3, RewItemId4, RewItemCount1, RewItemCount2, RewItemCount3, RewItemCount4, RewRepFaction1,
RewRepFaction2, RewRepFaction3, RewRepFaction4, RewRepFaction5, RewRepValue1, RewRepValue2, RewRepValue3, RewRepValue4,
RewRepValue5, RewOrReqMoney, RewMoneyMaxLevel, RewSpell, RewSpellCast, RewMailTemplateId, RewMailMoney, RewMailDelaySecs,
PointMapId, PointX, PointY, PointOpt, DetailsEmote1, DetailsEmote2, DetailsEmote3, DetailsEmote4, DetailsEmoteDelay1,
DetailsEmoteDelay2, DetailsEmoteDelay3, DetailsEmoteDelay4, IncompleteEmote, CompleteEmote, OfferRewardEmote1, OfferRewardEmote2,
OfferRewardEmote3, OfferRewardEmote4, OfferRewardEmoteDelay1, OfferRewardEmoteDelay2, OfferRewardEmoteDelay3,OfferRewardEmoteDelay4,
StartScript, CompleteScript)
         values
 ('50318', '0', '2', '0', '1', '60', '60', '0', '0', '0', '0',
'0', '0', '0', '0', '0','0',
'0', '0', '0', '0', '1', '0', '0', '0', '0',
'0', '0', '0', 'Bracing The Inevitable', 'While it\'s great we all gather around finely decorated pine here there is a serious trouble coming up for all the wild creatures out there. As you know, the whole ecosystem we live within might be easily corrupted with some species out of the scene to do their part of work everyone is trying to uphold.$B$BI\'m talking about moonkins. If you\'re still uninformed then it\'s crucial we have them saved. What do you mean \"how\"?!? Young moonkins will be freezing to death this winter if we don\'t do someth... I know!$B$BBring them our festive Egg Nog to make\'em warm. Hugs will also do but you bring them Egg Nog in the first place! Where you get it? Well, I\'m sure there\'s a recipe we had somewhere nearby…', 'Bring festive Egg Nog to 15 moonkins to make them warm.', 'Well done! Now it\'s safe to say that we will endure!$B$BEat this, Greatfather Winter!', 'Did you bring Egg Nog to moonkins yet?', '', '', '',
'', '', '51248', '0', '0', '0', '15', '0', '0',
'0', '0', '0', '0', '0', '0', '0', '0',
'0', '0', '0', '0', '0', '0',
'0', '0', '0', '0', '0', '0',
'0', '0', '0', '0', '0', '0', '0',
'0', '0', '0', '0', '0', '0',
'51060', '0', '0', '0', '1', '0', '0', '0', '0',
'0', '0', '0', '609', '0', '0', '0', '0',
'200', '0', '2970', '0', '0', '0', '0', '0',
'0', '0', '0', '0', '0', '0', '0', '0', '0',
'0', '0', '0', '1', '4', '0', '0',
'0', '0', '0', '0', '0','0',
0, 0);
replace into creature_questrelation (id, quest, patch_min, patch_max) values ('50660','50318','10','10');	  
replace into creature_involvedrelation (id, quest, patch_min, patch_max) values ('50660','50318','10','10');
	  
update quest_template set ZoneOrSort = 1 where entry = 50318;
	  
-- Dummy Creatures for Snowball Wars:	  
	  
REPLACE INTO `creature_template` (`entry`, `patch`, `display_id1`, `display_id2`, `display_id3`, `display_id4`, `name`, `subname`, `gossip_menu_id`, `level_min`, `level_max`, `health_min`, `health_max`, `mana_min`, `mana_max`, `armor`, `faction`, `npc_flags`, `speed_walk`, `speed_run`, `scale`, `detection_range`, `call_for_help_range`, `leash_range`, `rank`, `xp_multiplier`, `dmg_min`, `dmg_max`, `dmg_school`, `attack_power`, `dmg_multiplier`, `base_attack_time`, `ranged_attack_time`, `unit_class`, `unit_flags`, `dynamic_flags`, `beast_family`, `trainer_type`, `trainer_spell`, `trainer_class`, `trainer_race`, `ranged_dmg_min`, `ranged_dmg_max`, `ranged_attack_power`, `type`, `type_flags`, `loot_id`, `pickpocket_loot_id`, `skinning_loot_id`, `holy_res`, `fire_res`, `nature_res`, `frost_res`, `shadow_res`, `arcane_res`, `spell_id1`, `spell_id2`, `spell_id3`, `spell_id4`, `spell_list_id`, `pet_spell_list_id`, `gold_min`, `gold_max`, `ai_name`, `movement_type`, `inhabit_type`, `civilian`, `racial_leader`, `regeneration`, `equipment_id`, `trainer_id`, `vendor_id`, `mechanic_immune_mask`, `school_immune_mask`, `flags_extra`, `script_name`) VALUES 
(60000, 0, 1555, 0, 0, 0, 'DUMMY_PLAYER_WARLOCK', 'Snowball Wars', 0, 1, 1, 10, 30, 0, 0, 7, 35, 0, 1.2, 1.14286, 1, 20, 5, 0, 0, 1, 2, 2, 0, 44, 1, 2000, 2000, 1, 0, 0, 0, 0, 0, 0, 0, 1, 1, 0, 7, 0, 0, 0, 0, 0, 0, 0, 0, 0, 0, 0, 0, 0, 0, 0, 0, 0, 0, '', 0, 3, 0, 0, 3, 0, 0, 0, 0, 0, 524288, ''),
(60001, 0, 1555, 0, 0, 0, 'DUMMY_PLAYER_PRIEST', 'Snowball Wars', 0, 1, 1, 10, 30, 0, 0, 7, 35, 0, 1.2, 1.14286, 1, 20, 5, 0, 0, 1, 2, 2, 0, 44, 1, 2000, 2000, 1, 0, 0, 0, 0, 0, 0, 0, 1, 1, 0, 7, 0, 0, 0, 0, 0, 0, 0, 0, 0, 0, 0, 0, 0, 0, 0, 0, 0, 0, '', 0, 3, 0, 0, 3, 0, 0, 0, 0, 0, 524288, ''),
(60002, 0, 1555, 0, 0, 0, 'DUMMY_PLAYER_MAGE', 'Snowball Wars', 0, 1, 1, 10, 30, 0, 0, 7, 35, 0, 1.2, 1.14286, 1, 20, 5, 0, 0, 1, 2, 2, 0, 44, 1, 2000, 2000, 1, 0, 0, 0, 0, 0, 0, 0, 1, 1, 0, 7, 0, 0, 0, 0, 0, 0, 0, 0, 0, 0, 0, 0, 0, 0, 0, 0, 0, 0, '', 0, 3, 0, 0, 3, 0, 0, 0, 0, 0, 524288, ''),
(60003, 0, 1555, 0, 0, 0, 'DUMMY_PLAYER_WARRIOR', 'Snowball Wars', 0, 1, 1, 10, 30, 0, 0, 7, 35, 0, 1.2, 1.14286, 1, 20, 5, 0, 0, 1, 2, 2, 0, 44, 1, 2000, 2000, 1, 0, 0, 0, 0, 0, 0, 0, 1, 1, 0, 7, 0, 0, 0, 0, 0, 0, 0, 0, 0, 0, 0, 0, 0, 0, 0, 0, 0, 0, '', 0, 3, 0, 0, 3, 0, 0, 0, 0, 0, 524288, ''),
(60004, 0, 1555, 0, 0, 0, 'DUMMY_PLAYER_DRUID', 'Snowball Wars', 0, 1, 1, 10, 30, 0, 0, 7, 35, 0, 1.2, 1.14286, 1, 20, 5, 0, 0, 1, 2, 2, 0, 44, 1, 2000, 2000, 1, 0, 0, 0, 0, 0, 0, 0, 1, 1, 0, 7, 0, 0, 0, 0, 0, 0, 0, 0, 0, 0, 0, 0, 0, 0, 0, 0, 0, 0, '', 0, 3, 0, 0, 3, 0, 0, 0, 0, 0, 524288, ''),
(60005, 0, 1555, 0, 0, 0, 'DUMMY_PLAYER_PALADIN', 'Snowball Wars', 0, 1, 1, 10, 30, 0, 0, 7, 35, 0, 1.2, 1.14286, 1, 20, 5, 0, 0, 1, 2, 2, 0, 44, 1, 2000, 2000, 1, 0, 0, 0, 0, 0, 0, 0, 1, 1, 0, 7, 0, 0, 0, 0, 0, 0, 0, 0, 0, 0, 0, 0, 0, 0, 0, 0, 0, 0, '', 0, 3, 0, 0, 3, 0, 0, 0, 0, 0, 524288, ''),
(60006, 0, 1555, 0, 0, 0, 'DUMMY_PLAYER_HUNTER', 'Snowball Wars', 0, 1, 1, 10, 30, 0, 0, 7, 35, 0, 1.2, 1.14286, 1, 20, 5, 0, 0, 1, 2, 2, 0, 44, 1, 2000, 2000, 1, 0, 0, 0, 0, 0, 0, 0, 1, 1, 0, 7, 0, 0, 0, 0, 0, 0, 0, 0, 0, 0, 0, 0, 0, 0, 0, 0, 0, 0, '', 0, 3, 0, 0, 3, 0, 0, 0, 0, 0, 524288, ''),
(60007, 0, 1555, 0, 0, 0, 'DUMMY_PLAYER_SHAMAN', 'Snowball Wars', 0, 1, 1, 10, 30, 0, 0, 7, 35, 0, 1.2, 1.14286, 1, 20, 5, 0, 0, 1, 2, 2, 0, 44, 1, 2000, 2000, 1, 0, 0, 0, 0, 0, 0, 0, 1, 1, 0, 7, 0, 0, 0, 0, 0, 0, 0, 0, 0, 0, 0, 0, 0, 0, 0, 0, 0, 0, '', 0, 3, 0, 0, 3, 0, 0, 0, 0, 0, 524288, '');

replace into quest_template (
entry, patch, Method, ZoneOrSort, MinLevel, QuestLevel, MaxLevel, Type, RequiredClasses, RequiredRaces, RequiredSkill,
RequiredSkillValue, RepObjectiveFaction, RepObjectiveValue, RequiredMinRepFaction, RequiredMinRepValue,RequiredMaxRepFaction,
RequiredMaxRepValue, SuggestedPlayers, LimitTime, QuestFlags, SpecialFlags, PrevQuestId, NextQuestId, ExclusiveGroup, NextQuestInChain,
SrcItemId, SrcItemCount, SrcSpell, Title, Details, Objectives, OfferRewardText, RequestItemsText, EndText, ObjectiveText1, ObjectiveText2,
ObjectiveText3, ObjectiveText4, ReqItemId1, ReqItemId2, ReqItemId3, ReqItemId4, ReqItemCount1, ReqItemCount2, ReqItemCount3,
ReqItemCount4, ReqSourceId1, ReqSourceId2, ReqSourceId3, ReqSourceId4, ReqSourceCount1, ReqSourceCount2, ReqSourceCount3,
ReqSourceCount4, ReqCreatureOrGOId1, ReqCreatureOrGOId2, ReqCreatureOrGOId3, ReqCreatureOrGOId4, ReqCreatureOrGOCount1,
ReqCreatureOrGOCount2, ReqCreatureOrGOCount3, ReqCreatureOrGOCount4, ReqSpellCast1, ReqSpellCast2, ReqSpellCast3,
ReqSpellCast4, RewChoiceItemId1, RewChoiceItemId2, RewChoiceItemId3, RewChoiceItemId4, RewChoiceItemId5, RewChoiceItemId6,
RewChoiceItemCount1, RewChoiceItemCount2, RewChoiceItemCount3, RewChoiceItemCount4, RewChoiceItemCount5, RewChoiceItemCount6,
RewItemId1, RewItemId2, RewItemId3, RewItemId4, RewItemCount1, RewItemCount2, RewItemCount3, RewItemCount4, RewRepFaction1,
RewRepFaction2, RewRepFaction3, RewRepFaction4, RewRepFaction5, RewRepValue1, RewRepValue2, RewRepValue3, RewRepValue4,
RewRepValue5, RewOrReqMoney, RewMoneyMaxLevel, RewSpell, RewSpellCast, RewMailTemplateId, RewMailMoney, RewMailDelaySecs,
PointMapId, PointX, PointY, PointOpt, DetailsEmote1, DetailsEmote2, DetailsEmote3, DetailsEmote4, DetailsEmoteDelay1,
DetailsEmoteDelay2, DetailsEmoteDelay3, DetailsEmoteDelay4, IncompleteEmote, CompleteEmote, OfferRewardEmote1, OfferRewardEmote2,
OfferRewardEmote3, OfferRewardEmote4, OfferRewardEmoteDelay1, OfferRewardEmoteDelay2, OfferRewardEmoteDelay3,OfferRewardEmoteDelay4,
StartScript, CompleteScript)
         values
 ('50319', '0', '2', '1', '1', '60', '60', '0', '0', '0', '0',
'0', '0', '0', '0', '0','0',
'0', '0', '0', '0', '0', '0', '0', '0', '0',
'0', '0', '0', 'Snowball Wars: Episode I', 'Throw a snowball at player of every listed class during the Feast of Winter Veil.', 'The peace was never an option!', 'Well done, $N.', 'Throw it!', '', '', '',
'', '', '0', '0', '0', '0', '0', '0', '0',
'0', '0', '0', '0', '0', '0', '0', '0',
'0', '60000', '60001', '60002', '60003', '1',
'1', '1', '1', '0', '0', '0',
'0', '0', '0', '0', '0', '0', '0',
'0', '0', '0', '0', '0', '0',
'51060', '0', '0', '0', '1', '0', '0', '0', '0',
'0', '0', '0', '0', '0', '0', '0', '0',
'0', '0', '3970', '0', '0', '0', '0', '0',
'0', '0', '0', '0', '0', '0', '0', '0', '0',
'0', '0', '0', '1', '10', '0', '0',
'0', '0', '0', '0', '0','0',
0, 0);
replace into creature_questrelation (id, quest, patch_min, patch_max)
      values
      ('50654','50319','10','10');
	  
replace into creature_involvedrelation (id, quest, patch_min, patch_max)
      values
      ('50654','50319','10','10');
	  
UPDATE `quest_template` SET `ObjectiveText1`='Throw snowball at Warlock' WHERE `entry`= 50319;
UPDATE `quest_template` SET `ObjectiveText2`='Throw snowball at Priest' WHERE `entry`= 50319;
UPDATE `quest_template` SET `ObjectiveText3`='Throw snowball at Mage' WHERE `entry`= 50319;
UPDATE `quest_template` SET `ObjectiveText4`='Throw snowball at Warrior' WHERE `entry`= 50319;

replace into quest_template (
entry, patch, Method, ZoneOrSort, MinLevel, QuestLevel, MaxLevel, Type, RequiredClasses, RequiredRaces, RequiredSkill,
RequiredSkillValue, RepObjectiveFaction, RepObjectiveValue, RequiredMinRepFaction, RequiredMinRepValue,RequiredMaxRepFaction,
RequiredMaxRepValue, SuggestedPlayers, LimitTime, QuestFlags, SpecialFlags, PrevQuestId, NextQuestId, ExclusiveGroup, NextQuestInChain,
SrcItemId, SrcItemCount, SrcSpell, Title, Details, Objectives, OfferRewardText, RequestItemsText, EndText, ObjectiveText1, ObjectiveText2,
ObjectiveText3, ObjectiveText4, ReqItemId1, ReqItemId2, ReqItemId3, ReqItemId4, ReqItemCount1, ReqItemCount2, ReqItemCount3,
ReqItemCount4, ReqSourceId1, ReqSourceId2, ReqSourceId3, ReqSourceId4, ReqSourceCount1, ReqSourceCount2, ReqSourceCount3,
ReqSourceCount4, ReqCreatureOrGOId1, ReqCreatureOrGOId2, ReqCreatureOrGOId3, ReqCreatureOrGOId4, ReqCreatureOrGOCount1,
ReqCreatureOrGOCount2, ReqCreatureOrGOCount3, ReqCreatureOrGOCount4, ReqSpellCast1, ReqSpellCast2, ReqSpellCast3,
ReqSpellCast4, RewChoiceItemId1, RewChoiceItemId2, RewChoiceItemId3, RewChoiceItemId4, RewChoiceItemId5, RewChoiceItemId6,
RewChoiceItemCount1, RewChoiceItemCount2, RewChoiceItemCount3, RewChoiceItemCount4, RewChoiceItemCount5, RewChoiceItemCount6,
RewItemId1, RewItemId2, RewItemId3, RewItemId4, RewItemCount1, RewItemCount2, RewItemCount3, RewItemCount4, RewRepFaction1,
RewRepFaction2, RewRepFaction3, RewRepFaction4, RewRepFaction5, RewRepValue1, RewRepValue2, RewRepValue3, RewRepValue4,
RewRepValue5, RewOrReqMoney, RewMoneyMaxLevel, RewSpell, RewSpellCast, RewMailTemplateId, RewMailMoney, RewMailDelaySecs,
PointMapId, PointX, PointY, PointOpt, DetailsEmote1, DetailsEmote2, DetailsEmote3, DetailsEmote4, DetailsEmoteDelay1,
DetailsEmoteDelay2, DetailsEmoteDelay3, DetailsEmoteDelay4, IncompleteEmote, CompleteEmote, OfferRewardEmote1, OfferRewardEmote2,
OfferRewardEmote3, OfferRewardEmote4, OfferRewardEmoteDelay1, OfferRewardEmoteDelay2, OfferRewardEmoteDelay3,OfferRewardEmoteDelay4,
StartScript, CompleteScript)
         values
 ('50320', '0', '2', '1', '1', '60', '60', '0', '0', '0', '0',
'0', '0', '0', '0', '0','0',
'0', '0', '0', '0', '0', '0', '0', '0', '0',
'0', '0', '0', 'Snowball Wars: Episode II', 'Throw a snowball at player of every listed class during the Feast of Winter Veil.', 'The peace was never an option!', 'Well done, $N.', 'Throw it!', '', '', '',
'', '', '0', '0', '0', '0', '0', '0', '0',
'0', '0', '0', '0', '0', '0', '0', '0',
'0', '60004', '60005', '60006', '60007', '1',
'1', '1', '1', '0', '0', '0',
'0', '0', '0', '0', '0', '0', '0',
'0', '0', '0', '0', '0', '0',
'17712', '0', '0', '0', '1', '0', '0', '0', '0',
'0', '0', '0', '0', '0', '0', '0', '0',
'0', '0', '3970', '0', '0', '0', '0', '0',
'0', '0', '0', '0', '0', '0', '0', '0', '0',
'0', '0', '0', '1', '10', '0', '0',
'0', '0', '0', '0', '0','0',
0, 0);
replace into creature_questrelation (id, quest, patch_min, patch_max)
      values
      ('50654','50320','10','10');
	  
replace into creature_involvedrelation (id, quest, patch_min, patch_max)
      values
      ('50654','50320','10','10');
	  
UPDATE `quest_template` SET `ObjectiveText1`='Throw snowball at Druid' WHERE `entry`= 50320;
UPDATE `quest_template` SET `ObjectiveText2`='Throw snowball at Paladin' WHERE `entry`= 50320;
UPDATE `quest_template` SET `ObjectiveText3`='Throw snowball at Hunter' WHERE `entry`= 50320;
UPDATE `quest_template` SET `ObjectiveText4`='Throw snowball at Shaman' WHERE `entry`= 50320;

-- BOUNTY HUNT:

-- Dummy Creatures for Snowball Wars:	  
	  
REPLACE INTO `creature_template` (`entry`, `patch`, `display_id1`, `display_id2`, `display_id3`, `display_id4`, `name`, `subname`, `gossip_menu_id`, `level_min`, `level_max`, `health_min`, `health_max`, `mana_min`, `mana_max`, `armor`, `faction`, `npc_flags`, `speed_walk`, `speed_run`, `scale`, `detection_range`, `call_for_help_range`, `leash_range`, `rank`, `xp_multiplier`, `dmg_min`, `dmg_max`, `dmg_school`, `attack_power`, `dmg_multiplier`, `base_attack_time`, `ranged_attack_time`, `unit_class`, `unit_flags`, `dynamic_flags`, `beast_family`, `trainer_type`, `trainer_spell`, `trainer_class`, `trainer_race`, `ranged_dmg_min`, `ranged_dmg_max`, `ranged_attack_power`, `type`, `type_flags`, `loot_id`, `pickpocket_loot_id`, `skinning_loot_id`, `holy_res`, `fire_res`, `nature_res`, `frost_res`, `shadow_res`, `arcane_res`, `spell_id1`, `spell_id2`, `spell_id3`, `spell_id4`, `spell_list_id`, `pet_spell_list_id`, `gold_min`, `gold_max`, `ai_name`, `movement_type`, `inhabit_type`, `civilian`, `racial_leader`, `regeneration`, `equipment_id`, `trainer_id`, `vendor_id`, `mechanic_immune_mask`, `school_immune_mask`, `flags_extra`, `script_name`) VALUES 
(70000, 0, 1555, 0, 0, 0, 'DUMMY_PLAYER_ENGIE', 'Snowball_Bounty', 0, 1, 1, 10, 30, 0, 0, 7, 35, 0, 1.2, 1.14286, 1, 20, 5, 0, 0, 1, 2, 2, 0, 44, 1, 2000, 2000, 1, 0, 0, 0, 0, 0, 0, 0, 1, 1, 0, 7, 0, 0, 0, 0, 0, 0, 0, 0, 0, 0, 0, 0, 0, 0, 0, 0, 0, 0, '', 0, 3, 0, 0, 3, 0, 0, 0, 0, 0, 524288, ''),
(70001, 0, 1555, 0, 0, 0, 'DUMMY_PLAYER_SMULTRON', 'Snowball_Bounty', 0, 1, 1, 10, 30, 0, 0, 7, 35, 0, 1.2, 1.14286, 1, 20, 5, 0, 0, 1, 2, 2, 0, 44, 1, 2000, 2000, 1, 0, 0, 0, 0, 0, 0, 0, 1, 1, 0, 7, 0, 0, 0, 0, 0, 0, 0, 0, 0, 0, 0, 0, 0, 0, 0, 0, 0, 0, '', 0, 3, 0, 0, 3, 0, 0, 0, 0, 0, 524288, ''),
(70002, 0, 1555, 0, 0, 0, 'DUMMY_PLAYER_CALETH', 'Snowball_Bounty', 0, 1, 1, 10, 30, 0, 0, 7, 35, 0, 1.2, 1.14286, 1, 20, 5, 0, 0, 1, 2, 2, 0, 44, 1, 2000, 2000, 1, 0, 0, 0, 0, 0, 0, 0, 1, 1, 0, 7, 0, 0, 0, 0, 0, 0, 0, 0, 0, 0, 0, 0, 0, 0, 0, 0, 0, 0, '', 0, 3, 0, 0, 3, 0, 0, 0, 0, 0, 524288, ''),
(70003, 0, 1555, 0, 0, 0, 'DUMMY_PLAYER_GIFTED', 'Snowball_Bounty', 0, 1, 1, 10, 30, 0, 0, 7, 35, 0, 1.2, 1.14286, 1, 20, 5, 0, 0, 1, 2, 2, 0, 44, 1, 2000, 2000, 1, 0, 0, 0, 0, 0, 0, 0, 1, 1, 0, 7, 0, 0, 0, 0, 0, 0, 0, 0, 0, 0, 0, 0, 0, 0, 0, 0, 0, 0, '', 0, 3, 0, 0, 3, 0, 0, 0, 0, 0, 524288, ''),
(70004, 0, 1555, 0, 0, 0, 'DUMMY_PLAYER_JOHN', 'PVP_Bounty', 0, 1, 1, 10, 30, 0, 0, 7, 35, 0, 1.2, 1.14286, 1, 20, 5, 0, 0, 1, 2, 2, 0, 44, 1, 2000, 2000, 1, 0, 0, 0, 0, 0, 0, 0, 1, 1, 0, 7, 0, 0, 0, 0, 0, 0, 0, 0, 0, 0, 0, 0, 0, 0, 0, 0, 0, 0, '', 0, 3, 0, 0, 3, 0, 0, 0, 0, 0, 524288, ''),
(70005, 0, 1555, 0, 0, 0, 'DUMMY_PLAYER_ER', 'PVP_Bounty', 0, 1, 1, 10, 30, 0, 0, 7, 35, 0, 1.2, 1.14286, 1, 20, 5, 0, 0, 1, 2, 2, 0, 44, 1, 2000, 2000, 1, 0, 0, 0, 0, 0, 0, 0, 1, 1, 0, 7, 0, 0, 0, 0, 0, 0, 0, 0, 0, 0, 0, 0, 0, 0, 0, 0, 0, 0, '', 0, 3, 0, 0, 3, 0, 0, 0, 0, 0, 524288, ''),
(70006, 0, 1555, 0, 0, 0, 'DUMMY_PLAYER_AURRIUS', 'Snowball_Bounty', 0, 1, 1, 10, 30, 0, 0, 7, 35, 0, 1.2, 1.14286, 1, 20, 5, 0, 0, 1, 2, 2, 0, 44, 1, 2000, 2000, 1, 0, 0, 0, 0, 0, 0, 0, 1, 1, 0, 7, 0, 0, 0, 0, 0, 0, 0, 0, 0, 0, 0, 0, 0, 0, 0, 0, 0, 0, '', 0, 3, 0, 0, 3, 0, 0, 0, 0, 0, 524288, ''),
(70007, 0, 1555, 0, 0, 0, 'DUMMY_PLAYER_MOMO', 'Snowball_Bounty', 0, 1, 1, 10, 30, 0, 0, 7, 35, 0, 1.2, 1.14286, 1, 20, 5, 0, 0, 1, 2, 2, 0, 44, 1, 2000, 2000, 1, 0, 0, 0, 0, 0, 0, 0, 1, 1, 0, 7, 0, 0, 0, 0, 0, 0, 0, 0, 0, 0, 0, 0, 0, 0, 0, 0, 0, 0, '', 0, 3, 0, 0, 3, 0, 0, 0, 0, 0, 524288, ''),
(70010, 0, 1555, 0, 0, 0, 'DUMMY_PLAYER_YOURSELF', 'Selfcast_Event', 0, 1, 1, 10, 30, 0, 0, 7, 35, 0, 1.2, 1.14286, 1, 20, 5, 0, 0, 1, 2, 2, 0, 44, 1, 2000, 2000, 1, 0, 0, 0, 0, 0, 0, 0, 1, 1, 0, 7, 0, 0, 0, 0, 0, 0, 0, 0, 0, 0, 0, 0, 0, 0, 0, 0, 0, 0, '', 0, 3, 0, 0, 3, 0, 0, 0, 0, 0, 524288, ''),
(70011, 0, 1555, 0, 0, 0, 'DUMMY_PLAYER_DANCE', 'Dance_NPC', 0, 1, 1, 10, 30, 0, 0, 7, 35, 0, 1.2, 1.14286, 1, 20, 5, 0, 0, 1, 2, 2, 0, 44, 1, 2000, 2000, 1, 0, 0, 0, 0, 0, 0, 0, 1, 1, 0, 7, 0, 0, 0, 0, 0, 0, 0, 0, 0, 0, 0, 0, 0, 0, 0, 0, 0, 0, '', 0, 3, 0, 0, 3, 0, 0, 0, 0, 0, 524288, ''),
-- UNUSED 
(70012, 0, 1555, 0, 0, 0, 'DUMMY_PLAYER_YOURSELF', 'Selfcast_Event', 0, 1, 1, 10, 30, 0, 0, 7, 35, 0, 1.2, 1.14286, 1, 20, 5, 0, 0, 1, 2, 2, 0, 44, 1, 2000, 2000, 1, 0, 0, 0, 0, 0, 0, 0, 1, 1, 0, 7, 0, 0, 0, 0, 0, 0, 0, 0, 0, 0, 0, 0, 0, 0, 0, 0, 0, 0, '', 0, 3, 0, 0, 3, 0, 0, 0, 0, 0, 524288, ''),
(70013, 0, 1555, 0, 0, 0, 'DUMMY_PLAYER_YOURSELF', 'Selfcast_Event', 0, 1, 1, 10, 30, 0, 0, 7, 35, 0, 1.2, 1.14286, 1, 20, 5, 0, 0, 1, 2, 2, 0, 44, 1, 2000, 2000, 1, 0, 0, 0, 0, 0, 0, 0, 1, 1, 0, 7, 0, 0, 0, 0, 0, 0, 0, 0, 0, 0, 0, 0, 0, 0, 0, 0, 0, 0, '', 0, 3, 0, 0, 3, 0, 0, 0, 0, 0, 524288, '');

replace into quest_template (
entry, patch, Method, ZoneOrSort, MinLevel, QuestLevel, MaxLevel, Type, RequiredClasses, RequiredRaces, RequiredSkill,
RequiredSkillValue, RepObjectiveFaction, RepObjectiveValue, RequiredMinRepFaction, RequiredMinRepValue,RequiredMaxRepFaction,
RequiredMaxRepValue, SuggestedPlayers, LimitTime, QuestFlags, SpecialFlags, PrevQuestId, NextQuestId, ExclusiveGroup, NextQuestInChain,
SrcItemId, SrcItemCount, SrcSpell, Title, Details, Objectives, OfferRewardText, RequestItemsText, EndText, ObjectiveText1, ObjectiveText2,
ObjectiveText3, ObjectiveText4, ReqItemId1, ReqItemId2, ReqItemId3, ReqItemId4, ReqItemCount1, ReqItemCount2, ReqItemCount3,
ReqItemCount4, ReqSourceId1, ReqSourceId2, ReqSourceId3, ReqSourceId4, ReqSourceCount1, ReqSourceCount2, ReqSourceCount3,
ReqSourceCount4, ReqCreatureOrGOId1, ReqCreatureOrGOId2, ReqCreatureOrGOId3, ReqCreatureOrGOId4, ReqCreatureOrGOCount1,
ReqCreatureOrGOCount2, ReqCreatureOrGOCount3, ReqCreatureOrGOCount4, ReqSpellCast1, ReqSpellCast2, ReqSpellCast3,
ReqSpellCast4, RewChoiceItemId1, RewChoiceItemId2, RewChoiceItemId3, RewChoiceItemId4, RewChoiceItemId5, RewChoiceItemId6,
RewChoiceItemCount1, RewChoiceItemCount2, RewChoiceItemCount3, RewChoiceItemCount4, RewChoiceItemCount5, RewChoiceItemCount6,
RewItemId1, RewItemId2, RewItemId3, RewItemId4, RewItemCount1, RewItemCount2, RewItemCount3, RewItemCount4, RewRepFaction1,
RewRepFaction2, RewRepFaction3, RewRepFaction4, RewRepFaction5, RewRepValue1, RewRepValue2, RewRepValue3, RewRepValue4,
RewRepValue5, RewOrReqMoney, RewMoneyMaxLevel, RewSpell, RewSpellCast, RewMailTemplateId, RewMailMoney, RewMailDelaySecs,
PointMapId, PointX, PointY, PointOpt, DetailsEmote1, DetailsEmote2, DetailsEmote3, DetailsEmote4, DetailsEmoteDelay1,
DetailsEmoteDelay2, DetailsEmoteDelay3, DetailsEmoteDelay4, IncompleteEmote, CompleteEmote, OfferRewardEmote1, OfferRewardEmote2,
OfferRewardEmote3, OfferRewardEmote4, OfferRewardEmoteDelay1, OfferRewardEmoteDelay2, OfferRewardEmoteDelay3,OfferRewardEmoteDelay4,
StartScript, CompleteScript)
         values
 ('50321', '0', '2', '1', '1', '60', '60', '0', '0', '0', '0',
'0', '0', '0', '0', '0','0',
'0', '0', '0', '0', '0', '0', '0', '0', '0',
'0', '0', '0', 'The Icy Menace I', 'Throw a snowball at following players during the Feast of Winter Veil.', 'The peace was never an option!', 'Well done, $N.', 'Throw it!', '', '', '',
'', '', '0', '0', '0', '0', '0', '0', '0',
'0', '0', '0', '0', '0', '0', '0', '0',
'0', '70000', '70001', '70002', '70003', '1',
'1', '1', '1', '0', '0', '0',
'0', '0', '0', '0', '0', '0', '0',
'0', '0', '0', '0', '0', '0',
'51250', '0', '0', '0', '1', '0', '0', '0', '0',
'0', '0', '0', '0', '0', '0', '0', '0',
'0', '0', '3970', '0', '0', '0', '0', '0',
'0', '0', '0', '0', '0', '0', '0', '0', '0',
'0', '0', '0', '1', '10', '0', '0',
'0', '0', '0', '0', '0','0',
0, 0);

delete from creature_questrelation where id = 50654 and quest = 50321;
delete from creature_involvedrelation where id = 50654 and quest = 50321;
 
replace into creature_questrelation (id, quest, patch_min, patch_max)
      values
      ('50662','50321','10','10');
	  
replace into creature_involvedrelation (id, quest, patch_min, patch_max)
      values
      ('50662','50321','10','10');
	  
UPDATE `quest_template` SET `ObjectiveText1`='Throw snowball at Engie' WHERE `entry`= 50321;
UPDATE `quest_template` SET `ObjectiveText2`='Throw snowball at Smultron' WHERE `entry`= 50321;
UPDATE `quest_template` SET `ObjectiveText3`='Throw snowball at Caleth' WHERE `entry`= 50321;
UPDATE `quest_template` SET `ObjectiveText4`='Throw snowball at Gifted' WHERE `entry`= 50321;


replace into quest_template (
entry, patch, Method, ZoneOrSort, MinLevel, QuestLevel, MaxLevel, Type, RequiredClasses, RequiredRaces, RequiredSkill,
RequiredSkillValue, RepObjectiveFaction, RepObjectiveValue, RequiredMinRepFaction, RequiredMinRepValue,RequiredMaxRepFaction,
RequiredMaxRepValue, SuggestedPlayers, LimitTime, QuestFlags, SpecialFlags, PrevQuestId, NextQuestId, ExclusiveGroup, NextQuestInChain,
SrcItemId, SrcItemCount, SrcSpell, Title, Details, Objectives, OfferRewardText, RequestItemsText, EndText, ObjectiveText1, ObjectiveText2,
ObjectiveText3, ObjectiveText4, ReqItemId1, ReqItemId2, ReqItemId3, ReqItemId4, ReqItemCount1, ReqItemCount2, ReqItemCount3,
ReqItemCount4, ReqSourceId1, ReqSourceId2, ReqSourceId3, ReqSourceId4, ReqSourceCount1, ReqSourceCount2, ReqSourceCount3,
ReqSourceCount4, ReqCreatureOrGOId1, ReqCreatureOrGOId2, ReqCreatureOrGOId3, ReqCreatureOrGOId4, ReqCreatureOrGOCount1,
ReqCreatureOrGOCount2, ReqCreatureOrGOCount3, ReqCreatureOrGOCount4, ReqSpellCast1, ReqSpellCast2, ReqSpellCast3,
ReqSpellCast4, RewChoiceItemId1, RewChoiceItemId2, RewChoiceItemId3, RewChoiceItemId4, RewChoiceItemId5, RewChoiceItemId6,
RewChoiceItemCount1, RewChoiceItemCount2, RewChoiceItemCount3, RewChoiceItemCount4, RewChoiceItemCount5, RewChoiceItemCount6,
RewItemId1, RewItemId2, RewItemId3, RewItemId4, RewItemCount1, RewItemCount2, RewItemCount3, RewItemCount4, RewRepFaction1,
RewRepFaction2, RewRepFaction3, RewRepFaction4, RewRepFaction5, RewRepValue1, RewRepValue2, RewRepValue3, RewRepValue4,
RewRepValue5, RewOrReqMoney, RewMoneyMaxLevel, RewSpell, RewSpellCast, RewMailTemplateId, RewMailMoney, RewMailDelaySecs,
PointMapId, PointX, PointY, PointOpt, DetailsEmote1, DetailsEmote2, DetailsEmote3, DetailsEmote4, DetailsEmoteDelay1,
DetailsEmoteDelay2, DetailsEmoteDelay3, DetailsEmoteDelay4, IncompleteEmote, CompleteEmote, OfferRewardEmote1, OfferRewardEmote2,
OfferRewardEmote3, OfferRewardEmote4, OfferRewardEmoteDelay1, OfferRewardEmoteDelay2, OfferRewardEmoteDelay3,OfferRewardEmoteDelay4,
StartScript, CompleteScript)
         values
 ('50322', '0', '2', '1', '1', '60', '60', '0', '0', '0', '0',
'0', '0', '0', '0', '0','0',
'0', '0', '0', '0', '0', '0', '0', '0', '0',
'0', '0', '0', 'WANTED: John!', 'Kill John.', 'Recently a vile criminal was sighted with actions uspeakably evil and such actions must be punished! On behalf of Military forces and royalty combined we issue an order for this person elimination.\n\nThere is a just reward for those brave enough to slay the criminal in question.\n\nName is: John, Undead, Level 60.\n\nReward: 250 Reputation points.
', 'Well done, $N.', 'The peace was never an option', '', '', '',
'', '', '0', '0', '0', '0', '0', '0', '0',
'0', '0', '0', '0', '0', '0', '0', '0',
'0', '70004', '0', '0', '0', '1',
'0', '0', '0', '0', '0', '0',
'0', '0', '0', '0', '0', '0', '0',
'0', '0', '0', '0', '0', '0',
'0', '0', '0', '0', '0', '0', '0', '0', '0',
'0', '0', '0', '0', '0', '0', '0', '0',
'0', '0', '3970', '0', '0', '0', '0', '0',
'0', '0', '0', '0', '0', '0', '0', '0', '0',
'0', '0', '0', '1', '10', '0', '0',
'0', '0', '0', '0', '0','0',
0, 0);

update quest_template set RewRepFaction1 = 72, RewRepValue1 = 250 where entry = 50322;
update quest_template set SpecialFlags = 0 where entry = 50322;
update quest_template set RewMoneyMaxLevel = 10000 where entry = 50322;
UPDATE `quest_template` SET `ObjectiveText1`='John is dead' WHERE `entry`= 50322;


REPLACE INTO `gameobject_template` (`entry`, `patch`, `type`, `displayId`, `name`, `faction`, `flags`, `size`, `data0`, `data1`, `data2`, `data3`, `data4`, `data5`, `data6`, `data7`, `data8`, `data9`, `data10`, `data11`, `data12`, `data13`, `data14`, `data15`, `data16`, `data17`, `data18`, `data19`, `data20`, `data21`, `data22`, `data23`, `mingold`, `maxgold`, `script_name`) VALUES (1000075, 0, 2, 2491, 'Stormwind\'s Bounty Board', 35, 0, 1, 0, 0, 2, 0, 0, 0, 0, 0, 1, 0, 0, 0, 0, 0, 0, 0, 0, 0, 0, 0, 0, 0, 0, 0, 0, 0, 'go_bounty');

update creature_template set faction = 35 where name = 'Poley';

replace into broadcast_text (ID, MaleText) values ('90325', 'Attention to bravest of heroes!');
replace into npc_text (ID, BroadcastTextID0) values ('90325', '90325');

replace into item_template (
entry, patch, class, subclass, name,description, display_id, quality, flags, buy_count,
buy_price, sell_price, inventory_type, allowable_class, allowable_race, item_level,
required_level, required_skill, required_skill_rank, required_spell, required_honor_rank,
required_city_rank, required_reputation_faction, required_reputation_rank, max_count, stackable,
container_slots, stat_type1, stat_value1, stat_type2, stat_value2, stat_type3, stat_value3,
stat_type4, stat_value4, stat_type5, stat_value5, stat_type6, stat_value6, stat_type7,
stat_value7, stat_type8, stat_value8, stat_type9, stat_value9, stat_type10, stat_value10,
delay, range_mod, ammo_type, dmg_min1, dmg_max1, dmg_type1, dmg_min2, dmg_max2, dmg_type2,
dmg_min3, dmg_max3, dmg_type3, dmg_min4, dmg_max4, dmg_type4, dmg_min5, dmg_max5, dmg_type5, block,
armor, holy_res, fire_res, nature_res, frost_res, shadow_res, arcane_res, spellid_1, spelltrigger_1,
spellcharges_1, spellppmrate_1, spellcooldown_1, spellcategory_1, spellcategorycooldown_1, spellid_2,
spelltrigger_2, spellcharges_2, spellppmrate_2, spellcooldown_2, spellcategory_2, spellcategorycooldown_2,
spellid_3, spelltrigger_3, spellcharges_3, spellppmrate_3, spellcooldown_3, spellcategory_3,
spellcategorycooldown_3, spellid_4, spelltrigger_4, spellcharges_4, spellppmrate_4, spellcooldown_4,
spellcategory_4, spellcategorycooldown_4, spellid_5, spelltrigger_5, spellcharges_5, spellppmrate_5,
spellcooldown_5, spellcategory_5, spellcategorycooldown_5, bonding, page_text, page_language, page_material,
start_quest, lock_id, material, sheath, random_property, set_id, max_durability, area_bound, map_bound,
duration, bag_family, disenchant_id, food_type, min_money_loot, max_money_loot, extra_flags, other_team_entry,
script_name)
values
 ('51250', '0', '15', '0', 'Miniature Winter Veil Tree', 'Summon a Winter Veil Tree with fluffy branches and beautiful bright lights!', '29166', '2', '64', '1', '0', '0', '0', '-1', '-1', '0',
 '0', '0', '0', '0', '0', '0', '0', '0', '0', '20', '0', '0', '0', '0', '0',
 '0', '0', '0', '0', '0', '0', '0', '0', '0', '0', '0', '0', '0', '0', '0', '0', '0', '0',
 '0', '0', '0', '0', '0', '0', '0', '0', '0', '0', '0', '0', '0', '0', '0', '0', '0', '0', '0', '0', '0',
 '0', '0', '0', '31726', '0', '-1', '0', '10', '0', '-1', '0', '0', '0', '0', '-1', '0', '-1', '0', '0',
 '0', '0', '-1', '0', '-1', '0', '0', '0', '0', '-1', '0', '-1', '0', '0', '0', '0', '-1', '0',
 '-1', '1', '0', '0', '0', '0', '0', '0', '0', '0', '0', '0', '0', '0', '0', '0', '0', '0', '0', '0',
 '0', '1', 'item_winter_tree');
 
-- Snowman

REPLACE INTO `creature_template` (`entry`, `patch`, `display_id1`, `display_id2`, `display_id3`, `display_id4`, `name`, `subname`, `gossip_menu_id`, `level_min`, `level_max`, `health_min`, `health_max`, `mana_min`, `mana_max`, `armor`, `faction`, `npc_flags`, `speed_walk`, `speed_run`, `scale`, `detection_range`, `call_for_help_range`, `leash_range`, `rank`, `xp_multiplier`, `dmg_min`, `dmg_max`, `dmg_school`, `attack_power`, `dmg_multiplier`, `base_attack_time`, `ranged_attack_time`, `unit_class`, `unit_flags`, `dynamic_flags`, `beast_family`, `trainer_type`, `trainer_spell`, `trainer_class`, `trainer_race`, `ranged_dmg_min`, `ranged_dmg_max`, `ranged_attack_power`, `type`, `type_flags`, `loot_id`, `pickpocket_loot_id`, `skinning_loot_id`, `holy_res`, `fire_res`, `nature_res`, `frost_res`, `shadow_res`, `arcane_res`, `spell_id1`, `spell_id2`, `spell_id3`, `spell_id4`, `spell_list_id`, `pet_spell_list_id`, `gold_min`, `gold_max`, `ai_name`, `movement_type`, `inhabit_type`, `civilian`, `racial_leader`, `regeneration`, `equipment_id`, `trainer_id`, `vendor_id`, `mechanic_immune_mask`, `school_immune_mask`, `flags_extra`, `script_name`) VALUES (50661, 0, 13730, 0, 0, 0, 'Frosty', '', 0, 35, 35, 2016, 2016, 0, 0, 1357, 35, 2, 1.11, 1.14286, 1.8, 20, 5, 0, 0, 1, 51, 65, 0, 138, 1, 2000, 2000, 1, 768, 0, 0, 0, 0, 0, 0, 51.128, 70.301, 100, 10, 0, 0, 0, 0, 0, 0, 0, 0, 0, 0, 0, 0, 0, 0, 0, 0, 0, 0, '', 0, 3, 0, 0, 3, 0, 0, 0, 0, 0, 2, 'npc_frosty');

update creature_template set scale = 0.8 where entry = 50661;
update creature_template set npc_flags = 1 where entry = 50661;

replace into broadcast_text (ID, MaleText) values ('90326', '<Snowman sings.>\n\nTwas the feast of Great-Winter, and all through the land, all the races were running with snowballs in hand.\n\nWinter Veil has arrived with presents and wonders for everyone! Ho-ho-ho!');
replace into npc_text (ID, BroadcastTextID0) values ('90326', '90326');


REPLACE INTO `quest_template` (`entry`, `patch`, `Method`, `ZoneOrSort`, `MinLevel`, `MaxLevel`, `QuestLevel`, `Type`, `RequiredClasses`, `RequiredRaces`, `RequiredSkill`, `RequiredSkillValue`, `RepObjectiveFaction`, `RepObjectiveValue`, `RequiredMinRepFaction`, `RequiredMinRepValue`, `RequiredMaxRepFaction`, `RequiredMaxRepValue`, `SuggestedPlayers`, `LimitTime`, `QuestFlags`, `SpecialFlags`, `PrevQuestId`, `NextQuestId`, `ExclusiveGroup`, `NextQuestInChain`, `SrcItemId`, `SrcItemCount`, `SrcSpell`, `Title`, `Details`, `Objectives`, `OfferRewardText`, `RequestItemsText`, `EndText`, `ObjectiveText1`, `ObjectiveText2`, `ObjectiveText3`, `ObjectiveText4`, `ReqItemId1`, `ReqItemId2`, `ReqItemId3`, `ReqItemId4`, `ReqItemCount1`, `ReqItemCount2`, `ReqItemCount3`, `ReqItemCount4`, `ReqSourceId1`, `ReqSourceId2`, `ReqSourceId3`, `ReqSourceId4`, `ReqSourceCount1`, `ReqSourceCount2`, `ReqSourceCount3`, `ReqSourceCount4`, `ReqCreatureOrGOId1`, `ReqCreatureOrGOId2`, `ReqCreatureOrGOId3`, `ReqCreatureOrGOId4`, `ReqCreatureOrGOCount1`, `ReqCreatureOrGOCount2`, `ReqCreatureOrGOCount3`, `ReqCreatureOrGOCount4`, `ReqSpellCast1`, `ReqSpellCast2`, `ReqSpellCast3`, `ReqSpellCast4`, `RewChoiceItemId1`, `RewChoiceItemId2`, `RewChoiceItemId3`, `RewChoiceItemId4`, `RewChoiceItemId5`, `RewChoiceItemId6`, `RewChoiceItemCount1`, `RewChoiceItemCount2`, `RewChoiceItemCount3`, `RewChoiceItemCount4`, `RewChoiceItemCount5`, `RewChoiceItemCount6`, `RewItemId1`, `RewItemId2`, `RewItemId3`, `RewItemId4`, `RewItemCount1`, `RewItemCount2`, `RewItemCount3`, `RewItemCount4`, `RewRepFaction1`, `RewRepFaction2`, `RewRepFaction3`, `RewRepFaction4`, `RewRepFaction5`, `RewRepValue1`, `RewRepValue2`, `RewRepValue3`, `RewRepValue4`, `RewRepValue5`, `RewOrReqMoney`, `RewMoneyMaxLevel`, `RewSpell`, `RewSpellCast`, `RewMailTemplateId`, `RewMailDelaySecs`, `RewMailMoney`, `PointMapId`, `PointX`, `PointY`, `PointOpt`, `DetailsEmote1`, `DetailsEmote2`, `DetailsEmote3`, `DetailsEmote4`, `DetailsEmoteDelay1`, `DetailsEmoteDelay2`, `DetailsEmoteDelay3`, `DetailsEmoteDelay4`, `IncompleteEmote`, `CompleteEmote`, `OfferRewardEmote1`, `OfferRewardEmote2`, `OfferRewardEmote3`, `OfferRewardEmote4`, `OfferRewardEmoteDelay1`, `OfferRewardEmoteDelay2`, `OfferRewardEmoteDelay3`, `OfferRewardEmoteDelay4`, `StartScript`, `CompleteScript`) VALUES (50323, 0, 2, 1, 1, 60, 60, 0, 0, 0, 0, 0, 0, 0, 0, 0, 0, 0, 0, 0, 0, 0, 0, 0, 0, 0, 0, 0, 0, 'WANTED: Er!', 'Kill Er.', 'Recently a vile criminal was sighted with actions uspeakably evil and such actions must be punished! On behalf of Military forces and royalty combined we issue an order for this person elimination.\n\nThere is a just reward for those brave enough to slay the criminal in question.\n\nName is: Er, Dwarf, Level 60.\n\nReward: 250 Reputation points.\r\n', 'Well done, $N.', 'The peace was never an option', '', 'Er is dead', '', '', '', 0, 0, 0, 0, 0, 0, 0, 0, 0, 0, 0, 0, 0, 0, 0, 0, 70005, 0, 0, 0, 1, 0, 0, 0, 0, 0, 0, 0, 0, 0, 0, 0, 0, 0, 0, 0, 0, 0, 0, 0, 0, 0, 0, 0, 0, 0, 0, 0, 76, 0, 0, 0, 0, 250, 0, 0, 0, 0, 0, 10000, 0, 0, 0, 0, 0, 0, 0, 0, 0, 0, 0, 0, 0, 0, 0, 0, 0, 1, 10, 0, 0, 0, 0, 0, 0, 0, 0, 0, 0);

REPLACE INTO `gameobject_template` (`entry`, `patch`, `type`, `displayId`, `name`, `faction`, `flags`, `size`, `data0`, `data1`, `data2`, `data3`, `data4`, `data5`, `data6`, `data7`, `data8`, `data9`, `data10`, `data11`, `data12`, `data13`, `data14`, `data15`, `data16`, `data17`, `data18`, `data19`, `data20`, `data21`, `data22`, `data23`, `mingold`, `maxgold`, `script_name`) VALUES (1000076, 0, 2, 2491, 'Orgrimmar\'s Bounty Board', 35, 0, 1, 0, 0, 2, 0, 0, 0, 0, 0, 1, 0, 0, 0, 0, 0, 0, 0, 0, 0, 0, 0, 0, 0, 0, 0, 0, 0, 'go_bounty');

update quest_template set ZoneOrSort = 1519 where entry = 50322;
update quest_template set ZoneOrSort = 1637 where entry = 50323;


replace into creature_involvedrelation (id, quest, patch_min, patch_max) values ('12480', '50322','10','10');
replace into creature_involvedrelation (id, quest, patch_min, patch_max) values ('14392', '50323','10','10');


REPLACE INTO `creature_template` (`entry`, `patch`, `display_id1`, `display_id2`, `display_id3`, `display_id4`, `name`, `subname`, `gossip_menu_id`, `level_min`, `level_max`, `health_min`, `health_max`, `mana_min`, `mana_max`, `armor`, `faction`, `npc_flags`, `speed_walk`, `speed_run`, `scale`, `detection_range`, `call_for_help_range`, `leash_range`, `rank`, `xp_multiplier`, `dmg_min`, `dmg_max`, `dmg_school`, `attack_power`, `dmg_multiplier`, `base_attack_time`, `ranged_attack_time`, `unit_class`, `unit_flags`, `dynamic_flags`, `beast_family`, `trainer_type`, `trainer_spell`, `trainer_class`, `trainer_race`, `ranged_dmg_min`, `ranged_dmg_max`, `ranged_attack_power`, `type`, `type_flags`, `loot_id`, `pickpocket_loot_id`, `skinning_loot_id`, `holy_res`, `fire_res`, `nature_res`, `frost_res`, `shadow_res`, `arcane_res`, `spell_id1`, `spell_id2`, `spell_id3`, `spell_id4`, `spell_list_id`, `pet_spell_list_id`, `gold_min`, `gold_max`, `ai_name`, `movement_type`, `inhabit_type`, `civilian`, `racial_leader`, `regeneration`, `equipment_id`, `trainer_id`, `vendor_id`, `mechanic_immune_mask`, `school_immune_mask`, `flags_extra`, `script_name`) VALUES (50662, 0, 13730, 0, 0, 0, 'Tinsel Lost-Gloves', '', 0, 35, 35, 2016, 2016, 0, 0, 1357, 35, 2, 1.11, 1.14286, 1.8, 20, 5, 0, 0, 1, 51, 65, 0, 138, 1, 2000, 2000, 1, 768, 0, 0, 0, 0, 0, 0, 51.128, 70.301, 100, 10, 0, 0, 0, 0, 0, 0, 0, 0, 0, 0, 0, 0, 0, 0, 0, 0, 0, 0, '', 0, 3, 0, 0, 3, 0, 0, 0, 0, 0, 2, '');

update creature_template set scale = 0.8 where entry = 50661;
update creature_template set npc_flags = 1 where entry = 50661;


replace into broadcast_text (ID, MaleText) values ('90328', 'Everyone loves a good snowball fight. You scoop up the snow in your numb, blue hands, pet it into a ball and throw it with all your might at your friend.');
replace into npc_text (ID, BroadcastTextID0) values ('90328', '90328');

replace into quest_template (
entry, patch, Method, ZoneOrSort, MinLevel, QuestLevel, MaxLevel, Type, RequiredClasses, RequiredRaces, RequiredSkill,
RequiredSkillValue, RepObjectiveFaction, RepObjectiveValue, RequiredMinRepFaction, RequiredMinRepValue,RequiredMaxRepFaction,
RequiredMaxRepValue, SuggestedPlayers, LimitTime, QuestFlags, SpecialFlags, PrevQuestId, NextQuestId, ExclusiveGroup, NextQuestInChain,
SrcItemId, SrcItemCount, SrcSpell, Title, Details, Objectives, OfferRewardText, RequestItemsText, EndText, ObjectiveText1, ObjectiveText2,
ObjectiveText3, ObjectiveText4, ReqItemId1, ReqItemId2, ReqItemId3, ReqItemId4, ReqItemCount1, ReqItemCount2, ReqItemCount3,
ReqItemCount4, ReqSourceId1, ReqSourceId2, ReqSourceId3, ReqSourceId4, ReqSourceCount1, ReqSourceCount2, ReqSourceCount3,
ReqSourceCount4, ReqCreatureOrGOId1, ReqCreatureOrGOId2, ReqCreatureOrGOId3, ReqCreatureOrGOId4, ReqCreatureOrGOCount1,
ReqCreatureOrGOCount2, ReqCreatureOrGOCount3, ReqCreatureOrGOCount4, ReqSpellCast1, ReqSpellCast2, ReqSpellCast3,
ReqSpellCast4, RewChoiceItemId1, RewChoiceItemId2, RewChoiceItemId3, RewChoiceItemId4, RewChoiceItemId5, RewChoiceItemId6,
RewChoiceItemCount1, RewChoiceItemCount2, RewChoiceItemCount3, RewChoiceItemCount4, RewChoiceItemCount5, RewChoiceItemCount6,
RewItemId1, RewItemId2, RewItemId3, RewItemId4, RewItemCount1, RewItemCount2, RewItemCount3, RewItemCount4, RewRepFaction1,
RewRepFaction2, RewRepFaction3, RewRepFaction4, RewRepFaction5, RewRepValue1, RewRepValue2, RewRepValue3, RewRepValue4,
RewRepValue5, RewOrReqMoney, RewMoneyMaxLevel, RewSpell, RewSpellCast, RewMailTemplateId, RewMailMoney, RewMailDelaySecs,
PointMapId, PointX, PointY, PointOpt, DetailsEmote1, DetailsEmote2, DetailsEmote3, DetailsEmote4, DetailsEmoteDelay1,
DetailsEmoteDelay2, DetailsEmoteDelay3, DetailsEmoteDelay4, IncompleteEmote, CompleteEmote, OfferRewardEmote1, OfferRewardEmote2,
OfferRewardEmote3, OfferRewardEmote4, OfferRewardEmoteDelay1, OfferRewardEmoteDelay2, OfferRewardEmoteDelay3,OfferRewardEmoteDelay4,
StartScript, CompleteScript)
         values
 ('50325', '0', '2', '1', '1', '60', '60', '0', '0', '0', '0',
'0', '0', '0', '0', '0','0',
'0', '0', '0', '0', '0', '0', '0', '0', '0',
'0', '0', '0', 'The Icy Menace II', 'Throw a snowball at following players during the Feast of Winter Veil.', 'The peace was never an option!', 'Well done, $N.', 'Throw it!', '', '', '',
'', '', '0', '0', '0', '0', '0', '0', '0',
'0', '0', '0', '0', '0', '0', '0', '0',
'0', '70006', '70007', '70008', '70009', '1',
'1', '1', '1', '0', '0', '0',
'0', '0', '0', '0', '0', '0', '0',
'0', '0', '0', '0', '0', '0',
'51251', '0', '0', '0', '1', '0', '0', '0', '0',
'0', '0', '0', '0', '0', '0', '0', '0',
'0', '0', '3970', '0', '0', '0', '0', '0',
'0', '0', '0', '0', '0', '0', '0', '0', '0',
'0', '0', '0', '1', '10', '0', '0',
'0', '0', '0', '0', '0','0',
0, 0);
replace into creature_questrelation (id, quest, patch_min, patch_max)
      values
      ('50662','50325','10','10');
	  
replace into creature_involvedrelation (id, quest, patch_min, patch_max)
      values
      ('50662','50325','10','10');
	  
UPDATE `quest_template` SET `ObjectiveText1`='Throw snowball at Aurrius' WHERE `entry`= 50325;
UPDATE `quest_template` SET `ObjectiveText2`='Throw snowball at Momo' WHERE `entry`= 50325;
UPDATE `quest_template` SET `ObjectiveText3`='Throw snowball at Chlothar' WHERE `entry`= 50325;
UPDATE `quest_template` SET `ObjectiveText4`='Throw snowball at Noxul' WHERE `entry`= 50325;


REPLACE INTO `creature_template` (`entry`, `patch`, `display_id1`, `display_id2`, `display_id3`, `display_id4`, `name`, `subname`, `gossip_menu_id`, `level_min`, `level_max`, `health_min`, `health_max`, `mana_min`, `mana_max`, `armor`, `faction`, `npc_flags`, `speed_walk`, `speed_run`, `scale`, `detection_range`, `call_for_help_range`, `leash_range`, `rank`, `xp_multiplier`, `dmg_min`, `dmg_max`, `dmg_school`, `attack_power`, `dmg_multiplier`, `base_attack_time`, `ranged_attack_time`, `unit_class`, `unit_flags`, `dynamic_flags`, `beast_family`, `trainer_type`, `trainer_spell`, `trainer_class`, `trainer_race`, `ranged_dmg_min`, `ranged_dmg_max`, `ranged_attack_power`, `type`, `type_flags`, `loot_id`, `pickpocket_loot_id`, `skinning_loot_id`, `holy_res`, `fire_res`, `nature_res`, `frost_res`, `shadow_res`, `arcane_res`, `spell_id1`, `spell_id2`, `spell_id3`, `spell_id4`, `spell_list_id`, `pet_spell_list_id`, `gold_min`, `gold_max`, `ai_name`, `movement_type`, `inhabit_type`, `civilian`, `racial_leader`, `regeneration`, `equipment_id`, `trainer_id`, `vendor_id`, `mechanic_immune_mask`, `school_immune_mask`, `flags_extra`, `script_name`) VALUES 
(70008, 0, 1555, 0, 0, 0, 'DUMMY_PLAYER_CHLOTHAR', 'Snowball_Bounty', 0, 1, 1, 10, 30, 0, 0, 7, 35, 0, 1.2, 1.14286, 1, 20, 5, 0, 0, 1, 2, 2, 0, 44, 1, 2000, 2000, 1, 0, 0, 0, 0, 0, 0, 0, 1, 1, 0, 7, 0, 0, 0, 0, 0, 0, 0, 0, 0, 0, 0, 0, 0, 0, 0, 0, 0, 0, '', 0, 3, 0, 0, 3, 0, 0, 0, 0, 0, 524288, ''),
(70009, 0, 1555, 0, 0, 0, 'DUMMY_PLAYER_NOXUL', 'Snowball_Bounty', 0, 1, 1, 10, 30, 0, 0, 7, 35, 0, 1.2, 1.14286, 1, 20, 5, 0, 0, 1, 2, 2, 0, 44, 1, 2000, 2000, 1, 0, 0, 0, 0, 0, 0, 0, 1, 1, 0, 7, 0, 0, 0, 0, 0, 0, 0, 0, 0, 0, 0, 0, 0, 0, 0, 0, 0, 0, '', 0, 3, 0, 0, 3, 0, 0, 0, 0, 0, 524288, '');

REPLACE INTO `creature_template` (`entry`, `patch`, `display_id1`, `display_id2`, `display_id3`, `display_id4`, `name`, `subname`, `gossip_menu_id`, `level_min`, `level_max`, `health_min`, `health_max`, `mana_min`, `mana_max`, `armor`, `faction`, `npc_flags`, `speed_walk`, `speed_run`, `scale`, `detection_range`, `call_for_help_range`, `leash_range`, `rank`, `xp_multiplier`, `dmg_min`, `dmg_max`, `dmg_school`, `attack_power`, `dmg_multiplier`, `base_attack_time`, `ranged_attack_time`, `unit_class`, `unit_flags`, `dynamic_flags`, `beast_family`, `trainer_type`, `trainer_spell`, `trainer_class`, `trainer_race`, `ranged_dmg_min`, `ranged_dmg_max`, `ranged_attack_power`, `type`, `type_flags`, `loot_id`, `pickpocket_loot_id`, `skinning_loot_id`, `holy_res`, `fire_res`, `nature_res`, `frost_res`, `shadow_res`, `arcane_res`, `spell_id1`, `spell_id2`, `spell_id3`, `spell_id4`, `spell_list_id`, `pet_spell_list_id`, `gold_min`, `gold_max`, `ai_name`, `movement_type`, `inhabit_type`, `civilian`, `racial_leader`, `regeneration`, `equipment_id`, `trainer_id`, `vendor_id`, `mechanic_immune_mask`, `school_immune_mask`, `flags_extra`, `script_name`) VALUES (50663, 0, 12237, 0, 0, 0, 'Hedwig', '', 0, 1, 1, 64, 64, 0, 0, 0, 35, 0, 1, 1.14286, 0.3, 20, 5, 0, 0, 1, 0, 0, 0, 0, 1, 0, 0, 1, 0, 0, 0, 0, 0, 0, 0, 0, 0, 0, 0, 0, 0, 0, 0, 0, 0, 0, 0, 0, 0, 0, 0, 0, 0, 0, 0, 0, 0, '', 0, 3, 0, 0, 3, 0, 0, 0, 0, 0, 0, 'npc_scripted_companion');

replace into item_template (entry, class, subclass, name, description, display_id, quality, bonding, spellid_1, spellcooldown_1) values
(51251, 15, 2, 'Hedwig', 'Happy Winter Veil!', 19091, 2, 1, 28505, 1500);
replace into custom_pet_entry_relation (item_entry, creature_entry) values 
('51251', '50663');


REPLACE INTO `gameobject_template` (`entry`, `patch`, `type`, `displayId`, `name`, `faction`, `flags`, `size`, `data0`, `data1`, `data2`, `data3`, `data4`, `data5`, `data6`, `data7`, `data8`, `data9`, `data10`, `data11`, `data12`, `data13`, `data14`, `data15`, `data16`, `data17`, `data18`, `data19`, `data20`, `data21`, `data22`, `data23`, `mingold`, `maxgold`, `script_name`) VALUES (1000078, 0, 1, 2091, 'Frosty\'s Jukebox', 0, 0, 0.5, 0, 0, 0, 0, 0, 0, 0, 0, 0, 0, 0, 0, 0, 0, 0, 0, 0, 0, 0, 0, 0, 0, 0, 0, 0, 0, 'go_winter_radio');

REPLACE INTO `creature_template` (`entry`, `patch`, `display_id1`, `display_id2`, `display_id3`, `display_id4`, `name`, `subname`, `gossip_menu_id`, `level_min`, `level_max`, `health_min`, `health_max`, `mana_min`, `mana_max`, `armor`, `faction`, `npc_flags`, `speed_walk`, `speed_run`, `scale`, `detection_range`, `call_for_help_range`, `leash_range`, `rank`, `xp_multiplier`, `dmg_min`, `dmg_max`, `dmg_school`, `attack_power`, `dmg_multiplier`, `base_attack_time`, `ranged_attack_time`, `unit_class`, `unit_flags`, `dynamic_flags`, `beast_family`, `trainer_type`, `trainer_spell`, `trainer_class`, `trainer_race`, `ranged_dmg_min`, `ranged_dmg_max`, `ranged_attack_power`, `type`, `type_flags`, `loot_id`, `pickpocket_loot_id`, `skinning_loot_id`, `holy_res`, `fire_res`, `nature_res`, `frost_res`, `shadow_res`, `arcane_res`, `spell_id1`, `spell_id2`, `spell_id3`, `spell_id4`, `spell_list_id`, `pet_spell_list_id`, `gold_min`, `gold_max`, `ai_name`, `movement_type`, `inhabit_type`, `civilian`, `racial_leader`, `regeneration`, `equipment_id`, `trainer_id`, `vendor_id`, `mechanic_immune_mask`, `school_immune_mask`, `flags_extra`, `script_name`) VALUES (51249, 0, 15901, 0, 0, 0, 'Winter Veil Reindeer', '', 0, 5, 10, 64, 64, 0, 0, 0, 35, 0, 1, 1.14286, 0.8, 20, 5, 0, 0, 1, 0, 0, 0, 0, 1, 0, 0, 1, 0, 0, 0, 0, 0, 0, 0, 0, 0, 0, 0, 0, 0, 0, 0, 0, 0, 0, 0, 0, 0, 0, 0, 0, 0, 0, 0, 0, 0, '', 0, 3, 0, 0, 3, 0, 0, 0, 0, 0, 0, '');

update creature_template set movement_type = 1 where entry = 51249;


REPLACE INTO `creature_template` (`entry`, `patch`, `display_id1`, `display_id2`, `display_id3`, `display_id4`, `name`, `subname`, `gossip_menu_id`, `level_min`, `level_max`, `health_min`, `health_max`, `mana_min`, `mana_max`, `armor`, `faction`, `npc_flags`, `speed_walk`, `speed_run`, `scale`, `detection_range`, `call_for_help_range`, `leash_range`, `rank`, `xp_multiplier`, `dmg_min`, `dmg_max`, `dmg_school`, `attack_power`, `dmg_multiplier`, `base_attack_time`, `ranged_attack_time`, `unit_class`, `unit_flags`, `dynamic_flags`, `beast_family`, `trainer_type`, `trainer_spell`, `trainer_class`, `trainer_race`, `ranged_dmg_min`, `ranged_dmg_max`, `ranged_attack_power`, `type`, `type_flags`, `loot_id`, `pickpocket_loot_id`, `skinning_loot_id`, `holy_res`, `fire_res`, `nature_res`, `frost_res`, `shadow_res`, `arcane_res`, `spell_id1`, `spell_id2`, `spell_id3`, `spell_id4`, `spell_list_id`, `pet_spell_list_id`, `gold_min`, `gold_max`, `ai_name`, `movement_type`, `inhabit_type`, `civilian`, `racial_leader`, `regeneration`, `equipment_id`, `trainer_id`, `vendor_id`, `mechanic_immune_mask`, `school_immune_mask`, `flags_extra`, `script_name`) VALUES 

(51253, 6, 6829, 0, 0, 0, 'Icepaw', '', 0, 1, 1, 5000, 5000, 0, 0, 7, 35, 0, 1.2, 1.14286, 1, 20, 5, 0, 0, 1, 2, 2, 0, 44, 1, 2000, 2000, 1, 0, 0, 0, 0, 0, 0, 0, 1, 1, 0, 7, 0, 0, 0, 0, 0, 0, 0, 0, 0, 0, 0, 0, 0, 0, 0, 0, 0, 0, '', 0, 3, 0, 0, 3, 0, 0, 0, 0, 0, 524288, ''),
(51254, 6, 6746, 0, 0, 0, 'Grizzlore', '', 0, 1, 1, 5000, 5000, 0, 0, 7, 35, 0, 1.2, 1.14286, 1, 20, 5, 0, 0, 1, 2, 2, 0, 44, 1, 2000, 2000, 1, 0, 0, 0, 0, 0, 0, 0, 1, 1, 0, 7, 0, 0, 0, 0, 0, 0, 0, 0, 0, 0, 0, 0, 0, 0, 0, 0, 0, 0, '', 0, 3, 0, 0, 3, 0, 0, 0, 0, 0, 524288, '');

replace into item_template (
entry, patch, class, subclass, name,description, display_id, quality, flags, buy_count,
buy_price, sell_price, inventory_type, allowable_class, allowable_race, item_level,
required_level, required_skill, required_skill_rank, required_spell, required_honor_rank,
required_city_rank, required_reputation_faction, required_reputation_rank, max_count, stackable,
container_slots, stat_type1, stat_value1, stat_type2, stat_value2, stat_type3, stat_value3,
stat_type4, stat_value4, stat_type5, stat_value5, stat_type6, stat_value6, stat_type7,
stat_value7, stat_type8, stat_value8, stat_type9, stat_value9, stat_type10, stat_value10,
delay, range_mod, ammo_type, dmg_min1, dmg_max1, dmg_type1, dmg_min2, dmg_max2, dmg_type2,
dmg_min3, dmg_max3, dmg_type3, dmg_min4, dmg_max4, dmg_type4, dmg_min5, dmg_max5, dmg_type5, block,
armor, holy_res, fire_res, nature_res, frost_res, shadow_res, arcane_res, spellid_1, spelltrigger_1,
spellcharges_1, spellppmrate_1, spellcooldown_1, spellcategory_1, spellcategorycooldown_1, spellid_2,
spelltrigger_2, spellcharges_2, spellppmrate_2, spellcooldown_2, spellcategory_2, spellcategorycooldown_2,
spellid_3, spelltrigger_3, spellcharges_3, spellppmrate_3, spellcooldown_3, spellcategory_3,
spellcategorycooldown_3, spellid_4, spelltrigger_4, spellcharges_4, spellppmrate_4, spellcooldown_4,
spellcategory_4, spellcategorycooldown_4, spellid_5, spelltrigger_5, spellcharges_5, spellppmrate_5,
spellcooldown_5, spellcategory_5, spellcategorycooldown_5, bonding, page_text, page_language, page_material,
start_quest, lock_id, material, sheath, random_property, set_id, max_durability, area_bound, map_bound,
duration, bag_family, disenchant_id, food_type, min_money_loot, max_money_loot, extra_flags, other_team_entry,
script_name)
values
 ('51253', '0', '12', '0', 'Illusion: Furbolg', 'Trust can only be earned.', '940', '1', '0', '1', '0', '0', '0', '-1', '-1', '0',
 '0', '0', '0', '0', '0', '0', '0', '0', '0', '1', '0', '0', '0', '0', '0',
 '0', '0', '0', '0', '0', '0', '0', '0', '0', '0', '0', '0', '0', '0', '0', '0', '1300', '0',
 '0', '0', '0', '0', '0', '0', '0', '0', '0', '0', '0', '0', '0', '0', '0', '0', '0', '0', '0', '0', '0',
 '0', '0', '0', '31726', '0', '0', '0', '10', '0', '-1', '0', '0', '0', '0', '-1', '0', '-1', '0', '0',
 '0', '0', '-1', '0', '-1', '0', '0', '0', '0', '-1', '0', '-1', '0', '0', '0', '0', '-1', '0',
 '-1', '1', '0', '0', '0', '0', '0', '0', '0', '0', '0', '0', '0', '0', '0', '0', '0', '0', '0', '0',
 '0', '1', 'item_engie');
 

replace into broadcast_text (ID, MaleText) values ('90330', 'Hello there, my friends! It\'s time for Winter Veil! Come and celebrate the holidays with merry revelers at our Winter Veil Vale!');
replace into npc_text (ID, BroadcastTextID0) values ('90330', '90330');

delete from creature_ai_scripts where id = 50661;
replace into creature_ai_scripts (id, delay, command, datalong, datalong2, datalong3, datalong4, target_param1, target_param2, target_type, data_flags, dataint, dataint2, dataint3, dataint4, x, y, z, o, condition_id, comments) values (50661, 400, 0, 0, 0, 0, 0, 0, 0, 0, 0, 90330, 0, 0, 0, 0, 0, 0, 0, 0, 'Frosty_peaking.');
update creature_template set ai_name = "EventAI" where entry = 50661;
delete from creature_ai_events where creature_id=50661;
insert into creature_ai_events (id, creature_id, condition_id, event_type, event_inverse_phase_mask, event_chance, event_flags, event_param1, event_param2, event_param3, event_param4, action1_script, action2_script, action3_script, comment) values (50661, 50661, 0, 1, 0, 100, 1, 0, 0, 350000 , 500000 , 50661, 0, 0, 'Frosty, speaking.');


replace into quest_template (
entry, patch, Method, ZoneOrSort, MinLevel, QuestLevel, MaxLevel, Type, RequiredClasses, RequiredRaces, RequiredSkill,
RequiredSkillValue, RepObjectiveFaction, RepObjectiveValue, RequiredMinRepFaction, RequiredMinRepValue,RequiredMaxRepFaction,
RequiredMaxRepValue, SuggestedPlayers, LimitTime, QuestFlags, SpecialFlags, PrevQuestId, NextQuestId, ExclusiveGroup, NextQuestInChain,
SrcItemId, SrcItemCount, SrcSpell, Title, Details, Objectives, OfferRewardText, RequestItemsText, EndText, ObjectiveText1, ObjectiveText2,
ObjectiveText3, ObjectiveText4, ReqItemId1, ReqItemId2, ReqItemId3, ReqItemId4, ReqItemCount1, ReqItemCount2, ReqItemCount3,
ReqItemCount4, ReqSourceId1, ReqSourceId2, ReqSourceId3, ReqSourceId4, ReqSourceCount1, ReqSourceCount2, ReqSourceCount3,
ReqSourceCount4, ReqCreatureOrGOId1, ReqCreatureOrGOId2, ReqCreatureOrGOId3, ReqCreatureOrGOId4, ReqCreatureOrGOCount1,
ReqCreatureOrGOCount2, ReqCreatureOrGOCount3, ReqCreatureOrGOCount4, ReqSpellCast1, ReqSpellCast2, ReqSpellCast3,
ReqSpellCast4, RewChoiceItemId1, RewChoiceItemId2, RewChoiceItemId3, RewChoiceItemId4, RewChoiceItemId5, RewChoiceItemId6,
RewChoiceItemCount1, RewChoiceItemCount2, RewChoiceItemCount3, RewChoiceItemCount4, RewChoiceItemCount5, RewChoiceItemCount6,
RewItemId1, RewItemId2, RewItemId3, RewItemId4, RewItemCount1, RewItemCount2, RewItemCount3, RewItemCount4, RewRepFaction1,
RewRepFaction2, RewRepFaction3, RewRepFaction4, RewRepFaction5, RewRepValue1, RewRepValue2, RewRepValue3, RewRepValue4,
RewRepValue5, RewOrReqMoney, RewMoneyMaxLevel, RewSpell, RewSpellCast, RewMailTemplateId, RewMailMoney, RewMailDelaySecs,
PointMapId, PointX, PointY, PointOpt, DetailsEmote1, DetailsEmote2, DetailsEmote3, DetailsEmote4, DetailsEmoteDelay1,
DetailsEmoteDelay2, DetailsEmoteDelay3, DetailsEmoteDelay4, IncompleteEmote, CompleteEmote, OfferRewardEmote1, OfferRewardEmote2,
OfferRewardEmote3, OfferRewardEmote4, OfferRewardEmoteDelay1, OfferRewardEmoteDelay2, OfferRewardEmoteDelay3,OfferRewardEmoteDelay4,
StartScript, CompleteScript)
         values
 ('50326', '0', '2', '0', '1', '60', '60', '0', '0', '0', '0',
'0', '0', '0', '0', '0','0',
'0', '0', '0', '0', '0', '0', '0', '0', '0',
'0', '0', '0', 'Grizzlore Wants Thunder', 'Grizzlore - me! I want more booze! <hick!>\n\nThunder… <hick!> …brew! Lager… <hick!>\n\nGrimbooze brews it well. You go there. Westfall! <hick!>
', 'Acquire Thunderbrew Lager from Grombooze Thunderbrew in Westfall for Grizzlore.', 'Rawwrr!! More booze! Me like!!', 'Westfallen Dagger Hills is where Grimmbooze brews his lager… hey, you have it?', '', '', '',
'', '', '1262', '0', '0', '0', '1', '0', '0',
'0', '0', '0', '0', '0', '0', '0', '0',
'0', '0', '0', '0', '0', '0',
'0', '0', '0', '0', '0', '0',
'0', '0', '0', '0', '0', '0', '0',
'0', '0', '0', '0', '0', '0',
'51253', '0', '0', '0', '1', '0', '0', '0', '0',
'0', '0', '0', '0', '0', '0', '0', '0',
'0', '0', '3500', '0', '0', '0', '0', '0',
'0', '0', '0', '0', '0', '0', '0', '0', '0',
'0', '0', '0', '0', '0', '0', '0',
'0', '0', '0', '0', '0','0',
0, 0);
replace into creature_questrelation (id, quest, patch_min, patch_max)
      values
      ('51254','50326','10','10');
replace into creature_involvedrelation (id, quest, patch_min, patch_max)
      values
      ('51254','50326','10','10');



replace into quest_template (
entry, patch, Method, ZoneOrSort, MinLevel, QuestLevel, MaxLevel, Type, RequiredClasses, RequiredRaces, RequiredSkill,
RequiredSkillValue, RepObjectiveFaction, RepObjectiveValue, RequiredMinRepFaction, RequiredMinRepValue,RequiredMaxRepFaction,
RequiredMaxRepValue, SuggestedPlayers, LimitTime, QuestFlags, SpecialFlags, PrevQuestId, NextQuestId, ExclusiveGroup, NextQuestInChain,
SrcItemId, SrcItemCount, SrcSpell, Title, Details, Objectives, OfferRewardText, RequestItemsText, EndText, ObjectiveText1, ObjectiveText2,
ObjectiveText3, ObjectiveText4, ReqItemId1, ReqItemId2, ReqItemId3, ReqItemId4, ReqItemCount1, ReqItemCount2, ReqItemCount3,
ReqItemCount4, ReqSourceId1, ReqSourceId2, ReqSourceId3, ReqSourceId4, ReqSourceCount1, ReqSourceCount2, ReqSourceCount3,
ReqSourceCount4, ReqCreatureOrGOId1, ReqCreatureOrGOId2, ReqCreatureOrGOId3, ReqCreatureOrGOId4, ReqCreatureOrGOCount1,
ReqCreatureOrGOCount2, ReqCreatureOrGOCount3, ReqCreatureOrGOCount4, ReqSpellCast1, ReqSpellCast2, ReqSpellCast3,
ReqSpellCast4, RewChoiceItemId1, RewChoiceItemId2, RewChoiceItemId3, RewChoiceItemId4, RewChoiceItemId5, RewChoiceItemId6,
RewChoiceItemCount1, RewChoiceItemCount2, RewChoiceItemCount3, RewChoiceItemCount4, RewChoiceItemCount5, RewChoiceItemCount6,
RewItemId1, RewItemId2, RewItemId3, RewItemId4, RewItemCount1, RewItemCount2, RewItemCount3, RewItemCount4, RewRepFaction1,
RewRepFaction2, RewRepFaction3, RewRepFaction4, RewRepFaction5, RewRepValue1, RewRepValue2, RewRepValue3, RewRepValue4,
RewRepValue5, RewOrReqMoney, RewMoneyMaxLevel, RewSpell, RewSpellCast, RewMailTemplateId, RewMailMoney, RewMailDelaySecs,
PointMapId, PointX, PointY, PointOpt, DetailsEmote1, DetailsEmote2, DetailsEmote3, DetailsEmote4, DetailsEmoteDelay1,
DetailsEmoteDelay2, DetailsEmoteDelay3, DetailsEmoteDelay4, IncompleteEmote, CompleteEmote, OfferRewardEmote1, OfferRewardEmote2,
OfferRewardEmote3, OfferRewardEmote4, OfferRewardEmoteDelay1, OfferRewardEmoteDelay2, OfferRewardEmoteDelay3,OfferRewardEmoteDelay4,
StartScript, CompleteScript)
         values
 ('50328', '0', '2', '0', '1', '60', '60', '0', '0', '0', '0',
'0', '0', '0', '0', '0','0',
'0', '0', '0', '0', '0', '0', '0', '0', '0',
'0', '0', '0', 'Jolly Holly Dances Prolly', 'Hey there, pretty sweet cheeks! Wouldn\'t you like to have some real fun with jolly Holly right here, my dear? <laughs>\n\nOf course you would, I can see that in your eyes right there. But … you do know that there\'s an ultimate intimate fun is about to follow, don\'t you? Good sweet brews and drinks!\n\nBest way to have some jolly fun with Holly!\n\nNow, drink up and do me … a good long sweety dance, my li\'l marmelade! Haha!', 'Get smashed with Holly and after that /dance with her.', 'Yaaa-ho!', 'Marry Winter Veil!', '', 'Get drunk to boot', 'While drunk /dance with Holly Tallhair',
'', '', '0', '0', '0', '0', '0', '0', '0',
'0', '0', '0', '0', '0', '0', '0', '0',
'0', '0', '0', '0', '0', '0',
'0', '0', '0', '0', '0', '0',
'0', '0', '0', '0', '0', '0', '0',
'0', '0', '0', '0', '0', '0',
'0', '21519', '0', '0', '0', '10', '0', '0', '0',
'0', '0', '0', '0', '0', '0', '0', '0',
'0', '0', '3500', '0', '0', '0', '0', '0',
'0', '0', '0', '0', '0', '0', '0', '0', '0',
'0', '0', '0', '0', '0', '0', '0',
'0', '0', '0', '0', '0','0',
0, 0);

update quest_template set ReqCreatureOrGOId1 = 70010 where entry = 50328;
update quest_template set ReqCreatureOrGOId2 = 70011 where entry = 50328;

update quest_template set ReqCreatureOrGOCount1 = 1 where entry = 50328;
update quest_template set ReqCreatureOrGOCount2 = 1 where entry = 50328;


replace into creature_questrelation (id, quest, patch_min, patch_max)
      values
      ('50645','50328','10','10');
	  
	  replace into creature_involvedrelation (id, quest, patch_min, patch_max)
      values
      ('50645','50328','10','10');
	  
	  update creature_template set npc_flags = 2 where entry = '50645';
	  
	  
	 update creature_template set script_name = 'npc_chihkoa' where entry =  50645;
	 
	 update quest_template set ZoneorSort = 2 where entry = 50328;
	 update quest_template set ZoneorSort = 2 where entry = 50326;
	 
	 
	 replace into creature_equip_template (entry, equipentry1) values (50649, 1906);
	 
	 update creature_template set equipment_id = 50649 where entry = 50649;
	 
	 
	 replace into item_template (
entry, patch, class, subclass, name,description, display_id, quality, flags, buy_count,
buy_price, sell_price, inventory_type, allowable_class, allowable_race, item_level,
required_level, required_skill, required_skill_rank, required_spell, required_honor_rank,
required_city_rank, required_reputation_faction, required_reputation_rank, max_count, stackable,
container_slots, stat_type1, stat_value1, stat_type2, stat_value2, stat_type3, stat_value3,
stat_type4, stat_value4, stat_type5, stat_value5, stat_type6, stat_value6, stat_type7,
stat_value7, stat_type8, stat_value8, stat_type9, stat_value9, stat_type10, stat_value10,
delay, range_mod, ammo_type, dmg_min1, dmg_max1, dmg_type1, dmg_min2, dmg_max2, dmg_type2,
dmg_min3, dmg_max3, dmg_type3, dmg_min4, dmg_max4, dmg_type4, dmg_min5, dmg_max5, dmg_type5, block,
armor, holy_res, fire_res, nature_res, frost_res, shadow_res, arcane_res, spellid_1, spelltrigger_1,
spellcharges_1, spellppmrate_1, spellcooldown_1, spellcategory_1, spellcategorycooldown_1, spellid_2,
spelltrigger_2, spellcharges_2, spellppmrate_2, spellcooldown_2, spellcategory_2, spellcategorycooldown_2,
spellid_3, spelltrigger_3, spellcharges_3, spellppmrate_3, spellcooldown_3, spellcategory_3,
spellcategorycooldown_3, spellid_4, spelltrigger_4, spellcharges_4, spellppmrate_4, spellcooldown_4,
spellcategory_4, spellcategorycooldown_4, spellid_5, spelltrigger_5, spellcharges_5, spellppmrate_5,
spellcooldown_5, spellcategory_5, spellcategorycooldown_5, bonding, page_text, page_language, page_material,
start_quest, lock_id, material, sheath, random_property, set_id, max_durability, area_bound, map_bound,
duration, bag_family, disenchant_id, food_type, min_money_loot, max_money_loot, extra_flags, other_team_entry,
script_name)
values
 ('51254', '0', '1', '0', 'Winter Veil Sack of Presents', '', '34798', '2', '0', '1', '0', '0', '18', '-1', '-1', '60',
 '0', '0', '0', '0', '0', '0', '0', '0', '1', '1', '18', '0', '0', '0', '0',
 '0', '0', '0', '0', '0', '0', '0', '0', '0', '0', '0', '0', '0', '0', '0', '0', '0', '0',
 '0', '0', '0', '0', '0', '0', '0', '0', '0', '0', '0', '0', '0', '0', '0', '0', '0', '0', '0', '0', '0',
 '0', '0', '0', '0', '0', '0', '0', '-1', '0', '-1', '0', '0', '0', '0', '-1', '0', '-1', '0', '0',
 '0', '0', '-1', '0', '-1', '0', '0', '0', '0', '-1', '0', '-1', '0', '0', '0', '0', '-1', '0',
 '-1', '1', '0', '0', '0', '0', '0', '0', '0', '0', '0', '0', '0', '0', '0', '0', '0', '0', '0', '0',
 '0', '1', NULL);
 
 
 replace into quest_template (
entry, patch, Method, ZoneOrSort, MinLevel, QuestLevel, MaxLevel, Type, RequiredClasses, RequiredRaces, RequiredSkill,
RequiredSkillValue, RepObjectiveFaction, RepObjectiveValue, RequiredMinRepFaction, RequiredMinRepValue,RequiredMaxRepFaction,
RequiredMaxRepValue, SuggestedPlayers, LimitTime, QuestFlags, SpecialFlags, PrevQuestId, NextQuestId, ExclusiveGroup, NextQuestInChain,
SrcItemId, SrcItemCount, SrcSpell, Title, Details, Objectives, OfferRewardText, RequestItemsText, EndText, ObjectiveText1, ObjectiveText2,
ObjectiveText3, ObjectiveText4, ReqItemId1, ReqItemId2, ReqItemId3, ReqItemId4, ReqItemCount1, ReqItemCount2, ReqItemCount3,
ReqItemCount4, ReqSourceId1, ReqSourceId2, ReqSourceId3, ReqSourceId4, ReqSourceCount1, ReqSourceCount2, ReqSourceCount3,
ReqSourceCount4, ReqCreatureOrGOId1, ReqCreatureOrGOId2, ReqCreatureOrGOId3, ReqCreatureOrGOId4, ReqCreatureOrGOCount1,
ReqCreatureOrGOCount2, ReqCreatureOrGOCount3, ReqCreatureOrGOCount4, ReqSpellCast1, ReqSpellCast2, ReqSpellCast3,
ReqSpellCast4, RewChoiceItemId1, RewChoiceItemId2, RewChoiceItemId3, RewChoiceItemId4, RewChoiceItemId5, RewChoiceItemId6,
RewChoiceItemCount1, RewChoiceItemCount2, RewChoiceItemCount3, RewChoiceItemCount4, RewChoiceItemCount5, RewChoiceItemCount6,
RewItemId1, RewItemId2, RewItemId3, RewItemId4, RewItemCount1, RewItemCount2, RewItemCount3, RewItemCount4, RewRepFaction1,
RewRepFaction2, RewRepFaction3, RewRepFaction4, RewRepFaction5, RewRepValue1, RewRepValue2, RewRepValue3, RewRepValue4,
RewRepValue5, RewOrReqMoney, RewMoneyMaxLevel, RewSpell, RewSpellCast, RewMailTemplateId, RewMailMoney, RewMailDelaySecs,
PointMapId, PointX, PointY, PointOpt, DetailsEmote1, DetailsEmote2, DetailsEmote3, DetailsEmote4, DetailsEmoteDelay1,
DetailsEmoteDelay2, DetailsEmoteDelay3, DetailsEmoteDelay4, IncompleteEmote, CompleteEmote, OfferRewardEmote1, OfferRewardEmote2,
OfferRewardEmote3, OfferRewardEmote4, OfferRewardEmoteDelay1, OfferRewardEmoteDelay2, OfferRewardEmoteDelay3,OfferRewardEmoteDelay4,
StartScript, CompleteScript)
         values
 ('50330', '0', '2', '1', '40', '60', '60', '62', '0', '0', '0',
'0', '0', '0', '0', '0','0',
'0', '0', '0', '0', '0', '0', '0', '0', '0',
'0', '0', '0', 'Peace Comes at a Price', 'Greem is a warrior. Me task is protect. Winter Veil Vale is in danger.\n\nBig bad wolf is danger to the village. He attacks every few days. <Greem shows you three fingers.>\n\nYou look like <player class> and look gud. You can help! Find more gud warriors! Attack Snowball while he sleep! He\'s down there.', 'Defeat the Great Direwolf Snowball to the south from Winter Veil Vale.', 'You have done it! Well done! Me respect and thank you!', 'Attack Snowball while he sleep! He\'s down there.', '', 'Defeat Snowball', '',
'', '', '0', '0', '0', '0', '0', '0', '0',
'0', '0', '0', '0', '0', '0', '0', '0',
'0', '50112', '0', '0', '0', '1',
'0', '0', '0', '0', '0', '0',
'0', '0', '0', '0', '0', '0', '0',
'0', '0', '0', '0', '0', '0',
'51254', '0', '0', '0', '1', '0', '0', '0', '0',
'0', '0', '0', '0', '0', '0', '0', '0',
'0', '0', '10000', '0', '0', '0', '0', '0',
'0', '0', '0', '0', '1', '0', '0', '0', '0',
'0', '0', '0', '0', '4', '0', '0',
'0', '0', '0', '0', '0','0',
0, 0);
replace into creature_questrelation (id, quest, patch_min, patch_max)
      values
      ('50649','50330','10','10');
	  replace into creature_involvedrelation (id, quest, patch_min, patch_max)
      values
      ('50649','50330','10','10');