replace into migrations values (20191119174502);


replace into item_template (
entry, patch, class, subclass, name,description, display_id, quality, flags, buy_count,
buy_price, sell_price, inventory_type, allowable_class, allowable_race, item_level,
required_level, required_skill, required_skill_rank, required_spell, required_honor_rank,
required_city_rank, required_reputation_faction, required_reputation_rank, max_count, stackable,
container_slots, stat_type1, stat_value1, stat_type2, stat_value2, stat_type3, stat_value3,
stat_type4, stat_value4, stat_type5, stat_value5, stat_type6, stat_value6, stat_type7,
stat_value7, stat_type8, stat_value8, stat_type9, stat_value9, stat_type10, stat_value10,
delay, range_mod, ammo_type, dmg_min1, dmg_max1, dmg_type1, dmg_min2, dmg_max2, dmg_type2,
dmg_min3, dmg_max3, dmg_type3, dmg_min4, dmg_max4, dmg_type4, dmg_min5, dmg_max5, dmg_type5, block,
armor, holy_res, fire_res, nature_res, frost_res, shadow_res, arcane_res, spellid_1, spelltrigger_1,
spellcharges_1, spellppmrate_1, spellcooldown_1, spellcategory_1, spellcategorycooldown_1, spellid_2,
spelltrigger_2, spellcharges_2, spellppmrate_2, spellcooldown_2, spellcategory_2, spellcategorycooldown_2,
spellid_3, spelltrigger_3, spellcharges_3, spellppmrate_3, spellcooldown_3, spellcategory_3,
spellcategorycooldown_3, spellid_4, spelltrigger_4, spellcharges_4, spellppmrate_4, spellcooldown_4,
spellcategory_4, spellcategorycooldown_4, spellid_5, spelltrigger_5, spellcharges_5, spellppmrate_5,
spellcooldown_5, spellcategory_5, spellcategorycooldown_5, bonding, page_text, page_language, page_material,
start_quest, lock_id, material, sheath, random_property, set_id, max_durability, area_bound, map_bound,
duration, bag_family, disenchant_id, food_type, min_money_loot, max_money_loot, extra_flags, other_team_entry,
script_name)
values
 ('51240', '0', '4', '1', 'Master Dragonslayer\'s Shirt', 'For our brave heroes who defeated Onyxia.', '31663', '2', '0', '1', '0', '0', '4', '-1', '-1', '60',
 '60', '0', '0', '0', '0', '0', '0', '0', '1', '1', '0', '0', '0', '0', '0',
 '0', '0', '0', '0', '0', '0', '0', '0', '0', '0', '0', '0', '0', '0', '0', '0', '0', '0',
 '0', '0', '0', '0', '0', '0', '0', '0', '0', '0', '0', '0', '0', '0', '0', '0', '0', '0', '0', '1', '0',
 '0', '0', '0', '28505', '0', '0', '0', '1500', '0', '-1', '0', '0', '0', '0', '-1', '0', '-1', '0', '0',
 '0', '0', '-1', '0', '-1', '0', '0', '0', '0', '-1', '0', '-1', '0', '0', '0', '0', '-1', '0',
 '-1', '1', '0', '0', '0', '0', '0', '0', '0', '0', '0', '0', '0', '0', '0', '0', '0', '0', '0', '0',
 '0', '1', NULL);
 
replace into custom_pet_entry_relation (item_entry, creature_entry) values ('51240', '50635');	  

REPLACE INTO `creature_template` (`entry`, `patch`, `display_id1`, `display_id2`, `display_id3`, `display_id4`, `name`, `subname`, `gossip_menu_id`, `level_min`, `level_max`, `health_min`, `health_max`, `mana_min`, `mana_max`, `armor`, `faction`, `npc_flags`, `speed_walk`, `speed_run`, `scale`, `detection_range`, `call_for_help_range`, `leash_range`, `rank`, `xp_multiplier`, `dmg_min`, `dmg_max`, `dmg_school`, `attack_power`, `dmg_multiplier`, `base_attack_time`, `ranged_attack_time`, `unit_class`, `unit_flags`, `dynamic_flags`, `beast_family`, `trainer_type`, `trainer_spell`, `trainer_class`, `trainer_race`, `ranged_dmg_min`, `ranged_dmg_max`, `ranged_attack_power`, `type`, `type_flags`, `loot_id`, `pickpocket_loot_id`, `skinning_loot_id`, `holy_res`, `fire_res`, `nature_res`, `frost_res`, `shadow_res`, `arcane_res`, `spell_id1`, `spell_id2`, `spell_id3`, `spell_id4`, `spell_list_id`, `pet_spell_list_id`, `gold_min`, `gold_max`, `ai_name`, `movement_type`, `inhabit_type`, `civilian`, `racial_leader`, `regeneration`, `equipment_id`, `trainer_id`, `vendor_id`, `mechanic_immune_mask`, `school_immune_mask`, `flags_extra`, `script_name`) VALUES (50635, 0, 397, 397, 0, 0, 'Onyxian Whelpling', '', 0, 3, 3, 14, 14, 0, 0, 20, 31, 0, 1.05, 1.14286, 0.4, 20, 5, 0, 0, 1, 3, 5, 0, 48, 1, 2000, 2000, 1, 0, 0, 0, 0, 0, 0, 0, 1.76, 2.42, 100, 8, 0, 0, 0, 1933, 0, 0, 0, 0, 0, 0, 0, 0, 0, 0, 0, 0, 0, 0, '', 1, 1, 0, 0, 3, 0, 0, 0, 0, 0, 2, '');

update creature_template set scale = 0.4  where entry = 50635;

-- XMAS SHIT

REPLACE INTO `gameobject_template` (`entry`, `patch`, `type`, `displayId`, `name`, `faction`, `flags`, `size`, `data0`, `data1`, `data2`, `data3`, `data4`, `data5`, `data6`, `data7`, `data8`, `data9`, `data10`, `data11`, `data12`, `data13`, `data14`, `data15`, `data16`, `data17`, `data18`, `data19`, `data20`, `data21`, `data22`, `data23`, `mingold`, `maxgold`, `script_name`) VALUES (1000061, 0, 5, 5316, ' Big Snowy Christmas Tree', 0, 0, 2, 0, 0, 0, 0, 0, 0, 0, 0, 0, 0, 0, 0, 0, 0, 0, 0, 0, 0, 0, 0, 0, 0, 0, 0, 0, 0, '');

REPLACE INTO `gameobject_template` (`entry`, `patch`, `type`, `displayId`, `name`, `faction`, `flags`, `size`, `data0`, `data1`, `data2`, `data3`, `data4`, `data5`, `data6`, `data7`, `data8`, `data9`, `data10`, `data11`, `data12`, `data13`, `data14`, `data15`, `data16`, `data17`, `data18`, `data19`, `data20`, `data21`, `data22`, `data23`, `mingold`, `maxgold`, `script_name`) VALUES (1000062, 0, 5, 5253, 'Turtle WoW Christmas Tree', 0, 0, 2, 0, 0, 0, 0, 0, 0, 0, 0, 0, 0, 0, 0, 0, 0, 0, 0, 0, 0, 0, 0, 0, 0, 0, 0, 0, 0, '');

-- More Sheep Quests:

replace into item_template (entry, class, subclass, name, description, display_id, quality, bonding, spellid_1, spellcooldown_1) values
(51221, 15, 2, 'Lulu', '', 7361, 1, 1, 28505, 1500);

 
replace into custom_pet_entry_relation (item_entry, creature_entry) values 
('51221', '50611');	  

update creature_template set script_name = '' where entry = 50608;
update creature_template set npc_flags = 2 where entry = 50608;

REPLACE INTO `creature_template` (`entry`, `patch`, `display_id1`, `display_id2`, `display_id3`, `display_id4`, `name`, `subname`, `gossip_menu_id`, `level_min`, `level_max`, `health_min`, `health_max`, `mana_min`, `mana_max`, `armor`, `faction`, `npc_flags`, `speed_walk`, `speed_run`, `scale`, `detection_range`, `call_for_help_range`, `leash_range`, `rank`, `xp_multiplier`, `dmg_min`, `dmg_max`, `dmg_school`, `attack_power`, `dmg_multiplier`, `base_attack_time`, `ranged_attack_time`, `unit_class`, `unit_flags`, `dynamic_flags`, `beast_family`, `trainer_type`, `trainer_spell`, `trainer_class`, `trainer_race`, `ranged_dmg_min`, `ranged_dmg_max`, `ranged_attack_power`, `type`, `type_flags`, `loot_id`, `pickpocket_loot_id`, `skinning_loot_id`, `holy_res`, `fire_res`, `nature_res`, `frost_res`, `shadow_res`, `arcane_res`, `spell_id1`, `spell_id2`, `spell_id3`, `spell_id4`, `spell_list_id`, `pet_spell_list_id`, `gold_min`, `gold_max`, `ai_name`, `movement_type`, `inhabit_type`, `civilian`, `racial_leader`, `regeneration`, `equipment_id`, `trainer_id`, `vendor_id`, `mechanic_immune_mask`, `school_immune_mask`, `flags_extra`, `script_name`) VALUES (50611, 0, 856, 0, 0, 0, 'Lulu', '', 0, 3, 3, 14, 14, 0, 0, 20, 35, 0, 1.05, 1.14286, 0.6, 20, 5, 0, 0, 1, 3, 5, 0, 48, 1, 2000, 2000, 1, 0, 0, 0, 0, 0, 0, 0, 1.76, 2.42, 100, 8, 0, 0, 0, 1933, 0, 0, 0, 0, 0, 0, 0, 0, 0, 0, 0, 0, 0, 0, '', 1, 1, 0, 0, 3, 0, 0, 0, 0, 0, 2, '');

update creature_template set npc_flags = 0 where entry = 50611;


replace into quest_template (
entry, patch, Method, ZoneOrSort, MinLevel, QuestLevel, MaxLevel, Type, RequiredClasses, RequiredRaces, RequiredSkill,
RequiredSkillValue, RepObjectiveFaction, RepObjectiveValue, RequiredMinRepFaction, RequiredMinRepValue,RequiredMaxRepFaction,
RequiredMaxRepValue, SuggestedPlayers, LimitTime, QuestFlags, SpecialFlags, PrevQuestId, NextQuestId, ExclusiveGroup, NextQuestInChain,
SrcItemId, SrcItemCount, SrcSpell, Title, Details, Objectives, OfferRewardText, RequestItemsText, EndText, ObjectiveText1, ObjectiveText2,
ObjectiveText3, ObjectiveText4, ReqItemId1, ReqItemId2, ReqItemId3, ReqItemId4, ReqItemCount1, ReqItemCount2, ReqItemCount3,
ReqItemCount4, ReqSourceId1, ReqSourceId2, ReqSourceId3, ReqSourceId4, ReqSourceCount1, ReqSourceCount2, ReqSourceCount3,
ReqSourceCount4, ReqCreatureOrGOId1, ReqCreatureOrGOId2, ReqCreatureOrGOId3, ReqCreatureOrGOId4, ReqCreatureOrGOCount1,
ReqCreatureOrGOCount2, ReqCreatureOrGOCount3, ReqCreatureOrGOCount4, ReqSpellCast1, ReqSpellCast2, ReqSpellCast3,
ReqSpellCast4, RewChoiceItemId1, RewChoiceItemId2, RewChoiceItemId3, RewChoiceItemId4, RewChoiceItemId5, RewChoiceItemId6,
RewChoiceItemCount1, RewChoiceItemCount2, RewChoiceItemCount3, RewChoiceItemCount4, RewChoiceItemCount5, RewChoiceItemCount6,
RewItemId1, RewItemId2, RewItemId3, RewItemId4, RewItemCount1, RewItemCount2, RewItemCount3, RewItemCount4, RewRepFaction1,
RewRepFaction2, RewRepFaction3, RewRepFaction4, RewRepFaction5, RewRepValue1, RewRepValue2, RewRepValue3, RewRepValue4,
RewRepValue5, RewOrReqMoney, RewMoneyMaxLevel, RewSpell, RewSpellCast, RewMailTemplateId, RewMailMoney, RewMailDelaySecs,
PointMapId, PointX, PointY, PointOpt, DetailsEmote1, DetailsEmote2, DetailsEmote3, DetailsEmote4, DetailsEmoteDelay1,
DetailsEmoteDelay2, DetailsEmoteDelay3, DetailsEmoteDelay4, IncompleteEmote, CompleteEmote, OfferRewardEmote1, OfferRewardEmote2,
OfferRewardEmote3, OfferRewardEmote4, OfferRewardEmoteDelay1, OfferRewardEmoteDelay2, OfferRewardEmoteDelay3,OfferRewardEmoteDelay4,
StartScript, CompleteScript)
         values
 ('60007', '0', '2', '12', '5', '7', '0', '0', '0', '0', '0',
'0', '0', '0', '0', '0','0',
'0', '0', '0', '0', '0', '0', '0', '0', '0',
'51218', '15', '0', 'Lulu Looks Luscious to Wolves', '<Lulu looks stressed by lurking wolves around the farm.>\n\nPerhaps you could ease her panic state? Culling some wolves would be a nice start. About 15 should do.', 'Get rid of 15 wolves across the farm.', '<Lulu looks more placid with no wolves around.>', 'Baa-a-a-a-a-ah!', '', '', '',
'', '0', '0', '0', '0', '0', '0', '0', '0',
'0', '0', '0', '0', '0', '0', '0', '0',
'0', '525', '0', '0', '0', '15',
'0', '0', '0', '0', '0', '0',
'0', '0', '0', '0', '0', '0', '0',
'0', '0', '0', '0', '0', '0',
'51221', '0', '0', '0', '1', '0', '0', '0', '0',
'0', '0', '0', '0', '0', '0', '0', '0',
'0', '0', '0', '0', '0', '0', '0', '0',
'0', '0', '0', '0', '0', '0', '0', '0', '0',
'0', '0', '0', '1', '5', '0', '0',
'0', '0', '0', '0', '0','0',
'0','0');
replace into creature_questrelation (id, quest, patch_min, patch_max)
      values
      ('50608','60007','10','10');
	  replace into creature_involvedrelation (id, quest, patch_min, patch_max)
      values
      ('50608','60007','10','10');
	  
update quest_template set PrevQuestId = 60005 where entry = '60007';
	  
replace into quest_template (
entry, patch, Method, ZoneOrSort, MinLevel, QuestLevel, MaxLevel, Type, RequiredClasses, RequiredRaces, RequiredSkill,
RequiredSkillValue, RepObjectiveFaction, RepObjectiveValue, RequiredMinRepFaction, RequiredMinRepValue,RequiredMaxRepFaction,
RequiredMaxRepValue, SuggestedPlayers, LimitTime, QuestFlags, SpecialFlags, PrevQuestId, NextQuestId, ExclusiveGroup, NextQuestInChain,
SrcItemId, SrcItemCount, SrcSpell, Title, Details, Objectives, OfferRewardText, RequestItemsText, EndText, ObjectiveText1, ObjectiveText2,
ObjectiveText3, ObjectiveText4, ReqItemId1, ReqItemId2, ReqItemId3, ReqItemId4, ReqItemCount1, ReqItemCount2, ReqItemCount3,
ReqItemCount4, ReqSourceId1, ReqSourceId2, ReqSourceId3, ReqSourceId4, ReqSourceCount1, ReqSourceCount2, ReqSourceCount3,
ReqSourceCount4, ReqCreatureOrGOId1, ReqCreatureOrGOId2, ReqCreatureOrGOId3, ReqCreatureOrGOId4, ReqCreatureOrGOCount1,
ReqCreatureOrGOCount2, ReqCreatureOrGOCount3, ReqCreatureOrGOCount4, ReqSpellCast1, ReqSpellCast2, ReqSpellCast3,
ReqSpellCast4, RewChoiceItemId1, RewChoiceItemId2, RewChoiceItemId3, RewChoiceItemId4, RewChoiceItemId5, RewChoiceItemId6,
RewChoiceItemCount1, RewChoiceItemCount2, RewChoiceItemCount3, RewChoiceItemCount4, RewChoiceItemCount5, RewChoiceItemCount6,
RewItemId1, RewItemId2, RewItemId3, RewItemId4, RewItemCount1, RewItemCount2, RewItemCount3, RewItemCount4, RewRepFaction1,
RewRepFaction2, RewRepFaction3, RewRepFaction4, RewRepFaction5, RewRepValue1, RewRepValue2, RewRepValue3, RewRepValue4,
RewRepValue5, RewOrReqMoney, RewMoneyMaxLevel, RewSpell, RewSpellCast, RewMailTemplateId, RewMailMoney, RewMailDelaySecs,
PointMapId, PointX, PointY, PointOpt, DetailsEmote1, DetailsEmote2, DetailsEmote3, DetailsEmote4, DetailsEmoteDelay1,
DetailsEmoteDelay2, DetailsEmoteDelay3, DetailsEmoteDelay4, IncompleteEmote, CompleteEmote, OfferRewardEmote1, OfferRewardEmote2,
OfferRewardEmote3, OfferRewardEmote4, OfferRewardEmoteDelay1, OfferRewardEmoteDelay2, OfferRewardEmoteDelay3,OfferRewardEmoteDelay4,
StartScript, CompleteScript)
         values
 ('60008', '0', '2', '12', '5', '7', '0', '0', '0', '0', '0',
'0', '0', '0', '0', '0','0',
'0', '0', '0', '0', '0', '0', '60006', '0', '0',
'51218', '15', '0', 'Wool Would Work', 'I know that it\'s not always warm around the world and sometimes when it\'s winter setting on the fields mommy used to make us soft and warm mittens and gloves. I remember my cape when we had only Lulu. it was made with her wool. If was so soft and warm!\n\nI can make you one too! But before I do that I need some more wool from our sheeps here. As you can see we don\'t have a lot of them around right now.\n\nWhy don\'t you gather some wool from them around the Elwynn? If you have about 20 flocks then I could make you a long drape which will be soft and warm!', 'Find 20 flocks of wool off the sheeps in Elwynn Forest and bring them back to Julie Osworth.', 'Amazing, $N! You\'ve done it!', 'If you gather enough wool I can make you a long, warm and very comfortable drape.', '', '', '',
'', '', '51223', '0', '0', '0', '20', '0', '0',
'0', '0', '0', '0', '0', '0', '0', '0',
'0', '0', '0', '0', '0', '0',
'0', '0', '0', '0', '0', '0',
'0', '0', '0', '0', '0', '0', '0',
'0', '0', '0', '0', '0', '0',
'51224', '51219', '0', '0', '1', '1', '0', '0', '0',
'0', '0', '0', '0', '0', '0', '0', '0',
'0', '0', '0', '0', '0', '0', '0', '0',
'0', '0', '0', '0', '0', '0', '0', '0', '0',
'0', '0', '0', '1', '5', '0', '0',
'0', '0', '0', '0', '0','0',
'0', '0');
replace into creature_questrelation (id, quest, patch_min, patch_max)
      values
      ('50605','60008','10','10');
	  replace into creature_involvedrelation (id, quest, patch_min, patch_max)
      values
      ('50605','60008','10','10');
	  
	  update quest_template set PrevQuestId = 60005 where entry = '60008';
	  
	  replace into item_template (
entry, patch, class, subclass, name,description, display_id, quality, flags, buy_count,
buy_price, sell_price, inventory_type, allowable_class, allowable_race, item_level,
required_level, required_skill, required_skill_rank, required_spell, required_honor_rank,
required_city_rank, required_reputation_faction, required_reputation_rank, max_count, stackable,
container_slots, stat_type1, stat_value1, stat_type2, stat_value2, stat_type3, stat_value3,
stat_type4, stat_value4, stat_type5, stat_value5, stat_type6, stat_value6, stat_type7,
stat_value7, stat_type8, stat_value8, stat_type9, stat_value9, stat_type10, stat_value10,
delay, range_mod, ammo_type, dmg_min1, dmg_max1, dmg_type1, dmg_min2, dmg_max2, dmg_type2,
dmg_min3, dmg_max3, dmg_type3, dmg_min4, dmg_max4, dmg_type4, dmg_min5, dmg_max5, dmg_type5, block,
armor, holy_res, fire_res, nature_res, frost_res, shadow_res, arcane_res, spellid_1, spelltrigger_1,
spellcharges_1, spellppmrate_1, spellcooldown_1, spellcategory_1, spellcategorycooldown_1, spellid_2,
spelltrigger_2, spellcharges_2, spellppmrate_2, spellcooldown_2, spellcategory_2, spellcategorycooldown_2,
spellid_3, spelltrigger_3, spellcharges_3, spellppmrate_3, spellcooldown_3, spellcategory_3,
spellcategorycooldown_3, spellid_4, spelltrigger_4, spellcharges_4, spellppmrate_4, spellcooldown_4,
spellcategory_4, spellcategorycooldown_4, spellid_5, spelltrigger_5, spellcharges_5, spellppmrate_5,
spellcooldown_5, spellcategory_5, spellcategorycooldown_5, bonding, page_text, page_language, page_material,
start_quest, lock_id, material, sheath, random_property, set_id, max_durability, area_bound, map_bound,
duration, bag_family, disenchant_id, food_type, min_money_loot, max_money_loot, extra_flags, other_team_entry,
script_name)
values
 ('51223', '0', '12', '0', 'Flock of Wool', '', '4746', '1', '0', '1', '0', '0', '0', '-1', '-1', '0',
 '0', '0', '0', '0', '0', '0', '0', '0', '0', '1', '0', '0', '0', '0', '0',
 '0', '0', '0', '0', '0', '0', '0', '0', '0', '0', '0', '0', '0', '0', '0', '0', '0', '0',
 '0', '0', '0', '0', '0', '0', '0', '0', '0', '0', '0', '0', '0', '0', '0', '0', '0', '0', '0', '0', '0',
 '0', '0', '0', '0', '0', '0', '0', '-1', '0', '-1', '0', '0', '0', '0', '-1', '0', '-1', '0', '0',
 '0', '0', '-1', '0', '-1', '0', '0', '0', '0', '-1', '0', '-1', '0', '0', '0', '0', '-1', '0',
 '-1', '1', '0', '0', '0', '0', '0', '0', '0', '0', '0', '0', '0', '0', '0', '0', '0', '0', '0', '0',
 '0', '1', NULL);
 
 REPLACE INTO `item_template` (`entry`, `patch`, `class`, `subclass`, `name`, `description`, `display_id`, `quality`, `flags`, `buy_count`, `buy_price`, `sell_price`, `inventory_type`, `allowable_class`, `allowable_race`, `item_level`, `required_level`, `required_skill`, `required_skill_rank`, `required_spell`, `required_honor_rank`, `required_city_rank`, `required_reputation_faction`, `required_reputation_rank`, `max_count`, `stackable`, `container_slots`, `stat_type1`, `stat_value1`, `stat_type2`, `stat_value2`, `stat_type3`, `stat_value3`, `stat_type4`, `stat_value4`, `stat_type5`, `stat_value5`, `stat_type6`, `stat_value6`, `stat_type7`, `stat_value7`, `stat_type8`, `stat_value8`, `stat_type9`, `stat_value9`, `stat_type10`, `stat_value10`, `delay`, `range_mod`, `ammo_type`, `dmg_min1`, `dmg_max1`, `dmg_type1`, `dmg_min2`, `dmg_max2`, `dmg_type2`, `dmg_min3`, `dmg_max3`, `dmg_type3`, `dmg_min4`, `dmg_max4`, `dmg_type4`, `dmg_min5`, `dmg_max5`, `dmg_type5`, `block`, `armor`, `holy_res`, `fire_res`, `nature_res`, `frost_res`, `shadow_res`, `arcane_res`, `spellid_1`, `spelltrigger_1`, `spellcharges_1`, `spellppmrate_1`, `spellcooldown_1`, `spellcategory_1`, `spellcategorycooldown_1`, `spellid_2`, `spelltrigger_2`, `spellcharges_2`, `spellppmrate_2`, `spellcooldown_2`, `spellcategory_2`, `spellcategorycooldown_2`, `spellid_3`, `spelltrigger_3`, `spellcharges_3`, `spellppmrate_3`, `spellcooldown_3`, `spellcategory_3`, `spellcategorycooldown_3`, `spellid_4`, `spelltrigger_4`, `spellcharges_4`, `spellppmrate_4`, `spellcooldown_4`, `spellcategory_4`, `spellcategorycooldown_4`, `spellid_5`, `spelltrigger_5`, `spellcharges_5`, `spellppmrate_5`, `spellcooldown_5`, `spellcategory_5`, `spellcategorycooldown_5`, `bonding`, `page_text`, `page_language`, `page_material`, `start_quest`, `lock_id`, `material`, `sheath`, `random_property`, `set_id`, `max_durability`, `area_bound`, `map_bound`, `duration`, `bag_family`, `disenchant_id`, `food_type`, `min_money_loot`, `max_money_loot`, `extra_flags`, `other_team_entry`, `script_name`) VALUES (51224, 0, 4, 1, 'Warm Woolen Drape', '', 27858, 1, 0, 1, 5963, 1192, 16, -1, -1, 10, 7, 0, 0, 0, 0, 0, 0, 0, 0, 15, 0, 0, 0, 0, 0, 0, 0, 0, 0, 0, 0, 0, 0, 0, 0, 0, 0, 0, 0, 0, 0, 0, 0, 0, 0, 0, 0, 0, 0, 0, 0, 0, 0, 0, 0, 0, 0, 0, 0, 0, 17, 0, 0, 0, 0, 0, 0, 0, 0, 0, 0, -1, 0, -1, 0, 0, 0, 0, -1, 0, -1, 0, 0, 0, 0, -1, 0, -1, 0, 0, 0, 0, -1, 0, -1, 0, 0, 0, 0, 0, 0, 0, 2, 0, 0, 0, 0, 0, 7, 0, 0, 0, 0, 0, 0, 0, 0, 0, 0, 0, 0, 0, 1, NULL);
 
 	  replace into item_template (
entry, patch, class, subclass, name,description, display_id, quality, flags, buy_count,
buy_price, sell_price, inventory_type, allowable_class, allowable_race, item_level,
required_level, required_skill, required_skill_rank, required_spell, required_honor_rank,
required_city_rank, required_reputation_faction, required_reputation_rank, max_count, stackable,
container_slots, stat_type1, stat_value1, stat_type2, stat_value2, stat_type3, stat_value3,
stat_type4, stat_value4, stat_type5, stat_value5, stat_type6, stat_value6, stat_type7,
stat_value7, stat_type8, stat_value8, stat_type9, stat_value9, stat_type10, stat_value10,
delay, range_mod, ammo_type, dmg_min1, dmg_max1, dmg_type1, dmg_min2, dmg_max2, dmg_type2,
dmg_min3, dmg_max3, dmg_type3, dmg_min4, dmg_max4, dmg_type4, dmg_min5, dmg_max5, dmg_type5, block,
armor, holy_res, fire_res, nature_res, frost_res, shadow_res, arcane_res, spellid_1, spelltrigger_1,
spellcharges_1, spellppmrate_1, spellcooldown_1, spellcategory_1, spellcategorycooldown_1, spellid_2,
spelltrigger_2, spellcharges_2, spellppmrate_2, spellcooldown_2, spellcategory_2, spellcategorycooldown_2,
spellid_3, spelltrigger_3, spellcharges_3, spellppmrate_3, spellcooldown_3, spellcategory_3,
spellcategorycooldown_3, spellid_4, spelltrigger_4, spellcharges_4, spellppmrate_4, spellcooldown_4,
spellcategory_4, spellcategorycooldown_4, spellid_5, spelltrigger_5, spellcharges_5, spellppmrate_5,
spellcooldown_5, spellcategory_5, spellcategorycooldown_5, bonding, page_text, page_language, page_material,
start_quest, lock_id, material, sheath, random_property, set_id, max_durability, area_bound, map_bound,
duration, bag_family, disenchant_id, food_type, min_money_loot, max_money_loot, extra_flags, other_team_entry,
script_name)
values
 ('51219', '0', '4', '1', 'Woolen Cowl', '', '15314', '1', '0', '1', '0', '935', '1', '-1', '-1', '8',
 '7', '0', '0', '0', '0', '0', '0', '0', '0', '1', '0', '0', '0', '0', '0',
 '0', '0', '0', '0', '0', '0', '0', '0', '0', '0', '0', '0', '0', '0', '0', '0', '0', '0',
 '0', '0', '0', '0', '0', '0', '0', '0', '0', '0', '0', '0', '0', '0', '0', '0', '0', '0', '0', '0', '0',
 '0', '0', '0', '0', '0', '0', '0', '-1', '0', '-1', '0', '0', '0', '0', '-1', '0', '-1', '0', '0',
 '0', '0', '-1', '0', '-1', '0', '0', '0', '0', '-1', '0', '-1', '0', '0', '0', '0', '-1', '0',
 '-1', '0', '0', '0', '0', '0', '0', '0', '0', '0', '0', '0', '0', '0', '0', '0', '0', '0', '0', '0',
 '0', '1', NULL);
 
 update item_template set stackable = 20 where entry  = 51223;

update quest_template set  MinLevel = 6, QuestLevel = 8 where entry in (60007, 60008, 60005);
UPDATE `quest_template` SET `RewRepFaction1`='72', `RewRepValue1`='250' WHERE (`entry`='60007') AND (`patch`='0');
UPDATE `quest_template` SET `RewRepFaction1`='72', `RewRepValue1`='250' WHERE (`entry`='60008') AND (`patch`='0');
UPDATE `quest_template` SET `RewMoneyMaxLevel`='865' WHERE (`entry`='60007') AND (`patch`='0');
UPDATE `quest_template` SET `RewMoneyMaxLevel`='865' WHERE (`entry`='60008') AND (`patch`='0');