DROP PROCEDURE IF EXISTS add_migration;
delimiter ??
CREATE PROCEDURE `add_migration`()
BEGIN
DECLARE v INT DEFAULT 1;
SET v = (SELECT COUNT(*) FROM `migrations` WHERE `id`='20200317013233');
IF v=0 THEN
INSERT INTO `migrations` VALUES ('20200317013233');
-- Add your query below.

UPDATE `creature_template` SET `display_id1`='2657' WHERE (`entry`='51293') AND (`patch`='0');

-- Thunder Bluff fashionista

REPLACE INTO `creature_template` (`entry`, `patch`, `display_id1`, `display_id2`, `display_id3`, `display_id4`, `name`, `subname`, `gossip_menu_id`, `level_min`, `level_max`, `health_min`, `health_max`, `mana_min`, `mana_max`, `armor`, `faction`, `npc_flags`, `speed_walk`, `speed_run`, `scale`, `detection_range`, `call_for_help_range`, `leash_range`, `rank`, `xp_multiplier`, `dmg_min`, `dmg_max`, `dmg_school`, `attack_power`, `dmg_multiplier`, `base_attack_time`, `ranged_attack_time`, `unit_class`, `unit_flags`, `dynamic_flags`, `beast_family`, `trainer_type`, `trainer_spell`, `trainer_class`, `trainer_race`, `ranged_dmg_min`, `ranged_dmg_max`, `ranged_attack_power`, `type`, `type_flags`, `loot_id`, `pickpocket_loot_id`, `skinning_loot_id`, `holy_res`, `fire_res`, `nature_res`, `frost_res`, `shadow_res`, `arcane_res`, `spell_id1`, `spell_id2`, `spell_id3`, `spell_id4`, `spell_list_id`, `pet_spell_list_id`, `gold_min`, `gold_max`, `ai_name`, `movement_type`, `inhabit_type`, `civilian`, `racial_leader`, `regeneration`, `equipment_id`, `trainer_id`, `vendor_id`, `mechanic_immune_mask`, `school_immune_mask`, `flags_extra`, `script_name`) VALUES (51294, 0, 6554, 0, 0, 0, 'Donnace', 'Thunder Bluff Fashionista', 0, 35, 35, 2016, 2016, 0, 0, 1357, 12, 1, 1.11, 1.14286, 1, 20, 5, 0, 0, 1, 51, 65, 0, 138, 1, 2000, 2000, 1, 768, 0, 0, 0, 0, 0, 0, 51.128, 70.301, 100, 10, 0, 0, 0, 0, 0, 0, 0, 0, 0, 0, 0, 0, 0, 0, 0, 0, 0, 0, 'EventAI', 0, 3, 0, 0, 3, 0, 0, 0, 0, 0, 2, 'npc_transmog');
update creature_template set faction = 104 where entry = 51294;

-- Undercity fashionista

REPLACE INTO `creature_template` (`entry`, `patch`, `display_id1`, `display_id2`, `display_id3`, `display_id4`, `name`, `subname`, `gossip_menu_id`, `level_min`, `level_max`, `health_min`, `health_max`, `mana_min`, `mana_max`, `armor`, `faction`, `npc_flags`, `speed_walk`, `speed_run`, `scale`, `detection_range`, `call_for_help_range`, `leash_range`, `rank`, `xp_multiplier`, `dmg_min`, `dmg_max`, `dmg_school`, `attack_power`, `dmg_multiplier`, `base_attack_time`, `ranged_attack_time`, `unit_class`, `unit_flags`, `dynamic_flags`, `beast_family`, `trainer_type`, `trainer_spell`, `trainer_class`, `trainer_race`, `ranged_dmg_min`, `ranged_dmg_max`, `ranged_attack_power`, `type`, `type_flags`, `loot_id`, `pickpocket_loot_id`, `skinning_loot_id`, `holy_res`, `fire_res`, `nature_res`, `frost_res`, `shadow_res`, `arcane_res`, `spell_id1`, `spell_id2`, `spell_id3`, `spell_id4`, `spell_list_id`, `pet_spell_list_id`, `gold_min`, `gold_max`, `ai_name`, `movement_type`, `inhabit_type`, `civilian`, `racial_leader`, `regeneration`, `equipment_id`, `trainer_id`, `vendor_id`, `mechanic_immune_mask`, `school_immune_mask`, `flags_extra`, `script_name`) VALUES (51295, 0, 2657, 0, 0, 0, 'Jetsey Bonson', 'Undercity Fashionista', 0, 35, 35, 2016, 2016, 0, 0, 1357, 12, 1, 1.11, 1.14286, 1, 20, 5, 0, 0, 1, 51, 65, 0, 138, 1, 2000, 2000, 1, 768, 0, 0, 0, 0, 0, 0, 51.128, 70.301, 100, 10, 0, 0, 0, 0, 0, 0, 0, 0, 0, 0, 0, 0, 0, 0, 0, 0, 0, 0, 'EventAI', 0, 3, 0, 0, 3, 0, 0, 0, 0, 0, 2, 'npc_transmog');
update creature_template set faction = 68 where entry = 51295;

-- Darnassus fashionista

REPLACE INTO `creature_template` (`entry`, `patch`, `display_id1`, `display_id2`, `display_id3`, `display_id4`, `name`, `subname`, `gossip_menu_id`, `level_min`, `level_max`, `health_min`, `health_max`, `mana_min`, `mana_max`, `armor`, `faction`, `npc_flags`, `speed_walk`, `speed_run`, `scale`, `detection_range`, `call_for_help_range`, `leash_range`, `rank`, `xp_multiplier`, `dmg_min`, `dmg_max`, `dmg_school`, `attack_power`, `dmg_multiplier`, `base_attack_time`, `ranged_attack_time`, `unit_class`, `unit_flags`, `dynamic_flags`, `beast_family`, `trainer_type`, `trainer_spell`, `trainer_class`, `trainer_race`, `ranged_dmg_min`, `ranged_dmg_max`, `ranged_attack_power`, `type`, `type_flags`, `loot_id`, `pickpocket_loot_id`, `skinning_loot_id`, `holy_res`, `fire_res`, `nature_res`, `frost_res`, `shadow_res`, `arcane_res`, `spell_id1`, `spell_id2`, `spell_id3`, `spell_id4`, `spell_list_id`, `pet_spell_list_id`, `gold_min`, `gold_max`, `ai_name`, `movement_type`, `inhabit_type`, `civilian`, `racial_leader`, `regeneration`, `equipment_id`, `trainer_id`, `vendor_id`, `mechanic_immune_mask`, `school_immune_mask`, `flags_extra`, `script_name`) VALUES (51296, 0, 1728, 0, 0, 0, 'Reikubo', 'Darnassus Fashionista', 0, 35, 35, 2016, 2016, 0, 0, 1357, 12, 1, 1.11, 1.14286, 1, 20, 5, 0, 0, 1, 51, 65, 0, 138, 1, 2000, 2000, 1, 768, 0, 0, 0, 0, 0, 0, 51.128, 70.301, 100, 10, 0, 0, 0, 0, 0, 0, 0, 0, 0, 0, 0, 0, 0, 0, 0, 0, 0, 0, 'EventAI', 0, 3, 0, 0, 3, 0, 0, 0, 0, 0, 2, 'npc_transmog');
update creature_template set faction = 80 where entry = 51296;

-- Ironforge fashionista

REPLACE INTO `creature_template` (`entry`, `patch`, `display_id1`, `display_id2`, `display_id3`, `display_id4`, `name`, `subname`, `gossip_menu_id`, `level_min`, `level_max`, `health_min`, `health_max`, `mana_min`, `mana_max`, `armor`, `faction`, `npc_flags`, `speed_walk`, `speed_run`, `scale`, `detection_range`, `call_for_help_range`, `leash_range`, `rank`, `xp_multiplier`, `dmg_min`, `dmg_max`, `dmg_school`, `attack_power`, `dmg_multiplier`, `base_attack_time`, `ranged_attack_time`, `unit_class`, `unit_flags`, `dynamic_flags`, `beast_family`, `trainer_type`, `trainer_spell`, `trainer_class`, `trainer_race`, `ranged_dmg_min`, `ranged_dmg_max`, `ranged_attack_power`, `type`, `type_flags`, `loot_id`, `pickpocket_loot_id`, `skinning_loot_id`, `holy_res`, `fire_res`, `nature_res`, `frost_res`, `shadow_res`, `arcane_res`, `spell_id1`, `spell_id2`, `spell_id3`, `spell_id4`, `spell_list_id`, `pet_spell_list_id`, `gold_min`, `gold_max`, `ai_name`, `movement_type`, `inhabit_type`, `civilian`, `racial_leader`, `regeneration`, `equipment_id`, `trainer_id`, `vendor_id`, `mechanic_immune_mask`, `school_immune_mask`, `flags_extra`, `script_name`) VALUES (51297, 0, 1927, 0, 0, 0, 'Dorein', 'Ironforge Fashionista', 0, 35, 35, 2016, 2016, 0, 0, 1357, 12, 1, 1.11, 1.14286, 1, 20, 5, 0, 0, 1, 51, 65, 0, 138, 1, 2000, 2000, 1, 768, 0, 0, 0, 0, 0, 0, 51.128, 70.301, 100, 10, 0, 0, 0, 0, 0, 0, 0, 0, 0, 0, 0, 0, 0, 0, 0, 0, 0, 0, 'EventAI', 0, 3, 0, 0, 3, 0, 0, 0, 0, 0, 2, 'npc_transmog');
update creature_template set faction = 57 where entry = 51297;

-- Orgrimmar fashionista

REPLACE INTO `creature_template` (`entry`, `patch`, `display_id1`, `display_id2`, `display_id3`, `display_id4`, `name`, `subname`, `gossip_menu_id`, `level_min`, `level_max`, `health_min`, `health_max`, `mana_min`, `mana_max`, `armor`, `faction`, `npc_flags`, `speed_walk`, `speed_run`, `scale`, `detection_range`, `call_for_help_range`, `leash_range`, `rank`, `xp_multiplier`, `dmg_min`, `dmg_max`, `dmg_school`, `attack_power`, `dmg_multiplier`, `base_attack_time`, `ranged_attack_time`, `unit_class`, `unit_flags`, `dynamic_flags`, `beast_family`, `trainer_type`, `trainer_spell`, `trainer_class`, `trainer_race`, `ranged_dmg_min`, `ranged_dmg_max`, `ranged_attack_power`, `type`, `type_flags`, `loot_id`, `pickpocket_loot_id`, `skinning_loot_id`, `holy_res`, `fire_res`, `nature_res`, `frost_res`, `shadow_res`, `arcane_res`, `spell_id1`, `spell_id2`, `spell_id3`, `spell_id4`, `spell_list_id`, `pet_spell_list_id`, `gold_min`, `gold_max`, `ai_name`, `movement_type`, `inhabit_type`, `civilian`, `racial_leader`, `regeneration`, `equipment_id`, `trainer_id`, `vendor_id`, `mechanic_immune_mask`, `school_immune_mask`, `flags_extra`, `script_name`) VALUES (51291, 0, 6515, 0, 0, 0, 'Herrina', 'Orgrimmar Fashionista', 0, 35, 35, 2016, 2016, 0, 0, 1357, 12, 1, 1.11, 1.14286, 1, 20, 5, 0, 0, 1, 51, 65, 0, 138, 1, 2000, 2000, 1, 768, 0, 0, 0, 0, 0, 0, 51.128, 70.301, 100, 10, 0, 0, 0, 0, 0, 0, 0, 0, 0, 0, 0, 0, 0, 0, 0, 0, 0, 0, 'EventAI', 0, 3, 0, 0, 3, 0, 0, 0, 0, 0, 2, 'npc_transmog');
update creature_template set faction = 85 where entry = 51291;

-- === QUESTS === --

update item_template set quality = 1 where entry = 4813;
update item_template set quality = 1 where entry = 11407;
update item_template set quality = 1 where entry = 5636;
update item_template set quality = 1 where entry = 1688;
update item_template set class = 4 where entry = 51050;
update item_template set subclass = 1 where entry = 51050;
update item_template set armor = 10 where entry = 51050;

update item_template set material = 0 where entry = 51050;
update creature_template set npc_flags = 2 where entry = 51292;
update creature_template set npc_flags = 2 where entry = 51293;
UPDATE `item_template` SET `quality`='2' WHERE (`entry`='51050') AND (`patch`='0');

-- 1-10

replace into quest_template (
entry, patch, Method, ZoneOrSort, MinLevel, QuestLevel, MaxLevel, Type, RequiredClasses, RequiredRaces, RequiredSkill,
RequiredSkillValue, RepObjectiveFaction, RepObjectiveValue, RequiredMinRepFaction, RequiredMinRepValue,RequiredMaxRepFaction,
RequiredMaxRepValue, SuggestedPlayers, LimitTime, QuestFlags, SpecialFlags, PrevQuestId, NextQuestId, ExclusiveGroup, NextQuestInChain,
SrcItemId, SrcItemCount, SrcSpell, Title, Details, Objectives, OfferRewardText, RequestItemsText, EndText, ObjectiveText1, ObjectiveText2,
ObjectiveText3, ObjectiveText4, ReqItemId1, ReqItemId2, ReqItemId3, ReqItemId4, ReqItemCount1, ReqItemCount2, ReqItemCount3,
ReqItemCount4, ReqSourceId1, ReqSourceId2, ReqSourceId3, ReqSourceId4, ReqSourceCount1, ReqSourceCount2, ReqSourceCount3,
ReqSourceCount4, ReqCreatureOrGOId1, ReqCreatureOrGOId2, ReqCreatureOrGOId3, ReqCreatureOrGOId4, ReqCreatureOrGOCount1,
ReqCreatureOrGOCount2, ReqCreatureOrGOCount3, ReqCreatureOrGOCount4, ReqSpellCast1, ReqSpellCast2, ReqSpellCast3,
ReqSpellCast4, RewChoiceItemId1, RewChoiceItemId2, RewChoiceItemId3, RewChoiceItemId4, RewChoiceItemId5, RewChoiceItemId6,
RewChoiceItemCount1, RewChoiceItemCount2, RewChoiceItemCount3, RewChoiceItemCount4, RewChoiceItemCount5, RewChoiceItemCount6,
RewItemId1, RewItemId2, RewItemId3, RewItemId4, RewItemCount1, RewItemCount2, RewItemCount3, RewItemCount4, RewRepFaction1,
RewRepFaction2, RewRepFaction3, RewRepFaction4, RewRepFaction5, RewRepValue1, RewRepValue2, RewRepValue3, RewRepValue4,
RewRepValue5, RewOrReqMoney, RewMoneyMaxLevel, RewSpell, RewSpellCast, RewMailTemplateId, RewMailMoney, RewMailDelaySecs,
PointMapId, PointX, PointY, PointOpt, DetailsEmote1, DetailsEmote2, DetailsEmote3, DetailsEmote4, DetailsEmoteDelay1,
DetailsEmoteDelay2, DetailsEmoteDelay3, DetailsEmoteDelay4, IncompleteEmote, CompleteEmote, OfferRewardEmote1, OfferRewardEmote2,
OfferRewardEmote3, OfferRewardEmote4, OfferRewardEmoteDelay1, OfferRewardEmoteDelay2, OfferRewardEmoteDelay3,OfferRewardEmoteDelay4,
StartScript, CompleteScript)
         values
 ('60030', '0', '2', '-284', '0', '10', '10', '0', '0', '0', '0',
'0', '0', '0', '0', '0','0',
'0', '0', '0', '0', '0', '0', '0', '0', '0',
'0', '0', '0', 'Fashion Demands Sacrifices', 'Greetings!$B$BAren\'t you here for some Fashion Coins exchange? Well then, one will cost you some materials. Here\'s what we need at the moment...$B$BI need all the items on the list and not a single one of it less. Make sure they aren\'t damaged or chipped… I\'m not a goblin to meddle with.', 'Bring 20 Linen Cloth, 15 Light Leather, 10 Malachite and 5 Small Leather Collar to Fashionista\'s apprentice and receive one Fashion Coin as a reward.', 'Here you go. Have your Fashion Coin and knock yourself off my face, I\'m not some Speedy to appreciate your so called heroic deeds and miniscule efforts.', 'What?$B$BFeel free to knock yourself out, I\'m very busy. Have a good day to you too.', '', '', '',
'', '', '2589', '2318', '774', '4813', '20', '15', '10',
'5', '0', '0', '0', '0', '0', '0', '0',
'0', '0', '0', '0', '0', '0',
'0', '0', '0', '0', '0', '0',
'0', '0', '0', '0', '0', '0', '0',
'0', '0', '0', '0', '0', '0',
'51217', '0', '0', '0', '1', '0', '0', '0', '0',
'0', '0', '0', '0', '0', '0', '0', '0',
'0', '0', '525', '0', '0', '0', '0', '0',
'0', '0', '0', '0', '0', '0', '0', '0', '0',
'0', '0', '0', '0', '0', '0', '0',
'0', '0', '0', '0', '0','0',
0, 0);
replace into creature_questrelation (id, quest, patch_min, patch_max) values ('51292','60030','10','10');
replace into creature_involvedrelation (id, quest, patch_min, patch_max) values ('51292','60030','10','10');
     
-- 11-20

replace into quest_template (
entry, patch, Method, ZoneOrSort, MinLevel, QuestLevel, MaxLevel, Type, RequiredClasses, RequiredRaces, RequiredSkill,
RequiredSkillValue, RepObjectiveFaction, RepObjectiveValue, RequiredMinRepFaction, RequiredMinRepValue,RequiredMaxRepFaction,
RequiredMaxRepValue, SuggestedPlayers, LimitTime, QuestFlags, SpecialFlags, PrevQuestId, NextQuestId, ExclusiveGroup, NextQuestInChain,
SrcItemId, SrcItemCount, SrcSpell, Title, Details, Objectives, OfferRewardText, RequestItemsText, EndText, ObjectiveText1, ObjectiveText2,
ObjectiveText3, ObjectiveText4, ReqItemId1, ReqItemId2, ReqItemId3, ReqItemId4, ReqItemCount1, ReqItemCount2, ReqItemCount3,
ReqItemCount4, ReqSourceId1, ReqSourceId2, ReqSourceId3, ReqSourceId4, ReqSourceCount1, ReqSourceCount2, ReqSourceCount3,
ReqSourceCount4, ReqCreatureOrGOId1, ReqCreatureOrGOId2, ReqCreatureOrGOId3, ReqCreatureOrGOId4, ReqCreatureOrGOCount1,
ReqCreatureOrGOCount2, ReqCreatureOrGOCount3, ReqCreatureOrGOCount4, ReqSpellCast1, ReqSpellCast2, ReqSpellCast3,
ReqSpellCast4, RewChoiceItemId1, RewChoiceItemId2, RewChoiceItemId3, RewChoiceItemId4, RewChoiceItemId5, RewChoiceItemId6,
RewChoiceItemCount1, RewChoiceItemCount2, RewChoiceItemCount3, RewChoiceItemCount4, RewChoiceItemCount5, RewChoiceItemCount6,
RewItemId1, RewItemId2, RewItemId3, RewItemId4, RewItemCount1, RewItemCount2, RewItemCount3, RewItemCount4, RewRepFaction1,
RewRepFaction2, RewRepFaction3, RewRepFaction4, RewRepFaction5, RewRepValue1, RewRepValue2, RewRepValue3, RewRepValue4,
RewRepValue5, RewOrReqMoney, RewMoneyMaxLevel, RewSpell, RewSpellCast, RewMailTemplateId, RewMailMoney, RewMailDelaySecs,
PointMapId, PointX, PointY, PointOpt, DetailsEmote1, DetailsEmote2, DetailsEmote3, DetailsEmote4, DetailsEmoteDelay1,
DetailsEmoteDelay2, DetailsEmoteDelay3, DetailsEmoteDelay4, IncompleteEmote, CompleteEmote, OfferRewardEmote1, OfferRewardEmote2,
OfferRewardEmote3, OfferRewardEmote4, OfferRewardEmoteDelay1, OfferRewardEmoteDelay2, OfferRewardEmoteDelay3,OfferRewardEmoteDelay4,
StartScript, CompleteScript)
         values
 ('60031', '0', '2', '-284', '11', '20', '20', '0', '0', '0', '0',
'0', '0', '0', '0', '0','0',
'0', '0', '0', '0', '0', '0', '0', '0', '0',
'0', '0', '0', 'Fashion Demands Sacrifices', 'Greetings!$B$BAren\'t you here for some Fashion Coins exchange? Well then, one will cost you some materials. Here\'s what we need at the moment...$B$BI need all the items on the list and not a single one of it less. Make sure they aren\'t damaged or chipped… I\'m not a goblin to meddle with.', 'Bring 20 Wool Cloth, 10 Medium Leather, 10 Shadowgems and 5 Small Furry Paw to Fashionista\'s apprentice and recieve one Fashion Coin as a reward.', 'Here you go. Have your Fashion Coin and knock yourself off my face, I\'m not some Speedy to appreciate your so called heroic deeds and miniscule efforts.', 'What?$B$BFeel free to knock yourself out, I\'m very busy. Have a good day to you too.', '', '', '',
'', '', '2592', '2319', '1210', '5134', '20', '10', '10',
'5', '0', '0', '0', '0', '0', '0', '0',
'0', '0', '0', '0', '0', '0',
'0', '0', '0', '0', '0', '0',
'0', '0', '0', '0', '0', '0', '0',
'0', '0', '0', '0', '0', '0',
'51217', '0', '0', '0', '1', '0', '0', '0', '0',
'0', '0', '0', '0', '0', '0', '0', '0',
'0', '0', '1550', '0', '0', '0', '0', '0',
'0', '0', '0', '0', '0', '0', '0', '0', '0',
'0', '0', '0', '0', '0', '0', '0',
'0', '0', '0', '0', '0','0',
0, 0);
replace into creature_questrelation (id, quest, patch_min, patch_max) values ('51292','60031','10','10');
replace into creature_involvedrelation (id, quest, patch_min, patch_max) values ('51292','60031','10','10');      

-- 21-30

replace into quest_template (
entry, patch, Method, ZoneOrSort, MinLevel, QuestLevel, MaxLevel, Type, RequiredClasses, RequiredRaces, RequiredSkill,
RequiredSkillValue, RepObjectiveFaction, RepObjectiveValue, RequiredMinRepFaction, RequiredMinRepValue,RequiredMaxRepFaction,
RequiredMaxRepValue, SuggestedPlayers, LimitTime, QuestFlags, SpecialFlags, PrevQuestId, NextQuestId, ExclusiveGroup, NextQuestInChain,
SrcItemId, SrcItemCount, SrcSpell, Title, Details, Objectives, OfferRewardText, RequestItemsText, EndText, ObjectiveText1, ObjectiveText2,
ObjectiveText3, ObjectiveText4, ReqItemId1, ReqItemId2, ReqItemId3, ReqItemId4, ReqItemCount1, ReqItemCount2, ReqItemCount3,
ReqItemCount4, ReqSourceId1, ReqSourceId2, ReqSourceId3, ReqSourceId4, ReqSourceCount1, ReqSourceCount2, ReqSourceCount3,
ReqSourceCount4, ReqCreatureOrGOId1, ReqCreatureOrGOId2, ReqCreatureOrGOId3, ReqCreatureOrGOId4, ReqCreatureOrGOCount1,
ReqCreatureOrGOCount2, ReqCreatureOrGOCount3, ReqCreatureOrGOCount4, ReqSpellCast1, ReqSpellCast2, ReqSpellCast3,
ReqSpellCast4, RewChoiceItemId1, RewChoiceItemId2, RewChoiceItemId3, RewChoiceItemId4, RewChoiceItemId5, RewChoiceItemId6,
RewChoiceItemCount1, RewChoiceItemCount2, RewChoiceItemCount3, RewChoiceItemCount4, RewChoiceItemCount5, RewChoiceItemCount6,
RewItemId1, RewItemId2, RewItemId3, RewItemId4, RewItemCount1, RewItemCount2, RewItemCount3, RewItemCount4, RewRepFaction1,
RewRepFaction2, RewRepFaction3, RewRepFaction4, RewRepFaction5, RewRepValue1, RewRepValue2, RewRepValue3, RewRepValue4,
RewRepValue5, RewOrReqMoney, RewMoneyMaxLevel, RewSpell, RewSpellCast, RewMailTemplateId, RewMailMoney, RewMailDelaySecs,
PointMapId, PointX, PointY, PointOpt, DetailsEmote1, DetailsEmote2, DetailsEmote3, DetailsEmote4, DetailsEmoteDelay1,
DetailsEmoteDelay2, DetailsEmoteDelay3, DetailsEmoteDelay4, IncompleteEmote, CompleteEmote, OfferRewardEmote1, OfferRewardEmote2,
OfferRewardEmote3, OfferRewardEmote4, OfferRewardEmoteDelay1, OfferRewardEmoteDelay2, OfferRewardEmoteDelay3,OfferRewardEmoteDelay4,
StartScript, CompleteScript)
         values
 ('60032', '0', '2', '-284', '21', '30', '30', '0', '0', '0', '0',
'0', '0', '0', '0', '0','0',
'0', '0', '0', '0', '0', '0', '0', '0', '0',
'0', '0', '0', 'Fashion Demands Sacrifices', 'Greetings!$B$BAren\'t you here for some Fashion Coins exchange? Well then, one will cost you some materials. Here\'s what we need at the moment...$B$BI need all the items on the list and not a single one of it less. Make sure they aren\'t damaged or chipped… I\'m not a goblin to meddle with.', 'Bring 20 Silk Cloth, 10 Heavy Leather, 1 Stylish Green Shirt and 5 Torn Bear Pelts to Fashionista\'s apprentice and recieve one Fashion Coin as a reward.', 'Here you go. Have your Fashion Coin and knock yourself off my face, I\'m not some Speedy to appreciate your so called heroic deeds and miniscule efforts.', 'What?$B$BFeel free to knock yourself out, I\'m very busy. Have a good day to you too.', '', '', '',
'', '', '4306', '4234', '6385', '11407', '20', '10', '1',
'5', '0', '0', '0', '0', '0', '0', '0',
'0', '0', '0', '0', '0', '0',
'0', '0', '0', '0', '0', '0',
'0', '0', '0', '0', '0', '0', '0',
'0', '0', '0', '0', '0', '0',
'51217', '0', '0', '0', '1', '0', '0', '0', '0',
'0', '0', '0', '0', '0', '0', '0', '0',
'0', '0', '3050', '0', '0', '0', '0', '0',
'0', '0', '0', '0', '0', '0', '0', '0', '0',
'0', '0', '0', '0', '0', '0', '0',
'0', '0', '0', '0', '0','0',
0, 0);
replace into creature_questrelation (id, quest, patch_min, patch_max) values ('51292','60032','10','10');
replace into creature_involvedrelation (id, quest, patch_min, patch_max) values ('51292','60032','10','10');      

-- 31-40

replace into quest_template (
entry, patch, Method, ZoneOrSort, MinLevel, QuestLevel, MaxLevel, Type, RequiredClasses, RequiredRaces, RequiredSkill,
RequiredSkillValue, RepObjectiveFaction, RepObjectiveValue, RequiredMinRepFaction, RequiredMinRepValue,RequiredMaxRepFaction,
RequiredMaxRepValue, SuggestedPlayers, LimitTime, QuestFlags, SpecialFlags, PrevQuestId, NextQuestId, ExclusiveGroup, NextQuestInChain,
SrcItemId, SrcItemCount, SrcSpell, Title, Details, Objectives, OfferRewardText, RequestItemsText, EndText, ObjectiveText1, ObjectiveText2,
ObjectiveText3, ObjectiveText4, ReqItemId1, ReqItemId2, ReqItemId3, ReqItemId4, ReqItemCount1, ReqItemCount2, ReqItemCount3,
ReqItemCount4, ReqSourceId1, ReqSourceId2, ReqSourceId3, ReqSourceId4, ReqSourceCount1, ReqSourceCount2, ReqSourceCount3,
ReqSourceCount4, ReqCreatureOrGOId1, ReqCreatureOrGOId2, ReqCreatureOrGOId3, ReqCreatureOrGOId4, ReqCreatureOrGOCount1,
ReqCreatureOrGOCount2, ReqCreatureOrGOCount3, ReqCreatureOrGOCount4, ReqSpellCast1, ReqSpellCast2, ReqSpellCast3,
ReqSpellCast4, RewChoiceItemId1, RewChoiceItemId2, RewChoiceItemId3, RewChoiceItemId4, RewChoiceItemId5, RewChoiceItemId6,
RewChoiceItemCount1, RewChoiceItemCount2, RewChoiceItemCount3, RewChoiceItemCount4, RewChoiceItemCount5, RewChoiceItemCount6,
RewItemId1, RewItemId2, RewItemId3, RewItemId4, RewItemCount1, RewItemCount2, RewItemCount3, RewItemCount4, RewRepFaction1,
RewRepFaction2, RewRepFaction3, RewRepFaction4, RewRepFaction5, RewRepValue1, RewRepValue2, RewRepValue3, RewRepValue4,
RewRepValue5, RewOrReqMoney, RewMoneyMaxLevel, RewSpell, RewSpellCast, RewMailTemplateId, RewMailMoney, RewMailDelaySecs,
PointMapId, PointX, PointY, PointOpt, DetailsEmote1, DetailsEmote2, DetailsEmote3, DetailsEmote4, DetailsEmoteDelay1,
DetailsEmoteDelay2, DetailsEmoteDelay3, DetailsEmoteDelay4, IncompleteEmote, CompleteEmote, OfferRewardEmote1, OfferRewardEmote2,
OfferRewardEmote3, OfferRewardEmote4, OfferRewardEmoteDelay1, OfferRewardEmoteDelay2, OfferRewardEmoteDelay3,OfferRewardEmoteDelay4,
StartScript, CompleteScript)
         values
 ('60033', '0', '2', '-284', '31', '40', '40', '0', '0', '0', '0',
'0', '0', '0', '0', '0','0',
'0', '0', '0', '0', '0', '0', '0', '0', '0',
'0', '0', '0', 'Fashion Demands Sacrifices', 'Greetings!$B$BAren\'t you here for some Fashion Coins exchange? Well then, one will cost you some materials. Here\'s what we need at the moment...$B$BI need all the items on the list and not a single one of it less. Make sure they aren\'t damaged or chipped… I\'m not a goblin to meddle with.', 'Bring 20 Cured Heavy Hide, 20 Mageweave Cloth, 1 set of Murloc Scale Bracers and 1 Golden Scale Cuirass to Fashionista\'s apprentice and recieve one Fashion Coin as a reward.', 'Here you go. Have your Fashion Coin and knock yourself off my face, I\'m not some Speedy to appreciate your so called heroic deeds and miniscule efforts.', 'What?$B$BFeel free to knock yourself out, I\'m very busy. Have a good day to you too.', '', '', '',
'', '', '4236', '4338', '5783', '3845', '20', '20', '1',
'1', '0', '0', '0', '0', '0', '0', '0',
'0', '0', '0', '0', '0', '0',
'0', '0', '0', '0', '0', '0',
'0', '0', '0', '0', '0', '0', '0',
'0', '0', '0', '0', '0', '0',
'51217', '0', '0', '0', '1', '0', '0', '0', '0',
'0', '0', '0', '0', '0', '0', '0', '0',
'0', '0', '4500', '0', '0', '0', '0', '0',
'0', '0', '0', '0', '0', '0', '0', '0', '0',
'0', '0', '0', '0', '0', '0', '0',
'0', '0', '0', '0', '0','0',
0, 0);
replace into creature_questrelation (id, quest, patch_min, patch_max) values ('51292','60033','10','10');
replace into creature_involvedrelation (id, quest, patch_min, patch_max) values ('51292','60033','10','10');      

-- 41-50

replace into quest_template (
entry, patch, Method, ZoneOrSort, MinLevel, QuestLevel, MaxLevel, Type, RequiredClasses, RequiredRaces, RequiredSkill,
RequiredSkillValue, RepObjectiveFaction, RepObjectiveValue, RequiredMinRepFaction, RequiredMinRepValue,RequiredMaxRepFaction,
RequiredMaxRepValue, SuggestedPlayers, LimitTime, QuestFlags, SpecialFlags, PrevQuestId, NextQuestId, ExclusiveGroup, NextQuestInChain,
SrcItemId, SrcItemCount, SrcSpell, Title, Details, Objectives, OfferRewardText, RequestItemsText, EndText, ObjectiveText1, ObjectiveText2,
ObjectiveText3, ObjectiveText4, ReqItemId1, ReqItemId2, ReqItemId3, ReqItemId4, ReqItemCount1, ReqItemCount2, ReqItemCount3,
ReqItemCount4, ReqSourceId1, ReqSourceId2, ReqSourceId3, ReqSourceId4, ReqSourceCount1, ReqSourceCount2, ReqSourceCount3,
ReqSourceCount4, ReqCreatureOrGOId1, ReqCreatureOrGOId2, ReqCreatureOrGOId3, ReqCreatureOrGOId4, ReqCreatureOrGOCount1,
ReqCreatureOrGOCount2, ReqCreatureOrGOCount3, ReqCreatureOrGOCount4, ReqSpellCast1, ReqSpellCast2, ReqSpellCast3,
ReqSpellCast4, RewChoiceItemId1, RewChoiceItemId2, RewChoiceItemId3, RewChoiceItemId4, RewChoiceItemId5, RewChoiceItemId6,
RewChoiceItemCount1, RewChoiceItemCount2, RewChoiceItemCount3, RewChoiceItemCount4, RewChoiceItemCount5, RewChoiceItemCount6,
RewItemId1, RewItemId2, RewItemId3, RewItemId4, RewItemCount1, RewItemCount2, RewItemCount3, RewItemCount4, RewRepFaction1,
RewRepFaction2, RewRepFaction3, RewRepFaction4, RewRepFaction5, RewRepValue1, RewRepValue2, RewRepValue3, RewRepValue4,
RewRepValue5, RewOrReqMoney, RewMoneyMaxLevel, RewSpell, RewSpellCast, RewMailTemplateId, RewMailMoney, RewMailDelaySecs,
PointMapId, PointX, PointY, PointOpt, DetailsEmote1, DetailsEmote2, DetailsEmote3, DetailsEmote4, DetailsEmoteDelay1,
DetailsEmoteDelay2, DetailsEmoteDelay3, DetailsEmoteDelay4, IncompleteEmote, CompleteEmote, OfferRewardEmote1, OfferRewardEmote2,
OfferRewardEmote3, OfferRewardEmote4, OfferRewardEmoteDelay1, OfferRewardEmoteDelay2, OfferRewardEmoteDelay3,OfferRewardEmoteDelay4,
StartScript, CompleteScript)
         values
 ('60034', '0', '2', '-284', '41', '50', '50', '0', '0', '0', '0',
'0', '0', '0', '0', '0','0',
'0', '0', '0', '0', '0', '0', '0', '0', '0',
'0', '0', '0', 'Fashion Demands Sacrifices', 'Greetings!$B$BAren\'t you here for some Fashion Coins exchange? Well then, one will cost you some materials. Here\'s what we need at the moment...$B$BI need all the items on the list and not a single one of it less. Make sure they aren\'t damaged or chipped… I\'m not a goblin to meddle with.', 'Bring 20 Bolts of Mageweave, 10 Star Ruby, 1 White Wedding Dress and 1 Deadly Bronze Poniard to Fashionista\'s apprentice and recieve one Fashion Coin as a reward.', 'Here you go. Have your Fashion Coin and knock yourself off my face, I\'m not some Speedy to appreciate your so called heroic deeds and miniscule efforts.', 'What? Don\'t even ask me anything.$B$BFeel free to knock yourself out, I\'m very busy. Have a good day to you too.', '', '', '',
'', '', '4339', '7910', '10040', '3490', '20', '10', '1',
'1', '0', '0', '0', '0', '0', '0', '0',
'0', '0', '0', '0', '0', '0',
'0', '0', '0', '0', '0', '0',
'0', '0', '0', '0', '0', '0', '0',
'0', '0', '0', '0', '0', '0',
'51217', '0', '0', '0', '1', '0', '0', '0', '0',
'0', '0', '0', '0', '0', '0', '0', '0',
'0', '0', '5200', '0', '0', '0', '0', '0',
'0', '0', '0', '0', '0', '0', '0', '0', '0',
'0', '0', '0', '0', '0', '0', '0',
'0', '0', '0', '0', '0','0',
0, 0);
replace into creature_questrelation (id, quest, patch_min, patch_max) values ('51292','60034','10','10');
replace into creature_involvedrelation (id, quest, patch_min, patch_max) values ('51292','60034','10','10');      

-- 51-60

replace into quest_template (
entry, patch, Method, ZoneOrSort, MinLevel, QuestLevel, MaxLevel, Type, RequiredClasses, RequiredRaces, RequiredSkill,
RequiredSkillValue, RepObjectiveFaction, RepObjectiveValue, RequiredMinRepFaction, RequiredMinRepValue,RequiredMaxRepFaction,
RequiredMaxRepValue, SuggestedPlayers, LimitTime, QuestFlags, SpecialFlags, PrevQuestId, NextQuestId, ExclusiveGroup, NextQuestInChain,
SrcItemId, SrcItemCount, SrcSpell, Title, Details, Objectives, OfferRewardText, RequestItemsText, EndText, ObjectiveText1, ObjectiveText2,
ObjectiveText3, ObjectiveText4, ReqItemId1, ReqItemId2, ReqItemId3, ReqItemId4, ReqItemCount1, ReqItemCount2, ReqItemCount3,
ReqItemCount4, ReqSourceId1, ReqSourceId2, ReqSourceId3, ReqSourceId4, ReqSourceCount1, ReqSourceCount2, ReqSourceCount3,
ReqSourceCount4, ReqCreatureOrGOId1, ReqCreatureOrGOId2, ReqCreatureOrGOId3, ReqCreatureOrGOId4, ReqCreatureOrGOCount1,
ReqCreatureOrGOCount2, ReqCreatureOrGOCount3, ReqCreatureOrGOCount4, ReqSpellCast1, ReqSpellCast2, ReqSpellCast3,
ReqSpellCast4, RewChoiceItemId1, RewChoiceItemId2, RewChoiceItemId3, RewChoiceItemId4, RewChoiceItemId5, RewChoiceItemId6,
RewChoiceItemCount1, RewChoiceItemCount2, RewChoiceItemCount3, RewChoiceItemCount4, RewChoiceItemCount5, RewChoiceItemCount6,
RewItemId1, RewItemId2, RewItemId3, RewItemId4, RewItemCount1, RewItemCount2, RewItemCount3, RewItemCount4, RewRepFaction1,
RewRepFaction2, RewRepFaction3, RewRepFaction4, RewRepFaction5, RewRepValue1, RewRepValue2, RewRepValue3, RewRepValue4,
RewRepValue5, RewOrReqMoney, RewMoneyMaxLevel, RewSpell, RewSpellCast, RewMailTemplateId, RewMailMoney, RewMailDelaySecs,
PointMapId, PointX, PointY, PointOpt, DetailsEmote1, DetailsEmote2, DetailsEmote3, DetailsEmote4, DetailsEmoteDelay1,
DetailsEmoteDelay2, DetailsEmoteDelay3, DetailsEmoteDelay4, IncompleteEmote, CompleteEmote, OfferRewardEmote1, OfferRewardEmote2,
OfferRewardEmote3, OfferRewardEmote4, OfferRewardEmoteDelay1, OfferRewardEmoteDelay2, OfferRewardEmoteDelay3,OfferRewardEmoteDelay4,
StartScript, CompleteScript)
         values
 ('60035', '0', '2', '-284', '51', '60', '60', '0', '0', '0', '0',
'0', '0', '0', '0', '0','0',
'0', '0', '0', '0', '0', '0', '0', '0', '0',
'0', '0', '0', 'Fashion Demands Sacrifices', 'Greetings!$B$BAren\'t you here for some Fashion Coins exchange? Well then, one will cost you some materials. Here\'s what we need at the moment...$B$BI need all the items on the list and not a single one of it less. Make sure they aren\'t damaged or chipped… I\'m not a goblin to meddle with.', 'Bring 20 Bolts of Runcloth, 15 Huge Emeralds, 20 Long Soft Tails and 15 Delicate Feathers to Fashionista\'s apprentice and recieve one Fashion Coin as a reward.', 'Here you go. Have your Fashion Coin and knock yourself off my face, I\'m not some Speedy to appreciate your so called heroic deeds and miniscule efforts.', 'What? Don\'t even ask me anything.$B$BFeel free to knock yourself out, I\'m very busy. Have a good day to you too.', '', '', '',
'', '', '14048', '12364', '1688', '5636', '20', '15', '20',
'15', '0', '0', '0', '0', '0', '0', '0',
'0', '0', '0', '0', '0', '0',
'0', '0', '0', '0', '0', '0',
'0', '0', '0', '0', '0', '0', '0',
'0', '0', '0', '0', '0', '0',
'51217', '0', '0', '0', '1', '0', '0', '0', '0',
'0', '0', '0', '0', '0', '0', '0', '0',
'0', '0', '6400', '0', '0', '0', '0', '0',
'0', '0', '0', '0', '0', '0', '0', '0', '0',
'0', '0', '0', '0', '0', '0', '0',
'0', '0', '0', '0', '0','0',
0, 0);
replace into creature_questrelation (id, quest, patch_min, patch_max) values ('51292','60035','10','10');
replace into creature_involvedrelation (id, quest, patch_min, patch_max) values ('51292','60035','10','10');  

REPLACE INTO `creature_template` (`entry`, `patch`, `display_id1`, `display_id2`, `display_id3`, `display_id4`, `name`, `subname`, `gossip_menu_id`, `level_min`, `level_max`, `health_min`, `health_max`, `mana_min`, `mana_max`, `armor`, `faction`, `npc_flags`, `speed_walk`, `speed_run`, `scale`, `detection_range`, `call_for_help_range`, `leash_range`, `rank`, `xp_multiplier`, `dmg_min`, `dmg_max`, `dmg_school`, `attack_power`, `dmg_multiplier`, `base_attack_time`, `ranged_attack_time`, `unit_class`, `unit_flags`, `dynamic_flags`, `beast_family`, `trainer_type`, `trainer_spell`, `trainer_class`, `trainer_race`, `ranged_dmg_min`, `ranged_dmg_max`, `ranged_attack_power`, `type`, `type_flags`, `loot_id`, `pickpocket_loot_id`, `skinning_loot_id`, `holy_res`, `fire_res`, `nature_res`, `frost_res`, `shadow_res`, `arcane_res`, `spell_id1`, `spell_id2`, `spell_id3`, `spell_id4`, `spell_list_id`, `pet_spell_list_id`, `gold_min`, `gold_max`, `ai_name`, `movement_type`, `inhabit_type`, `civilian`, `racial_leader`, `regeneration`, `equipment_id`, `trainer_id`, `vendor_id`, `mechanic_immune_mask`, `school_immune_mask`, `flags_extra`, `script_name`) VALUES (51298, 0, 2657, 0, 0, 0, 'Zora', 'Fashionista Apprentice', 0, 35, 35, 2016, 2016, 0, 0, 1357, 85, 1, 1.11, 1.14286, 1, 20, 5, 0, 0, 1, 51, 65, 0, 138, 1, 2000, 2000, 1, 768, 0, 0, 0, 0, 0, 0, 51.128, 70.301, 100, 10, 0, 0, 0, 0, 0, 0, 0, 0, 0, 0, 0, 0, 0, 0, 0, 0, 0, 0, 'EventAI', 0, 3, 0, 0, 3, 0, 0, 0, 0, 0, 2, 'npc_transmog');    

-- More questgivers:

replace into creature_questrelation (id, quest, patch_min, patch_max) values ('51293','60030','10','10');
replace into creature_questrelation (id, quest, patch_min, patch_max) values ('51293','60031','10','10');
replace into creature_questrelation (id, quest, patch_min, patch_max) values ('51293','60032','10','10');
replace into creature_questrelation (id, quest, patch_min, patch_max) values ('51293','60033','10','10');
replace into creature_questrelation (id, quest, patch_min, patch_max) values ('51293','60034','10','10');
replace into creature_questrelation (id, quest, patch_min, patch_max) values ('51293','60035','10','10');
replace into creature_involvedrelation (id, quest, patch_min, patch_max) values ('51293','60030','10','10');      
replace into creature_involvedrelation (id, quest, patch_min, patch_max) values ('51293','60031','10','10');      
replace into creature_involvedrelation (id, quest, patch_min, patch_max) values ('51293','60032','10','10');      
replace into creature_involvedrelation (id, quest, patch_min, patch_max) values ('51293','60033','10','10');      
replace into creature_involvedrelation (id, quest, patch_min, patch_max) values ('51293','60034','10','10');      
replace into creature_involvedrelation (id, quest, patch_min, patch_max) values ('51293','60035','10','10');      

-- Extra quest

replace into quest_template (
entry, patch, Method, ZoneOrSort, MinLevel, QuestLevel, MaxLevel, Type, RequiredClasses, RequiredRaces, RequiredSkill,
RequiredSkillValue, RepObjectiveFaction, RepObjectiveValue, RequiredMinRepFaction, RequiredMinRepValue,RequiredMaxRepFaction,
RequiredMaxRepValue, SuggestedPlayers, LimitTime, QuestFlags, SpecialFlags, PrevQuestId, NextQuestId, ExclusiveGroup, NextQuestInChain,
SrcItemId, SrcItemCount, SrcSpell, Title, Details, Objectives, OfferRewardText, RequestItemsText, EndText, ObjectiveText1, ObjectiveText2,
ObjectiveText3, ObjectiveText4, ReqItemId1, ReqItemId2, ReqItemId3, ReqItemId4, ReqItemCount1, ReqItemCount2, ReqItemCount3,
ReqItemCount4, ReqSourceId1, ReqSourceId2, ReqSourceId3, ReqSourceId4, ReqSourceCount1, ReqSourceCount2, ReqSourceCount3,
ReqSourceCount4, ReqCreatureOrGOId1, ReqCreatureOrGOId2, ReqCreatureOrGOId3, ReqCreatureOrGOId4, ReqCreatureOrGOCount1,
ReqCreatureOrGOCount2, ReqCreatureOrGOCount3, ReqCreatureOrGOCount4, ReqSpellCast1, ReqSpellCast2, ReqSpellCast3,
ReqSpellCast4, RewChoiceItemId1, RewChoiceItemId2, RewChoiceItemId3, RewChoiceItemId4, RewChoiceItemId5, RewChoiceItemId6,
RewChoiceItemCount1, RewChoiceItemCount2, RewChoiceItemCount3, RewChoiceItemCount4, RewChoiceItemCount5, RewChoiceItemCount6,
RewItemId1, RewItemId2, RewItemId3, RewItemId4, RewItemCount1, RewItemCount2, RewItemCount3, RewItemCount4, RewRepFaction1,
RewRepFaction2, RewRepFaction3, RewRepFaction4, RewRepFaction5, RewRepValue1, RewRepValue2, RewRepValue3, RewRepValue4,
RewRepValue5, RewOrReqMoney, RewMoneyMaxLevel, RewSpell, RewSpellCast, RewMailTemplateId, RewMailMoney, RewMailDelaySecs,
PointMapId, PointX, PointY, PointOpt, DetailsEmote1, DetailsEmote2, DetailsEmote3, DetailsEmote4, DetailsEmoteDelay1,
DetailsEmoteDelay2, DetailsEmoteDelay3, DetailsEmoteDelay4, IncompleteEmote, CompleteEmote, OfferRewardEmote1, OfferRewardEmote2,
OfferRewardEmote3, OfferRewardEmote4, OfferRewardEmoteDelay1, OfferRewardEmoteDelay2, OfferRewardEmoteDelay3,OfferRewardEmoteDelay4,
StartScript, CompleteScript)
         values
 ('60036', '0', '2', '-284', '51', '60', '60', '0', '0', '0', '0',
'0', '0', '0', '0', '0','0',
'0', '0', '0', '0', '0', '0', '0', '0', '0',
'0', '0', '0', 'Make the Right Choice', 'I\'ve heard rumors that there are some kind of zealous fanatics that still reside in that cursed Stratholme, which I\'d say is absolutely insane place to remain at if you ask me, alas, these folks might get a hold onto some Righteous Orbs I need for my new invention and an exquisite masterpice I have patterned long time ago to be made real.\n\nThere\'s also another orb, no, I think it\'s a Sphere… let me check my list; oh, correct – Flawless Draenethyst Sphere. I need one. Where? No idea, sorry. Perhaps someone knows something about it in some Blasted Lands far away from here? Ask people around.\n\nBring me 5 of these orbs and I will see that you have your precious Fashion Coin.\n\nPerhaps… oh, nothing, nevermind.\n\nOh, you\'re ready to go right away? Marvelous!', 'Bring 5 Righteous Orbs to Fashionista and recieve 3 Fashion Coins as a reward.', 'Splendid. Hmm, is that a … *<gasps>* A CRACK?!?\n\nOh, it\'s just a hair. Lucky me it\'s not dusty or rot covered by undead. Oh yes, your reward.', 'So soon? Seems like those fanatics are lying dead and draw no breath at all, unless they became undead at this point already. Whatever. Do you have the orbs I asked for and that sphere as well?', '', '', '',
'', '', '12811', '8244', '0', '0', '5', '1', '0',
'0', '0', '0', '0', '0', '0', '0', '0',
'0', '0', '0', '0', '0', '0',
'0', '0', '0', '0', '0', '0',
'0', '0', '0', '0', '0', '0', '0',
'0', '0', '0', '0', '0', '0',
'51217', '0', '0', '0', '3', '0', '0', '0', '0',
'0', '0', '0', '0', '0', '0', '0', '0',
'0', '0', '6400', '0', '0', '0', '0', '0',
'0', '0', '0', '0', '0', '0', '0', '0', '0',
'0', '0', '0', '0', '0', '0', '0',
'0', '0', '0', '0', '0','0',
0, 0);
replace into creature_questrelation (id, quest, patch_min, patch_max) values ('51291','60036','10','10');
replace into creature_involvedrelation (id, quest, patch_min, patch_max) values ('51291','60036','10','10');  
replace into creature_questrelation (id, quest, patch_min, patch_max) values ('51290','60036','10','10');
replace into creature_involvedrelation (id, quest, patch_min, patch_max) values ('51290','60036','10','10');  

REPLACE INTO `transmog_template` (`displayid`, `inventory_type`) VALUES ('10416', '1')
-- End of migration.
END IF;
END??
delimiter ; 
CALL add_migration();
DROP PROCEDURE IF EXISTS add_migration;
