
-- Changes by SHANG
REPLACE INTO `creature` VALUES (2572960,61072,0,0,0,1,-8899.37,-6452.95,7.80766,1.5562,120,120,5,100,100,1,0,0);
REPLACE INTO `creature` VALUES (2572961,61073,0,0,0,1,-8897.18,-6453.14,7.80766,1.5994,120,120,0,100,100,0,0,0);
REPLACE INTO `creature` VALUES (2572962,61074,0,0,0,1,-8893.11,-6453.8,7.80766,1.59985,120,120,0,100,100,0,0,0);
REPLACE INTO `creature` VALUES (2572963,61075,0,0,0,1,-8890.29,-6453.78,7.80766,1.59985,120,120,0,100,100,0,0,0);
REPLACE INTO `creature` VALUES (2572964,61076,0,0,0,1,-8887.67,-6453.65,7.80766,1.60292,120,120,0,100,100,0,0,0);
REPLACE INTO `creature` VALUES (2572965,61077,0,0,0,1,-8884.5,-6453.46,7.80766,1.60292,120,120,0,100,100,0,0,0);
REPLACE INTO `creature` VALUES (2572966,61078,0,0,0,1,-8884.41,-6456.37,7.80766,1.60292,120,120,0,100,100,0,0,0);
REPLACE INTO `creature` VALUES (2572967,61079,0,0,0,1,-8887.57,-6456.69,7.80766,1.54794,120,120,0,100,100,0,0,0);
REPLACE INTO `creature` VALUES (2572968,61080,0,0,0,1,-8890.62,-6457.36,7.80766,1.57543,120,120,0,100,100,0,0,0);
REPLACE INTO `creature` VALUES (2572969,61081,0,0,0,1,-8894.55,-6458.33,7.80766,1.52045,120,120,0,100,100,0,0,0);
REPLACE INTO `creature` VALUES (2572970,61082,0,0,0,1,-8899.79,-6458.62,7.80766,1.59899,120,120,0,100,100,0,0,0);
REPLACE INTO `creature` VALUES (2572971,61083,0,0,0,1,-8899.93,-6464.35,7.80766,1.59507,120,120,0,100,100,0,0,0);
REPLACE INTO `creature` VALUES (2572972,61082,0,0,0,1,-8897.61,-6465.09,7.80766,1.55894,120,120,0,100,100,0,0,0);
DELETE FROM creature WHERE guid=2572972;
DELETE FROM creature_addon WHERE guid=2572972;
DELETE FROM creature_movement WHERE id=2572972;
DELETE FROM game_event_creature WHERE guid=2572972;
DELETE FROM game_event_creature_data WHERE guid=2572972;
DELETE FROM creature_battleground WHERE guid=2572972;
REPLACE INTO `creature` VALUES (2572973,61084,0,0,0,1,-8897.6,-6464.46,7.80766,1.55894,120,120,0,100,100,0,0,0);
REPLACE INTO `creature` VALUES (2572974,61085,0,0,0,1,-8895.65,-6464.79,7.80766,1.55068,120,120,0,100,100,0,0,0);
REPLACE INTO `creature` VALUES (2572975,61086,0,0,0,1,-8893.46,-6464.97,7.80766,1.55666,120,120,0,100,100,0,0,0);
REPLACE INTO `creature` VALUES (2572976,61087,0,0,0,1,-8891.21,-6464.98,7.80766,1.51347,120,120,0,100,100,0,0,0);
REPLACE INTO `creature` VALUES (2572977,61088,0,0,0,1,-8888.57,-6464.86,7.80766,1.61949,120,120,0,100,100,0,0,0);
REPLACE INTO `creature` VALUES (2572978,61089,0,0,0,1,-8886.19,-6464.67,7.80766,1.55666,120,120,0,100,100,0,0,0);
REPLACE INTO `creature` VALUES (2572979,61090,0,0,0,1,-8883.11,-6465.14,7.80766,1.60771,120,120,0,100,100,0,0,0);
REPLACE INTO `creature` VALUES (2572980,61091,0,0,0,1,-8885.32,-6467.76,7.80766,1.61164,120,120,0,100,100,0,0,0);
REPLACE INTO `creature` VALUES (2572981,61092,0,0,0,1,-8888.11,-6467.99,7.80766,1.53703,120,120,0,100,100,0,0,0);
REPLACE INTO `creature` VALUES (2572982,61093,0,0,0,1,-8891.47,-6468.14,7.80766,1.60708,120,120,0,100,100,0,0,0);
REPLACE INTO `creature` VALUES (2572983,61094,0,0,0,1,-8895.95,-6468.1,7.80766,1.59837,120,120,0,100,100,0,0,0);
REPLACE INTO `creature` VALUES (2572984,61095,0,0,0,1,-8898.33,-6468.2,7.80766,1.60365,120,120,0,100,100,0,0,0);
REPLACE INTO `creature` VALUES (2572985,61095,0,0,0,1,-8900.76,-6467.28,7.80766,1.57223,120,120,0,100,100,0,0,0);
DELETE FROM creature WHERE guid=2572985;
DELETE FROM creature_addon WHERE guid=2572985;
DELETE FROM creature_movement WHERE id=2572985;
DELETE FROM game_event_creature WHERE guid=2572985;
DELETE FROM game_event_creature_data WHERE guid=2572985;
DELETE FROM creature_battleground WHERE guid=2572985;
REPLACE INTO `creature` VALUES (2572986,61096,0,0,0,1,-8900.76,-6467.28,7.80766,1.57223,120,120,0,100,100,0,0,0);
REPLACE INTO `creature` VALUES (2572987,61097,0,0,0,1,-8899.76,-6473.51,8.17966,1.54867,120,120,0,100,100,0,0,0);
REPLACE INTO `creature` VALUES (2572988,61098,0,0,0,1,-8895.48,-6473.14,8.22368,1.5456,120,120,0,100,100,0,0,0);
REPLACE INTO `creature` VALUES (2572989,61099,0,0,0,1,-8889.43,-6473.34,8.23155,1.60058,120,120,0,100,100,0,0,0);
DELETE FROM creature WHERE guid=2572989;
DELETE FROM creature_addon WHERE guid=2572989;
DELETE FROM creature_movement WHERE id=2572989;
DELETE FROM game_event_creature WHERE guid=2572989;
DELETE FROM game_event_creature_data WHERE guid=2572989;
DELETE FROM creature_battleground WHERE guid=2572989;
REPLACE INTO `creature` VALUES (2572990,61071,0,0,0,1,-8887.02,-6474.28,8.35585,1.55895,120,120,0,100,100,0,0,0);
DELETE FROM creature WHERE guid=2572990;
DELETE FROM creature_addon WHERE guid=2572990;
DELETE FROM creature_movement WHERE id=2572990;
DELETE FROM game_event_creature WHERE guid=2572990;
DELETE FROM game_event_creature_data WHERE guid=2572990;
DELETE FROM creature_battleground WHERE guid=2572990;
REPLACE INTO `creature` VALUES (2572991,61090,0,0,0,1,-8895.41,-6501.15,10.3307,1.56523,120,120,0,100,100,0,0,0);
DELETE FROM creature WHERE guid=2572991;
DELETE FROM creature_addon WHERE guid=2572991;
DELETE FROM creature_movement WHERE id=2572991;
DELETE FROM game_event_creature WHERE guid=2572991;
DELETE FROM game_event_creature_data WHERE guid=2572991;
DELETE FROM creature_battleground WHERE guid=2572991;
REPLACE INTO `creature` VALUES (2572992,61098,0,0,0,1,-8895.41,-6501.15,10.3307,1.56523,120,120,0,100,100,0,0,0);
DELETE FROM creature WHERE guid=2572992;
DELETE FROM creature_addon WHERE guid=2572992;
DELETE FROM creature_movement WHERE id=2572992;
DELETE FROM game_event_creature WHERE guid=2572992;
DELETE FROM game_event_creature_data WHERE guid=2572992;
DELETE FROM creature_battleground WHERE guid=2572992;
REPLACE INTO `creature` VALUES (2572993,61099,0,0,0,1,-8895.41,-6501.15,10.3307,1.56523,120,120,0,100,100,0,0,0);
REPLACE INTO `creature` VALUES (2572994,61100,0,0,0,1,-8893.59,-6501.12,9.98966,1.67212,120,120,0,100,100,0,0,0);
REPLACE INTO `creature` VALUES (2572995,61101,0,0,0,1,-8891.62,-6501.19,9.75887,1.6407,120,120,0,100,100,0,0,0);
REPLACE INTO `creature` VALUES (2572996,61102,0,0,0,1,-8889.86,-6501.33,9.83863,1.62107,120,120,0,100,100,0,0,0);
REPLACE INTO `creature` VALUES (2572997,61103,0,0,0,1,-8888.09,-6501.72,10.081,1.62892,120,120,0,100,100,0,0,0);
REPLACE INTO `creature` VALUES (2572998,61104,0,0,0,1,-8886.18,-6501.81,10.4149,1.51504,120,120,0,100,100,0,0,0);
REPLACE INTO `creature` VALUES (2572999,61104,0,0,0,1,-8885.96,-6500.08,10.5757,1.4797,120,120,0,100,100,0,0,0);
REPLACE INTO `creature` VALUES (2573000,61104,0,0,0,1,-8885.83,-6498.56,10.7159,1.4797,120,120,0,100,100,0,0,0);
DELETE FROM creature WHERE guid=2572999;
DELETE FROM creature_addon WHERE guid=2572999;
DELETE FROM creature_movement WHERE id=2572999;
DELETE FROM game_event_creature WHERE guid=2572999;
DELETE FROM game_event_creature_data WHERE guid=2572999;
DELETE FROM creature_battleground WHERE guid=2572999;
REPLACE INTO `creature` VALUES (2573001,61004,0,0,0,1,-8885.99,-6500.39,10.5473,1.4797,120,120,0,100,100,0,0,0);
DELETE FROM creature WHERE guid=2573001;
DELETE FROM creature_addon WHERE guid=2573001;
DELETE FROM creature_movement WHERE id=2573001;
DELETE FROM game_event_creature WHERE guid=2573001;
DELETE FROM game_event_creature_data WHERE guid=2573001;
DELETE FROM creature_battleground WHERE guid=2573001;
REPLACE INTO `creature` VALUES (2573002,61104,0,0,0,1,-8885.99,-6500.39,10.5473,1.4797,120,120,0,100,100,0,0,0);
DELETE FROM creature WHERE guid=2573002;
DELETE FROM creature_addon WHERE guid=2573002;
DELETE FROM creature_movement WHERE id=2573002;
DELETE FROM game_event_creature WHERE guid=2573002;
DELETE FROM game_event_creature_data WHERE guid=2573002;
DELETE FROM creature_battleground WHERE guid=2573002;
REPLACE INTO `creature` VALUES (2573003,61104,0,0,0,1,-8885.99,-6500.39,10.5475,1.4797,120,120,0,100,100,0,0,0);
DELETE FROM creature WHERE guid=2573003;
DELETE FROM creature_addon WHERE guid=2573003;
DELETE FROM creature_movement WHERE id=2573003;
DELETE FROM game_event_creature WHERE guid=2573003;
DELETE FROM game_event_creature_data WHERE guid=2573003;
DELETE FROM creature_battleground WHERE guid=2573003;
REPLACE INTO `creature` VALUES (2573004,61104,0,0,0,1,-8885.99,-6500.39,10.5475,1.4797,120,120,0,100,100,0,0,0);
DELETE FROM creature WHERE guid=2573004;
DELETE FROM creature_addon WHERE guid=2573004;
DELETE FROM creature_movement WHERE id=2573004;
DELETE FROM game_event_creature WHERE guid=2573004;
DELETE FROM game_event_creature_data WHERE guid=2573004;
DELETE FROM creature_battleground WHERE guid=2573004;
REPLACE INTO `creature` VALUES (2573005,61104,0,0,0,1,-8885.99,-6500.39,10.5474,1.4797,120,120,0,100,100,0,0,0);
DELETE FROM creature WHERE guid=2573005;
DELETE FROM creature_addon WHERE guid=2573005;
DELETE FROM creature_movement WHERE id=2573005;
DELETE FROM game_event_creature WHERE guid=2573005;
DELETE FROM game_event_creature_data WHERE guid=2573005;
DELETE FROM creature_battleground WHERE guid=2573005;
REPLACE INTO `creature` VALUES (2573006,61104,0,0,0,1,-8885.99,-6500.37,10.5496,1.4797,120,120,0,100,100,0,0,0);
DELETE FROM creature WHERE guid=2573006;
DELETE FROM creature_addon WHERE guid=2573006;
DELETE FROM creature_movement WHERE id=2573006;
DELETE FROM game_event_creature WHERE guid=2573006;
DELETE FROM game_event_creature_data WHERE guid=2573006;
DELETE FROM creature_battleground WHERE guid=2573006;
REPLACE INTO `creature` VALUES (2573007,61104,0,0,0,1,-8886,-6500.5,10.5371,1.4797,120,120,0,100,100,0,0,0);
REPLACE INTO `creature` VALUES (2573008,61103,0,0,0,1,-8887.78,-6500.04,10.2525,1.42563,120,120,0,100,100,0,0,0);
REPLACE INTO `creature` VALUES (2573009,61103,0,0,0,1,-8887.59,-6498.74,10.283,1.42563,120,120,0,100,100,0,0,0);
DELETE FROM creature WHERE guid=2573009;
DELETE FROM creature_addon WHERE guid=2573009;
DELETE FROM creature_movement WHERE id=2573009;
DELETE FROM game_event_creature WHERE guid=2573009;
DELETE FROM game_event_creature_data WHERE guid=2573009;
DELETE FROM creature_battleground WHERE guid=2573009;
REPLACE INTO `creature` VALUES (2573010,61103,0,0,0,1,-8887.59,-6498.74,10.283,1.42563,120,120,0,100,100,0,0,0);
DELETE FROM creature WHERE guid=2573010;
DELETE FROM creature_addon WHERE guid=2573010;
DELETE FROM creature_movement WHERE id=2573010;
DELETE FROM game_event_creature WHERE guid=2573010;
DELETE FROM game_event_creature_data WHERE guid=2573010;
DELETE FROM creature_battleground WHERE guid=2573010;
REPLACE INTO `creature` VALUES (2573011,61103,0,0,0,1,-8887.52,-6498.26,10.2955,1.42563,120,120,0,100,100,0,0,0);
DELETE FROM creature WHERE guid=2573011;
DELETE FROM creature_addon WHERE guid=2573011;
DELETE FROM creature_movement WHERE id=2573011;
DELETE FROM game_event_creature WHERE guid=2573011;
DELETE FROM game_event_creature_data WHERE guid=2573011;
DELETE FROM creature_battleground WHERE guid=2573011;
REPLACE INTO `creature` VALUES (2573012,61103,0,0,0,1,-8887.52,-6498.26,10.2955,1.42563,120,120,0,100,100,0,0,0);
REPLACE INTO `creature` VALUES (2573013,61105,0,0,0,1,-8884.26,-6502.11,10.6158,1.46067,120,120,0,100,100,0,0,0);
REPLACE INTO `creature` VALUES (2573014,61106,0,0,0,1,-8882.2,-6502.11,10.6933,1.51172,120,120,0,100,100,0,0,0);
REPLACE INTO `creature` VALUES (2573015,61107,0,0,0,1,-8882.33,-6504.28,10.4766,1.51172,120,120,0,100,100,0,0,0);
REPLACE INTO `creature` VALUES (2573016,61108,0,0,0,1,-8884.5,-6504.27,10.225,1.41355,120,120,0,100,100,0,0,0);
REPLACE INTO `creature` VALUES (2573017,61109,0,0,0,1,-8886.48,-6504.39,10.0987,1.49209,120,120,0,100,100,0,0,0);
REPLACE INTO `creature` VALUES (2573018,61109,0,0,0,1,-8888.39,-6504.37,9.94832,1.50387,120,120,0,100,100,0,0,0);
DELETE FROM creature WHERE guid=2573018;
DELETE FROM creature_addon WHERE guid=2573018;
DELETE FROM creature_movement WHERE id=2573018;
DELETE FROM game_event_creature WHERE guid=2573018;
DELETE FROM game_event_creature_data WHERE guid=2573018;
DELETE FROM creature_battleground WHERE guid=2573018;
REPLACE INTO `creature` VALUES (2573019,61110,0,0,0,1,-8888.39,-6504.37,9.94832,1.50387,120,120,0,100,100,0,0,0);
REPLACE INTO `creature` VALUES (2573020,61111,0,0,0,1,-8890.24,-6504.21,9.79986,1.40962,120,120,0,100,100,0,0,0);
REPLACE INTO `creature` VALUES (2573021,61112,0,0,0,1,-8891.9,-6503.82,9.71014,1.48031,120,120,0,100,100,0,0,0);
REPLACE INTO `creature` VALUES (2573022,61113,0,0,0,1,-8893.97,-6503.76,10.1364,1.48031,120,120,0,100,100,0,0,0);
REPLACE INTO `creature` VALUES (2573023,61114,0,0,0,1,-8894.16,-6505.86,10.1042,1.48031,120,120,0,100,100,0,0,0);
REPLACE INTO `creature` VALUES (2573024,61115,0,0,0,1,-8891.32,-6505.96,9.61848,1.60597,120,120,0,100,100,0,0,0);
REPLACE INTO `creature` VALUES (2573025,61115,0,0,0,1,-8889.53,-6506.1,9.66137,1.55099,120,120,0,100,100,0,0,0);
DELETE FROM creature WHERE guid=2573025;
DELETE FROM creature_addon WHERE guid=2573025;
DELETE FROM creature_movement WHERE id=2573025;
DELETE FROM game_event_creature WHERE guid=2573025;
DELETE FROM game_event_creature_data WHERE guid=2573025;
DELETE FROM creature_battleground WHERE guid=2573025;
REPLACE INTO `creature` VALUES (2573026,61116,0,0,0,1,-8889.53,-6506.1,9.66137,1.55099,120,120,0,100,100,0,0,0);
DELETE FROM creature WHERE guid=2573007;
DELETE FROM creature_addon WHERE guid=2573007;
DELETE FROM creature_movement WHERE id=2573007;
DELETE FROM game_event_creature WHERE guid=2573007;
DELETE FROM game_event_creature_data WHERE guid=2573007;
DELETE FROM creature_battleground WHERE guid=2573007;
DELETE FROM creature WHERE guid=2573008;
DELETE FROM creature_addon WHERE guid=2573008;
DELETE FROM creature_movement WHERE id=2573008;
DELETE FROM game_event_creature WHERE guid=2573008;
DELETE FROM game_event_creature_data WHERE guid=2573008;
DELETE FROM creature_battleground WHERE guid=2573008;
DELETE FROM creature WHERE guid=2573012;
DELETE FROM creature_addon WHERE guid=2573012;
DELETE FROM creature_movement WHERE id=2573012;
DELETE FROM game_event_creature WHERE guid=2573012;
DELETE FROM game_event_creature_data WHERE guid=2573012;
DELETE FROM creature_battleground WHERE guid=2573012;
DELETE FROM creature WHERE guid=2573000;
DELETE FROM creature_addon WHERE guid=2573000;
DELETE FROM creature_movement WHERE id=2573000;
DELETE FROM game_event_creature WHERE guid=2573000;
DELETE FROM game_event_creature_data WHERE guid=2573000;
DELETE FROM creature_battleground WHERE guid=2573000;
REPLACE INTO `gameobject` VALUES ( 5011430, 22887, 1, -8942.53, -6878.56, 21.2894, 3.17657, 0, 0, 0.999847, -0.01749, 300, 300, 100, 1, 0, 0);
REPLACE INTO `gameobject` VALUES ( 5011430, 22887, 1, -8942.53, -6878.56, 21.2894, 3.17657, 0, 0, 0.999847, -0.01749, 300, 300, 100, 1, 0, 0);
REPLACE INTO `gameobject` VALUES ( 5011430, 22887, 1, -8942.33, -6878.56, 21.2894, 3.17657, 0, 0, 0.999847, -0.01749, 300, 300, 100, 1, 0, 0);
REPLACE INTO `gameobject` VALUES ( 5011430, 22887, 1, -8942.53, -6878.56, 21.2894, 3.17657, 0, 0, 0.999847, -0.01749, 300, 300, 100, 1, 0, 0);
REPLACE INTO `gameobject` VALUES ( 5011430, 22887, 1, -8942.53, -6878.36, 21.2894, 3.17657, 0, 0, 0.999847, -0.01749, 300, 300, 100, 1, 0, 0);
REPLACE INTO `gameobject` VALUES ( 5011430, 22887, 1, -8942.53, -6878.56, 21.2894, 3.17657, 0, 0, 0.999847, -0.01749, 300, 300, 100, 1, 0, 0);
REPLACE INTO `gameobject` VALUES ( 5011430, 22887, 1, -8942.53, -6878.76, 21.2894, 3.17657, 0, 0, 0.999847, -0.01749, 300, 300, 100, 1, 0, 0);
REPLACE INTO `gameobject` VALUES ( 5011430, 22887, 1, -8942.33, -6878.76, 21.2894, 3.17657, 0, 0, 0.999847, -0.01749, 300, 300, 100, 1, 0, 0);
REPLACE INTO `gameobject` VALUES ( 5011430, 22887, 1, -8942.53, -6878.76, 21.2894, 3.17657, 0, 0, 0.999847, -0.01749, 300, 300, 100, 1, 0, 0);
REPLACE INTO `gameobject` VALUES ( 5011430, 22887, 1, -8942.73, -6878.76, 21.2894, 3.17657, 0, 0, 0.999847, -0.01749, 300, 300, 100, 1, 0, 0);
REPLACE INTO `gameobject` VALUES ( 5011430, 22887, 1, -8942.93, -6878.76, 21.2894, 3.17657, 0, 0, 0.999847, -0.01749, 300, 300, 100, 1, 0, 0);
REPLACE INTO `gameobject` VALUES ( 5011430, 22887, 1, -8942.93, -6878.96, 21.2894, 3.17657, 0, 0, 0.999847, -0.01749, 300, 300, 100, 1, 0, 0);
REPLACE INTO `gameobject` VALUES ( 5011430, 22887, 1, -8942.93, -6878.76, 21.2894, 3.17657, 0, 0, 0.999847, -0.01749, 300, 300, 100, 1, 0, 0);
REPLACE INTO `gameobject` VALUES ( 5011430, 22887, 1, -8942.93, -6878.56, 21.2894, 3.17657, 0, 0, 0.999847, -0.01749, 300, 300, 100, 1, 0, 0);
REPLACE INTO `creature` VALUES (2573027,6110,0,0,0,1,-8949.78,-6879.32,21.2954,2.30786,120,120,0,100,100,0,0,0);
DELETE FROM creature WHERE guid=2573027;
DELETE FROM creature_addon WHERE guid=2573027;
DELETE FROM creature_movement WHERE id=2573027;
DELETE FROM game_event_creature WHERE guid=2573027;
DELETE FROM game_event_creature_data WHERE guid=2573027;
DELETE FROM creature_battleground WHERE guid=2573027;
REPLACE INTO `creature` VALUES (2573028,61110,0,0,0,1,-8949.78,-6879.32,21.2954,2.30786,120,120,0,100,100,0,0,0);
DELETE FROM creature WHERE guid=2573028;
DELETE FROM creature_addon WHERE guid=2573028;
DELETE FROM creature_movement WHERE id=2573028;
DELETE FROM game_event_creature WHERE guid=2573028;
DELETE FROM game_event_creature_data WHERE guid=2573028;
DELETE FROM creature_battleground WHERE guid=2573028;
REPLACE INTO `creature` VALUES (2573029,61100,0,0,0,1,-8949.83,-6879.24,21.2954,2.322,120,120,0,100,100,0,0,0);
REPLACE INTO `creature` VALUES (2573030,61099,0,0,0,1,-8949.85,-6874.78,21.2954,3.94407,120,120,0,100,100,0,0,0);
REPLACE INTO `creature` VALUES (2573030,61099,0,0,0,1,-8949.85,-6874.78,21.2954,3.94407,300,300,10,100,100,1,0,0);
REPLACE INTO `gameobject` VALUES ( 5011431, 178685, 1, -7931.8, -6842.21, 8.7135, 2.39616, 0, 0, 0.931341, 0.364147, 300, 300, 100, 1, 0, 0);
REPLACE INTO `gameobject` VALUES ( 5011431, 178685, 1, -7931.8, -6842.21, 8.7135, 0.786092, 0, 0, 0.383004, 0.923747, 300, 300, 100, 1, 0, 0);
REPLACE INTO `gameobject` VALUES ( 5011431, 178685, 1, -7931.8, -6842.21, 8.5135, 0.786092, 0, 0, 0.383004, 0.923747, 300, 300, 100, 1, 0, 0);
REPLACE INTO `gameobject` VALUES ( 5011431, 178685, 1, -7931.8, -6842.21, 8.5135, 0.786092, 0, 0, 0.383004, 0.923747, 300, 300, 100, 1, 0, 0);
REPLACE INTO `creature` VALUES (2573031,61102,0,0,0,1,-7931.07,-6843.78,8.70814,1.96419,120,120,0,100,100,0,0,0);
DELETE FROM creature WHERE guid=2573031;
DELETE FROM creature_addon WHERE guid=2573031;
DELETE FROM creature_movement WHERE id=2573031;
DELETE FROM game_event_creature WHERE guid=2573031;
DELETE FROM game_event_creature_data WHERE guid=2573031;
DELETE FROM creature_battleground WHERE guid=2573031;
REPLACE INTO `creature` VALUES (2573032,61106,0,0,0,1,-7931.07,-6843.78,8.70814,1.96419,120,120,0,100,100,0,0,0);
REPLACE INTO `creature` VALUES (2573033,61106,0,0,0,1,-7933.14,-6843.16,8.7482,0.741324,120,120,0,100,100,0,0,0);
DELETE FROM creature WHERE guid=2573032;
DELETE FROM creature_addon WHERE guid=2573032;
DELETE FROM creature_movement WHERE id=2573032;
DELETE FROM game_event_creature WHERE guid=2573032;
DELETE FROM game_event_creature_data WHERE guid=2573032;
DELETE FROM creature_battleground WHERE guid=2573032;
REPLACE INTO `creature` VALUES (2573034,61106,0,0,0,1,-7931.11,-6843.04,8.70538,2.33469,120,120,0,100,100,0,0,0);
DELETE FROM creature WHERE guid=2573033;
DELETE FROM creature_addon WHERE guid=2573033;
DELETE FROM creature_movement WHERE id=2573033;
DELETE FROM game_event_creature WHERE guid=2573033;
DELETE FROM game_event_creature_data WHERE guid=2573033;
DELETE FROM creature_battleground WHERE guid=2573033;
REPLACE INTO `creature` VALUES (2573035,61108,0,0,0,1,-7936.69,-6841.87,8.78319,4.35473,120,120,0,100,100,0,0,0);
DELETE FROM creature WHERE guid=2573035;
DELETE FROM creature_addon WHERE guid=2573035;
DELETE FROM creature_movement WHERE id=2573035;
DELETE FROM game_event_creature WHERE guid=2573035;
DELETE FROM game_event_creature_data WHERE guid=2573035;
DELETE FROM creature_battleground WHERE guid=2573035;
REPLACE INTO `creature` VALUES (2573036,61105,0,0,0,1,-7936.71,-6841.95,8.78567,4.35473,120,120,0,100,100,0,0,0);
DELETE FROM creature WHERE guid=2573036;
DELETE FROM creature_addon WHERE guid=2573036;
DELETE FROM creature_movement WHERE id=2573036;
DELETE FROM game_event_creature WHERE guid=2573036;
DELETE FROM game_event_creature_data WHERE guid=2573036;
DELETE FROM creature_battleground WHERE guid=2573036;
REPLACE INTO `creature` VALUES (2573037,61105,0,0,0,1,-7935.12,-6821.61,8.81497,1.43517,120,120,0,100,100,0,0,0);
REPLACE INTO `creature` VALUES (2573038,61101,0,0,0,1,-7939.55,-6833.79,9.12337,0.587724,120,120,0,100,100,0,0,0);
REPLACE INTO `creature` VALUES (2573039,61109,0,0,0,1,-8870.08,-6553.04,15.289,0.169185,120,120,0,100,100,0,0,0);
REPLACE INTO `creature` VALUES (2573040,61111,0,0,0,1,-8856.23,-6565.54,16.6718,3.8205,120,120,0,100,100,0,0,0);
REPLACE INTO `creature` VALUES (2573041,61116,0,0,0,1,-8846.68,-6544.87,16.0891,2.57564,120,120,0,100,100,0,0,0);
DELETE FROM creature WHERE guid=2573041;
DELETE FROM creature_addon WHERE guid=2573041;
DELETE FROM creature_movement WHERE id=2573041;
DELETE FROM game_event_creature WHERE guid=2573041;
DELETE FROM game_event_creature_data WHERE guid=2573041;
DELETE FROM creature_battleground WHERE guid=2573041;
REPLACE INTO `creature` VALUES (2573042,61110,0,0,0,1,-8849.14,-6506.44,12.8071,2.59428,120,120,0,100,100,0,0,0);
DELETE FROM creature WHERE guid=2573013;
DELETE FROM creature_addon WHERE guid=2573013;
DELETE FROM creature_movement WHERE id=2573013;
DELETE FROM game_event_creature WHERE guid=2573013;
DELETE FROM game_event_creature_data WHERE guid=2573013;
DELETE FROM creature_battleground WHERE guid=2573013;
DELETE FROM creature WHERE guid=2573014;
DELETE FROM creature_addon WHERE guid=2573014;
DELETE FROM creature_movement WHERE id=2573014;
DELETE FROM game_event_creature WHERE guid=2573014;
DELETE FROM game_event_creature_data WHERE guid=2573014;
DELETE FROM creature_battleground WHERE guid=2573014;
DELETE FROM creature WHERE guid=2572994;
DELETE FROM creature_addon WHERE guid=2572994;
DELETE FROM creature_movement WHERE id=2572994;
DELETE FROM game_event_creature WHERE guid=2572994;
DELETE FROM game_event_creature_data WHERE guid=2572994;
DELETE FROM creature_battleground WHERE guid=2572994;
DELETE FROM creature WHERE guid=2572995;
DELETE FROM creature_addon WHERE guid=2572995;
DELETE FROM creature_movement WHERE id=2572995;
DELETE FROM game_event_creature WHERE guid=2572995;
DELETE FROM game_event_creature_data WHERE guid=2572995;
DELETE FROM creature_battleground WHERE guid=2572995;
DELETE FROM creature WHERE guid=2572993;
DELETE FROM creature_addon WHERE guid=2572993;
DELETE FROM creature_movement WHERE id=2572993;
DELETE FROM game_event_creature WHERE guid=2572993;
DELETE FROM game_event_creature_data WHERE guid=2572993;
DELETE FROM creature_battleground WHERE guid=2572993;
DELETE FROM creature WHERE guid=2573017;
DELETE FROM creature_addon WHERE guid=2573017;
DELETE FROM creature_movement WHERE id=2573017;
DELETE FROM game_event_creature WHERE guid=2573017;
DELETE FROM game_event_creature_data WHERE guid=2573017;
DELETE FROM creature_battleground WHERE guid=2573017;
DELETE FROM creature WHERE guid=2573019;
DELETE FROM creature_addon WHERE guid=2573019;
DELETE FROM creature_movement WHERE id=2573019;
DELETE FROM game_event_creature WHERE guid=2573019;
DELETE FROM game_event_creature_data WHERE guid=2573019;
DELETE FROM creature_battleground WHERE guid=2573019;
DELETE FROM creature WHERE guid=2573020;
DELETE FROM creature_addon WHERE guid=2573020;
DELETE FROM creature_movement WHERE id=2573020;
DELETE FROM game_event_creature WHERE guid=2573020;
DELETE FROM game_event_creature_data WHERE guid=2573020;
DELETE FROM creature_battleground WHERE guid=2573020;
REPLACE INTO `creature` VALUES (2573043,61108,0,0,0,1,-8922.79,-6563.94,14.6384,0.309563,120,120,0,100,100,0,0,0);
REPLACE INTO `creature` VALUES (2573044,61115,0,0,0,1,-8918.51,-6564.99,14.6341,1.73113,120,120,0,100,100,0,0,0);
REPLACE INTO `creature` VALUES (2573045,61107,0,0,0,1,-8909.8,-6577.11,14.6,0.912701,120,120,0,100,100,0,0,0);
REPLACE INTO `creature` VALUES (2573046,61104,0,0,0,1,-8908.16,-6537.73,12.3381,3.49824,120,120,0,100,100,0,0,0);
REPLACE INTO `creature` VALUES (2573047,61104,0,0,0,1,-8910.79,-6535.75,13.2274,3.93021,120,120,0,100,100,0,0,0);
REPLACE INTO `creature` VALUES (2573048,61104,0,0,0,1,-8906.73,-6525.86,11.58,0.128876,120,120,0,100,100,0,0,0);
REPLACE INTO `creature` VALUES (2573049,61104,0,0,0,1,-8913.68,-6542.26,12.5365,5.39104,120,120,0,100,100,0,0,0);
REPLACE INTO `creature` VALUES (2573050,61104,0,0,0,1,-8902.21,-6502.06,11.0504,2.48899,120,120,0,100,100,0,0,0);
REPLACE INTO `creature` VALUES (2573051,61104,0,0,0,1,-8847.67,-6552.58,16.2073,5.04861,120,120,0,100,100,0,0,0);
REPLACE INTO `creature` VALUES (2573052,61104,0,0,0,1,-8843.69,-6543.29,16.0802,4.26743,120,120,0,100,100,0,0,0);
REPLACE INTO `creature` VALUES (2573053,61104,0,0,0,1,-8874.52,-6591.24,18.6231,1.72195,120,120,0,100,100,0,0,0);
REPLACE INTO `creature` VALUES (2573054,61104,0,0,0,1,-8925.28,-6573.28,15.3251,3.0964,120,120,0,100,100,0,0,0);
REPLACE INTO `creature` VALUES (2573055,61104,0,0,0,1,-8873.57,-6488.2,11.7045,1.05101,120,120,0,100,100,0,0,0);
REPLACE INTO `creature` VALUES (2573056,61104,0,0,0,1,-8934.09,-6504.95,8.46826,4.70547,120,120,0,100,100,0,0,0);
REPLACE INTO `creature` VALUES (2573057,61103,0,0,0,1,-8906.54,-6585.06,15.3713,4.75494,120,120,0,100,100,0,0,0);
REPLACE INTO `creature` VALUES (2573058,61103,0,0,0,1,-8896.01,-6588.44,16.7555,4.12269,120,120,0,100,100,0,0,0);
REPLACE INTO `creature` VALUES (2573059,61103,0,0,0,1,-8903.23,-6597.53,16.7768,4.49183,120,120,0,100,100,0,0,0);
REPLACE INTO `creature` VALUES (2573059,61103,0,0,0,1,-8903.23,-6597.53,16.7768,4.49183,300,300,0,100,100,0,0,0);
DELETE FROM creature_movement WHERE id=2573059;
INSERT INTO creature_movement (id,point,position_x,position_y,position_z,orientation) VALUES (2573059,1, -8903.234375,-6597.528320,16.776785, 100);
INSERT INTO creature_movement (id,point,position_x,position_y,position_z,orientation) VALUES (2573059,2, -8902.555664,-6593.422852,16.509083, 100);
INSERT INTO creature_movement (id,point,position_x,position_y,position_z,orientation) VALUES (2573059,3, -8901.318359,-6583.024414,15.093918, 100);
INSERT INTO creature_movement (id,point,position_x,position_y,position_z,orientation) VALUES (2573059,4, -8899.543945,-6571.343262,14.590608, 100);
INSERT INTO creature_movement (id,point,position_x,position_y,position_z,orientation) VALUES (2573059,5, -8899.380859,-6549.897461,12.398351, 100);
INSERT INTO creature_movement (id,point,position_x,position_y,position_z,orientation) VALUES (2573059,6, -8899.189453,-6565.617188,14.795876, 100);
INSERT INTO creature_movement (id,point,position_x,position_y,position_z,orientation) VALUES (2573059,7, -8901.011719,-6577.273926,14.832823, 100);
INSERT INTO creature_movement (id,point,position_x,position_y,position_z,orientation) VALUES (2573059,8, -8902.159180,-6591.222656,16.130072, 100);
REPLACE INTO `creature` VALUES (2573059,61103,0,0,0,1,-8903.23,-6597.53,16.7768,4.49183,300,300,0,100,100,2,0,0);
REPLACE INTO `creature` VALUES (2573060,61103,0,0,0,1,-8837.13,-6538.36,15.298,6.27861,120,120,0,100,100,0,0,0);
REPLACE INTO `creature` VALUES (2573061,61103,0,0,0,1,-8835.08,-6531.61,15.3223,5.86628,120,120,0,100,100,0,0,0);
REPLACE INTO `creature` VALUES (2573062,61103,0,0,0,1,-8875.51,-6537.32,13.513,1.4979,120,120,0,100,100,0,0,0);
REPLACE INTO `creature` VALUES (2573063,61103,0,0,0,1,-8882.05,-6537.65,13.4471,1.47827,120,120,0,100,100,0,0,0);
REPLACE INTO `creature` VALUES (2573064,61103,0,0,0,1,-8898.91,-6489.9,10.1718,5.06754,120,120,0,100,100,0,0,0);
REPLACE INTO `creature` VALUES (2573065,61103,0,0,0,1,-8883.58,-6488.64,10.7456,4.63158,120,120,0,100,100,0,0,0);
REPLACE INTO `creature` VALUES (2573066,61114,0,0,0,1,-8881.73,-6574.48,16.8371,1.1424,120,120,0,100,100,0,0,0);
REPLACE INTO `creature` VALUES (2573067,61102,0,0,0,1,-8880.81,-6575.37,23.3365,0.0721059,120,120,0,100,100,0,0,0);
REPLACE INTO `creature` VALUES (2573068,61113,0,0,0,1,-8875.81,-6577.85,23.4808,1.55169,120,120,0,100,100,0,0,0);
DELETE FROM creature WHERE guid=2573023;
DELETE FROM creature_addon WHERE guid=2573023;
DELETE FROM creature_movement WHERE id=2573023;
DELETE FROM game_event_creature WHERE guid=2573023;
DELETE FROM game_event_creature_data WHERE guid=2573023;
DELETE FROM creature_battleground WHERE guid=2573023;
DELETE FROM creature WHERE guid=2573022;
DELETE FROM creature_addon WHERE guid=2573022;
DELETE FROM creature_movement WHERE id=2573022;
DELETE FROM game_event_creature WHERE guid=2573022;
DELETE FROM game_event_creature_data WHERE guid=2573022;
DELETE FROM creature_battleground WHERE guid=2573022;
DELETE FROM creature WHERE guid=2573024;
DELETE FROM creature_addon WHERE guid=2573024;
DELETE FROM creature_movement WHERE id=2573024;
DELETE FROM game_event_creature WHERE guid=2573024;
DELETE FROM game_event_creature_data WHERE guid=2573024;
DELETE FROM creature_battleground WHERE guid=2573024;
REPLACE INTO `creature` VALUES (2573069,61116,0,0,0,1,-8881.29,-6555.1,15.0195,2.44786,120,120,0,100,100,0,0,0);
DELETE FROM creature WHERE guid=2573026;
DELETE FROM creature_addon WHERE guid=2573026;
DELETE FROM creature_movement WHERE id=2573026;
DELETE FROM game_event_creature WHERE guid=2573026;
DELETE FROM game_event_creature_data WHERE guid=2573026;
DELETE FROM creature_battleground WHERE guid=2573026;
DELETE FROM creature WHERE guid=2572996;
DELETE FROM creature_addon WHERE guid=2572996;
DELETE FROM creature_movement WHERE id=2572996;
DELETE FROM game_event_creature WHERE guid=2572996;
DELETE FROM game_event_creature_data WHERE guid=2572996;
DELETE FROM creature_battleground WHERE guid=2572996;
DELETE FROM creature WHERE guid=2572997;
DELETE FROM creature_addon WHERE guid=2572997;
DELETE FROM creature_movement WHERE id=2572997;
DELETE FROM game_event_creature WHERE guid=2572997;
DELETE FROM game_event_creature_data WHERE guid=2572997;
DELETE FROM creature_battleground WHERE guid=2572997;
DELETE FROM creature WHERE guid=2572998;
DELETE FROM creature_addon WHERE guid=2572998;
DELETE FROM creature_movement WHERE id=2572998;
DELETE FROM game_event_creature WHERE guid=2572998;
DELETE FROM game_event_creature_data WHERE guid=2572998;
DELETE FROM creature_battleground WHERE guid=2572998;
DELETE FROM creature WHERE guid=2573015;
DELETE FROM creature_addon WHERE guid=2573015;
DELETE FROM creature_movement WHERE id=2573015;
DELETE FROM game_event_creature WHERE guid=2573015;
DELETE FROM game_event_creature_data WHERE guid=2573015;
DELETE FROM creature_battleground WHERE guid=2573015;
DELETE FROM creature WHERE guid=2573016;
DELETE FROM creature_addon WHERE guid=2573016;
DELETE FROM creature_movement WHERE id=2573016;
DELETE FROM game_event_creature WHERE guid=2573016;
DELETE FROM game_event_creature_data WHERE guid=2573016;
DELETE FROM creature_battleground WHERE guid=2573016;
REPLACE INTO `creature` VALUES (2573070,61112,0,0,0,1,-8917.65,-6504.84,9.80284,3.15708,120,120,0,100,100,0,0,0);
DELETE FROM creature WHERE guid=2573070;
DELETE FROM creature_addon WHERE guid=2573070;
DELETE FROM creature_movement WHERE id=2573070;
DELETE FROM game_event_creature WHERE guid=2573070;
DELETE FROM game_event_creature_data WHERE guid=2573070;
DELETE FROM creature_battleground WHERE guid=2573070;
REPLACE INTO `creature` VALUES (2573071,61112,0,0,0,1,-8917,-6504.71,9.8246,6.20678,120,120,0,100,100,0,0,0);
DELETE FROM creature WHERE guid=2573071;
DELETE FROM creature_addon WHERE guid=2573071;
DELETE FROM creature_movement WHERE id=2573071;
DELETE FROM game_event_creature WHERE guid=2573071;
DELETE FROM game_event_creature_data WHERE guid=2573071;
DELETE FROM creature_battleground WHERE guid=2573071;
REPLACE INTO `creature` VALUES (2573072,61112,0,0,0,1,-8916.68,-6503.96,9.79586,5.46851,120,120,0,100,100,0,0,0);
DELETE FROM creature WHERE guid=2573021;
DELETE FROM creature_addon WHERE guid=2573021;
DELETE FROM creature_movement WHERE id=2573021;
DELETE FROM game_event_creature WHERE guid=2573021;
DELETE FROM game_event_creature_data WHERE guid=2573021;
DELETE FROM creature_battleground WHERE guid=2573021;
REPLACE INTO `creature` VALUES (2573073,61103,0,0,0,1,-8840.64,-6534.22,14.2933,2.97004,120,120,0,100,100,0,0,0);
REPLACE INTO `creature` VALUES (2573073,61103,0,0,0,1,-8840.64,-6534.22,14.2933,2.97004,300,300,0,100,100,0,0,0);
DELETE FROM creature_movement WHERE id=2573073;
INSERT INTO creature_movement (id,point,position_x,position_y,position_z,orientation) VALUES (2573073,1, -8840.637695,-6534.215332,14.293338, 100);
REPLACE INTO `creature` VALUES (2573073,61103,0,0,0,1,-8840.64,-6534.22,14.2933,2.97004,300,300,0,100,100,2,0,0);
DELETE FROM creature WHERE guid=2573073;
DELETE FROM creature_addon WHERE guid=2573073;
DELETE FROM creature_movement WHERE id=2573073;
DELETE FROM game_event_creature WHERE guid=2573073;
DELETE FROM game_event_creature_data WHERE guid=2573073;
DELETE FROM creature_battleground WHERE guid=2573073;
REPLACE INTO `creature` VALUES (2573074,61103,0,0,0,1,-8841.29,-6534.1,14.2766,2.97004,120,120,0,100,100,0,0,0);
REPLACE INTO `creature` VALUES (2573074,61103,0,0,0,1,-8841.29,-6534.1,14.2766,2.97004,300,300,0,100,100,0,0,0);
DELETE FROM creature_movement WHERE id=2573074;
INSERT INTO creature_movement (id,point,position_x,position_y,position_z,orientation) VALUES (2573074,1, -8841.291016,-6534.102051,14.276554, 100);
INSERT INTO creature_movement (id,point,position_x,position_y,position_z,orientation) VALUES (2573074,2, -8849.479492,-6532.828613,13.973913, 100);
INSERT INTO creature_movement (id,point,position_x,position_y,position_z,orientation) VALUES (2573074,3, -8865.766602,-6531.428223,13.064133, 100);
INSERT INTO creature_movement (id,point,position_x,position_y,position_z,orientation) VALUES (2573074,4, -8879.707031,-6526.637695,10.787066, 100);
INSERT INTO creature_movement (id,point,position_x,position_y,position_z,orientation) VALUES (2573074,5, -8890.128906,-6526.015625,10.094711, 100);
INSERT INTO creature_movement (id,point,position_x,position_y,position_z,orientation) VALUES (2573074,6, -8899.741211,-6539.613770,11.322783, 100);
INSERT INTO creature_movement (id,point,position_x,position_y,position_z,orientation) VALUES (2573074,7, -8906.740234,-6545.543457,11.852614, 100);
INSERT INTO creature_movement (id,point,position_x,position_y,position_z,orientation) VALUES (2573074,8, -8911.034180,-6551.225586,13.651049, 100);
INSERT INTO creature_movement (id,point,position_x,position_y,position_z,orientation) VALUES (2573074,9, -8903.996094,-6543.437988,11.882297, 100);
INSERT INTO creature_movement (id,point,position_x,position_y,position_z,orientation) VALUES (2573074,10, -8896.125977,-6535.829102,11.134925, 100);
INSERT INTO creature_movement (id,point,position_x,position_y,position_z,orientation) VALUES (2573074,11, -8896.102539,-6526.238770,10.635283, 100);
INSERT INTO creature_movement (id,point,position_x,position_y,position_z,orientation) VALUES (2573074,12, -8905.026367,-6517.226074,10.656809, 100);
INSERT INTO creature_movement (id,point,position_x,position_y,position_z,orientation) VALUES (2573074,13, -8895.827148,-6525.314941,10.588741, 100);
INSERT INTO creature_movement (id,point,position_x,position_y,position_z,orientation) VALUES (2573074,14, -8889.919922,-6518.292480,9.811990, 100);
INSERT INTO creature_movement (id,point,position_x,position_y,position_z,orientation) VALUES (2573074,15, -8889.010742,-6505.677734,9.751648, 100);
INSERT INTO creature_movement (id,point,position_x,position_y,position_z,orientation) VALUES (2573074,16, -8891.526367,-6489.404785,9.749034, 100);
INSERT INTO creature_movement (id,point,position_x,position_y,position_z,orientation) VALUES (2573074,17, -8891.179688,-6470.591797,7.861895, 100);
INSERT INTO creature_movement (id,point,position_x,position_y,position_z,orientation) VALUES (2573074,18, -8890.476562,-6491.554199,9.925752, 100);
INSERT INTO creature_movement (id,point,position_x,position_y,position_z,orientation) VALUES (2573074,19, -8889.976562,-6499.854980,9.990675, 100);
INSERT INTO creature_movement (id,point,position_x,position_y,position_z,orientation) VALUES (2573074,20, -8883.710938,-6504.055664,10.298149, 100);
INSERT INTO creature_movement (id,point,position_x,position_y,position_z,orientation) VALUES (2573074,21, -8868.701172,-6498.013672,12.042331, 100);
INSERT INTO creature_movement (id,point,position_x,position_y,position_z,orientation) VALUES (2573074,22, -8865.642578,-6497.647949,12.771748, 100);
INSERT INTO creature_movement (id,point,position_x,position_y,position_z,orientation) VALUES (2573074,23, -8862.584961,-6499.292969,13.508862, 100);
INSERT INTO creature_movement (id,point,position_x,position_y,position_z,orientation) VALUES (2573074,24, -8868.044922,-6497.713867,12.213153, 100);
INSERT INTO creature_movement (id,point,position_x,position_y,position_z,orientation) VALUES (2573074,25, -8879.001953,-6502.154785,11.077970, 100);
INSERT INTO creature_movement (id,point,position_x,position_y,position_z,orientation) VALUES (2573074,26, -8886.582031,-6506.441895,9.980349, 100);
INSERT INTO creature_movement (id,point,position_x,position_y,position_z,orientation) VALUES (2573074,27, -8885.061523,-6521.232422,10.016788, 100);
INSERT INTO creature_movement (id,point,position_x,position_y,position_z,orientation) VALUES (2573074,28, -8874.958008,-6527.297363,11.650264, 100);
INSERT INTO creature_movement (id,point,position_x,position_y,position_z,orientation) VALUES (2573074,29, -8867.083984,-6529.878418,12.957220, 100);
INSERT INTO creature_movement (id,point,position_x,position_y,position_z,orientation) VALUES (2573074,30, -8844.540039,-6533.417969,14.207938, 100);
INSERT INTO creature_movement (id,point,position_x,position_y,position_z,orientation) VALUES (2573074,31, -8828.640625,-6536.436523,14.956736, 100);
INSERT INTO creature_movement (id,point,position_x,position_y,position_z,orientation) VALUES (2573074,32, -8836.390625,-6535.078125,14.835832, 100);
REPLACE INTO `creature` VALUES (2573074,61103,0,0,0,1,-8841.29,-6534.1,14.2766,2.97004,300,300,0,100,100,2,0,0);
UPDATE creature SET position_x = '-8847.755859', position_y = '-6552.512695', position_z = '16.204262', orientation = '2.376184' WHERE guid = '2573051';
REPLACE INTO `creature` VALUES (2573075,61104,0,0,0,1,-8850.09,-6557.63,16.3272,4.69468,120,120,0,100,100,0,0,0);
REPLACE INTO `gameobject` VALUES ( 5011432, 2010948, 1, -9030.76, -6871.44, 17.4126, 1.69651, 0, 0, 0.750127, 0.661294, 300, 300, 100, 1, 0, 0);
REPLACE INTO `gameobject` VALUES ( 5011433, 2010949, 1, -9026.74, -6871.23, 17.8307, 0.431231, 0, 0, 0.213949, 0.976845, 300, 300, 100, 1, 0, 0);
DELETE FROM gameobject WHERE guid = '5011433';
DELETE FROM game_event_gameobject WHERE guid = '5011433';
DELETE FROM gameobject_battleground WHERE guid = '5011433';
DELETE FROM gameobject WHERE guid = '5011432';
DELETE FROM game_event_gameobject WHERE guid = '5011432';
DELETE FROM gameobject_battleground WHERE guid = '5011432';
REPLACE INTO `creature` VALUES (2573076,61092,0,0,0,1,-8709.74,-6515.24,6.6853,6.09965,120,120,0,100,100,0,0,0);
REPLACE INTO `creature` VALUES (2573077,61092,0,0,0,1,-8744.43,-6600.45,30.2234,0.578296,120,120,0,100,100,0,0,0);
REPLACE INTO `creature` VALUES (2573078,61092,0,0,0,1,-8606.52,-6711.63,48.932,0.279055,120,120,0,100,100,0,0,0);
REPLACE INTO `creature` VALUES (2573079,61092,0,0,0,1,-8693.17,-6780.65,36.9679,3.27692,120,120,0,100,100,0,0,0);
REPLACE INTO `creature` VALUES (2573080,61093,0,0,0,1,-8743.78,-6808.25,30.9955,4.48722,120,120,0,100,100,0,0,0);
REPLACE INTO `creature` VALUES (2573081,61092,0,0,0,1,-8779.99,-6832.03,13.1503,2.76327,120,120,0,100,100,0,0,0);
REPLACE INTO `creature` VALUES (2573082,61093,0,0,0,1,-8693.41,-6828.98,34.6635,1.659,120,120,0,100,100,0,0,0);
REPLACE INTO `creature` VALUES (2573083,61092,0,0,0,1,-8619.63,-6814.24,45.5883,4.86342,120,120,0,100,100,0,0,0);
REPLACE INTO `creature` VALUES (2573084,61093,0,0,0,1,-8648.88,-6879.1,42.636,4.50607,120,120,0,100,100,0,0,0);
REPLACE INTO `creature` VALUES (2573085,61092,0,0,0,1,-8798.28,-7011.33,5.79932,3.85261,120,120,0,100,100,0,0,0);
REPLACE INTO `creature` VALUES (2573086,61092,0,0,0,1,-8844.96,-6907.79,11.8118,1.04717,120,120,0,100,100,0,0,0);
REPLACE INTO `creature` VALUES (2573087,61092,0,0,0,1,-8898.67,-6958.4,7.80902,4.05132,120,120,0,100,100,0,0,0);
REPLACE INTO `creature` VALUES (2573088,61093,0,0,0,1,-8812.93,-7071.35,3.81833,4.88305,120,120,0,100,100,0,0,0);
REPLACE INTO `creature` VALUES (2573089,61093,0,0,0,1,-8747.07,-7053.7,26.7352,0.950562,120,120,0,100,100,0,0,0);
REPLACE INTO `creature` VALUES (2573090,61093,0,0,0,1,-8697.38,-7139.42,29.5366,4.23667,120,120,0,100,100,0,0,0);
REPLACE INTO `creature` VALUES (2573091,61093,0,0,0,1,-8645.17,-7115.74,28.2049,0.566501,120,120,0,100,100,0,0,0);
REPLACE INTO `creature` VALUES (2573092,61093,0,0,0,1,-8644.64,-7175.83,17.1585,4.67807,120,120,0,100,100,0,0,0);
REPLACE INTO `creature` VALUES (2573093,61092,0,0,0,1,-8731.34,-7200.42,2.56042,3.39158,120,120,0,100,100,0,0,0);
REPLACE INTO `creature` VALUES (2573094,61092,0,0,0,1,-8795.84,-7193.07,0.535831,1.53411,120,120,0,100,100,0,0,0);
REPLACE INTO `creature` VALUES (2573095,61092,0,0,0,1,-8833.51,-7121.97,2.13156,2.3957,120,120,0,100,100,0,0,0);
REPLACE INTO `creature` VALUES (2573096,61092,0,0,0,1,-8722.07,-6987.13,19.8818,0.429055,120,120,0,100,100,0,0,0);
REPLACE INTO `creature` VALUES (2573097,61093,0,0,0,1,-8657.56,-7071.28,52.5221,0.268049,120,120,0,100,100,0,0,0);
REPLACE INTO `creature` VALUES (2573098,61093,0,0,0,1,-8690.88,-7040.63,44.9746,3.30396,120,120,0,100,100,0,0,0);
REPLACE INTO `creature` VALUES (2573099,61092,0,0,0,1,-8619.26,-6857.09,35.9559,0.0767488,120,120,0,100,100,0,0,0);
DELETE FROM creature WHERE guid=2573099;
DELETE FROM creature_addon WHERE guid=2573099;
DELETE FROM creature_movement WHERE id=2573099;
DELETE FROM game_event_creature WHERE guid=2573099;
DELETE FROM game_event_creature_data WHERE guid=2573099;
DELETE FROM creature_battleground WHERE guid=2573099;
REPLACE INTO `creature` VALUES (2573100,61093,0,0,0,1,-8619.81,-6858.11,35.7849,4.15061,120,120,0,100,100,0,0,0);
REPLACE INTO `creature` VALUES (2573101,61092,0,0,0,1,-8744.01,-6927.7,28.2319,3.97782,120,120,0,100,100,0,0,0);
REPLACE INTO `creature` VALUES (2573102,61083,0,0,0,1,-8962.85,-6965.62,2.15169,3.66759,120,120,0,100,100,0,0,0);
REPLACE INTO `creature` VALUES (2573103,61083,0,0,0,1,-8959.53,-6949.96,5.78696,2.16041,120,120,0,100,100,0,0,0);
REPLACE INTO `creature` VALUES (2573104,61084,0,0,0,1,-8931.31,-6973.04,2.69846,5.64365,120,120,0,100,100,0,0,0);
REPLACE INTO `creature` VALUES (2573105,61084,0,0,0,1,-8993.63,-6951.73,3.17736,3.1343,120,120,0,100,100,0,0,0);
DELETE FROM creature WHERE guid=2573105;
DELETE FROM creature_addon WHERE guid=2573105;
DELETE FROM creature_movement WHERE id=2573105;
DELETE FROM game_event_creature WHERE guid=2573105;
DELETE FROM game_event_creature_data WHERE guid=2573105;
DELETE FROM creature_battleground WHERE guid=2573105;
REPLACE INTO `creature` VALUES (2573106,61083,0,0,0,1,-8993.63,-6951.73,3.17736,3.1343,120,120,0,100,100,0,0,0);
REPLACE INTO `creature` VALUES (2573107,61092,0,0,0,1,-8536.67,-6670.39,45.7819,1.96871,120,120,0,100,100,0,0,0);
REPLACE INTO `creature` VALUES (2573108,61093,0,0,0,1,-8772.73,-6723.87,25.3552,3.79712,120,120,0,100,100,0,0,0);
REPLACE INTO `creature` VALUES (2573109,61091,0,0,0,1,-8972.58,-6524.23,8.24078,5.29245,120,120,0,100,100,0,0,0);
REPLACE INTO `creature` VALUES (2573110,61095,0,0,0,1,-8985.67,-6614.73,15.381,4.02404,120,120,0,100,100,0,0,0);
REPLACE INTO `creature` VALUES (2573111,61091,0,0,0,1,-9041.97,-6601.7,7.99974,1.05131,120,120,0,100,100,0,0,0);
REPLACE INTO `creature` VALUES (2573112,61091,0,0,0,1,-9049.21,-6671.98,15.6073,5.60269,120,120,0,100,100,0,0,0);
REPLACE INTO `creature` VALUES (2573113,61091,0,0,0,1,-8997.28,-6677.24,21.2933,0.448122,120,120,0,100,100,0,0,0);
REPLACE INTO `creature` VALUES (2573114,61091,0,0,0,1,-9055.28,-6714.84,17.8132,3.73109,120,120,0,100,100,0,0,0);
REPLACE INTO `creature` VALUES (2573115,61091,0,0,0,1,-9074.3,-6774.54,18.0206,2.03619,120,120,0,100,100,0,0,0);
REPLACE INTO `creature` VALUES (2573116,61095,0,0,0,1,-9092.84,-6704.77,14.2859,1.93331,120,120,0,100,100,0,0,0);
REPLACE INTO `creature` VALUES (2573117,61074,0,0,0,1,-9024.42,-6804.92,25.8532,3.70132,120,120,0,100,100,0,0,0);
DELETE FROM creature WHERE guid=2573117;
DELETE FROM creature_addon WHERE guid=2573117;
DELETE FROM creature_movement WHERE id=2573117;
DELETE FROM game_event_creature WHERE guid=2573117;
DELETE FROM game_event_creature_data WHERE guid=2573117;
DELETE FROM creature_battleground WHERE guid=2573117;
REPLACE INTO `creature` VALUES (2573118,61078,0,0,0,1,-9035.95,-6811.24,23.6074,3.89924,120,120,0,100,100,0,0,0);
REPLACE INTO `creature` VALUES (2573119,61078,0,0,0,1,-9061.27,-6833.82,16.5287,2.81932,120,120,0,100,100,0,0,0);
