-- Anchor's Edge (ALL OF THESE NPCS BELOW should have no PVP flags)
-- Expedition Commando <Kul Tiras>, display IDs 18961 + 18962, level 9-11, faction 1693, humanoid, weapon 12247
-- Expedition Cleric <Kul Tiras>, display IDs 18959 + 18960 , level 15-17, faction 1693, humanoid, weapon 767, has 300 mana, casts 2053 on friendly targets every 8 seconds (Requires script)
-- Expedition Sailor <Kul Tiras>, display IDs 18965 + 18966 , level 14-16, faction 1693, humanoid, weapon 2263
-- Expedition Officer <Kul Tiras>, display IDs 18963 + 18964 , level 18, faction 1693, humanoid, weapon 9602, (deals 1.5x damage)
-- Expedition Soldier <Kul Tiras>, display IDs 18969 + 18970 , level 15-17, faction 1693, humanoid, weapon 1 4560, weapon 2 4130
-- Expedition Scout <Kul Tiras>, display IDs 18967 + 18968 , level 8-10, faction 1693, humanoid, weapon 852
-- Aquamancer Shaleborn <Kul Tiras>, display ID 18956, level 17, faction 1693, humanoid, weapon 9452, has 500 mana, casts 837 every 6 seconds, (has 1.3x extra hp), quest/greeting flags. "What brings you to Anchor's Edge of all places?"
-- Deckmaster Darkhollow <Kul Tiras>, display ID 18958, level 19, faction 1693, humanoid, weapon 1296 (Has 1.3x extra hp) (Deals 1.25x damage), quest/greeting flags : "The Deep Tide has been a loyal vessel to Kul Tiras for many years."
-- Paladin Danuvis <Kul Tiras>, display ID 18957, level 18 elite, faction 1693, humanoid, weapon 7730, has 750 mana, (casts 5588 every 30 seconds, casts 1866 every 15 seconds) quest/greeting flags, greeting text : "Keep your faith in the light, and all shall reveal itself."
-- Lieutenant Alverold <Kul Tiras>, display ID 18971 , level 20 elite, faction 1693, humanoid, weapon 4560, (casts 28131 at 50% hp, casts 15652 every 20 seconds) , quest/greeting flags, greeting text : "Our journey has taken much longer then expected, it is about time we bring our efforts against the Horde."
REPLACE INTO creature_template VALUES
(60893, 18961, 18962, 0, 0, 0, 'Expedition Commando', 'Kul Tiras', 0, 9, 11, 198, 198, 0, 0, 455, 1693, 0, 1, 1.14286, 0, 20, 5, 0, 0, 1, 13, 17, 0, 62, 1, 2000, 2000, 1, 0, 0, 0, 0, 0, 0, 0, 15.048, 20.691, 100, 7, 0, 0, 0, 0, 0, 0, 0, 0, 0, 0, 0, 0, 0, 0, 0, 0, NULL, 9, 17, 'EventAI', 0, 3, 0, 0, 3, 0, 0, 0, 0, 0, 0, 0, ''),
(60894, 18959, 18960, 0, 0, 0, 'Expedition Cleric', 'Kul Tiras', 0, 15, 17, 331, 341, 300, 300, 660, 1693, 0, 1, 1.14286, 0, 20, 5, 0, 0, 1, 21, 27, 0, 74, 1, 2000, 2000, 8, 0, 0, 0, 2, 0, 0, 0, 21.2784, 29.2578, 100, 7, 0, 0, 0, 0, 0, 0, 0, 0, 0, 0, 0, 0, 0, 0, 0, 0, NULL, 15, 20, 'EventAI', 0, 3, 0, 0, 3, 0, 0, 0, 0, 0, 0, 0, ''),
(60895, 18965, 18966, 0, 0, 0, 'Expedition Sailor', 'Kul Tiras', 0, 14, 16, 328, 335, 0, 0, 660, 1693, 0, 1, 1.14286, 0, 20, 5, 0, 0, 1, 21, 27, 0, 74, 1, 2000, 2000, 1, 0, 0, 0, 2, 0, 0, 0, 21.2784, 29.2578, 100, 7, 0, 0, 0, 0, 0, 0, 0, 0, 0, 0, 0, 0, 0, 0, 0, 0, NULL, 15, 20, 'EventAI', 0, 3, 0, 0, 3, 0, 0, 0, 0, 0, 0, 0, ''),
(60896, 18963, 18964, 0, 0, 0, 'Expedition Officer', 'Kul Tiras', 0, 18, 18, 417, 417, 0, 0, 765, 1693, 0, 1, 1.14286, 0, 20, 5, 0, 0, 1, 41, 51, 0, 84, 1, 2000, 2000, 1, 0, 0, 0, 0, 0, 0, 0, 28.6704, 39.4218, 100, 7, 0, 0, 0, 0, 0, 0, 0, 0, 0, 0, 0, 0, 0, 0, 0, 0, NULL, 18, 23, 'EventAI', 0, 3, 0, 0, 3, 0, 0, 0, 0, 0, 0, 0, ''),
(60897, 18969, 18970, 0, 0, 0, 'Expedition Soldier', 'Kul Tiras', 0, 15, 17, 331, 341, 0, 0, 660, 1693, 0, 1, 1.14286, 0, 20, 5, 0, 0, 1, 21, 27, 0, 74, 1, 2000, 2000, 1, 0, 0, 0, 2, 0, 0, 0, 21.2784, 29.2578, 100, 7, 0, 0, 0, 0, 0, 0, 0, 0, 0, 0, 0, 0, 0, 0, 0, 0, NULL, 15, 20, 'EventAI', 0, 3, 0, 0, 3, 0, 0, 0, 0, 0, 0, 0, ''),
(60898, 18967, 18968, 0, 0, 0, 'Expedition Scout', 'Kul Tiras', 0, 8, 10, 170, 189, 0, 0, 406, 1693, 0, 1, 1.14286, 0, 20, 5, 0, 0, 1, 11, 15, 0, 60, 1, 1900, 2090, 1, 0, 0, 0, 0, 0, 0, 0, 15.2064, 20.9088, 100, 7, 0, 0, 0, 0, 0, 0, 0, 0, 0, 0, 7371, 0, 0, 0, 180041, 0, NULL, 9, 17, 'EventAI', 0, 3, 0, 0, 3, 0, 0, 0, 0, 0, 0, 0, ''),
(60899, 18956, 0, 0, 0, 0, 'Aquamancer Shaleborn', 'Kul Tiras', 0, 17, 17, 502, 502, 500, 500, 432, 1693, 3, 1, 1.14286, 0, 20, 5, 0, 0, 1, 27, 34, 0, 84, 1, 2000, 2000, 8, 0, 0, 0, 0, 0, 0, 0, 28.6704, 39.4218, 100, 7, 0, 0, 0, 0, 0, 0, 0, 0, 0, 0, 0, 0, 0, 0, 0, 0, NULL, 18, 23, 'EventAI', 0, 3, 0, 0, 3, 0, 0, 0, 0, 0, 0, 0, ''),
(60900, 18958, 0, 0, 0, 0, 'Deckmaster Darkhollow', 'Kul Tiras', 0, 19, 19, 510, 510, 0, 0, 765, 1693, 3, 1, 1.14286, 0, 20, 5, 0, 0, 1, 36, 44, 0, 88, 1, 2000, 2000, 1, 0, 0, 0, 0, 0, 0, 0, 28.6704, 39.4218, 100, 7, 0, 0, 0, 0, 0, 0, 0, 0, 0, 0, 0, 0, 0, 0, 0, 0, NULL, 21, 32, 'EventAI', 0, 3, 0, 0, 3, 0, 0, 0, 0, 0, 0, 0, ''),
(60901, 18971, 0, 0, 0, 0, 'Lieutenant Alverold', 'Kul Tiras', 0, 20, 20, 2904, 2904, 0, 0, 852, 1693, 3, 1, 1.14286, 0, 20, 5, 0, 1, 1, 85, 110, 0, 90, 1, 2000, 2000, 1, 32832, 0, 0, 0, 0, 0, 0, 26.24, 36.08, 100, 7, 0, 0, 0, 0, 0, 0, 0, 0, 0, 0, 0, 0, 0, 0, 0, 0, NULL, 102, 130, 'EventAI', 0, 3, 0, 0, 3, 0, 0, 0, 0, 0, 0, 0, ''),
(60902, 18957, 0, 0, 0, 0, 'Paladin Danuvis', 'Kul Tiras', 0, 18, 18, 1212, 1212, 750, 750, 683, 1693, 3, 1, 1.14286, 0, 20, 5, 0, 1, 1, 89, 115, 0, 90, 1, 2000, 2000, 2, 64, 0, 0, 0, 0, 0, 0, 27.4008, 37.6761, 100, 7, 0, 0, 0, 0, 0, 0, 0, 0, 0, 0, 0, 0, 0, 0, 0, 0, NULL, 85, 115, 'EventAI', 0, 3, 0, 0, 3, 0, 0, 0, 0, 0, 0, 0, '');

REPLACE INTO creature_display_info_addon VALUES (18956, 0, 0, 0, 0);
REPLACE INTO creature_display_info_addon VALUES (18957, 0, 0, 0, 0);
REPLACE INTO creature_display_info_addon VALUES (18958, 0, 0, 0, 0);
REPLACE INTO creature_display_info_addon VALUES (18959, 0, 0, 0, 0);
REPLACE INTO creature_display_info_addon VALUES (18960, 0, 0, 0, 0);
REPLACE INTO creature_display_info_addon VALUES (18961, 0, 0, 0, 0);
REPLACE INTO creature_display_info_addon VALUES (18962, 0, 0, 0, 0);
REPLACE INTO creature_display_info_addon VALUES (18963, 0, 0, 0, 0);
REPLACE INTO creature_display_info_addon VALUES (18964, 0, 0, 0, 0);
REPLACE INTO creature_display_info_addon VALUES (18965, 0, 0, 0, 0);
REPLACE INTO creature_display_info_addon VALUES (18966, 0, 0, 0, 0);
REPLACE INTO creature_display_info_addon VALUES (18967, 0, 0, 0, 0);
REPLACE INTO creature_display_info_addon VALUES (18968, 0, 0, 0, 0);
REPLACE INTO creature_display_info_addon VALUES (18971, 0, 0, 0, 0);

set @equip_template = 20158; set @weapon_1 = 7730; set @weapon_2 = 0; set @weapon_3 = 0; set @creature = 60902;
replace into creature_equip_template values (@equip_template, @weapon_1, @weapon_2, @weapon_3);
update creature_template set equipment_id = @equip_template where entry = @creature;

set @equip_template = 20157; set @weapon_1 = 4560; set @weapon_2 = 0; set @weapon_3 = 0; set @creature = 60901;
replace into creature_equip_template values (@equip_template, @weapon_1, @weapon_2, @weapon_3);
update creature_template set equipment_id = @equip_template where entry = @creature;

set @equip_template = 20156; set @weapon_1 = 1296; set @weapon_2 = 0; set @weapon_3 = 0; set @creature = 60900;
replace into creature_equip_template values (@equip_template, @weapon_1, @weapon_2, @weapon_3);
update creature_template set equipment_id = @equip_template where entry = @creature;

set @equip_template = 20155; set @weapon_1 = 9452; set @weapon_2 = 0; set @weapon_3 = 0; set @creature = 60899;
replace into creature_equip_template values (@equip_template, @weapon_1, @weapon_2, @weapon_3);
update creature_template set equipment_id = @equip_template where entry = @creature;

set @equip_template = 20154; set @weapon_1 = 852; set @weapon_2 = 0; set @weapon_3 = 0; set @creature = 60898;
replace into creature_equip_template values (@equip_template, @weapon_1, @weapon_2, @weapon_3);
update creature_template set equipment_id = @equip_template where entry = @creature;

set @equip_template = 20153; set @weapon_1 = 4560; set @weapon_2 = 4130; set @weapon_3 = 0; set @creature = 60897;
replace into creature_equip_template values (@equip_template, @weapon_1, @weapon_2, @weapon_3);
update creature_template set equipment_id = @equip_template where entry = @creature;

set @equip_template = 20152; set @weapon_1 = 9602; set @weapon_2 = 0; set @weapon_3 = 0; set @creature = 60896;
replace into creature_equip_template values (@equip_template, @weapon_1, @weapon_2, @weapon_3);
update creature_template set equipment_id = @equip_template where entry = @creature;

set @equip_template = 20151; set @weapon_1 = 2263; set @weapon_2 = 0; set @weapon_3 = 0; set @creature = 60895;
replace into creature_equip_template values (@equip_template, @weapon_1, @weapon_2, @weapon_3);
update creature_template set equipment_id = @equip_template where entry = @creature;

set @equip_template = 20150; set @weapon_1 = 767; set @weapon_2 = 0; set @weapon_3 = 0; set @creature = 60894;
replace into creature_equip_template values (@equip_template, @weapon_1, @weapon_2, @weapon_3);
update creature_template set equipment_id = @equip_template where entry = @creature;

set @equip_template = 20149; set @weapon_1 = 12247; set @weapon_2 = 0; set @weapon_3 = 0; set @creature = 60893;
replace into creature_equip_template values (@equip_template, @weapon_1, @weapon_2, @weapon_3);
update creature_template set equipment_id = @equip_template where entry = @creature;

set @gossip_menu_id = 41191; set @magic_number = 60902;
replace into gossip_menu (entry, text_id, condition_id) VALUES (@gossip_menu_id, @magic_number, '0'); 
replace into broadcast_text (entry, Male_Text) values (@magic_number, 'Keep your faith in the light, and all shall reveal itself.');
replace into npc_text (ID, BroadcastTextID0) values (@magic_number, @magic_number);
update creature_template set gossip_menu_id = @gossip_menu_id where entry = @magic_number;

set @gossip_menu_id = 41190; set @magic_number = 60901;
replace into gossip_menu (entry, text_id, condition_id) VALUES (@gossip_menu_id, @magic_number, '0'); 
replace into broadcast_text (entry, Male_Text) values (@magic_number, 'Our journey has taken much longer then expected, it is about time we bring our efforts against the Horde.');
replace into npc_text (ID, BroadcastTextID0) values (@magic_number, @magic_number);
update creature_template set gossip_menu_id = @gossip_menu_id where entry = @magic_number;

set @gossip_menu_id = 41189; set @magic_number = 60900;
replace into gossip_menu (entry, text_id, condition_id) VALUES (@gossip_menu_id, @magic_number, '0'); 
replace into broadcast_text (entry, Male_Text) values (@magic_number, 'The Deep Tide has been a loyal vessel to Kul Tiras for many years.');
replace into npc_text (ID, BroadcastTextID0) values (@magic_number, @magic_number);
update creature_template set gossip_menu_id = @gossip_menu_id where entry = @magic_number;

set @gossip_menu_id = 41188; set @magic_number = 60899;
replace into gossip_menu (entry, text_id, condition_id) VALUES (@gossip_menu_id, @magic_number, '0'); 
replace into broadcast_text (entry, Male_Text) values (@magic_number, 'What brings you to Anchor\'s Edge of all places?');
replace into npc_text (ID, BroadcastTextID0) values (@magic_number, @magic_number);
update creature_template set gossip_menu_id = @gossip_menu_id where entry = @magic_number;

-- Paladin Danuvis
set @creature_entry = 60902;
set @description = 'Anchor\'s Edge: Paladin Danuvis';
set @spell_list_id = 180047;

set @spellid_1 = 1866; -- Holy Strike
set @probability_1 = 100; 
set @casttarget_1 = 1; 
set @castflags_1 = 4;
set @delayinitialmin_1 = 0; 
set @delayinitialmax_1 = 0; 
set @delayrepeatmin_1 = 15; 
set @delayrepeatmax_1 = 15;

set @spellid_2 = 5588; -- Hammer of Justice
set @probability_2 = 100; 
set @casttarget_2 = 1; 
set @castflags_2 = 4;
set @delayinitialmin_2 = 3; 
set @delayinitialmax_2 = 5; 
set @delayrepeatmin_2 = 30; 
set @delayrepeatmax_2 = 30;

set @spellid_3 = 0;
set @probability_3 = 0; 
set @casttarget_3 = 0; 
set @castflags_3 = 0;
set @delayinitialmin_3 = 0; 
set @delayinitialmax_3 = 0; 
set @delayrepeatmin_3 = 0; 
set @delayrepeatmax_3 = 0;

set @spellid_4 = 0;
set @probability_4 = 0; 
set @casttarget_4 = 0; 
set @castflags_4 = 0;
set @delayinitialmin_4 = 0; 
set @delayinitialmax_4 = 0; 
set @delayrepeatmin_4 = 0; 
set @delayrepeatmax_4 = 0;

set @spellid_5 = 0; 
set @probability_5 = 0; 
set @casttarget_5 = 0; 
set @castflags_5 = 0;
set @delayinitialmin_5 = 0; 
set @delayinitialmax_5 = 0; 
set @delayrepeatmin_5 = 0; 
set @delayrepeatmax_5 = 0;

set @spellid_6 = 0; 
set @probability_6 = 0; 
set @casttarget_6 = 0; 
set @castflags_6 = 0;
set @delayinitialmin_6 = 0; 
set @delayinitialmax_6 = 0; 
set @delayrepeatmin_6 = 0; 
set @delayrepeatmax_6 = 0;

set @spellid_7 = 0; 
set @probability_7 = 0; 
set @casttarget_7 = 0; 
set @castflags_7 = 0;
set @delayinitialmin_7 = 0; 
set @delayinitialmax_7 = 0; 
set @delayrepeatmin_7 = 0; 
set @delayrepeatmax_7 = 0;

set @spellid_8 = 0; 
set @probability_8 = 0; 
set @casttarget_8 = 0; 
set @castflags_8 = 0;
set @delayinitialmin_8 = 0; 
set @delayinitialmax_8 = 0; 
set @delayrepeatmin_8 = 0; 
set @delayrepeatmax_8 = 0;

-- Do not touch this part:
update creature_template set spell_list_id = @spell_list_id, ai_name = '', script_name = '', spell_id1 = 0, spell_id2 = 0, spell_id3 = 0 
where entry = @creature_entry;
replace into creature_spells (entry, name, 
spellid_1, probability_1, casttarget_1, castflags_1, delayinitialmin_1, delayinitialmax_1, delayrepeatmin_1, delayrepeatmax_1, 
spellid_2, probability_2, casttarget_2, castflags_2, delayinitialmin_2, delayinitialmax_2, delayrepeatmin_2, delayrepeatmax_2, 
spellid_3, probability_3, casttarget_3, castflags_3, delayinitialmin_3, delayinitialmax_3, delayrepeatmin_3, delayrepeatmax_3, 
spellid_4, probability_4, casttarget_4, castflags_4, delayinitialmin_4, delayinitialmax_4, delayrepeatmin_4, delayrepeatmax_4, 
spellid_5, probability_5, casttarget_5, castflags_5, delayinitialmin_5, delayinitialmax_5, delayrepeatmin_5, delayrepeatmax_5, 
spellid_6, probability_6, casttarget_6, castflags_6, delayinitialmin_6, delayinitialmax_6, delayrepeatmin_6, delayrepeatmax_6, 
spellid_7, probability_7, casttarget_7, castflags_7, delayinitialmin_7, delayinitialmax_7, delayrepeatmin_7, delayrepeatmax_7, 
spellid_8, probability_8, casttarget_8, castflags_8, delayinitialmin_8, delayinitialmax_8, delayrepeatmin_8, delayrepeatmax_8) 
values (@spell_list_id, @description,
@spellid_1, @probability_1, @casttarget_1, @castflags_1, @delayinitialmin_1, @delayinitialmax_1, @delayrepeatmin_1, @delayrepeatmax_1,
@spellid_2, @probability_2, @casttarget_2, @castflags_2, @delayinitialmin_2, @delayinitialmax_2, @delayrepeatmin_2, @delayrepeatmax_2,
@spellid_3, @probability_3, @casttarget_3, @castflags_3, @delayinitialmin_3, @delayinitialmax_3, @delayrepeatmin_3, @delayrepeatmax_3,
@spellid_4, @probability_4, @casttarget_4, @castflags_4, @delayinitialmin_4, @delayinitialmax_4, @delayrepeatmin_4, @delayrepeatmax_4,
@spellid_5, @probability_5, @casttarget_5, @castflags_5, @delayinitialmin_5, @delayinitialmax_5, @delayrepeatmin_5, @delayrepeatmax_5,
@spellid_6, @probability_6, @casttarget_6, @castflags_6, @delayinitialmin_6, @delayinitialmax_6, @delayrepeatmin_6, @delayrepeatmax_6,
@spellid_7, @probability_7, @casttarget_7, @castflags_7, @delayinitialmin_7, @delayinitialmax_7, @delayrepeatmin_7, @delayrepeatmax_7,
@spellid_8, @probability_8, @casttarget_8, @castflags_8, @delayinitialmin_8, @delayinitialmax_8, @delayrepeatmin_8, @delayrepeatmax_8);

-- Lieutenant Alverold
set @creature_entry = 60901;
set @description = 'Anchor\'s Edge: Lieutenant Alverold';
set @spell_list_id = 180046;

set @spellid_1 = 15652; -- Head Smash
set @probability_1 = 100; 
set @casttarget_1 = 1; 
set @castflags_1 = 4;
set @delayinitialmin_1 = 2; 
set @delayinitialmax_1 = 4; 
set @delayrepeatmin_1 = 20; 
set @delayrepeatmax_1 = 20;

set @spellid_2 = 0;
set @probability_2 = 0; 
set @casttarget_2 = 0; 
set @castflags_2 = 0;
set @delayinitialmin_2 = 0; 
set @delayinitialmax_2 = 0; 
set @delayrepeatmin_2 = 0; 
set @delayrepeatmax_2 = 0;

set @spellid_3 = 0;
set @probability_3 = 0; 
set @casttarget_3 = 0; 
set @castflags_3 = 0;
set @delayinitialmin_3 = 0; 
set @delayinitialmax_3 = 0; 
set @delayrepeatmin_3 = 0; 
set @delayrepeatmax_3 = 0;

set @spellid_4 = 0;
set @probability_4 = 0; 
set @casttarget_4 = 0; 
set @castflags_4 = 0;
set @delayinitialmin_4 = 0; 
set @delayinitialmax_4 = 0; 
set @delayrepeatmin_4 = 0; 
set @delayrepeatmax_4 = 0;

set @spellid_5 = 0; 
set @probability_5 = 0; 
set @casttarget_5 = 0; 
set @castflags_5 = 0;
set @delayinitialmin_5 = 0; 
set @delayinitialmax_5 = 0; 
set @delayrepeatmin_5 = 0; 
set @delayrepeatmax_5 = 0;

set @spellid_6 = 0; 
set @probability_6 = 0; 
set @casttarget_6 = 0; 
set @castflags_6 = 0;
set @delayinitialmin_6 = 0; 
set @delayinitialmax_6 = 0; 
set @delayrepeatmin_6 = 0; 
set @delayrepeatmax_6 = 0;

set @spellid_7 = 0; 
set @probability_7 = 0; 
set @casttarget_7 = 0; 
set @castflags_7 = 0;
set @delayinitialmin_7 = 0; 
set @delayinitialmax_7 = 0; 
set @delayrepeatmin_7 = 0; 
set @delayrepeatmax_7 = 0;

set @spellid_8 = 0; 
set @probability_8 = 0; 
set @casttarget_8 = 0; 
set @castflags_8 = 0;
set @delayinitialmin_8 = 0; 
set @delayinitialmax_8 = 0; 
set @delayrepeatmin_8 = 0; 
set @delayrepeatmax_8 = 0;

-- Do not touch this part:
update creature_template set spell_list_id = @spell_list_id, ai_name = '', script_name = '', spell_id1 = 0, spell_id2 = 0, spell_id3 = 0 
where entry = @creature_entry;
replace into creature_spells (entry, name, 
spellid_1, probability_1, casttarget_1, castflags_1, delayinitialmin_1, delayinitialmax_1, delayrepeatmin_1, delayrepeatmax_1, 
spellid_2, probability_2, casttarget_2, castflags_2, delayinitialmin_2, delayinitialmax_2, delayrepeatmin_2, delayrepeatmax_2, 
spellid_3, probability_3, casttarget_3, castflags_3, delayinitialmin_3, delayinitialmax_3, delayrepeatmin_3, delayrepeatmax_3, 
spellid_4, probability_4, casttarget_4, castflags_4, delayinitialmin_4, delayinitialmax_4, delayrepeatmin_4, delayrepeatmax_4, 
spellid_5, probability_5, casttarget_5, castflags_5, delayinitialmin_5, delayinitialmax_5, delayrepeatmin_5, delayrepeatmax_5, 
spellid_6, probability_6, casttarget_6, castflags_6, delayinitialmin_6, delayinitialmax_6, delayrepeatmin_6, delayrepeatmax_6, 
spellid_7, probability_7, casttarget_7, castflags_7, delayinitialmin_7, delayinitialmax_7, delayrepeatmin_7, delayrepeatmax_7, 
spellid_8, probability_8, casttarget_8, castflags_8, delayinitialmin_8, delayinitialmax_8, delayrepeatmin_8, delayrepeatmax_8) 
values (@spell_list_id, @description,
@spellid_1, @probability_1, @casttarget_1, @castflags_1, @delayinitialmin_1, @delayinitialmax_1, @delayrepeatmin_1, @delayrepeatmax_1,
@spellid_2, @probability_2, @casttarget_2, @castflags_2, @delayinitialmin_2, @delayinitialmax_2, @delayrepeatmin_2, @delayrepeatmax_2,
@spellid_3, @probability_3, @casttarget_3, @castflags_3, @delayinitialmin_3, @delayinitialmax_3, @delayrepeatmin_3, @delayrepeatmax_3,
@spellid_4, @probability_4, @casttarget_4, @castflags_4, @delayinitialmin_4, @delayinitialmax_4, @delayrepeatmin_4, @delayrepeatmax_4,
@spellid_5, @probability_5, @casttarget_5, @castflags_5, @delayinitialmin_5, @delayinitialmax_5, @delayrepeatmin_5, @delayrepeatmax_5,
@spellid_6, @probability_6, @casttarget_6, @castflags_6, @delayinitialmin_6, @delayinitialmax_6, @delayrepeatmin_6, @delayrepeatmax_6,
@spellid_7, @probability_7, @casttarget_7, @castflags_7, @delayinitialmin_7, @delayinitialmax_7, @delayrepeatmin_7, @delayrepeatmax_7,
@spellid_8, @probability_8, @casttarget_8, @castflags_8, @delayinitialmin_8, @delayinitialmax_8, @delayrepeatmin_8, @delayrepeatmax_8);

-- Aquamancer Shaleborn
set @creature_entry = 60899;
set @description = 'Anchor\'s Edge: Aquamancer Shaleborn';
set @spell_list_id = 180045;

set @spellid_1 = 837; -- Frost Bolt
set @probability_1 = 100; 
set @casttarget_1 = 1; 
set @castflags_1 = 4;
set @delayinitialmin_1 = 1; 
set @delayinitialmax_1 = 2; 
set @delayrepeatmin_1 = 6; 
set @delayrepeatmax_1 = 6;

set @spellid_2 = 0;
set @probability_2 = 0; 
set @casttarget_2 = 0; 
set @castflags_2 = 0;
set @delayinitialmin_2 = 0; 
set @delayinitialmax_2 = 0; 
set @delayrepeatmin_2 = 0; 
set @delayrepeatmax_2 = 0;

set @spellid_3 = 0;
set @probability_3 = 0; 
set @casttarget_3 = 0; 
set @castflags_3 = 0;
set @delayinitialmin_3 = 0; 
set @delayinitialmax_3 = 0; 
set @delayrepeatmin_3 = 0; 
set @delayrepeatmax_3 = 0;

set @spellid_4 = 0;
set @probability_4 = 0; 
set @casttarget_4 = 0; 
set @castflags_4 = 0;
set @delayinitialmin_4 = 0; 
set @delayinitialmax_4 = 0; 
set @delayrepeatmin_4 = 0; 
set @delayrepeatmax_4 = 0;

set @spellid_5 = 0; 
set @probability_5 = 0; 
set @casttarget_5 = 0; 
set @castflags_5 = 0;
set @delayinitialmin_5 = 0; 
set @delayinitialmax_5 = 0; 
set @delayrepeatmin_5 = 0; 
set @delayrepeatmax_5 = 0;

set @spellid_6 = 0; 
set @probability_6 = 0; 
set @casttarget_6 = 0; 
set @castflags_6 = 0;
set @delayinitialmin_6 = 0; 
set @delayinitialmax_6 = 0; 
set @delayrepeatmin_6 = 0; 
set @delayrepeatmax_6 = 0;

set @spellid_7 = 0; 
set @probability_7 = 0; 
set @casttarget_7 = 0; 
set @castflags_7 = 0;
set @delayinitialmin_7 = 0; 
set @delayinitialmax_7 = 0; 
set @delayrepeatmin_7 = 0; 
set @delayrepeatmax_7 = 0;

set @spellid_8 = 0; 
set @probability_8 = 0; 
set @casttarget_8 = 0; 
set @castflags_8 = 0;
set @delayinitialmin_8 = 0; 
set @delayinitialmax_8 = 0; 
set @delayrepeatmin_8 = 0; 
set @delayrepeatmax_8 = 0;

-- Do not touch this part:
update creature_template set spell_list_id = @spell_list_id, ai_name = '', script_name = '', spell_id1 = 0, spell_id2 = 0, spell_id3 = 0 
where entry = @creature_entry;
replace into creature_spells (entry, name, 
spellid_1, probability_1, casttarget_1, castflags_1, delayinitialmin_1, delayinitialmax_1, delayrepeatmin_1, delayrepeatmax_1, 
spellid_2, probability_2, casttarget_2, castflags_2, delayinitialmin_2, delayinitialmax_2, delayrepeatmin_2, delayrepeatmax_2, 
spellid_3, probability_3, casttarget_3, castflags_3, delayinitialmin_3, delayinitialmax_3, delayrepeatmin_3, delayrepeatmax_3, 
spellid_4, probability_4, casttarget_4, castflags_4, delayinitialmin_4, delayinitialmax_4, delayrepeatmin_4, delayrepeatmax_4, 
spellid_5, probability_5, casttarget_5, castflags_5, delayinitialmin_5, delayinitialmax_5, delayrepeatmin_5, delayrepeatmax_5, 
spellid_6, probability_6, casttarget_6, castflags_6, delayinitialmin_6, delayinitialmax_6, delayrepeatmin_6, delayrepeatmax_6, 
spellid_7, probability_7, casttarget_7, castflags_7, delayinitialmin_7, delayinitialmax_7, delayrepeatmin_7, delayrepeatmax_7, 
spellid_8, probability_8, casttarget_8, castflags_8, delayinitialmin_8, delayinitialmax_8, delayrepeatmin_8, delayrepeatmax_8) 
values (@spell_list_id, @description,
@spellid_1, @probability_1, @casttarget_1, @castflags_1, @delayinitialmin_1, @delayinitialmax_1, @delayrepeatmin_1, @delayrepeatmax_1,
@spellid_2, @probability_2, @casttarget_2, @castflags_2, @delayinitialmin_2, @delayinitialmax_2, @delayrepeatmin_2, @delayrepeatmax_2,
@spellid_3, @probability_3, @casttarget_3, @castflags_3, @delayinitialmin_3, @delayinitialmax_3, @delayrepeatmin_3, @delayrepeatmax_3,
@spellid_4, @probability_4, @casttarget_4, @castflags_4, @delayinitialmin_4, @delayinitialmax_4, @delayrepeatmin_4, @delayrepeatmax_4,
@spellid_5, @probability_5, @casttarget_5, @castflags_5, @delayinitialmin_5, @delayinitialmax_5, @delayrepeatmin_5, @delayrepeatmax_5,
@spellid_6, @probability_6, @casttarget_6, @castflags_6, @delayinitialmin_6, @delayinitialmax_6, @delayrepeatmin_6, @delayrepeatmax_6,
@spellid_7, @probability_7, @casttarget_7, @castflags_7, @delayinitialmin_7, @delayinitialmax_7, @delayrepeatmin_7, @delayrepeatmax_7,
@spellid_8, @probability_8, @casttarget_8, @castflags_8, @delayinitialmin_8, @delayinitialmax_8, @delayrepeatmin_8, @delayrepeatmax_8);

-- Expedition Cleric
set @creature_entry = 60894;
set @description = 'Anchor\'s Edge: Expedition Cleric';
set @spell_list_id = 180044;

set @spellid_1 = 2053; -- Lesser Heal
set @probability_1 = 100; 
set @casttarget_1 = 15; 
set @castflags_1 = 0;
set @delayinitialmin_1 = 2; 
set @delayinitialmax_1 = 3; 
set @delayrepeatmin_1 = 8; 
set @delayrepeatmax_1 = 8;

set @spellid_2 = 0;
set @probability_2 = 0; 
set @casttarget_2 = 0; 
set @castflags_2 = 0;
set @delayinitialmin_2 = 0; 
set @delayinitialmax_2 = 0; 
set @delayrepeatmin_2 = 0; 
set @delayrepeatmax_2 = 0;

set @spellid_3 = 0;
set @probability_3 = 0; 
set @casttarget_3 = 0; 
set @castflags_3 = 0;
set @delayinitialmin_3 = 0; 
set @delayinitialmax_3 = 0; 
set @delayrepeatmin_3 = 0; 
set @delayrepeatmax_3 = 0;

set @spellid_4 = 0;
set @probability_4 = 0; 
set @casttarget_4 = 0; 
set @castflags_4 = 0;
set @delayinitialmin_4 = 0; 
set @delayinitialmax_4 = 0; 
set @delayrepeatmin_4 = 0; 
set @delayrepeatmax_4 = 0;

set @spellid_5 = 0; 
set @probability_5 = 0; 
set @casttarget_5 = 0; 
set @castflags_5 = 0;
set @delayinitialmin_5 = 0; 
set @delayinitialmax_5 = 0; 
set @delayrepeatmin_5 = 0; 
set @delayrepeatmax_5 = 0;

set @spellid_6 = 0; 
set @probability_6 = 0; 
set @casttarget_6 = 0; 
set @castflags_6 = 0;
set @delayinitialmin_6 = 0; 
set @delayinitialmax_6 = 0; 
set @delayrepeatmin_6 = 0; 
set @delayrepeatmax_6 = 0;

set @spellid_7 = 0; 
set @probability_7 = 0; 
set @casttarget_7 = 0; 
set @castflags_7 = 0;
set @delayinitialmin_7 = 0; 
set @delayinitialmax_7 = 0; 
set @delayrepeatmin_7 = 0; 
set @delayrepeatmax_7 = 0;

set @spellid_8 = 0; 
set @probability_8 = 0; 
set @casttarget_8 = 0; 
set @castflags_8 = 0;
set @delayinitialmin_8 = 0; 
set @delayinitialmax_8 = 0; 
set @delayrepeatmin_8 = 0; 
set @delayrepeatmax_8 = 0;

-- Do not touch this part:
update creature_template set spell_list_id = @spell_list_id, ai_name = '', script_name = '', spell_id1 = 0, spell_id2 = 0, spell_id3 = 0 
where entry = @creature_entry;
replace into creature_spells (entry, name, 
spellid_1, probability_1, casttarget_1, castflags_1, delayinitialmin_1, delayinitialmax_1, delayrepeatmin_1, delayrepeatmax_1, 
spellid_2, probability_2, casttarget_2, castflags_2, delayinitialmin_2, delayinitialmax_2, delayrepeatmin_2, delayrepeatmax_2, 
spellid_3, probability_3, casttarget_3, castflags_3, delayinitialmin_3, delayinitialmax_3, delayrepeatmin_3, delayrepeatmax_3, 
spellid_4, probability_4, casttarget_4, castflags_4, delayinitialmin_4, delayinitialmax_4, delayrepeatmin_4, delayrepeatmax_4, 
spellid_5, probability_5, casttarget_5, castflags_5, delayinitialmin_5, delayinitialmax_5, delayrepeatmin_5, delayrepeatmax_5, 
spellid_6, probability_6, casttarget_6, castflags_6, delayinitialmin_6, delayinitialmax_6, delayrepeatmin_6, delayrepeatmax_6, 
spellid_7, probability_7, casttarget_7, castflags_7, delayinitialmin_7, delayinitialmax_7, delayrepeatmin_7, delayrepeatmax_7, 
spellid_8, probability_8, casttarget_8, castflags_8, delayinitialmin_8, delayinitialmax_8, delayrepeatmin_8, delayrepeatmax_8) 
values (@spell_list_id, @description,
@spellid_1, @probability_1, @casttarget_1, @castflags_1, @delayinitialmin_1, @delayinitialmax_1, @delayrepeatmin_1, @delayrepeatmax_1,
@spellid_2, @probability_2, @casttarget_2, @castflags_2, @delayinitialmin_2, @delayinitialmax_2, @delayrepeatmin_2, @delayrepeatmax_2,
@spellid_3, @probability_3, @casttarget_3, @castflags_3, @delayinitialmin_3, @delayinitialmax_3, @delayrepeatmin_3, @delayrepeatmax_3,
@spellid_4, @probability_4, @casttarget_4, @castflags_4, @delayinitialmin_4, @delayinitialmax_4, @delayrepeatmin_4, @delayrepeatmax_4,
@spellid_5, @probability_5, @casttarget_5, @castflags_5, @delayinitialmin_5, @delayinitialmax_5, @delayrepeatmin_5, @delayrepeatmax_5,
@spellid_6, @probability_6, @casttarget_6, @castflags_6, @delayinitialmin_6, @delayinitialmax_6, @delayrepeatmin_6, @delayrepeatmax_6,
@spellid_7, @probability_7, @casttarget_7, @castflags_7, @delayinitialmin_7, @delayinitialmax_7, @delayrepeatmin_7, @delayrepeatmax_7,
@spellid_8, @probability_8, @casttarget_8, @castflags_8, @delayinitialmin_8, @delayinitialmax_8, @delayrepeatmin_8, @delayrepeatmax_8);