
-- Changes by WOJI
REPLACE INTO `creature` VALUES (2581574,61805,0,0,0,0,4303.09,-3041.84,22.9239,3.8959,120,120,0,100,100,0,0,0);
UPDATE `creature` SET `position_x` = 4297.882812, `position_y` = -3044.313721, `position_z` = 22.923901, `orientation` = 0.683621 WHERE `guid` = 2581574;
UPDATE `creature` SET `position_x` = 4300.506836, `position_y` = -3046.633545, `position_z` = 22.923901, `orientation` = 1.080247 WHERE `guid` = 2581572;
UPDATE `creature` SET `position_x` = 4302.142578, `position_y` = -3047.233887, `position_z` = 22.923901, `orientation` = 1.264816 WHERE `guid` = 2563293;
UPDATE `creature` SET `position_x` = 4296.511719, `position_y` = -3041.695068, `position_z` = 22.923901, `orientation` = 0.239870 WHERE `guid` = 2581573;
REPLACE INTO `creature` VALUES (2581575,61804,0,0,0,0,4303.24,-3045.81,22.9239,3.80951,120,120,0,100,100,0,0,0);
UPDATE `creature` SET `position_x` = 4296.433594, `position_y` = -3040.319824, `position_z` = 22.923901, `orientation` = 0.145614 WHERE `guid` = 2581575;
REPLACE INTO `creature` VALUES (2581576,61801,0,0,0,0,3443.04,-2785.65,93.4381,2.6801,120,120,0,100,100,0,0,0);
UPDATE `creature` SET `position_x` = 3430.025635, `position_y` = -2779.759277, `position_z` = 93.274490, `orientation` = 0.724460 WHERE `guid` = 2581576;
REPLACE INTO `creature` VALUES (2581577,61848,0,0,0,0,3800.89,-2368.79,46.7004,1.13129,120,120,0,100,100,0,0,0);
REPLACE INTO `creature` VALUES (2581578,61848,0,0,0,0,3793.04,-2366.31,46.9148,2.10911,120,120,0,100,100,0,0,0);
REPLACE INTO `creature` VALUES (2581579,61848,0,0,0,0,3761.66,-2384.36,47.3701,5.39207,120,120,0,100,100,0,0,0);
REPLACE INTO `creature` VALUES (2581580,61848,0,0,0,0,3780.96,-2369.92,47.6406,3.11049,120,120,0,100,100,0,0,0);
REPLACE INTO `creature` VALUES (2581581,61848,0,0,0,0,3789.82,-2371.2,46.9897,2.96125,120,120,0,100,100,0,0,0);
REPLACE INTO `creature` VALUES (2581582,61848,0,0,0,0,3796.21,-2384.24,46.7493,3.14583,120,120,0,100,100,0,0,0);
REPLACE INTO `creature` VALUES (2581583,61848,0,0,0,0,3772.7,-2379.8,47.1284,6.27171,120,120,0,100,100,0,0,0);
REPLACE INTO `creature_movement` (`id`, `point`, `position_x`, `position_y`, `position_z`, `orientation`) VALUES (2581583,1, 3776.515137,-2379.884521,47.118244, 100);
REPLACE INTO `creature_movement` (`id`, `point`, `position_x`, `position_y`, `position_z`, `orientation`) VALUES (2581583,2, 3780.918457,-2379.817139,47.095387, 100);
REPLACE INTO `creature_movement` (`id`, `point`, `position_x`, `position_y`, `position_z`, `orientation`) VALUES (2581583,3, 3785.293213,-2379.751221,47.056087, 100);
REPLACE INTO `creature_movement` (`id`, `point`, `position_x`, `position_y`, `position_z`, `orientation`) VALUES (2581583,4, 3791.003418,-2379.653809,46.924271, 100);
REPLACE INTO `creature_movement` (`id`, `point`, `position_x`, `position_y`, `position_z`, `orientation`) VALUES (2581583,5, 3794.793701,-2379.606445,46.783485, 100);
REPLACE INTO `creature_movement` (`id`, `point`, `position_x`, `position_y`, `position_z`, `orientation`) VALUES (2581583,6, 3796.347168,-2379.887695,46.739468, 100);
REPLACE INTO `creature_movement` (`id`, `point`, `position_x`, `position_y`, `position_z`, `orientation`) VALUES (2581583,7, 3799.381104,-2380.439941,46.677494, 100);
REPLACE INTO `creature_movement` (`id`, `point`, `position_x`, `position_y`, `position_z`, `orientation`) VALUES (2581583,8, 3800.199951,-2379.764893,46.662895, 100);
REPLACE INTO `creature_movement` (`id`, `point`, `position_x`, `position_y`, `position_z`, `orientation`) VALUES (2581583,9, 3797.769531,-2380.363525,46.713318, 100);
REPLACE INTO `creature_movement` (`id`, `point`, `position_x`, `position_y`, `position_z`, `orientation`) VALUES (2581583,10, 3792.279785,-2380.816406,46.871586, 100);
REPLACE INTO `creature_movement` (`id`, `point`, `position_x`, `position_y`, `position_z`, `orientation`) VALUES (2581583,11, 3788.127930,-2380.676270,47.011566, 100);
REPLACE INTO `creature_movement` (`id`, `point`, `position_x`, `position_y`, `position_z`, `orientation`) VALUES (2581583,12, 3780.537354,-2380.323486,47.097233, 100);
REPLACE INTO `creature` VALUES (2581583,61848,0,0,0,0,3772.7,-2379.8,47.1284,6.27171,300,300,0,100,100,2,0,0);
REPLACE INTO `creature_movement` (`id`, `point`, `position_x`, `position_y`, `position_z`, `orientation`) VALUES (2581582,1, 3793.445068,-2384.880615,46.850830, 100);
REPLACE INTO `creature_movement` (`id`, `point`, `position_x`, `position_y`, `position_z`, `orientation`) VALUES (2581582,2, 3788.788818,-2385.702148,47.000671, 100);
REPLACE INTO `creature_movement` (`id`, `point`, `position_x`, `position_y`, `position_z`, `orientation`) VALUES (2581582,3, 3784.061523,-2386.553711,47.060478, 100);
REPLACE INTO `creature_movement` (`id`, `point`, `position_x`, `position_y`, `position_z`, `orientation`) VALUES (2581582,4, 3777.991455,-2387.647949,47.108845, 100);
REPLACE INTO `creature_movement` (`id`, `point`, `position_x`, `position_y`, `position_z`, `orientation`) VALUES (2581582,5, 3772.609863,-2388.634766,47.147839, 100);
REPLACE INTO `creature_movement` (`id`, `point`, `position_x`, `position_y`, `position_z`, `orientation`) VALUES (2581582,6, 3770.122314,-2387.341553,47.174496, 100);
REPLACE INTO `creature_movement` (`id`, `point`, `position_x`, `position_y`, `position_z`, `orientation`) VALUES (2581582,7, 3765.088135,-2384.769043,47.194588, 100);
REPLACE INTO `creature_movement` (`id`, `point`, `position_x`, `position_y`, `position_z`, `orientation`) VALUES (2581582,8, 3762.008789,-2383.048096,47.217609, 100);
REPLACE INTO `creature_movement` (`id`, `point`, `position_x`, `position_y`, `position_z`, `orientation`) VALUES (2581582,9, 3758.641357,-2382.767090,47.302696, 100);
REPLACE INTO `creature_movement` (`id`, `point`, `position_x`, `position_y`, `position_z`, `orientation`) VALUES (2581582,10, 3757.793213,-2377.357910,47.226315, 100);
REPLACE INTO `creature_movement` (`id`, `point`, `position_x`, `position_y`, `position_z`, `orientation`) VALUES (2581582,11, 3757.120361,-2372.613525,47.212742, 100);
REPLACE INTO `creature_movement` (`id`, `point`, `position_x`, `position_y`, `position_z`, `orientation`) VALUES (2581582,12, 3756.951904,-2365.648438,47.249313, 100);
REPLACE INTO `creature_movement` (`id`, `point`, `position_x`, `position_y`, `position_z`, `orientation`) VALUES (2581582,13, 3756.849121,-2360.807129,47.350296, 100);
REPLACE INTO `creature_movement` (`id`, `point`, `position_x`, `position_y`, `position_z`, `orientation`) VALUES (2581582,14, 3756.728516,-2365.169678,47.257843, 100);
REPLACE INTO `creature_movement` (`id`, `point`, `position_x`, `position_y`, `position_z`, `orientation`) VALUES (2581582,15, 3756.119629,-2370.913330,47.238953, 100);
REPLACE INTO `creature_movement` (`id`, `point`, `position_x`, `position_y`, `position_z`, `orientation`) VALUES (2581582,16, 3755.800537,-2376.635254,47.262951, 100);
REPLACE INTO `creature_movement` (`id`, `point`, `position_x`, `position_y`, `position_z`, `orientation`) VALUES (2581582,17, 3760.002686,-2379.170166,47.203300, 100);
REPLACE INTO `creature_movement` (`id`, `point`, `position_x`, `position_y`, `position_z`, `orientation`) VALUES (2581582,18, 3764.660400,-2382.395508,47.171749, 100);
REPLACE INTO `creature_movement` (`id`, `point`, `position_x`, `position_y`, `position_z`, `orientation`) VALUES (2581582,19, 3767.974365,-2386.023193,47.175087, 100);
REPLACE INTO `creature_movement` (`id`, `point`, `position_x`, `position_y`, `position_z`, `orientation`) VALUES (2581582,20, 3772.170654,-2386.212891,47.144951, 100);
REPLACE INTO `creature_movement` (`id`, `point`, `position_x`, `position_y`, `position_z`, `orientation`) VALUES (2581582,21, 3779.857178,-2385.918457,47.096512, 100);
REPLACE INTO `creature_movement` (`id`, `point`, `position_x`, `position_y`, `position_z`, `orientation`) VALUES (2581582,22, 3785.403809,-2385.354492,47.046383, 100);
REPLACE INTO `creature_movement` (`id`, `point`, `position_x`, `position_y`, `position_z`, `orientation`) VALUES (2581582,23, 3790.949951,-2384.781006,46.938133, 100);
REPLACE INTO `creature` VALUES (2581582,61848,0,0,0,0,3796.21,-2384.24,46.7493,3.14583,300,300,0,100,100,2,0,0);
REPLACE INTO `creature_addon` (`guid`, `emote_state`) VALUES (2581577, 37);
REPLACE INTO `creature_addon` (`guid`, `emote_state`) VALUES (2581578, 37);
REPLACE INTO `creature_addon` (`guid`, `emote_state`) VALUES (2581581, 37);
REPLACE INTO `creature_addon` (`guid`, `emote_state`) VALUES (2581581, 398);
UPDATE `creature` SET `position_x` = 3790.825195, `position_y` = -2371.028564, `position_z` = 46.965046, `orientation` = 3.028008 WHERE `guid` = 2581581;
REPLACE INTO `creature_addon` (`guid`, `emote_state`) VALUES (2581579, 69);
REPLACE INTO `creature` VALUES (2581584,883,0,0,0,0,3793.64,-2373.17,46.8853,6.09499,120,120,5,100,100,1,0,0);
DELETE FROM creature WHERE guid=2581584;
DELETE FROM creature_addon WHERE guid=2581584;
DELETE FROM creature_movement WHERE id=2581584;
DELETE FROM game_event_creature WHERE guid=2581584;
DELETE FROM game_event_creature_data WHERE guid=2581584;
DELETE FROM creature_battleground WHERE guid=2581584;
REPLACE INTO `creature` VALUES (2581585,61848,0,0,0,0,3793.64,-2373.17,46.8853,6.13033,120,120,0,100,100,0,0,0);
REPLACE INTO `creature` VALUES (2581586,61848,0,0,0,0,3796.11,-2374.08,46.7961,2.85914,120,120,0,100,100,0,0,0);
REPLACE INTO `creature_addon` (`guid`, `emote_state`) VALUES (2581585, 45);
REPLACE INTO `creature_addon` (`guid`, `emote_state`) VALUES (2581586, 54);
REPLACE INTO `creature_addon` (`guid`, `emote_state`) VALUES (2581586, 36);
REPLACE INTO `creature_addon` (`guid`, `emote_state`) VALUES (2581586, 54);
REPLACE INTO `creature_addon` (`guid`, `emote_state`) VALUES (2581586, 45);
REPLACE INTO `creature` VALUES (2581587,61849,0,0,0,0,3761.91,-2365.86,47.6205,5.96696,120,120,0,100,100,0,0,0);
REPLACE INTO `creature` VALUES (2581588,61801,0,0,0,0,3775.92,-2374.08,53.6336,4.67891,120,120,0,100,100,0,0,0);
DELETE FROM creature WHERE guid=2581588;
DELETE FROM creature_addon WHERE guid=2581588;
DELETE FROM creature_movement WHERE id=2581588;
DELETE FROM game_event_creature WHERE guid=2581588;
DELETE FROM game_event_creature_data WHERE guid=2581588;
DELETE FROM creature_battleground WHERE guid=2581588;
REPLACE INTO `creature` VALUES (2581589,61848,0,0,0,0,3775.92,-2374.08,53.6336,4.67891,120,120,0,100,100,0,0,0);
REPLACE INTO `creature` VALUES (2581590,61848,0,0,0,0,3766.58,-2378.74,53.6199,4.60429,120,120,0,100,100,0,0,0);
REPLACE INTO `creature` VALUES (2581591,61848,0,0,0,0,3760.71,-2372.42,53.6562,3.14345,120,120,0,100,100,0,0,0);
REPLACE INTO `creature` VALUES (2581592,61848,0,0,0,0,3762.03,-2368.08,53.7206,0.041126,120,120,0,100,100,0,0,0);
REPLACE INTO `creature_movement` (`id`, `point`, `position_x`, `position_y`, `position_z`, `orientation`) VALUES (2581592,1, 3764.214355,-2368.125732,53.720848, 100);
REPLACE INTO `creature_movement` (`id`, `point`, `position_x`, `position_y`, `position_z`, `orientation`) VALUES (2581592,2, 3766.292969,-2368.162598,53.721485, 100);
REPLACE INTO `creature_movement` (`id`, `point`, `position_x`, `position_y`, `position_z`, `orientation`) VALUES (2581592,3, 3768.476562,-2368.201416,53.722149, 100);
REPLACE INTO `creature_movement` (`id`, `point`, `position_x`, `position_y`, `position_z`, `orientation`) VALUES (2581592,4, 3768.476562,-2368.201416,53.722149, 100);
REPLACE INTO `creature_movement` (`id`, `point`, `position_x`, `position_y`, `position_z`, `orientation`) VALUES (2581592,5, 3773.613770,-2368.292725,53.723644, 100);
REPLACE INTO `creature_movement` (`id`, `point`, `position_x`, `position_y`, `position_z`, `orientation`) VALUES (2581592,6, 3777.113281,-2368.354980,53.724689, 100);
REPLACE INTO `creature_movement` (`id`, `point`, `position_x`, `position_y`, `position_z`, `orientation`) VALUES (2581592,7, 3778.205078,-2368.374268,53.725018, 100);
REPLACE INTO `creature_movement` (`id`, `point`, `position_x`, `position_y`, `position_z`, `orientation`) VALUES (2581592,8, 3781.592529,-2368.434570,53.725018, 100);
REPLACE INTO `creature_movement` (`id`, `point`, `position_x`, `position_y`, `position_z`, `orientation`) VALUES (2581592,9, 3784.000732,-2368.442627,53.725018, 100);
REPLACE INTO `creature_movement` (`id`, `point`, `position_x`, `position_y`, `position_z`, `orientation`) VALUES (2581592,10, 3783.871338,-2370.952148,53.703876, 100);
REPLACE INTO `creature_movement` (`id`, `point`, `position_x`, `position_y`, `position_z`, `orientation`) VALUES (2581592,11, 3783.938721,-2372.052002,53.686081, 100);
REPLACE INTO `creature_movement` (`id`, `point`, `position_x`, `position_y`, `position_z`, `orientation`) VALUES (2581592,12, 3783.875000,-2368.552490,53.725410, 100);
REPLACE INTO `creature_movement` (`id`, `point`, `position_x`, `position_y`, `position_z`, `orientation`) VALUES (2581592,13, 3783.859375,-2363.955322,53.683636, 100);
REPLACE INTO `creature_movement` (`id`, `point`, `position_x`, `position_y`, `position_z`, `orientation`) VALUES (2581592,14, 3783.859375,-2363.955322,53.683636, 100);
REPLACE INTO `creature_movement` (`id`, `point`, `position_x`, `position_y`, `position_z`, `orientation`) VALUES (2581592,15, 3782.268555,-2357.413818,53.618984, 100);
REPLACE INTO `creature_movement` (`id`, `point`, `position_x`, `position_y`, `position_z`, `orientation`) VALUES (2581592,16, 3780.379883,-2357.312012,53.618984, 100);
REPLACE INTO `creature_movement` (`id`, `point`, `position_x`, `position_y`, `position_z`, `orientation`) VALUES (2581592,17, 3778.966309,-2359.100586,53.618984, 100);
REPLACE INTO `creature_movement` (`id`, `point`, `position_x`, `position_y`, `position_z`, `orientation`) VALUES (2581592,18, 3778.198975,-2361.032471,53.623753, 100);
REPLACE INTO `creature_movement` (`id`, `point`, `position_x`, `position_y`, `position_z`, `orientation`) VALUES (2581592,19, 3777.758545,-2362.383545,53.654160, 100);
REPLACE INTO `creature_movement` (`id`, `point`, `position_x`, `position_y`, `position_z`, `orientation`) VALUES (2581592,20, 3774.259277,-2362.302734,53.654945, 100);
REPLACE INTO `creature_movement` (`id`, `point`, `position_x`, `position_y`, `position_z`, `orientation`) VALUES (2581592,21, 3770.767334,-2362.065430,53.654945, 100);
REPLACE INTO `creature_movement` (`id`, `point`, `position_x`, `position_y`, `position_z`, `orientation`) VALUES (2581592,22, 3767.274902,-2361.843018,53.653503, 100);
REPLACE INTO `creature_movement` (`id`, `point`, `position_x`, `position_y`, `position_z`, `orientation`) VALUES (2581592,23, 3763.239014,-2361.702637,53.651875, 100);
REPLACE INTO `creature_movement` (`id`, `point`, `position_x`, `position_y`, `position_z`, `orientation`) VALUES (2581592,24, 3763.097656,-2362.119873,53.661488, 100);
REPLACE INTO `creature_movement` (`id`, `point`, `position_x`, `position_y`, `position_z`, `orientation`) VALUES (2581592,25, 3762.415771,-2365.992920,53.719482, 100);
REPLACE INTO `creature` VALUES (2581592,61848,0,0,0,0,3762.03,-2368.08,53.7206,0.041126,300,300,0,100,100,2,0,0);
REPLACE INTO `creature` VALUES (2581593,61844,0,0,0,0,4327.53,-2078.39,9.70017,4.17468,120,120,0,100,100,0,0,0);
DELETE FROM creature WHERE guid=2581593;
DELETE FROM creature_addon WHERE guid=2581593;
DELETE FROM creature_movement WHERE id=2581593;
DELETE FROM game_event_creature WHERE guid=2581593;
DELETE FROM game_event_creature_data WHERE guid=2581593;
DELETE FROM creature_battleground WHERE guid=2581593;
REPLACE INTO `creature` VALUES (2581594,61845,0,0,0,0,4326.7,-2080.36,9.77396,4.01759,120,120,0,100,100,0,0,0);

-- Changes by REN
REPLACE INTO `creature` VALUES (2581595,61844,0,0,0,0,4287.75,-2097.45,16.6929,4.07318,120,120,0,100,100,0,0,0);
REPLACE INTO `creature` VALUES (2581596,61844,0,0,0,0,4302.71,-2117.61,18.0103,3.41737,120,120,0,100,100,0,0,0);
REPLACE INTO `creature` VALUES (2581597,61844,0,0,0,0,4345.38,-2117.2,23.8578,4.67008,120,120,0,100,100,0,0,0);
REPLACE INTO `creature` VALUES (2581598,61844,0,0,0,0,4340.04,-2117.07,23.1532,4.3245,120,120,0,100,100,0,0,0);
REPLACE INTO `creature` VALUES (2581599,61844,0,0,0,0,4286.45,-2080.32,17.6023,3.42914,120,120,0,100,100,0,0,0);
REPLACE INTO `creature` VALUES (2581600,61844,0,0,0,0,4319.93,-2136.7,22.3036,5.0235,120,120,0,100,100,0,0,0);
REPLACE INTO `creature` VALUES (2581600,61844,0,0,0,0,4319.93,-2136.7,22.3036,5.0235,300,300,4,100,100,1,0,0);
REPLACE INTO `creature` VALUES (2581600,61844,0,0,0,0,4319.93,-2136.7,22.3036,5.0235,300,300,3,100,100,1,0,0);
REPLACE INTO `creature` VALUES (2581599,61844,0,0,0,0,4286.45,-2080.32,17.6023,3.42914,300,300,3,100,100,1,0,0);
REPLACE INTO `creature` VALUES (2581597,61844,0,0,0,0,4345.38,-2117.2,23.8578,4.67008,300,300,5,100,100,1,0,0);
REPLACE INTO `creature` VALUES (2581598,61844,0,0,0,0,4340.04,-2117.07,23.1532,4.3245,300,300,5,100,100,1,0,0);

-- Changes by WOJI
DELETE FROM creature WHERE guid=2581501;
DELETE FROM creature_addon WHERE guid=2581501;
DELETE FROM creature_movement WHERE id=2581501;
DELETE FROM game_event_creature WHERE guid=2581501;
DELETE FROM game_event_creature_data WHERE guid=2581501;
DELETE FROM creature_battleground WHERE guid=2581501;
REPLACE INTO `creature` VALUES (2581601,61797,0,0,0,0,4427.62,-1829.78,33.1886,4.26889,120,120,0,100,100,0,0,0);
REPLACE INTO `creature` VALUES (2581602,61831,0,0,0,0,4157.27,-2703.46,20.5821,4.7252,120,120,0,100,100,0,0,0);
UPDATE `creature` SET `position_x` = 3251.126221, `position_y` = -1827.717285, `position_z` = 140.710312, `orientation` = 2.034659 WHERE `guid` = 2581121;
UPDATE `creature` SET `position_x` = 3254.386230, `position_y` = -1822.661011, `position_z` = 140.710159, `orientation` = 2.780788 WHERE `guid` = 2581119;
REPLACE INTO `creature_addon` (`guid`, `emote_state`) VALUES (2581121, 376);
REPLACE INTO `creature_addon` (`guid`, `emote_state`) VALUES (2581121, 0);

-- Changes by DRAGU
UPDATE `creature` SET `position_x` = 2677.332764, `position_y` = -2779.616211, `position_z` = 190.893875, `orientation` = 5.556782 WHERE `guid` = 2581180;
UPDATE `creature` SET `position_x` = 2687.099854, `position_y` = -2769.276367, `position_z` = 191.810272, `orientation` = 5.556782 WHERE `guid` = 2581181;

-- Changes by SHANG
UPDATE `creature` SET `position_x` = -252.131454, `position_y` = -7492.892090, `position_z` = 73.191269, `orientation` = 3.314600 WHERE `guid` = 2581145;
UPDATE `creature` SET `position_x` = -251.538940, `position_y` = -7499.523926, `position_z` = 73.191391, `orientation` = 2.879106 WHERE `guid` = 2581308;
REPLACE INTO `creature` VALUES (2581603,61736,0,0,0,1,-252.911,-7497.42,73.1914,1.99946,120,120,0,100,100,0,0,0);
REPLACE INTO `creature` VALUES (2581604,61736,0,0,0,1,-253.015,-7495.91,73.1914,4.66982,120,120,0,100,100,0,0,0);
REPLACE INTO `gameobject` VALUES ( 5017361, 2020069, 1, -439.608, -7844.19, 12.997, 0.0567659, 0, 0, 0.0283792, 0.999597, 300, 300, 100, 1, 0, 0);
REPLACE INTO `gameobject` VALUES ( 5017362, 2020069, 1, -365.227, -7818.37, 13.5855, 1.44221, 0, 0, 0.660213, 0.751078, 300, 300, 100, 1, 0, 0);
REPLACE INTO `gameobject` VALUES ( 5017363, 2020069, 1, -349.861, -7915.4, 6.61182, 4.82727, 0, 0, 0.665347, -0.746535, 300, 300, 100, 1, 0, 0);
REPLACE INTO `gameobject` VALUES ( 5017364, 2020069, 1, -405.661, -7983.96, -22.7702, 3.55414, 0, 0, 0.978801, -0.204813, 300, 300, 100, 1, 0, 0);
REPLACE INTO `gameobject` VALUES ( 5017365, 2020069, 1, -352.154, -8055.95, -14.6091, 5.89462, 0, 0, 0.193063, -0.981186, 300, 300, 100, 1, 0, 0);
REPLACE INTO `gameobject` VALUES ( 5017366, 2020069, 1, -314.822, -8024.98, -6.40008, 1.88281, 0, 0, 0.808385, 0.588654, 300, 300, 100, 1, 0, 0);
REPLACE INTO `gameobject` VALUES ( 5017367, 2020069, 1, -292.986, -7923.08, 13.3254, 1.50346, 0, 0, 0.682903, 0.730509, 300, 300, 100, 1, 0, 0);
REPLACE INTO `gameobject` VALUES ( 5017368, 2020069, 1, -328.102, -7877.78, 14.3261, 5.44223, 0, 0, 0.408196, -0.912894, 300, 300, 100, 1, 0, 0);
REPLACE INTO `gameobject` VALUES ( 5017369, 2020069, 1, -223.072, -7941.42, 14.4802, 1.86552, 0, 0, 0.803267, 0.59562, 300, 300, 100, 1, 0, 0);
REPLACE INTO `gameobject` VALUES ( 5017370, 2020069, 1, -140.128, -7969.59, 14.6276, 3.90205, 0, 0, 0.928579, -0.371135, 300, 300, 100, 1, 0, 0);
REPLACE INTO `gameobject` VALUES ( 5017371, 2020069, 1, -108.931, -8000.32, 14.7781, 3.82901, 0, 0, 0.941511, -0.336982, 300, 300, 100, 1, 0, 0);
REPLACE INTO `gameobject` VALUES ( 5017372, 2020069, 1, -165.763, -8040.8, 9.10987, 2.72553, 0, 0, 0.978439, 0.206536, 300, 300, 100, 1, 0, 0);
REPLACE INTO `gameobject` VALUES ( 5017373, 2020069, 1, -202.56, -8072.5, -5.99159, 3.69863, 0, 0, 0.961463, -0.274933, 300, 300, 100, 1, 0, 0);
REPLACE INTO `gameobject` VALUES ( 5017374, 2020069, 1, -230.606, -8159.35, -19.2601, 4.89165, 0, 0, 0.640976, -0.767561, 300, 300, 100, 1, 0, 0);
REPLACE INTO `gameobject` VALUES ( 5017375, 2020069, 1, -174.266, -8119.64, -9.48531, 6.24725, 0, 0, 0.0179683, -0.999839, 300, 300, 100, 1, 0, 0);
REPLACE INTO `gameobject` VALUES ( 5017376, 2020069, 1, -81.8268, -8064.72, 10.5048, 0.827214, 0, 0, 0.401915, 0.915677, 300, 300, 100, 1, 0, 0);
REPLACE INTO `gameobject` VALUES ( 5017377, 2020069, 1, -20.695, -8003.69, 14.4536, 5.88125, 0, 0, 0.199617, -0.979874, 300, 300, 100, 1, 0, 0);
REPLACE INTO `gameobject` VALUES ( 5017378, 2020069, 1, 48.7603, -7999.41, 14.4524, 2.08464, 0, 0, 0.863576, 0.504219, 300, 300, 100, 1, 0, 0);
REPLACE INTO `gameobject` VALUES ( 5017379, 2020069, 1, 54.0669, -8054.25, 13.9481, 4.62148, 0, 0, 0.738508, -0.674245, 300, 300, 100, 1, 0, 0);
REPLACE INTO `gameobject` VALUES ( 5017380, 2020069, 1, 87.9213, -8096.04, 6.89641, 5.96765, 0, 0, 0.157116, -0.98758, 300, 300, 100, 1, 0, 0);
REPLACE INTO `gameobject` VALUES ( 5017381, 2020069, 1, 148.325, -8094.28, 9.04182, 1.18143, 0, 0, 0.556955, 0.830543, 300, 300, 100, 1, 0, 0);
REPLACE INTO `gameobject` VALUES ( 5017382, 2020069, 1, 159.451, -8172.57, -8.3351, 4.71572, 0, 0, 0.705929, -0.708283, 300, 300, 100, 1, 0, 0);
REPLACE INTO `gameobject` VALUES ( 5017383, 2020069, 1, 220.693, -8222.27, -17.1615, 4.64347, 0, 0, 0.731049, -0.682325, 300, 300, 100, 1, 0, 0);
REPLACE INTO `gameobject` VALUES ( 5017384, 2020069, 1, 293.204, -8191.56, -15.7989, 1.13746, 0, 0, 0.538561, 0.842586, 300, 300, 100, 1, 0, 0);
REPLACE INTO `gameobject` VALUES ( 5017385, 2020069, 1, 424.317, -8192.3, -27.7944, 5.95273, 0, 0, 0.164477, -0.986381, 300, 300, 100, 1, 0, 0);
REPLACE INTO `gameobject` VALUES ( 5017386, 2020069, 1, 370.723, -8095.32, 3.52227, 3.40097, 0, 0, 0.991602, -0.129327, 300, 300, 100, 1, 0, 0);
REPLACE INTO `gameobject` VALUES ( 5017387, 2020069, 1, 332.235, -8049.42, 13.7415, 0.729833, 0, 0, 0.356871, 0.934154, 300, 300, 100, 1, 0, 0);
REPLACE INTO `gameobject` VALUES ( 5017388, 2020069, 1, 361.887, -8017.44, 14.6735, 1.58984, 0, 0, 0.713809, 0.70034, 300, 300, 100, 1, 0, 0);
REPLACE INTO `gameobject` VALUES ( 5017389, 2020069, 1, 423.692, -8030.22, 8.96225, 5.36761, 0, 0, 0.441965, -0.897032, 300, 300, 100, 1, 0, 0);
REPLACE INTO `gameobject` VALUES ( 5017390, 2020069, 1, 450.702, -7957.4, 11.2242, 2.47106, 0, 0, 0.944323, 0.32902, 300, 300, 100, 1, 0, 0);
REPLACE INTO `gameobject` VALUES ( 5017391, 2020069, 1, 486.168, -7891.95, 6.97883, 5.74617, 0, 0, 0.265292, -0.964168, 300, 300, 100, 1, 0, 0);
REPLACE INTO `gameobject` VALUES ( 5017392, 2020069, 1, 503.535, -7867.94, 5.01591, 4.41335, 0, 0, 0.80455, -0.593885, 300, 300, 100, 1, 0, 0);
REPLACE INTO `gameobject` VALUES ( 5017393, 2020069, 1, 455.399, -7829.64, 8.68425, 1.45318, 0, 0, 0.664326, 0.747443, 300, 300, 100, 1, 0, 0);
REPLACE INTO `gameobject` VALUES ( 5017394, 2020069, 1, 575.385, -7858.59, -6.6348, 6.08075, 0, 0, 0.101045, -0.994882, 300, 300, 100, 1, 0, 0);
REPLACE INTO `gameobject` VALUES ( 5017395, 2020069, 1, 652.669, -7924.73, -16.127, 4.61911, 0, 0, 0.739304, -0.673371, 300, 300, 100, 1, 0, 0);
REPLACE INTO `gameobject` VALUES ( 5017396, 2020069, 1, 607.493, -8007, -20.3365, 3.39625, 0, 0, 0.991905, -0.126983, 300, 300, 100, 1, 0, 0);
REPLACE INTO `gameobject` VALUES ( 5017397, 2020069, 1, 550.789, -8035.35, -13.3396, 4.31123, 0, 0, 0.833811, -0.55205, 300, 300, 100, 1, 0, 0);
REPLACE INTO `gameobject` VALUES ( 5017398, 2020069, 1, 486.978, -8089.79, -7.83501, 2.6077, 0, 0, 0.964581, 0.263786, 300, 300, 100, 1, 0, 0);
REPLACE INTO `gameobject` VALUES ( 5017399, 2020069, 1, 405.574, -8125.5, -6.41404, 3.88319, 0, 0, 0.932038, -0.36236, 300, 300, 100, 1, 0, 0);
REPLACE INTO `gameobject` VALUES ( 5017400, 2020069, 1, 250.273, -8066.8, 12.3976, 4.59948, 0, 0, 0.745878, -0.666082, 300, 300, 100, 1, 0, 0);
REPLACE INTO `gameobject` VALUES ( 5017401, 2020069, 1, 223.915, -8004.2, 14.456, 2.46712, 0, 0, 0.943673, 0.330879, 300, 300, 100, 1, 0, 0);
REPLACE INTO `gameobject` VALUES ( 5017402, 2020069, 1, 131.86, -8070.96, 14.1196, 3.10251, 0, 0, 0.999809, 0.0195399, 300, 300, 100, 1, 0, 0);
REPLACE INTO `gameobject` VALUES ( 5017403, 2020069, 1, 133.517, -8003.7, 14.5997, 6.26374, 0, 0, 0.00972366, -0.999953, 300, 300, 100, 1, 0, 0);
REPLACE INTO `gameobject` VALUES ( 5017404, 2020069, 1, -237.961, -7984.12, 10.2606, 0.850772, 0, 0, 0.412672, 0.91088, 300, 300, 100, 1, 0, 0);
REPLACE INTO `gameobject` VALUES ( 5017405, 2020069, 1, -282.233, -7973.86, 11.4756, 2.19773, 0, 0, 0.890691, 0.454608, 300, 300, 100, 1, 0, 0);
REPLACE INTO `gameobject` VALUES ( 5017406, 2020069, 1, -458.917, -7891.53, 3.60145, 2.8339, 0, 0, 0.988189, 0.15324, 300, 300, 100, 1, 0, 0);
REPLACE INTO `creature` VALUES (2581605,61667,0,0,0,1,-362.002,-7798.39,14.9627,0.34026,120,120,0,100,100,0,0,0);
REPLACE INTO `creature` VALUES (2581605,61667,0,0,0,1,-362.002,-7798.39,14.9627,0.34026,300,300,12,100,100,1,0,0);
REPLACE INTO `creature` VALUES (2581606,61667,0,0,0,1,-441.066,-7893.74,3.16465,4.02064,120,120,0,100,100,0,0,0);
REPLACE INTO `creature` VALUES (2581606,61667,0,0,0,1,-441.066,-7893.74,3.16465,4.02064,300,300,7,100,100,1,0,0);
REPLACE INTO `gameobject` VALUES ( 5017407, 2020066, 1, -121.407, -7729.45, 36.2347, 3.9941, 0, 0, 0.910521, -0.413463, 300, 300, 100, 1, 0, 0);
REPLACE INTO `gameobject` VALUES ( 5017408, 2020066, 1, -120.9, -7736.1, 37.2073, 3.40584, 0, 0, 0.991285, -0.131738, 300, 300, 100, 1, 0, 0);
REPLACE INTO `gameobject` VALUES ( 5017409, 2020066, 1, -124.66, -7732.19, 37.3399, 3.86529, 0, 0, 0.935243, -0.354006, 300, 300, 100, 1, 0, 0);
REPLACE INTO `gameobject` VALUES ( 5017409, 2020066, 1, -124.66, -7732.19, 37.1399, 3.86529, 0, 0, 0.935243, -0.354006, 300, 300, 100, 1, 0, 0);
REPLACE INTO `gameobject` VALUES ( 5017410, 2020066, 1, -196.586, -7689.82, 41.587, 3.93205, 0, 0, 0.922908, -0.385021, 300, 300, 100, 1, 0, 0);
REPLACE INTO `gameobject` VALUES ( 5017411, 2020066, 1, -210.301, -7692.53, 42.8745, 2.06909, 0, 0, 0.85963, 0.510918, 300, 300, 100, 1, 0, 0);
REPLACE INTO `gameobject` VALUES ( 5017412, 2020066, 1, -208.212, -7686.95, 42.2871, 3.25975, 0, 0, 0.998255, -0.0590456, 300, 300, 100, 1, 0, 0);
REPLACE INTO `gameobject` VALUES ( 5017413, 2020066, 1, -201.684, -7679.45, 42.2411, 4.11034, 0, 0, 0.884966, -0.465656, 300, 300, 100, 1, 0, 0);
REPLACE INTO `gameobject` VALUES ( 5017414, 2020066, 1, -208.533, -7679.37, 42.1395, 5.203, 0, 0, 0.514214, -0.857662, 300, 300, 100, 1, 0, 0);
UPDATE `creature` SET `position_x` = 2111.377930, `position_y` = 1065.645874, `position_z` = 231.593430, `orientation` = 0.021928 WHERE `guid` = 29995;
DELETE FROM creature WHERE guid=2559975;
DELETE FROM creature_addon WHERE guid=2559975;
DELETE FROM creature_movement WHERE id=2559975;
DELETE FROM game_event_creature WHERE guid=2559975;
DELETE FROM game_event_creature_data WHERE guid=2559975;
DELETE FROM creature_battleground WHERE guid=2559975;
REPLACE INTO `creature` VALUES (2581607,4075,0,0,0,1,1869.86,1413.64,141.223,3.60806,120,120,5,100,100,1,0,0);
REPLACE INTO `creature` VALUES (2581608,4075,0,0,0,1,1884.03,1376.23,143.333,5.31543,120,120,5,100,100,1,0,0);
REPLACE INTO `creature` VALUES (2581609,4075,0,0,0,1,1889.62,1339.92,143.162,4.41537,120,120,5,100,100,1,0,0);
REPLACE INTO `creature` VALUES (2581610,4075,0,0,0,1,1869.26,1323.61,143.817,2.93803,120,120,5,100,100,1,0,0);
REPLACE INTO `creature` VALUES (2581611,4075,0,0,0,1,1865.71,1345.02,142.264,1.93037,120,120,5,100,100,1,0,0);
REPLACE INTO `creature` VALUES (2581612,4075,0,0,0,1,1842.35,1341.14,143.595,3.25533,120,120,5,100,100,1,0,0);
REPLACE INTO `creature` VALUES (2581613,4075,0,0,0,1,1818.55,1344.83,145.959,0.789184,120,120,5,100,100,1,0,0);
REPLACE INTO `creature` VALUES (2581614,4075,0,0,0,1,1813.96,1386.33,147.734,2.10158,120,120,5,100,100,1,0,0);
DELETE FROM creature WHERE guid=2556906;
DELETE FROM creature_addon WHERE guid=2556906;
DELETE FROM creature_movement WHERE id=2556906;
DELETE FROM game_event_creature WHERE guid=2556906;
DELETE FROM game_event_creature_data WHERE guid=2556906;
DELETE FROM creature_battleground WHERE guid=2556906;
DELETE FROM creature WHERE guid=2556601;
DELETE FROM creature_addon WHERE guid=2556601;
DELETE FROM creature_movement WHERE id=2556601;
DELETE FROM game_event_creature WHERE guid=2556601;
DELETE FROM game_event_creature_data WHERE guid=2556601;
DELETE FROM creature_battleground WHERE guid=2556601;
REPLACE INTO `creature` VALUES (2581615,4075,0,0,0,1,1909.87,1387.33,149.069,5.69321,120,120,5,100,100,1,0,0);
REPLACE INTO `creature` VALUES (2581616,4075,0,0,0,1,-297.446,-7453.29,73.1916,2.49513,120,120,5,100,100,1,0,0);
REPLACE INTO `creature` VALUES (2581617,4075,0,0,0,1,-332.948,-7420.22,78.7007,1.93278,120,120,5,100,100,1,0,0);
REPLACE INTO `creature` VALUES (2581618,4075,0,0,0,1,-365.563,-7428.66,73.1912,3.26717,120,120,5,100,100,1,0,0);
REPLACE INTO `creature` VALUES (2581619,4075,0,0,0,1,-368.543,-7449.54,74.3685,2.49591,120,120,5,100,100,1,0,0);
REPLACE INTO `creature` VALUES (2581620,4075,0,0,0,1,-349.102,-7494.18,74.9645,6.15901,120,120,5,100,100,1,0,0);
REPLACE INTO `creature` VALUES (2581621,4075,0,0,0,1,-305.718,-7489.33,73.1933,0.0234784,120,120,5,100,100,1,0,0);
REPLACE INTO `creature` VALUES (2581622,4075,0,0,0,1,-291.801,-7503.51,73.2574,6.2454,120,120,5,100,100,1,0,0);
REPLACE INTO `creature` VALUES (2581623,4075,0,0,0,1,-285.888,-7485.12,73.19,1.60606,120,120,5,100,100,1,0,0);
REPLACE INTO `creature` VALUES (2581624,4075,0,0,0,1,-292.863,-7465.57,73.19,1.93749,120,120,5,100,100,1,0,0);
REPLACE INTO `creature` VALUES (2581625,4075,0,0,0,1,-258.171,-7447.35,73.1624,0.472727,120,120,5,100,100,1,0,0);
REPLACE INTO `creature` VALUES (2581626,4075,0,0,0,1,-247.184,-7496.3,73.4352,4.33689,120,120,5,100,100,1,0,0);
REPLACE INTO `creature` VALUES (2581627,4075,0,0,0,1,-270.847,-7520.82,73.1922,3.67637,120,120,5,100,100,1,0,0);
REPLACE INTO `creature` VALUES (2581628,4075,0,0,0,1,-311.359,-7595.5,54.4118,4.2772,120,120,5,100,100,1,0,0);
REPLACE INTO `creature` VALUES (2581629,4075,0,0,0,1,-238.402,-7622.29,48.7058,6.21399,120,120,5,100,100,1,0,0);
REPLACE INTO `creature` VALUES (2581630,4075,0,0,0,1,-192.635,-7650.3,41.4678,5.39325,120,120,5,100,100,1,0,0);
REPLACE INTO `creature` VALUES (2581631,4075,0,0,0,1,-103.24,-7663.85,42.2713,0.156215,120,120,5,100,100,1,0,0);
REPLACE INTO `creature` VALUES (2581632,4075,0,0,0,1,-62.9454,-7671.92,44.006,5.8637,120,120,5,100,100,1,0,0);
REPLACE INTO `creature` VALUES (2581633,4075,0,0,0,1,-119.659,-7753.62,38.694,3.97325,120,120,5,100,100,1,0,0);
REPLACE INTO `creature` VALUES (2581634,4075,0,0,0,1,-114.924,-7825.17,39.1768,4.67147,120,120,5,100,100,1,0,0);
REPLACE INTO `creature` VALUES (2581635,4075,0,0,0,1,-112.294,-7856.54,40.1247,4.62356,120,120,5,100,100,1,0,0);
REPLACE INTO `creature` VALUES (2581636,4075,0,0,0,1,-173.157,-7854.9,37.8365,2.04824,120,120,5,100,100,1,0,0);
REPLACE INTO `creature` VALUES (2581637,4075,0,0,0,1,-190.236,-7821.89,40.4886,2.04824,120,120,5,100,100,1,0,0);
REPLACE INTO `creature` VALUES (2581638,4075,0,0,0,1,-215.073,-7811.41,40.145,2.3192,120,120,5,100,100,1,0,0);
REPLACE INTO `creature` VALUES (2581639,4075,0,0,0,1,-220.153,-7774.91,41.5766,1.63119,120,120,5,100,100,1,0,0);
REPLACE INTO `creature` VALUES (2581640,4075,0,0,0,1,-189.781,-7761.98,41.2976,5.76553,120,120,5,100,100,1,0,0);
REPLACE INTO `creature` VALUES (2581641,4075,0,0,0,1,-150.52,-7758.53,43.1747,0.968315,120,120,5,100,100,1,0,0);
REPLACE INTO `creature` VALUES (2581642,4075,0,0,0,1,-162.295,-7717.72,41.3727,2.50298,120,120,5,100,100,1,0,0);
REPLACE INTO `creature` VALUES (2581643,4075,0,0,0,1,-209.409,-7714.66,47.8767,3.42426,120,120,5,100,100,1,0,0);
REPLACE INTO `creature` VALUES (2581644,4075,0,0,0,1,-270.217,-7758.16,40.9187,3.82952,120,120,5,100,100,1,0,0);
REPLACE INTO `creature` VALUES (2581645,4075,0,0,0,1,-329.986,-7710.55,52.1343,2.32077,120,120,5,100,100,1,0,0);
REPLACE INTO `creature` VALUES (2581646,4075,0,0,0,1,-380.767,-7710.92,50.1388,3.8468,120,120,5,100,100,1,0,0);
REPLACE INTO `creature` VALUES (2581647,4075,0,0,0,1,-543.529,-7799.68,37.9775,4.07928,120,120,5,100,100,1,0,0);
REPLACE INTO `creature` VALUES (2581648,4075,0,0,0,1,-520.851,-7830.35,41.6911,5.39168,120,120,5,100,100,1,0,0);
REPLACE INTO `creature` VALUES (2581649,4075,0,0,0,1,-564.607,-7858.02,37.703,3.70936,120,120,5,100,100,1,0,0);
REPLACE INTO `creature` VALUES (2581650,4075,0,0,0,1,-599.955,-7868.94,37.9409,2.42052,120,120,5,100,100,1,0,0);
REPLACE INTO `creature` VALUES (2581651,4075,0,0,0,1,-626.155,-7822.26,38.1184,1.24949,120,120,5,100,100,1,0,0);
REPLACE INTO `creature` VALUES (2581652,4075,0,0,0,1,-605.98,-7823.49,38.7202,5.31471,120,120,5,100,100,1,0,0);
REPLACE INTO `creature` VALUES (2581653,4075,0,0,0,1,-584.926,-7794.9,39.1803,1.77885,120,120,5,100,100,1,0,0);
REPLACE INTO `creature` VALUES (2581654,4075,0,0,0,1,-563.4,-7776.37,38.03,0.699715,120,120,5,100,100,1,0,0);
REPLACE INTO `creature` VALUES (2581655,4075,0,0,0,1,-536.867,-7780.92,35.7408,6.16451,120,120,5,100,100,1,0,0);
REPLACE INTO `creature` VALUES (2581656,4075,0,0,0,1,-601.594,-7844.74,40.866,4.25914,120,120,5,100,100,1,0,0);
REPLACE INTO `creature` VALUES (2581657,4075,0,0,0,1,-405.343,-7531.23,49.2398,1.32097,120,120,5,100,100,1,0,0);
REPLACE INTO `creature` VALUES (2581658,4075,0,0,0,1,-466.178,-7453.39,48.698,2.14328,120,120,5,100,100,1,0,0);
REPLACE INTO `creature` VALUES (2581659,4075,0,0,0,1,-428.303,-7346.34,42.1421,1.70189,120,120,5,100,100,1,0,0);
REPLACE INTO `creature` VALUES (2581660,4075,0,0,0,1,-444.786,-7309.55,41.2957,2.03175,120,120,5,100,100,1,0,0);
REPLACE INTO `creature` VALUES (2581661,4075,0,0,0,1,-416.896,-7194.29,33.5145,1.41914,120,120,5,100,100,1,0,0);
REPLACE INTO `creature` VALUES (2581662,4075,0,0,0,1,-371.573,-7185.09,25.1171,0.0918198,120,120,5,100,100,1,0,0);
REPLACE INTO `creature` VALUES (2581663,4075,0,0,0,1,-287.228,-7172.08,17.2109,5.31943,120,120,5,100,100,1,0,0);
REPLACE INTO `creature` VALUES (2581664,4075,0,0,0,1,-345.753,-7219.8,2.04565,3.1478,120,120,5,100,100,1,0,0);
REPLACE INTO `creature` VALUES (2581665,4075,0,0,0,1,-304.624,-7216.83,2.97753,0.472738,120,120,5,100,100,1,0,0);
REPLACE INTO `creature` VALUES (2581666,4075,0,0,0,1,-315.928,-7237.29,2.67428,3.51223,120,120,5,100,100,1,0,0);
REPLACE INTO `creature` VALUES (2581667,4075,0,0,0,1,-267.466,-7215.97,16.9955,5.91162,120,120,5,100,100,1,0,0);
REPLACE INTO `creature` VALUES (2581668,4075,0,0,0,1,-216.513,-7223.83,17.8119,0.363569,120,120,5,100,100,1,0,0);
REPLACE INTO `creature` VALUES (2581669,4075,0,0,0,1,-234.218,-7170.34,16.8812,3.89708,120,120,5,100,100,1,0,0);
REPLACE INTO `creature` VALUES (2581670,4075,0,0,0,1,-244.858,-7129.49,18.8727,2.33178,120,120,5,100,100,1,0,0);
REPLACE INTO `creature` VALUES (2581671,4075,0,0,0,1,-268.553,-7142.25,17.7189,3.77848,120,120,5,100,100,1,0,0);
REPLACE INTO `creature` VALUES (2581672,4075,0,0,0,1,-263.78,-7161.41,17.0508,4.95658,120,120,5,100,100,1,0,0);
REPLACE INTO `creature` VALUES (2581673,4075,0,0,0,1,-255.778,-7196.57,17.1609,6.13703,120,120,5,100,100,1,0,0);
REPLACE INTO `creature` VALUES (2581674,4075,0,0,0,1,-184.199,-7176.24,18.1432,0.414621,120,120,5,100,100,1,0,0);
REPLACE INTO `creature` VALUES (2581675,4075,0,0,0,1,-147.094,-7180.98,21.038,5.98624,120,120,5,100,100,1,0,0);
REPLACE INTO `creature` VALUES (2581676,4075,0,0,0,1,-142.979,-7217.53,14.7235,4.51126,120,120,5,100,100,1,0,0);
REPLACE INTO `creature` VALUES (2581677,4075,0,0,0,1,-159.512,-7240.96,13.8188,3.38814,120,120,5,100,100,1,0,0);
REPLACE INTO `creature` VALUES (2581678,4075,0,0,0,1,-198.658,-7262.99,14.8042,4.23401,120,120,5,100,100,1,0,0);
REPLACE INTO `creature` VALUES (2581679,4075,0,0,0,1,-172.891,-7294.13,18.367,5.38855,120,120,5,100,100,1,0,0);
REPLACE INTO `creature` VALUES (2581680,4075,0,0,0,1,-110.501,-7288.12,8.60953,0.136592,120,120,5,100,100,1,0,0);
REPLACE INTO `creature` VALUES (2581681,4075,0,0,0,1,-140.86,-7275.99,7.62351,2.76375,120,120,5,100,100,1,0,0);
REPLACE INTO `creature` VALUES (2581682,4075,0,0,0,1,-134.65,-7249.49,11.7969,1.34061,120,120,5,100,100,1,0,0);
REPLACE INTO `creature` VALUES (2581683,4075,0,0,0,1,-66.4648,-7275.07,18.2565,6.01766,120,120,5,100,100,1,0,0);
REPLACE INTO `creature` VALUES (2581684,4075,0,0,0,1,-40.1107,-7305.44,16.4909,5.36735,120,120,5,100,100,1,0,0);
REPLACE INTO `creature` VALUES (2581685,4075,0,0,0,1,0.0858823,-7327.01,19.5747,6.09227,120,120,5,100,100,1,0,0);
REPLACE INTO `creature` VALUES (2581686,4075,0,0,0,1,26.3148,-7303.9,26.0315,1.20945,120,120,5,100,100,1,0,0);
REPLACE INTO `creature` VALUES (2581687,4075,0,0,0,1,13.7252,-7259.66,29.3952,2.23832,120,120,5,100,100,1,0,0);
REPLACE INTO `creature` VALUES (2581688,4075,0,0,0,1,-43.1464,-7225.35,35.8178,2.31293,120,120,5,100,100,1,0,0);
REPLACE INTO `creature` VALUES (2581689,4075,0,0,0,1,17.7781,-7380.2,23.1602,5.09795,120,120,5,100,100,1,0,0);
REPLACE INTO `creature` VALUES (2581690,4075,0,0,0,1,57.868,-7386.3,32.7535,0.890577,120,120,5,100,100,1,0,0);
REPLACE INTO `creature` VALUES (2581691,4075,0,0,0,1,100.68,-7316.69,33.0483,1.07122,120,120,5,100,100,1,0,0);
REPLACE INTO `creature` VALUES (2581692,4075,0,0,0,1,80.5403,-7264.53,36.4988,2.0404,120,120,5,100,100,1,0,0);
REPLACE INTO `creature` VALUES (2581693,4075,0,0,0,1,123.91,-7416.29,42.6847,4.95422,120,120,5,100,100,1,0,0);
REPLACE INTO `creature` VALUES (2581694,4075,0,0,0,1,156.595,-7467.89,41.6346,5.21498,120,120,5,100,100,1,0,0);
REPLACE INTO `creature` VALUES (2581695,4075,0,0,0,1,195.444,-7481.6,40.92,6.17002,120,120,5,100,100,1,0,0);
REPLACE INTO `creature` VALUES (2581696,4075,0,0,0,1,222.092,-7461.85,40.143,0.808893,120,120,5,100,100,1,0,0);
REPLACE INTO `creature` VALUES (2581697,4075,0,0,0,1,253.177,-7491.11,45.7992,5.5205,120,120,5,100,100,1,0,0);
REPLACE INTO `creature` VALUES (2581698,4075,0,0,0,1,290.254,-7500.56,42.483,6.04671,120,120,5,100,100,1,0,0);
REPLACE INTO `creature` VALUES (2581699,4075,0,0,0,1,343.699,-7524.54,43.1804,5.67915,120,120,5,100,100,1,0,0);
REPLACE INTO `creature` VALUES (2581700,4075,0,0,0,1,399.848,-7510.79,42.7578,6.06242,120,120,5,100,100,1,0,0);
REPLACE INTO `creature` VALUES (2581701,4075,0,0,0,1,366.796,-7682.3,42.428,4.53797,120,120,5,100,100,1,0,0);
REPLACE INTO `creature` VALUES (2581702,4075,0,0,0,1,395.77,-7692.33,43.9751,5.526,120,120,5,100,100,1,0,0);
REPLACE INTO `creature` VALUES (2581703,4075,0,0,0,1,403.699,-7721.66,43.0403,4.86312,120,120,5,100,100,1,0,0);
REPLACE INTO `creature` VALUES (2581704,4075,0,0,0,1,367.647,-7722.26,41.5903,2.28858,120,120,5,100,100,1,0,0);
REPLACE INTO `creature` VALUES (2581705,4075,0,0,0,1,393.012,-7710.96,42.3582,5.11994,120,120,5,100,100,1,0,0);
REPLACE INTO `creature` VALUES (2581706,4075,0,0,0,1,278.118,-7516.22,48.3328,3.28604,120,120,5,100,100,1,0,0);
REPLACE INTO `creature` VALUES (2581707,4075,0,0,0,1,84.538,-7592.81,45.3893,4.01253,120,120,5,100,100,1,0,0);
REPLACE INTO `creature` VALUES (2581708,4075,0,0,0,1,74.331,-7653.77,43.0868,3.84446,120,120,5,100,100,1,0,0);
REPLACE INTO `creature` VALUES (2581709,4075,0,0,0,1,32.1045,-7707.51,42.379,3.9552,120,120,5,100,100,1,0,0);
REPLACE INTO `creature` VALUES (2581710,4075,0,0,0,1,40.7159,-7805.74,40.6948,4.77672,120,120,5,100,100,1,0,0);
REPLACE INTO `creature` VALUES (2581711,4075,0,0,0,1,-3.47508,-7896.61,37.0418,3.85545,120,120,5,100,100,1,0,0);
REPLACE INTO `creature` VALUES (2581712,4075,0,0,0,1,-18.3745,-7921.22,36.4417,4.73903,120,120,5,100,100,1,0,0);
REPLACE INTO `creature` VALUES (2581713,4075,0,0,0,1,-13.6028,-7939.01,36.5951,5.53621,120,120,5,100,100,1,0,0);
REPLACE INTO `creature` VALUES (2581714,4075,0,0,0,1,18.6641,-7931.81,36.5089,0.738996,120,120,5,100,100,1,0,0);
REPLACE INTO `creature` VALUES (2581715,4075,0,0,0,1,-53.8976,-7929.18,37.3106,2.46609,120,120,5,100,100,1,0,0);
REPLACE INTO `creature` VALUES (2581716,4075,0,0,0,1,-76.9309,-7928.82,36.2711,3.33788,120,120,5,100,100,1,0,0);
REPLACE INTO `creature` VALUES (2581717,4075,0,0,0,1,-152.749,-7892.17,37.3063,2.26817,120,120,5,100,100,1,0,0);
REPLACE INTO `creature` VALUES (2581718,4075,0,0,0,1,215.496,-7835.76,87.1904,0.0564865,120,120,5,100,100,1,0,0);
REPLACE INTO `creature` VALUES (2581719,4075,0,0,0,1,211.334,-7779.04,91.0951,1.99485,120,120,5,100,100,1,0,0);
REPLACE INTO `creature` VALUES (2581720,4075,0,0,0,1,183.671,-7709.27,87.1618,1.70033,120,120,5,100,100,1,0,0);
REPLACE INTO `creature` VALUES (2581721,4075,0,0,0,1,227.881,-7654.65,87.0444,0.819108,120,120,5,100,100,1,0,0);
REPLACE INTO `creature` VALUES (2581722,4075,0,0,0,1,229.309,-7609.85,86.628,1.67912,120,120,5,100,100,1,0,0);
REPLACE INTO `creature` VALUES (2581723,4075,0,0,0,1,209.95,-7609.29,87.1012,3.13839,120,120,5,100,100,1,0,0);
REPLACE INTO `creature` VALUES (2581724,4075,0,0,0,1,207.449,-7593.15,87.1029,1.87626,120,120,5,100,100,1,0,0);
REPLACE INTO `creature` VALUES (2581725,4075,0,0,0,1,229.156,-7592.43,87.2042,6.12055,120,120,5,100,100,1,0,0);
REPLACE INTO `creature` VALUES (2581726,4075,0,0,0,1,248.635,-7595.63,87.1982,6.12055,120,120,5,100,100,1,0,0);
REPLACE INTO `creature` VALUES (2581727,4075,0,0,0,1,271.07,-7585.92,87.5209,0.795547,120,120,5,100,100,1,0,0);
REPLACE INTO `creature` VALUES (2581728,4075,0,0,0,1,253.849,-7572.54,86.8119,2.52578,120,120,5,100,100,1,0,0);
REPLACE INTO `creature` VALUES (2581729,4075,0,0,0,1,259.406,-7576.1,87.1003,5.62103,120,120,5,100,100,1,0,0);
REPLACE INTO `creature` VALUES (2581730,4075,0,0,0,1,287.441,-7594.92,86.5524,5.88021,120,120,5,100,100,1,0,0);
REPLACE INTO `creature` VALUES (2581731,4075,0,0,0,1,319.637,-7608.65,87.5979,5.88021,120,120,5,100,100,1,0,0);
REPLACE INTO `creature` VALUES (2581732,4075,0,0,0,1,327.118,-7627.6,86.6021,4.77516,120,120,5,100,100,1,0,0);
REPLACE INTO `creature` VALUES (2581733,4075,0,0,0,1,318.601,-7646.04,87.0871,3.96541,120,120,5,100,100,1,0,0);
REPLACE INTO `creature` VALUES (2581734,4075,0,0,0,1,286.598,-7649.21,86.8194,3.25463,120,120,5,100,100,1,0,0);
REPLACE INTO `creature` VALUES (2581735,4075,0,0,0,1,269.21,-7651.19,87.1629,3.25463,120,120,5,100,100,1,0,0);
REPLACE INTO `creature` VALUES (2581736,4075,0,0,0,1,307.89,-7666.93,87.1004,5.75612,120,120,5,100,100,1,0,0);
REPLACE INTO `creature` VALUES (2581737,4075,0,0,0,1,312.284,-7679.24,88.113,5.06811,120,120,5,100,100,1,0,0);
REPLACE INTO `creature` VALUES (2581738,4075,0,0,0,1,319.175,-7663.32,87.0597,1.30134,120,120,5,100,100,1,0,0);
REPLACE INTO `creature` VALUES (2581739,4075,0,0,0,1,323.833,-7646.46,87.062,1.30134,120,120,5,100,100,1,0,0);
REPLACE INTO `creature` VALUES (2581740,4075,0,0,0,1,257.23,-7621.96,87.1737,3.15174,120,120,5,100,100,1,0,0);
REPLACE INTO `creature` VALUES (2581741,4075,0,0,0,1,199.027,-7627.58,87.4239,3.43998,120,120,5,100,100,1,0,0);
REPLACE INTO `creature` VALUES (2581742,4075,0,0,0,1,167.11,-7630.07,88.2619,3.96856,120,120,5,100,100,1,0,0);
REPLACE INTO `creature` VALUES (2581743,7395,0,0,0,1,188.833,-7787,87.0839,4.61023,120,120,0,100,100,0,0,0);
DELETE FROM creature WHERE guid=2581743;
DELETE FROM creature_addon WHERE guid=2581743;
DELETE FROM creature_movement WHERE id=2581743;
DELETE FROM game_event_creature WHERE guid=2581743;
DELETE FROM game_event_creature_data WHERE guid=2581743;
DELETE FROM creature_battleground WHERE guid=2581743;
REPLACE INTO `creature` VALUES (2581744,4076,0,0,0,1,190.899,-7785.58,87.132,3.82405,120,120,5,100,100,1,0,0);
REPLACE INTO `creature` VALUES (2581745,4076,0,0,0,1,203.57,-7631.57,86.9576,1.63325,120,120,5,100,100,1,0,0);
REPLACE INTO `creature` VALUES (2581746,4076,0,0,0,1,196.053,-7595.6,87.1199,0.368755,120,120,5,100,100,1,0,0);
REPLACE INTO `creature` VALUES (2581747,4076,0,0,0,1,238.124,-7592.75,87.5719,6.20898,120,120,5,100,100,1,0,0);
REPLACE INTO `creature` VALUES (2581748,4076,0,0,0,1,277.423,-7613.19,87.0985,5.91445,120,120,5,100,100,1,0,0);
REPLACE INTO `creature` VALUES (2581749,4076,0,0,0,1,319.943,-7660.81,87.0606,4.15987,120,120,5,100,100,1,0,0);
REPLACE INTO `creature` VALUES (2581750,4076,0,0,0,1,281.757,-7652.02,87.9323,2.7595,120,120,5,100,100,1,0,0);
REPLACE INTO `creature` VALUES (2581751,4076,0,0,0,1,277.498,-7601.72,87.6279,0.760665,120,120,5,100,100,1,0,0);
REPLACE INTO `creature` VALUES (2581752,4076,0,0,0,1,252.029,-7599.31,86.9221,3.70984,120,120,5,100,100,1,0,0);
REPLACE INTO `creature` VALUES (2581753,4076,0,0,0,1,201.282,-7670.77,87.3586,4.29653,120,120,5,100,100,1,0,0);
REPLACE INTO `creature` VALUES (2581754,4076,0,0,0,1,197.506,-7742.26,88.6554,4.62875,120,120,5,100,100,1,0,0);
REPLACE INTO `creature` VALUES (2581755,4076,0,0,0,1,166.39,-7810.91,82.2001,3.74518,120,120,5,100,100,1,0,0);
REPLACE INTO `creature` VALUES (2581756,4076,0,0,0,1,225.889,-7856.45,86.6196,0.199892,120,120,5,100,100,1,0,0);
REPLACE INTO `creature` VALUES (2581757,4076,0,0,0,1,258.678,-7826.87,86.9779,0.924815,120,120,5,100,100,1,0,0);
REPLACE INTO `creature` VALUES (2581758,4076,0,0,0,1,175.746,-7826.97,82.9219,2.36523,120,120,5,100,100,1,0,0);
REPLACE INTO `creature` VALUES (2581759,4076,0,0,0,1,-7.49312,-7920.74,36.2186,3.06266,120,120,5,100,100,1,0,0);
REPLACE INTO `creature` VALUES (2581760,4076,0,0,0,1,-49.6455,-7933.88,37.0943,3.7271,120,120,5,100,100,1,0,0);
REPLACE INTO `creature` VALUES (2581761,4076,0,0,0,1,-101.16,-7849.18,42.7876,1.89163,120,120,5,100,100,1,0,0);
REPLACE INTO `creature` VALUES (2581762,4076,0,0,0,1,-149.058,-7810.73,39.1467,2.7163,120,120,5,100,100,1,0,0);
REPLACE INTO `creature` VALUES (2581763,4076,0,0,0,1,-189.888,-7825.64,39.9202,3.68705,120,120,5,100,100,1,0,0);
REPLACE INTO `creature` VALUES (2581764,4076,0,0,0,1,-220.756,-7800.55,40.3448,2.00708,120,120,5,100,100,1,0,0);
REPLACE INTO `creature` VALUES (2581765,4076,0,0,0,1,-209.758,-7774.35,40.7552,0.781074,120,120,5,100,100,1,0,0);
REPLACE INTO `creature` VALUES (2581766,4076,0,0,0,1,-174.023,-7747.33,41.8352,1.1133,120,120,5,100,100,1,0,0);
REPLACE INTO `creature` VALUES (2581767,4076,0,0,0,1,-191.146,-7708.47,41.6019,2.47439,120,120,5,100,100,1,0,0);
REPLACE INTO `creature` VALUES (2581768,4076,0,0,0,1,-256.303,-7711.67,51.466,3.30927,120,120,5,100,100,1,0,0);
REPLACE INTO `creature` VALUES (2581769,4076,0,0,0,1,-313.78,-7739.12,44.851,3.40666,120,120,5,100,100,1,0,0);
REPLACE INTO `creature` VALUES (2581770,4076,0,0,0,1,-375.7,-7706.87,52.1663,2.49953,120,120,5,100,100,1,0,0);
REPLACE INTO `creature` VALUES (2581771,4076,0,0,0,1,-395.512,-7691.44,49.4836,2.24035,120,120,5,100,100,1,0,0);
REPLACE INTO `creature` VALUES (2581772,4076,0,0,0,1,-530.908,-7773.21,37.4077,4.12138,120,120,5,100,100,1,0,0);
REPLACE INTO `creature` VALUES (2581773,4076,0,0,0,1,-546.321,-7801.35,37.9744,4.46695,120,120,5,100,100,1,0,0);
REPLACE INTO `creature` VALUES (2581774,4076,0,0,0,1,-560.52,-7851.76,37.6837,4.21012,120,120,5,100,100,1,0,0);
REPLACE INTO `creature` VALUES (2581775,4076,0,0,0,1,-584.667,-7857.11,37.6342,1.86571,120,120,5,100,100,1,0,0);
REPLACE INTO `creature` VALUES (2581776,4076,0,0,0,1,-590.024,-7822.62,37.8485,1.68193,120,120,5,100,100,1,0,0);
REPLACE INTO `creature` VALUES (2581777,4076,0,0,0,1,-611.296,-7819.21,38.2766,2.71473,120,120,5,100,100,1,0,0);
REPLACE INTO `creature` VALUES (2581778,4076,0,0,0,1,-568.268,-7774.32,37.979,3.15769,120,120,5,100,100,1,0,0);
REPLACE INTO `creature` VALUES (2581779,4076,0,0,0,1,-245.324,-7452.94,73.1976,5.73579,120,120,5,100,100,1,0,0);
REPLACE INTO `creature` VALUES (2581780,4076,0,0,0,1,-259.638,-7495.21,73.1916,3.6702,120,120,5,100,100,1,0,0);
REPLACE INTO `creature` VALUES (2581781,4076,0,0,0,1,-292.828,-7527.17,74.9007,4.91034,120,120,5,100,100,1,0,0);
REPLACE INTO `creature` VALUES (2581782,4076,0,0,0,1,-259.831,-7533.39,74.4837,0.125696,120,120,5,100,100,1,0,0);
REPLACE INTO `creature` VALUES (2581783,4076,0,0,0,1,-307.991,-7485.72,73.6984,1.77896,120,120,5,100,100,1,0,0);
REPLACE INTO `creature` VALUES (2581784,4076,0,0,0,1,-311.639,-7434.24,75.3493,1.89206,120,120,5,100,100,1,0,0);
REPLACE INTO `creature` VALUES (2581785,4076,0,0,0,1,-341.271,-7194.18,3.13144,1.67293,120,120,5,100,100,1,0,0);
REPLACE INTO `creature` VALUES (2581786,4076,0,0,0,1,-315.173,-7192.39,3.21065,5.98241,120,120,5,100,100,1,0,0);
REPLACE INTO `creature` VALUES (2581787,4076,0,0,0,1,-286.029,-7221.22,5.61894,5.28184,120,120,5,100,100,1,0,0);
REPLACE INTO `creature` VALUES (2581788,4076,0,0,0,1,-255.876,-7222.89,17.6663,0.277279,120,120,5,100,100,1,0,0);
REPLACE INTO `creature` VALUES (2581789,4076,0,0,0,1,-247.152,-7193.51,16.9022,1.11059,120,120,5,100,100,1,0,0);
REPLACE INTO `creature` VALUES (2581790,4076,0,0,0,1,-271.163,-7168.14,18.2422,2.22899,120,120,5,100,100,1,0,0);
REPLACE INTO `creature` VALUES (2581791,4076,0,0,0,1,-349.71,-7147.58,19.8215,3.24923,120,120,5,100,100,1,0,0);
REPLACE INTO `creature` VALUES (2581792,4076,0,0,0,1,-387.761,-7179.79,27.5513,4.1705,120,120,5,100,100,1,0,0);
REPLACE INTO `creature` VALUES (2581793,4076,0,0,0,1,-416.609,-7171.2,39.4135,2.046,120,120,5,100,100,1,0,0);
REPLACE INTO `creature` VALUES (2581794,4076,0,0,0,1,-350.781,-7100.6,33.3978,0.757157,120,120,5,100,100,1,0,0);
REPLACE INTO `creature` VALUES (2581795,4076,0,0,0,1,-254.696,-7132.32,16.5629,6.02168,120,120,5,100,100,1,0,0);
REPLACE INTO `creature` VALUES (2581796,4076,0,0,0,1,-199.88,-7146.99,18.5843,6.02168,120,120,5,100,100,1,0,0);
REPLACE INTO `creature` VALUES (2581797,4076,0,0,0,1,-169.525,-7182.19,16.9502,5.17267,120,120,5,100,100,1,0,0);
REPLACE INTO `creature` VALUES (2581798,4076,0,0,0,1,-165.686,-7221.46,15.3122,4.84044,120,120,5,100,100,1,0,0);
REPLACE INTO `creature` VALUES (2581799,4076,0,0,0,1,-144.975,-7252.64,11.8239,5.68632,120,120,5,100,100,1,0,0);
REPLACE INTO `creature` VALUES (2581800,4076,0,0,0,1,-124.308,-7307.62,7.31443,4.43518,120,120,5,100,100,1,0,0);
REPLACE INTO `creature` VALUES (2581801,4076,0,0,0,1,-94.6298,-7335.5,16.9104,5.96827,120,120,5,100,100,1,0,0);
REPLACE INTO `creature` VALUES (2581802,4076,0,0,0,1,-62.9775,-7309.04,17.3447,0.765797,120,120,5,100,100,1,0,0);
REPLACE INTO `creature` VALUES (2581803,4076,0,0,0,1,-26.8653,-7279.49,16.9931,0.43593,120,120,5,100,100,1,0,0);
REPLACE INTO `creature` VALUES (2581804,4076,0,0,0,1,-2.86652,-7279.48,22.626,5.79784,120,120,5,100,100,1,0,0);
REPLACE INTO `creature` VALUES (2581805,4076,0,0,0,1,21.4251,-7317.01,22.3972,5.25827,120,120,5,100,100,1,0,0);
REPLACE INTO `creature` VALUES (2581806,4076,0,0,0,1,16.5313,-7363.07,19.6174,4.65823,120,120,5,100,100,1,0,0);
REPLACE INTO `creature` VALUES (2581807,4076,0,0,0,1,80.2561,-7339.43,30.3146,0.955863,120,120,5,100,100,1,0,0);
REPLACE INTO `creature` VALUES (2581808,4076,0,0,0,1,118.016,-7300.55,35.2648,0.22073,120,120,5,100,100,1,0,0);
REPLACE INTO `creature` VALUES (2581809,4076,0,0,0,1,172.359,-7401.46,36.7873,5.49703,120,120,5,100,100,1,0,0);
REPLACE INTO `creature` VALUES (2581810,4076,0,0,0,1,186.116,-7442.14,39.5508,4.90799,120,120,5,100,100,1,0,0);
REPLACE INTO `creature` VALUES (2581811,4076,0,0,0,1,119.18,-7498.92,44.4838,3.50526,120,120,5,100,100,1,0,0);
REPLACE INTO `creature` VALUES (2581812,4076,0,0,0,1,75.6176,-7583.34,46.7848,4.39591,120,120,5,100,100,1,0,0);
REPLACE INTO `creature` VALUES (2581813,4076,0,0,0,1,67.27,-7630.31,43.6547,4.69043,120,120,5,100,100,1,0,0);
REPLACE INTO `creature` VALUES (2581814,4076,0,0,0,1,67.8562,-7653.49,42.3432,3.46285,120,120,5,100,100,1,0,0);
REPLACE INTO `creature` VALUES (2581815,4076,0,0,0,1,18.8302,-7685.43,41.1841,4.19798,120,120,5,100,100,1,0,0);
REPLACE INTO `creature` VALUES (2581816,4076,0,0,0,1,-14.1193,-7685.5,15.3624,0.802707,120,120,5,100,100,1,0,0);
REPLACE INTO `creature` VALUES (2581817,4076,0,0,0,1,-19.7245,-7646.73,12.5903,2.32481,120,120,5,100,100,1,0,0);
REPLACE INTO `creature` VALUES (2581818,4076,0,0,0,1,-19.8849,-7608.66,13.961,1.15771,120,120,5,100,100,1,0,0);
REPLACE INTO `creature` VALUES (2581819,4076,0,0,0,1,-30.9481,-7573.6,12.7769,2.15359,120,120,5,100,100,1,0,0);
REPLACE INTO `creature` VALUES (2581820,4076,0,0,0,1,-51.9322,-7558.17,12.1339,2.64447,120,120,5,100,100,1,0,0);
REPLACE INTO `creature` VALUES (2581821,4076,0,0,0,1,-72.1227,-7525.27,14.0196,1.50407,120,120,5,100,100,1,0,0);
REPLACE INTO `creature` VALUES (2581822,4076,0,0,0,1,-98.5299,-7569.11,13.1473,3.99378,120,120,5,100,100,1,0,0);
REPLACE INTO `creature` VALUES (2581823,4075,0,0,0,1,-94.6419,-7588.71,16.0332,5.69967,120,120,5,100,100,1,0,0);
REPLACE INTO `creature` VALUES (2581824,4075,0,0,0,1,-60.8839,-7611.01,13.6826,5.69967,120,120,5,100,100,1,0,0);
REPLACE INTO `creature` VALUES (2581825,4075,0,0,0,1,-9.92344,-7636.62,13.0811,6.10493,120,120,5,100,100,1,0,0);
REPLACE INTO `creature` VALUES (2581826,4075,0,0,0,1,-30.8525,-7697.26,14.2522,3.86105,120,120,5,100,100,1,0,0);
REPLACE INTO `creature` VALUES (2581827,4075,0,0,0,1,-51.9114,-7522.58,12.5856,2.1371,120,120,5,100,100,1,0,0);
REPLACE INTO `creature` VALUES (2581828,4075,0,0,0,1,-82.3647,-7558.23,14.717,4.04012,120,120,5,100,100,1,0,0);
REPLACE INTO `creature` VALUES (2581829,4075,0,0,0,1,-67.493,-7602.8,13.4156,5.39022,120,120,5,100,100,1,0,0);
REPLACE INTO `creature` VALUES (2581830,4075,0,0,0,1,-42.1597,-7587.93,13.4399,0.10292,120,120,5,100,100,1,0,0);
REPLACE INTO `creature` VALUES (2581831,4075,0,0,0,1,-99.0345,-7609.92,16.2453,3.82178,120,120,5,100,100,1,0,0);
REPLACE INTO `creature` VALUES (2581832,4075,0,0,0,1,-110.649,-7628.4,12.4408,4.16579,120,120,5,100,100,1,0,0);
REPLACE INTO `creature` VALUES (2581833,4075,0,0,0,1,-129.491,-7645.02,9.12533,3.85713,120,120,5,100,100,1,0,0);
REPLACE INTO `creature` VALUES (2581834,4075,0,0,0,1,-155.422,-7680.42,4.35463,2.52038,120,120,5,100,100,1,0,0);
REPLACE INTO `creature` VALUES (2581835,4075,0,0,0,1,-193.007,-7669.17,-0.153923,2.71516,120,120,5,100,100,1,0,0);
REPLACE INTO `creature` VALUES (2581836,4075,0,0,0,1,-214.269,-7686.99,-5.37904,2.60441,120,120,5,100,100,1,0,0);
REPLACE INTO `creature` VALUES (2581837,4075,0,0,0,1,-184.374,-7675.39,-19.9132,5.69417,120,120,5,100,100,1,0,0);
REPLACE INTO `creature` VALUES (2581838,4075,0,0,0,1,-186.662,-7728.67,-33.5636,4.54278,120,120,5,100,100,1,0,0);
REPLACE INTO `creature` VALUES (2581839,4075,0,0,0,1,-175.205,-7782.98,-36.6344,4.63467,120,120,5,100,100,1,0,0);
REPLACE INTO `creature` VALUES (2581840,4075,0,0,0,1,-160.032,-7802.8,-37.0518,5.4452,120,120,5,100,100,1,0,0);
REPLACE INTO `creature` VALUES (2581841,4075,0,0,0,1,-190.464,-7770.53,-33.8211,2.14967,120,120,5,100,100,1,0,0);
REPLACE INTO `creature` VALUES (2581842,4075,0,0,0,1,15.7827,-7542.38,32.8071,0.306335,120,120,5,100,100,1,0,0);
REPLACE INTO `creature` VALUES (2581843,4075,0,0,0,1,-65.3846,-7408.73,24.1332,2.82904,120,120,5,100,100,1,0,0);
REPLACE INTO `creature` VALUES (2581844,4075,0,0,0,1,-149.584,-7372.4,23.2398,2.51488,120,120,5,100,100,1,0,0);
REPLACE INTO `creature` VALUES (2581845,4075,0,0,0,1,-118.618,-7549.37,40.3915,3.94036,120,120,5,100,100,1,0,0);
REPLACE INTO `creature` VALUES (2581846,4075,0,0,0,1,-131.316,-7554.93,41.0297,2.86123,120,120,5,100,100,1,0,0);

-- Changes by DRAGU
REPLACE INTO `creature_addon` (`guid`, `emote_state`) VALUES (2581276, 69);
REPLACE INTO `creature` VALUES (2581847,61769,0,0,0,0,2522.37,-2621.77,204.398,0.0321689,120,120,0,100,100,0,0,0);
REPLACE INTO `creature_addon` (`guid`, `stand_state`) VALUES (2581847, 2);
REPLACE INTO `creature_addon` (`guid`, `stand_state`) VALUES (2581847, 3);
REPLACE INTO `creature_addon` (`guid`, `stand_state`) VALUES (2581847, 4);
REPLACE INTO `creature_addon` (`guid`, `stand_state`) VALUES (2581847, 7);
UPDATE `creature` SET `position_x` = 2522.229736, `position_y` = -2621.769043, `position_z` = 204.437195, `orientation` = 3.268003 WHERE `guid` = 2581847;
REPLACE INTO `creature_addon` (`guid`, `stand_state`) VALUES (2581847, 7);
DELETE FROM creature WHERE guid=2581847;
DELETE FROM creature_addon WHERE guid=2581847;
DELETE FROM creature_movement WHERE id=2581847;
DELETE FROM game_event_creature WHERE guid=2581847;
DELETE FROM game_event_creature_data WHERE guid=2581847;
DELETE FROM creature_battleground WHERE guid=2581847;
REPLACE INTO `creature` VALUES (2581848,61796,0,0,0,0,4320.51,-3024.9,22.9217,0.0893464,120,120,0,100,100,0,0,0);
REPLACE INTO `creature` VALUES (2581849,61797,0,0,0,0,4321.12,-3027.32,22.9217,0.0893464,120,120,0,100,100,0,0,0);
REPLACE INTO `creature` VALUES (2581850,61798,0,0,0,0,4321.46,-3029.43,22.9217,0.34774,120,120,0,100,100,0,0,0);
REPLACE INTO `creature` VALUES (2581851,61796,0,0,0,0,4321.9,-3030.66,22.9217,0.34774,120,120,0,100,100,0,0,0);
REPLACE INTO `creature` VALUES (2581852,61799,0,0,0,0,4322.24,-3031.58,22.9217,0.34774,120,120,0,100,100,0,0,0);
DELETE FROM creature WHERE guid=2581851;
DELETE FROM creature_addon WHERE guid=2581851;
DELETE FROM creature_movement WHERE id=2581851;
DELETE FROM game_event_creature WHERE guid=2581851;
DELETE FROM game_event_creature_data WHERE guid=2581851;
DELETE FROM creature_battleground WHERE guid=2581851;
DELETE FROM creature WHERE guid=2581852;
DELETE FROM creature_addon WHERE guid=2581852;
DELETE FROM creature_movement WHERE id=2581852;
DELETE FROM game_event_creature WHERE guid=2581852;
DELETE FROM game_event_creature_data WHERE guid=2581852;
DELETE FROM creature_battleground WHERE guid=2581852;
DELETE FROM creature WHERE guid=2581849;
DELETE FROM creature_addon WHERE guid=2581849;
DELETE FROM creature_movement WHERE id=2581849;
DELETE FROM game_event_creature WHERE guid=2581849;
DELETE FROM game_event_creature_data WHERE guid=2581849;
DELETE FROM creature_battleground WHERE guid=2581849;
DELETE FROM creature WHERE guid=2581850;
DELETE FROM creature_addon WHERE guid=2581850;
DELETE FROM creature_movement WHERE id=2581850;
DELETE FROM game_event_creature WHERE guid=2581850;
DELETE FROM game_event_creature_data WHERE guid=2581850;
DELETE FROM creature_battleground WHERE guid=2581850;
DELETE FROM creature WHERE guid=2581848;
DELETE FROM creature_addon WHERE guid=2581848;
DELETE FROM creature_movement WHERE id=2581848;
DELETE FROM game_event_creature WHERE guid=2581848;
DELETE FROM game_event_creature_data WHERE guid=2581848;
DELETE FROM creature_battleground WHERE guid=2581848;
REPLACE INTO `creature` VALUES (2581853,61796,0,0,0,0,4362.29,-3116.47,16.7454,5.93,120,120,0,100,100,0,0,0);
REPLACE INTO `creature` VALUES (2581854,61798,0,0,0,0,4386.36,-1810.28,29.1931,4.56406,120,120,0,100,100,0,0,0);

-- Changes by MORIENA
REPLACE INTO `gameobject` VALUES ( 5017415, 2000181, 0, 2518.22, -2643.71, 221.021, 2.13567, 0, 0, 0.876158, 0.482023, 300, 300, 100, 1, 0, 0);
DELETE FROM gameobject WHERE guid = '5017415';
DELETE FROM game_event_gameobject WHERE guid = '5017415';
DELETE FROM gameobject_battleground WHERE guid = '5017415';
REPLACE INTO `gameobject` VALUES ( 5017416, 2006612, 0, 2519.73, -2641.84, 221.021, 3.36089, 0, 0, 0.993995, -0.109429, 300, 300, 100, 1, 0, 0);
DELETE FROM gameobject WHERE guid = '5017416';
DELETE FROM game_event_gameobject WHERE guid = '5017416';
DELETE FROM gameobject_battleground WHERE guid = '5017416';
REPLACE INTO `gameobject` VALUES ( 5017417, 2006605, 0, 2520.38, -2642.81, 221.021, 2.4514, 0, 0, 0.941043, 0.338288, 300, 300, 100, 1, 0, 0);
DELETE FROM gameobject WHERE guid = '5017417';
DELETE FROM game_event_gameobject WHERE guid = '5017417';
DELETE FROM gameobject_battleground WHERE guid = '5017417';

-- Changes by WOJI
REPLACE INTO `creature` VALUES (2581855,61806,0,0,0,0,3908.25,-2371.54,10.843,0.359173,120,120,0,100,100,0,0,0);
REPLACE INTO `creature` VALUES (2581856,61833,0,0,0,0,3922.53,-2375.12,10.827,4.10553,120,120,0,100,100,0,0,0);
REPLACE INTO `creature` VALUES (2581857,61816,0,0,0,0,3918.23,-2359.98,10.8291,4.44717,120,120,0,100,100,0,0,0);
REPLACE INTO `creature` VALUES (2581858,61838,0,0,0,0,4073.44,-2407.04,6.3845,6.09257,120,120,0,100,100,0,0,0);
REPLACE INTO `creature` VALUES (2581859,61846,0,0,0,0,4072.02,-2411.73,6.38502,5.97477,120,120,0,100,100,0,0,0);
REPLACE INTO `creature` VALUES (2581860,61841,0,0,0,0,4104.3,-2809.61,33.4711,1.48073,120,120,0,100,100,0,0,0);
REPLACE INTO `creature` VALUES (2581861,61837,0,0,0,0,4087.01,-2798.05,24.094,5.33311,120,120,0,100,100,0,0,0);
REPLACE INTO `creature` VALUES (2581862,61842,0,0,0,0,4360.77,-3103.15,16.368,0.312092,120,120,0,100,100,0,0,0);
REPLACE INTO `creature` VALUES (2581863,61830,0,0,0,0,4449.32,-3087.27,13.0956,2.8882,120,120,0,100,100,0,0,0);
REPLACE INTO `creature` VALUES (2581864,61836,0,0,0,0,4451.11,-3082.89,13.0938,2.89999,120,120,0,100,100,0,0,0);
REPLACE INTO `creature` VALUES (2581865,61832,0,0,0,0,4448.9,-2827.52,10.3872,4.25087,120,120,0,100,100,0,0,0);
REPLACE INTO `creature` VALUES (2581866,61840,0,0,0,0,4444.72,-2829.43,11.6085,5.81773,120,120,0,100,100,0,0,0);
REPLACE INTO `creature_addon` (`guid`, `stand_state`) VALUES (2581866, 6);
UPDATE `creature` SET `position_x` = 4444.739258, `position_y` = -2829.259277, `position_z` = 10.536973, `orientation` = 5.374770 WHERE `guid` = 2581866;
UPDATE `creature` SET `position_x` = 4444.739258, `position_y` = -2829.259277, `position_z` = 10.536973, `orientation` = 6.151526 WHERE `guid` = 2581866;
REPLACE INTO `creature_addon` (`guid`, `stand_state`) VALUES (2581866, 6);
UPDATE `creature` SET `position_x` = 4444.850098, `position_y` = -2829.533447, `position_z` = 10.385515, `orientation` = 5.951245 WHERE `guid` = 2581866;
REPLACE INTO `creature_addon` (`guid`, `stand_state`) VALUES (2581866, 5);
REPLACE INTO `creature_addon` (`guid`, `stand_state`) VALUES (2581866, 6);
REPLACE INTO `creature` VALUES (2581867,61839,0,0,0,0,4443.59,-2840.04,10.3765,2.79787,120,120,0,100,100,0,0,0);
REPLACE INTO `creature_addon` (`guid`, `stand_state`) VALUES (2581867, 6);
UPDATE `creature` SET `position_x` = 4443.416992, `position_y` = -2839.853271, `position_z` = 10.376178, `orientation` = 2.327408 WHERE `guid` = 2581867;
UPDATE `creature` SET `position_x` = 4443.416992, `position_y` = -2839.853271, `position_z` = 10.376178, `orientation` = 2.427939 WHERE `guid` = 2581867;
REPLACE INTO `creature_addon` (`guid`, `stand_state`) VALUES (2581867, 6);
REPLACE INTO `creature` VALUES (2581868,61822,0,0,0,0,4095.61,-2806.89,24.0494,5.54282,120,120,0,100,100,0,0,0);
REPLACE INTO `creature_addon` (`guid`, `stand_state`) VALUES (2581868, 6);

-- Changes by MORIENA
REPLACE INTO `gameobject` VALUES ( 5017418, 1000107, 0, 2517.15, -2643.38, 221.021, 2.28647, 0, 0, 0.909979, 0.414654, 300, 300, 100, 1, 0, 0);

-- Changes by WOJI
REPLACE INTO `creature` VALUES (2581869,61814,0,0,0,0,4408.96,-2930.51,7.14596,0.561038,120,120,0,100,100,0,0,0);

-- Changes by MORIENA
REPLACE INTO `object_scaling` (`fullGuid`, `scale`) VALUES (17370400541784182602, 3.000000);
REPLACE INTO `gameobject` VALUES ( 5017418, 1000107, 0, 2517.15, -2643.38, 221.021, 2.28647, 0, 0, 0.909979, 0.414654, 300, 300, 100, 1, 0, 0);

-- Changes by WOJI
REPLACE INTO `creature_addon` (`guid`, `stand_state`) VALUES (2581869, 6);

-- Changes by MORIENA
DELETE FROM gameobject WHERE guid = '5017418';
DELETE FROM game_event_gameobject WHERE guid = '5017418';
DELETE FROM gameobject_battleground WHERE guid = '5017418';
REPLACE INTO `gameobject` VALUES ( 5017419, 1000220, 0, 2523.24, -2642.71, 221.021, 2.65639, 0, 0, 0.970716, 0.240228, 300, 300, 100, 1, 0, 0);
REPLACE INTO `object_scaling` (`fullGuid`, `scale`) VALUES (17370400543680008011, 3.000000);
REPLACE INTO `gameobject` VALUES ( 5017419, 1000220, 0, 2523.24, -2642.71, 221.021, 2.65639, 0, 0, 0.970716, 0.240228, 300, 300, 100, 1, 0, 0);
DELETE FROM gameobject WHERE guid = '5017419';
DELETE FROM game_event_gameobject WHERE guid = '5017419';
DELETE FROM gameobject_battleground WHERE guid = '5017419';
REPLACE INTO `gameobject` VALUES ( 5017420, 2004336, 0, 2518.88, -2640.74, 221.021, 2.37757, 0, 0, 0.927918, 0.372786, 300, 300, 100, 1, 0, 0);
REPLACE INTO `object_scaling` (`fullGuid`, `scale`) VALUES (17370417389951029068, 3.000000);
REPLACE INTO `gameobject` VALUES ( 5017420, 2004336, 0, 2518.88, -2640.74, 221.021, 2.37757, 0, 0, 0.927918, 0.372786, 300, 300, 100, 1, 0, 0);
DELETE FROM gameobject WHERE guid = '5017420';
DELETE FROM game_event_gameobject WHERE guid = '5017420';
DELETE FROM gameobject_battleground WHERE guid = '5017420';

-- Changes by WOJI
REPLACE INTO `creature` VALUES (2581870,61812,0,0,0,0,4407.51,-2956.16,7.13013,5.46584,120,120,0,100,100,0,0,0);

-- Changes by MORIENA
REPLACE INTO `gameobject` VALUES ( 5017421, 2004337, 0, 2520.14, -2641.44, 221.021, 2.50403, 0, 0, 0.949618, 0.313409, 300, 300, 100, 1, 0, 0);
REPLACE INTO `object_scaling` (`fullGuid`, `scale`) VALUES (17370417389967806285, 3.000000);
REPLACE INTO `gameobject` VALUES ( 5017421, 2004337, 0, 2520.14, -2641.44, 221.021, 2.50403, 0, 0, 0.949618, 0.313409, 300, 300, 100, 1, 0, 0);

-- Changes by WOJI
REPLACE INTO `creature_addon` (`guid`, `stand_state`) VALUES (2581870, 5);

-- Changes by MORIENA
REPLACE INTO `object_scaling` (`fullGuid`, `scale`) VALUES (17370417389967806285, 1.400000);
REPLACE INTO `gameobject` VALUES ( 5017421, 2004337, 0, 2520.14, -2641.44, 221.021, 2.50403, 0, 0, 0.949618, 0.313409, 300, 300, 100, 1, 0, 0);
REPLACE INTO `gameobject` VALUES ( 5017421, 2004337, 0, 2518.54, -2641.44, 221.021, 2.50403, 0, 0, 0.949618, 0.313409, 300, 300, 100, 1, 0, 0);
REPLACE INTO `gameobject` VALUES ( 5017421, 2004337, 0, 2516.94, -2641.44, 221.021, 2.50403, 0, 0, 0.949618, 0.313409, 300, 300, 100, 1, 0, 0);
REPLACE INTO `gameobject` VALUES ( 5017421, 2004337, 0, 2515.34, -2641.44, 221.021, 2.50403, 0, 0, 0.949618, 0.313409, 300, 300, 100, 1, 0, 0);
REPLACE INTO `gameobject` VALUES ( 5017421, 2004337, 0, 2513.74, -2641.44, 221.021, 2.50403, 0, 0, 0.949618, 0.313409, 300, 300, 100, 1, 0, 0);
REPLACE INTO `gameobject` VALUES ( 5017421, 2004337, 0, 2513.74, -2639.84, 221.021, 2.50403, 0, 0, 0.949618, 0.313409, 300, 300, 100, 1, 0, 0);
REPLACE INTO `gameobject` VALUES ( 5017421, 2004337, 0, 2513.74, -2641.44, 221.021, 2.50403, 0, 0, 0.949618, 0.313409, 300, 300, 100, 1, 0, 0);
REPLACE INTO `gameobject` VALUES ( 5017421, 2004337, 0, 2513.74, -2643.04, 221.021, 2.50403, 0, 0, 0.949618, 0.313409, 300, 300, 100, 1, 0, 0);
REPLACE INTO `gameobject` VALUES ( 5017421, 2004337, 0, 2513.74, -2644.64, 221.021, 2.50403, 0, 0, 0.949618, 0.313409, 300, 300, 100, 1, 0, 0);
REPLACE INTO `gameobject` VALUES ( 5017421, 2004337, 0, 2513.74, -2646.24, 221.021, 2.50403, 0, 0, 0.949618, 0.313409, 300, 300, 100, 1, 0, 0);
REPLACE INTO `gameobject` VALUES ( 5017421, 2004337, 0, 2513.74, -2647.84, 221.021, 2.50403, 0, 0, 0.949618, 0.313409, 300, 300, 100, 1, 0, 0);
REPLACE INTO `gameobject` VALUES ( 5017421, 2004337, 0, 2513.74, -2646.24, 221.021, 2.50403, 0, 0, 0.949618, 0.313409, 300, 300, 100, 1, 0, 0);
REPLACE INTO `gameobject` VALUES ( 5017421, 2004337, 0, 2513.74, -2647.84, 221.021, 2.50403, 0, 0, 0.949618, 0.313409, 300, 300, 100, 1, 0, 0);
REPLACE INTO `gameobject` VALUES ( 5017421, 2004337, 0, 2513.74, -2649.44, 221.021, 2.50403, 0, 0, 0.949618, 0.313409, 300, 300, 100, 1, 0, 0);

-- Changes by WOJI
REPLACE INTO `creature` VALUES (2581871,61813,0,0,0,0,4363.33,-2947.03,7.17883,0.447936,120,120,0,100,100,0,0,0);

-- Changes by MORIENA
REPLACE INTO `gameobject` VALUES ( 5017421, 2004337, 0, 2513.74, -2648.24, 221.021, 2.50403, 0, 0, 0.949618, 0.313409, 300, 300, 100, 1, 0, 0);
REPLACE INTO `gameobject` VALUES ( 5017421, 2004337, 0, 2512.54, -2648.24, 221.021, 2.50403, 0, 0, 0.949618, 0.313409, 300, 300, 100, 1, 0, 0);
REPLACE INTO `gameobject` VALUES ( 5017421, 2004337, 0, 2513.54, -2648.24, 221.021, 2.50403, 0, 0, 0.949618, 0.313409, 300, 300, 100, 1, 0, 0);
REPLACE INTO `gameobject` VALUES ( 5017421, 2004337, 0, 2513.54, -2647.24, 221.021, 2.50403, 0, 0, 0.949618, 0.313409, 300, 300, 100, 1, 0, 0);
REPLACE INTO `gameobject` VALUES ( 5017421, 2004337, 0, 2513.54, -2648.24, 221.021, 2.50403, 0, 0, 0.949618, 0.313409, 300, 300, 100, 1, 0, 0);
REPLACE INTO `gameobject` VALUES ( 5017421, 2004337, 0, 2513.54, -2649.24, 221.021, 2.50403, 0, 0, 0.949618, 0.313409, 300, 300, 100, 1, 0, 0);
REPLACE INTO `gameobject` VALUES ( 5017421, 2004337, 0, 2512.94, -2649.24, 221.021, 2.50403, 0, 0, 0.949618, 0.313409, 300, 300, 100, 1, 0, 0);
REPLACE INTO `gameobject` VALUES ( 5017421, 2004337, 0, 2512.94, -2648.64, 221.021, 2.50403, 0, 0, 0.949618, 0.313409, 300, 300, 100, 1, 0, 0);
REPLACE INTO `gameobject` VALUES ( 5017421, 2004337, 0, 2513.54, -2648.64, 221.021, 2.50403, 0, 0, 0.949618, 0.313409, 300, 300, 100, 1, 0, 0);

-- Changes by WOJI
UPDATE `creature` SET `position_x` = 4157.067383, `position_y` = -2703.561279, `position_z` = 20.125822, `orientation` = 4.824964 WHERE `guid` = 2581602;
REPLACE INTO `creature` VALUES (2581872,61820,0,0,0,0,4163.17,-2700.36,20.1008,4.13775,120,120,0,100,100,0,0,0);

-- Changes by MORIENA
REPLACE INTO `gameobject` VALUES ( 5017422, 2004337, 0, 2512.86, -2645.38, 221.021, 4.19263, 0, 0, 0.865065, -0.501661, 300, 300, 100, 1, 0, 0);
REPLACE INTO `object_scaling` (`fullGuid`, `scale`) VALUES (17370417389967806286, 1.600000);
REPLACE INTO `gameobject` VALUES ( 5017422, 2004337, 0, 2512.86, -2645.38, 221.021, 4.19263, 0, 0, 0.865065, -0.501661, 300, 300, 100, 1, 0, 0);
REPLACE INTO `object_scaling` (`fullGuid`, `scale`) VALUES (17370417389967806286, 2.200000);
REPLACE INTO `gameobject` VALUES ( 5017422, 2004337, 0, 2512.86, -2645.38, 221.021, 4.19263, 0, 0, 0.865065, -0.501661, 300, 300, 100, 1, 0, 0);
REPLACE INTO `object_scaling` (`fullGuid`, `scale`) VALUES (17370417389967806286, 1.600000);
REPLACE INTO `gameobject` VALUES ( 5017422, 2004337, 0, 2512.86, -2645.38, 221.021, 4.19263, 0, 0, 0.865065, -0.501661, 300, 300, 100, 1, 0, 0);
REPLACE INTO `gameobject` VALUES ( 5017422, 2004337, 0, 2513.46, -2645.38, 221.021, 4.19263, 0, 0, 0.865065, -0.501661, 300, 300, 100, 1, 0, 0);
REPLACE INTO `gameobject` VALUES ( 5017422, 2004337, 0, 2514.06, -2645.38, 221.021, 4.19263, 0, 0, 0.865065, -0.501661, 300, 300, 100, 1, 0, 0);
REPLACE INTO `gameobject` VALUES ( 5017422, 2004337, 0, 2514.66, -2645.38, 221.021, 4.19263, 0, 0, 0.865065, -0.501661, 300, 300, 100, 1, 0, 0);
REPLACE INTO `gameobject` VALUES ( 5017422, 2004337, 0, 2515.26, -2645.38, 221.021, 4.19263, 0, 0, 0.865065, -0.501661, 300, 300, 100, 1, 0, 0);
REPLACE INTO `gameobject` VALUES ( 5017422, 2004337, 0, 2515.26, -2645.98, 221.021, 4.19263, 0, 0, 0.865065, -0.501661, 300, 300, 100, 1, 0, 0);
REPLACE INTO `gameobject` VALUES ( 5017422, 2004337, 0, 2515.26, -2646.58, 221.021, 4.19263, 0, 0, 0.865065, -0.501661, 300, 300, 100, 1, 0, 0);
REPLACE INTO `gameobject` VALUES ( 5017422, 2004337, 0, 2515.26, -2647.18, 221.021, 4.19263, 0, 0, 0.865065, -0.501661, 300, 300, 100, 1, 0, 0);
REPLACE INTO `gameobject` VALUES ( 5017422, 2004337, 0, 2515.26, -2647.78, 221.021, 4.19263, 0, 0, 0.865065, -0.501661, 300, 300, 100, 1, 0, 0);
REPLACE INTO `gameobject` VALUES ( 5017422, 2004337, 0, 2515.26, -2648.38, 221.021, 4.19263, 0, 0, 0.865065, -0.501661, 300, 300, 100, 1, 0, 0);
REPLACE INTO `gameobject` VALUES ( 5017422, 2004337, 0, 2515.26, -2648.98, 221.021, 4.19263, 0, 0, 0.865065, -0.501661, 300, 300, 100, 1, 0, 0);
REPLACE INTO `gameobject` VALUES ( 5017422, 2004337, 0, 2515.26, -2649.58, 221.021, 4.19263, 0, 0, 0.865065, -0.501661, 300, 300, 100, 1, 0, 0);
REPLACE INTO `gameobject` VALUES ( 5017422, 2004337, 0, 2514.66, -2649.58, 221.021, 4.19263, 0, 0, 0.865065, -0.501661, 300, 300, 100, 1, 0, 0);
REPLACE INTO `gameobject` VALUES ( 5017422, 2004337, 0, 2514.06, -2649.58, 221.021, 4.19263, 0, 0, 0.865065, -0.501661, 300, 300, 100, 1, 0, 0);
REPLACE INTO `gameobject` VALUES ( 5017422, 2004337, 0, 2513.46, -2649.58, 221.021, 4.19263, 0, 0, 0.865065, -0.501661, 300, 300, 100, 1, 0, 0);

-- Changes by WOJI
REPLACE INTO `creature` VALUES (2581873,61835,0,0,0,0,4265.28,-2839.54,6.76713,0.140052,120,120,0,100,100,0,0,0);

-- Changes by MORIENA
REPLACE INTO `object_scaling` (`fullGuid`, `scale`) VALUES (17370417389967806286, 1.400000);
REPLACE INTO `gameobject` VALUES ( 5017422, 2004337, 0, 2513.46, -2649.58, 221.021, 4.19263, 0, 0, 0.865065, -0.501661, 300, 300, 100, 1, 0, 0);

-- Changes by WOJI
REPLACE INTO `creature_addon` (`guid`, `emote_state`) VALUES (2581873, 36);

-- Changes by MORIENA
REPLACE INTO `gameobject` VALUES ( 5017422, 2004337, 0, 2513.26, -2649.58, 221.021, 4.19263, 0, 0, 0.865065, -0.501661, 300, 300, 100, 1, 0, 0);
REPLACE INTO `gameobject` VALUES ( 5017422, 2004337, 0, 2512.86, -2649.58, 221.021, 4.19263, 0, 0, 0.865065, -0.501661, 300, 300, 100, 1, 0, 0);
REPLACE INTO `gameobject` VALUES ( 5017422, 2004337, 0, 2512.86, -2649.18, 221.021, 4.19263, 0, 0, 0.865065, -0.501661, 300, 300, 100, 1, 0, 0);

-- Changes by WOJI
REPLACE INTO `creature_addon` (`guid`, `emote_state`) VALUES (2581873, 69);

-- Changes by MORIENA
REPLACE INTO `gameobject` VALUES ( 5017423, 2004337, 0, 2512.35, -2644.69, 221.021, 4.20441, 0, 0, 0.862095, -0.506747, 300, 300, 100, 1, 0, 0);
REPLACE INTO `gameobject` VALUES ( 5017423, 2004337, 0, 2512.75, -2644.69, 221.021, 4.20441, 0, 0, 0.862095, -0.506747, 300, 300, 100, 1, 0, 0);
REPLACE INTO `gameobject` VALUES ( 5017423, 2004337, 0, 2513.15, -2644.69, 221.021, 4.20441, 0, 0, 0.862095, -0.506747, 300, 300, 100, 1, 0, 0);
REPLACE INTO `gameobject` VALUES ( 5017423, 2004337, 0, 2512.75, -2644.69, 221.021, 4.20441, 0, 0, 0.862095, -0.506747, 300, 300, 100, 1, 0, 0);
REPLACE INTO `gameobject` VALUES ( 5017423, 2004337, 0, 2512.35, -2644.69, 221.021, 4.20441, 0, 0, 0.862095, -0.506747, 300, 300, 100, 1, 0, 0);
REPLACE INTO `gameobject` VALUES ( 5017423, 2004337, 0, 2512.35, -2644.29, 221.021, 4.20441, 0, 0, 0.862095, -0.506747, 300, 300, 100, 1, 0, 0);
REPLACE INTO `gameobject` VALUES ( 5017423, 2004337, 0, 2512.35, -2643.89, 221.021, 4.20441, 0, 0, 0.862095, -0.506747, 300, 300, 100, 1, 0, 0);
REPLACE INTO `gameobject` VALUES ( 5017423, 2004337, 0, 2512.35, -2643.49, 221.021, 4.20441, 0, 0, 0.862095, -0.506747, 300, 300, 100, 1, 0, 0);
REPLACE INTO `gameobject` VALUES ( 5017423, 2004337, 0, 2512.35, -2643.09, 221.021, 4.20441, 0, 0, 0.862095, -0.506747, 300, 300, 100, 1, 0, 0);
REPLACE INTO `gameobject` VALUES ( 5017423, 2004337, 0, 2512.35, -2643.89, 221.021, 4.20441, 0, 0, 0.862095, -0.506747, 300, 300, 100, 1, 0, 0);
REPLACE INTO `gameobject` VALUES ( 5017423, 2004337, 0, 2512.35, -2644.69, 221.021, 4.20441, 0, 0, 0.862095, -0.506747, 300, 300, 100, 1, 0, 0);
REPLACE INTO `gameobject` VALUES ( 5017423, 2004337, 0, 2512.35, -2645.49, 221.021, 4.20441, 0, 0, 0.862095, -0.506747, 300, 300, 100, 1, 0, 0);
REPLACE INTO `gameobject` VALUES ( 5017423, 2004337, 0, 2512.35, -2646.29, 221.021, 4.20441, 0, 0, 0.862095, -0.506747, 300, 300, 100, 1, 0, 0);
REPLACE INTO `gameobject` VALUES ( 5017423, 2004337, 0, 2512.35, -2647.09, 221.021, 4.20441, 0, 0, 0.862095, -0.506747, 300, 300, 100, 1, 0, 0);
REPLACE INTO `gameobject` VALUES ( 5017423, 2004337, 0, 2512.35, -2647.89, 221.021, 4.20441, 0, 0, 0.862095, -0.506747, 300, 300, 100, 1, 0, 0);
REPLACE INTO `gameobject` VALUES ( 5017423, 2004337, 0, 2512.35, -2648.69, 221.021, 4.20441, 0, 0, 0.862095, -0.506747, 300, 300, 100, 1, 0, 0);
REPLACE INTO `gameobject` VALUES ( 5017423, 2004337, 0, 2512.95, -2648.69, 221.021, 4.20441, 0, 0, 0.862095, -0.506747, 300, 300, 100, 1, 0, 0);
REPLACE INTO `gameobject` VALUES ( 5017423, 2004337, 0, 2513.55, -2648.69, 221.021, 4.20441, 0, 0, 0.862095, -0.506747, 300, 300, 100, 1, 0, 0);
REPLACE INTO `gameobject` VALUES ( 5017423, 2004337, 0, 2512.95, -2648.69, 221.021, 4.20441, 0, 0, 0.862095, -0.506747, 300, 300, 100, 1, 0, 0);
REPLACE INTO `gameobject` VALUES ( 5017424, 2004337, 0, 2518.36, -2633.24, 221.021, 2.39485, 0, 0, 0.931103, 0.364756, 300, 300, 100, 1, 0, 0);
REPLACE INTO `object_scaling` (`fullGuid`, `scale`) VALUES (17370417389967806288, 1.600000);
REPLACE INTO `gameobject` VALUES ( 5017424, 2004337, 0, 2518.36, -2633.24, 221.021, 2.39485, 0, 0, 0.931103, 0.364756, 300, 300, 100, 1, 0, 0);
REPLACE INTO `gameobject` VALUES ( 5017424, 2004337, 0, 2518.96, -2633.24, 221.021, 2.39485, 0, 0, 0.931103, 0.364756, 300, 300, 100, 1, 0, 0);
REPLACE INTO `gameobject` VALUES ( 5017424, 2004337, 0, 2518.36, -2633.24, 221.021, 2.39485, 0, 0, 0.931103, 0.364756, 300, 300, 100, 1, 0, 0);
REPLACE INTO `gameobject` VALUES ( 5017424, 2004337, 0, 2517.76, -2633.24, 221.021, 2.39485, 0, 0, 0.931103, 0.364756, 300, 300, 100, 1, 0, 0);
REPLACE INTO `gameobject` VALUES ( 5017424, 2004337, 0, 2517.16, -2633.24, 221.021, 2.39485, 0, 0, 0.931103, 0.364756, 300, 300, 100, 1, 0, 0);
REPLACE INTO `gameobject` VALUES ( 5017424, 2004337, 0, 2516.56, -2633.24, 221.021, 2.39485, 0, 0, 0.931103, 0.364756, 300, 300, 100, 1, 0, 0);
REPLACE INTO `gameobject` VALUES ( 5017424, 2004337, 0, 2515.96, -2633.24, 221.021, 2.39485, 0, 0, 0.931103, 0.364756, 300, 300, 100, 1, 0, 0);
REPLACE INTO `gameobject` VALUES ( 5017424, 2004337, 0, 2515.36, -2633.24, 221.021, 2.39485, 0, 0, 0.931103, 0.364756, 300, 300, 100, 1, 0, 0);

-- Changes by WOJI
REPLACE INTO `creature` VALUES (2580327,61696,0,0,0,0,3698.39,-2495.81,55.7836,0.824286,300,300,3,100,100,1,0,0);
REPLACE INTO `creature` VALUES (2580292,61694,0,0,0,0,3729.65,-2492.74,54.2265,1.24882,120,120,3,100,100,1,0,0);
REPLACE INTO `creature` VALUES (2580278,61694,0,0,0,0,3668.64,-2467.27,61.9603,1.3495,120,120,3,100,100,1,0,0);
REPLACE INTO `creature` VALUES (2580328,61696,0,0,0,0,3651,-2469.88,61.9219,2.78778,300,300,3,100,100,1,0,0);
REPLACE INTO `creature` VALUES (2580298,61695,0,0,0,0,3639.24,-2422.23,64.92,2.04161,300,300,3,100,100,1,0,0);
REPLACE INTO `creature` VALUES (2580301,61695,0,0,0,0,3631.97,-2399.06,67.7212,2.93701,300,300,3,100,100,1,0,0);

-- Changes by MORIENA
REPLACE INTO `gameobject` VALUES ( 5017425, 2004337, 0, 2518.22, -2630.92, 221.021, 2.35637, 0, 0, 0.923912, 0.382604, 300, 300, 100, 1, 0, 0);
REPLACE INTO `object_scaling` (`fullGuid`, `scale`) VALUES (17370417389967806289, 1.600000);
REPLACE INTO `gameobject` VALUES ( 5017425, 2004337, 0, 2518.22, -2630.92, 221.021, 2.35637, 0, 0, 0.923912, 0.382604, 300, 300, 100, 1, 0, 0);
REPLACE INTO `gameobject` VALUES ( 5017425, 2004337, 0, 2518.22, -2631.52, 221.021, 2.35637, 0, 0, 0.923912, 0.382604, 300, 300, 100, 1, 0, 0);
REPLACE INTO `gameobject` VALUES ( 5017425, 2004337, 0, 2518.22, -2632.12, 221.021, 2.35637, 0, 0, 0.923912, 0.382604, 300, 300, 100, 1, 0, 0);
REPLACE INTO `gameobject` VALUES ( 5017425, 2004337, 0, 2518.22, -2632.72, 221.021, 2.35637, 0, 0, 0.923912, 0.382604, 300, 300, 100, 1, 0, 0);
REPLACE INTO `gameobject` VALUES ( 5017425, 2004337, 0, 2518.22, -2633.32, 221.021, 2.35637, 0, 0, 0.923912, 0.382604, 300, 300, 100, 1, 0, 0);
REPLACE INTO `gameobject` VALUES ( 5017425, 2004337, 0, 2518.22, -2633.92, 221.021, 2.35637, 0, 0, 0.923912, 0.382604, 300, 300, 100, 1, 0, 0);
REPLACE INTO `gameobject` VALUES ( 5017425, 2004337, 0, 2518.82, -2633.92, 221.021, 2.35637, 0, 0, 0.923912, 0.382604, 300, 300, 100, 1, 0, 0);
REPLACE INTO `gameobject` VALUES ( 5017425, 2004337, 0, 2518.22, -2633.92, 221.021, 2.35637, 0, 0, 0.923912, 0.382604, 300, 300, 100, 1, 0, 0);
REPLACE INTO `gameobject` VALUES ( 5017425, 2004337, 0, 2517.62, -2633.92, 221.021, 2.35637, 0, 0, 0.923912, 0.382604, 300, 300, 100, 1, 0, 0);
REPLACE INTO `gameobject` VALUES ( 5017425, 2004337, 0, 2517.02, -2633.92, 221.021, 2.35637, 0, 0, 0.923912, 0.382604, 300, 300, 100, 1, 0, 0);
REPLACE INTO `gameobject` VALUES ( 5017425, 2004337, 0, 2516.42, -2633.92, 221.021, 2.35637, 0, 0, 0.923912, 0.382604, 300, 300, 100, 1, 0, 0);
REPLACE INTO `gameobject` VALUES ( 5017425, 2004337, 0, 2515.82, -2633.92, 221.021, 2.35637, 0, 0, 0.923912, 0.382604, 300, 300, 100, 1, 0, 0);
REPLACE INTO `gameobject` VALUES ( 5017425, 2004337, 0, 2515.22, -2633.92, 221.021, 2.35637, 0, 0, 0.923912, 0.382604, 300, 300, 100, 1, 0, 0);
REPLACE INTO `gameobject` VALUES ( 5017425, 2004337, 0, 2515.22, -2633.32, 221.021, 2.35637, 0, 0, 0.923912, 0.382604, 300, 300, 100, 1, 0, 0);
REPLACE INTO `gameobject` VALUES ( 5017425, 2004337, 0, 2515.22, -2632.72, 221.021, 2.35637, 0, 0, 0.923912, 0.382604, 300, 300, 100, 1, 0, 0);
REPLACE INTO `gameobject` VALUES ( 5017426, 2004337, 0, 2518.35, -2630.89, 221.021, 2.54879, 0, 0, 0.956394, 0.292081, 300, 300, 100, 1, 0, 0);
REPLACE INTO `gameobject` VALUES ( 5017426, 2004337, 0, 2518.35, -2630.29, 221.021, 2.54879, 0, 0, 0.956394, 0.292081, 300, 300, 100, 1, 0, 0);
REPLACE INTO `gameobject` VALUES ( 5017426, 2004337, 0, 2518.35, -2630.89, 221.021, 2.54879, 0, 0, 0.956394, 0.292081, 300, 300, 100, 1, 0, 0);
REPLACE INTO `object_scaling` (`fullGuid`, `scale`) VALUES (17370417389967806290, 1.600000);
REPLACE INTO `gameobject` VALUES ( 5017426, 2004337, 0, 2518.35, -2630.89, 221.021, 2.54879, 0, 0, 0.956394, 0.292081, 300, 300, 100, 1, 0, 0);
REPLACE INTO `gameobject` VALUES ( 5017426, 2004337, 0, 2518.35, -2631.49, 221.021, 2.54879, 0, 0, 0.956394, 0.292081, 300, 300, 100, 1, 0, 0);
REPLACE INTO `gameobject` VALUES ( 5017426, 2004337, 0, 2517.75, -2631.49, 221.021, 2.54879, 0, 0, 0.956394, 0.292081, 300, 300, 100, 1, 0, 0);
REPLACE INTO `gameobject` VALUES ( 5017426, 2004337, 0, 2517.15, -2631.49, 221.021, 2.54879, 0, 0, 0.956394, 0.292081, 300, 300, 100, 1, 0, 0);
REPLACE INTO `gameobject` VALUES ( 5017426, 2004337, 0, 2516.55, -2631.49, 221.021, 2.54879, 0, 0, 0.956394, 0.292081, 300, 300, 100, 1, 0, 0);
REPLACE INTO `gameobject` VALUES ( 5017426, 2004337, 0, 2515.95, -2631.49, 221.021, 2.54879, 0, 0, 0.956394, 0.292081, 300, 300, 100, 1, 0, 0);
REPLACE INTO `gameobject` VALUES ( 5017426, 2004337, 0, 2515.35, -2631.49, 221.021, 2.54879, 0, 0, 0.956394, 0.292081, 300, 300, 100, 1, 0, 0);

-- Changes by WOJI
REPLACE INTO `creature` VALUES (2581874,61817,0,0,0,0,3214.63,-2459.13,111.457,3.47023,120,120,0,100,100,0,0,0);

-- Changes by MORIENA
REPLACE INTO `gameobject` VALUES ( 5017426, 2004337, 0, 2515.35, -2630.89, 221.021, 2.54879, 0, 0, 0.956394, 0.292081, 300, 300, 100, 1, 0, 0);
REPLACE INTO `gameobject` VALUES ( 5017426, 2004337, 0, 2515.35, -2631.49, 221.021, 2.54879, 0, 0, 0.956394, 0.292081, 300, 300, 100, 1, 0, 0);
REPLACE INTO `gameobject` VALUES ( 5017426, 2004337, 0, 2515.35, -2632.09, 221.021, 2.54879, 0, 0, 0.956394, 0.292081, 300, 300, 100, 1, 0, 0);
REPLACE INTO `gameobject` VALUES ( 5017426, 2004337, 0, 2515.35, -2632.69, 221.021, 2.54879, 0, 0, 0.956394, 0.292081, 300, 300, 100, 1, 0, 0);
REPLACE INTO `gameobject` VALUES ( 5017426, 2004337, 0, 2515.35, -2633.29, 221.021, 2.54879, 0, 0, 0.956394, 0.292081, 300, 300, 100, 1, 0, 0);
REPLACE INTO `gameobject` VALUES ( 5017426, 2004337, 0, 2515.35, -2633.89, 221.021, 2.54879, 0, 0, 0.956394, 0.292081, 300, 300, 100, 1, 0, 0);
REPLACE INTO `gameobject` VALUES ( 5017426, 2004337, 0, 2514.75, -2633.89, 221.021, 2.54879, 0, 0, 0.956394, 0.292081, 300, 300, 100, 1, 0, 0);
REPLACE INTO `gameobject` VALUES ( 5017426, 2004337, 0, 2514.15, -2633.89, 221.021, 2.54879, 0, 0, 0.956394, 0.292081, 300, 300, 100, 1, 0, 0);
REPLACE INTO `gameobject` VALUES ( 5017426, 2004337, 0, 2514.15, -2633.29, 221.021, 2.54879, 0, 0, 0.956394, 0.292081, 300, 300, 100, 1, 0, 0);
REPLACE INTO `gameobject` VALUES ( 5017426, 2004337, 0, 2514.15, -2632.69, 221.021, 2.54879, 0, 0, 0.956394, 0.292081, 300, 300, 100, 1, 0, 0);

-- Changes by WOJI
REPLACE INTO `creature` VALUES (2581875,61807,0,0,0,0,3214.56,-2493.03,111.505,4.35851,120,120,0,100,100,0,0,0);

-- Changes by MORIENA
REPLACE INTO `gameobject` VALUES ( 5017426, 2004337, 0, 2514.15, -2633.29, 221.021, 2.54879, 0, 0, 0.956394, 0.292081, 300, 300, 100, 1, 0, 0);
REPLACE INTO `gameobject` VALUES ( 5017426, 2004337, 0, 2514.15, -2632.69, 221.021, 2.54879, 0, 0, 0.956394, 0.292081, 300, 300, 100, 1, 0, 0);
REPLACE INTO `gameobject` VALUES ( 5017426, 2004337, 0, 2514.75, -2632.69, 221.021, 2.54879, 0, 0, 0.956394, 0.292081, 300, 300, 100, 1, 0, 0);
REPLACE INTO `object_scaling` (`fullGuid`, `scale`) VALUES (17370417389967806290, 1.200000);
REPLACE INTO `gameobject` VALUES ( 5017426, 2004337, 0, 2514.75, -2632.69, 221.021, 2.54879, 0, 0, 0.956394, 0.292081, 300, 300, 100, 1, 0, 0);

-- Changes by WOJI
REPLACE INTO `creature` VALUES (2581876,61851,0,0,0,0,3228.08,-2501.58,111.651,2.84268,120,120,0,100,100,0,0,0);

-- Changes by MORIENA
REPLACE INTO `gameobject` VALUES ( 5017425, 2004337, 0, 2515.22, -2632.32, 221.021, 2.35637, 0, 0, 0.923912, 0.382604, 300, 300, 100, 1, 0, 0);
REPLACE INTO `object_scaling` (`fullGuid`, `scale`) VALUES (17370417389967806289, 0.800000);
REPLACE INTO `gameobject` VALUES ( 5017425, 2004337, 0, 2515.22, -2632.32, 221.021, 2.35637, 0, 0, 0.923912, 0.382604, 300, 300, 100, 1, 0, 0);
REPLACE INTO `object_scaling` (`fullGuid`, `scale`) VALUES (17370417389967806288, 1.200000);
REPLACE INTO `gameobject` VALUES ( 5017424, 2004337, 0, 2515.36, -2633.24, 221.021, 2.39485, 0, 0, 0.931103, 0.364756, 300, 300, 100, 1, 0, 0);
REPLACE INTO `object_scaling` (`fullGuid`, `scale`) VALUES (17370417389967806288, 1.000000);
REPLACE INTO `gameobject` VALUES ( 5017424, 2004337, 0, 2515.36, -2633.24, 221.021, 2.39485, 0, 0, 0.931103, 0.364756, 300, 300, 100, 1, 0, 0);
REPLACE INTO `gameobject` VALUES ( 5017424, 2004337, 0, 2515.36, -2633.44, 221.021, 2.39485, 0, 0, 0.931103, 0.364756, 300, 300, 100, 1, 0, 0);
REPLACE INTO `gameobject` VALUES ( 5017424, 2004337, 0, 2515.36, -2633.64, 221.021, 2.39485, 0, 0, 0.931103, 0.364756, 300, 300, 100, 1, 0, 0);
REPLACE INTO `gameobject` VALUES ( 5017424, 2004337, 0, 2515.56, -2633.64, 221.021, 2.39485, 0, 0, 0.931103, 0.364756, 300, 300, 100, 1, 0, 0);
REPLACE INTO `gameobject` VALUES ( 5017424, 2004337, 0, 2515.96, -2633.64, 221.021, 2.39485, 0, 0, 0.931103, 0.364756, 300, 300, 100, 1, 0, 0);
REPLACE INTO `gameobject` VALUES ( 5017424, 2004337, 0, 2515.56, -2633.64, 221.021, 2.39485, 0, 0, 0.931103, 0.364756, 300, 300, 100, 1, 0, 0);
REPLACE INTO `gameobject` VALUES ( 5017424, 2004337, 0, 2515.16, -2633.64, 221.021, 2.39485, 0, 0, 0.931103, 0.364756, 300, 300, 100, 1, 0, 0);
REPLACE INTO `gameobject` VALUES ( 5017424, 2004337, 0, 2515.16, -2633.24, 221.021, 2.39485, 0, 0, 0.931103, 0.364756, 300, 300, 100, 1, 0, 0);

-- Changes by WOJI
REPLACE INTO `creature` VALUES (2581877,61809,0,0,0,0,3319.74,-2461.54,107.194,5.05985,120,120,0,100,100,0,0,0);
REPLACE INTO `creature` VALUES (2581878,61810,0,0,0,0,3315.14,-2433.35,107.213,5.16716,120,120,0,100,100,0,0,0);
REPLACE INTO `creature_addon` (`guid`, `stand_state`) VALUES (2581878, 6);
REPLACE INTO `creature` VALUES (2581879,61829,0,0,0,0,3218.81,-2479.51,111.433,1.14277,120,120,0,100,100,0,0,0);

-- Changes by DRAGU
REPLACE INTO `creature_addon` (`guid`, `stand_state`) VALUES (2581879, 4);

-- Changes by WOJI
REPLACE INTO `creature_addon` (`guid`, `stand_state`) VALUES (2581879, 6);

-- Changes by DRAGU
REPLACE INTO `creature_addon` (`guid`, `stand_state`) VALUES (2581879, 5);

-- Changes by WOJI
UPDATE `creature` SET `position_x` = 3218.941650, `position_y` = -2479.275879, `position_z` = 111.339912, `orientation` = 1.391741 WHERE `guid` = 2581879;

-- Changes by DRAGU
REPLACE INTO `creature_addon` (`guid`, `stand_state`) VALUES (2581879, 6);

-- Changes by WOJI
REPLACE INTO `creature` VALUES (2581880,61850,0,0,0,0,3159.74,-2441.43,112.247,4.03854,120,120,0,100,100,0,0,0);
REPLACE INTO `creature` VALUES (2581881,61815,0,0,0,0,3634.49,-2623.47,73.5269,2.18423,120,120,0,100,100,0,0,0);
REPLACE INTO `creature` VALUES (2581882,61821,0,0,0,0,3624.98,-2618.8,73.5116,1.16321,120,120,0,100,100,0,0,0);
REPLACE INTO `creature` VALUES (2581883,61826,0,0,0,0,3571.28,-2453.9,79.0508,2.67694,120,120,0,100,100,0,0,0);
REPLACE INTO `creature` VALUES (2581884,61811,0,0,0,0,3985.97,-2706.54,33.6452,4.65928,120,120,0,100,100,0,0,0);
REPLACE INTO `creature_addon` (`guid`, `stand_state`) VALUES (2581884, 6);
REPLACE INTO `creature` VALUES (2581885,61819,0,0,0,0,4268.82,-2844.48,7.06341,1.71326,120,120,0,100,100,0,0,0);

-- Changes by MORIENA
DELETE FROM gameobject WHERE guid = '5017148';
DELETE FROM game_event_gameobject WHERE guid = '5017148';
DELETE FROM gameobject_battleground WHERE guid = '5017148';
REPLACE INTO `gameobject` VALUES ( 5017427, 2006613, 0, 2515.27, -2633.25, 221.021, 2.49277, 0, 0, 0.947838, 0.318751, 300, 300, 100, 1, 0, 0);
DELETE FROM gameobject WHERE guid = '5017427';
DELETE FROM game_event_gameobject WHERE guid = '5017427';
DELETE FROM gameobject_battleground WHERE guid = '5017427';
REPLACE INTO `gameobject` VALUES ( 5017428, 2006613, 0, 2515.74, -2631.47, 221.021, 3.07789, 0, 0, 0.999493, 0.0318455, 300, 300, 100, 1, 0, 0);
REPLACE INTO `object_scaling` (`fullGuid`, `scale`) VALUES (17370417428152749908, 0.400000);
REPLACE INTO `gameobject` VALUES ( 5017428, 2006613, 0, 2515.74, -2631.47, 221.021, 3.07789, 0, 0, 0.999493, 0.0318455, 300, 300, 100, 1, 0, 0);
REPLACE INTO `object_scaling` (`fullGuid`, `scale`) VALUES (17370417428152749908, 0.800000);
REPLACE INTO `gameobject` VALUES ( 5017428, 2006613, 0, 2515.74, -2631.47, 221.021, 3.07789, 0, 0, 0.999493, 0.0318455, 300, 300, 100, 1, 0, 0);
REPLACE INTO `object_scaling` (`fullGuid`, `scale`) VALUES (17370417428152749908, 0.600000);
REPLACE INTO `gameobject` VALUES ( 5017428, 2006613, 0, 2515.74, -2631.47, 221.021, 3.07789, 0, 0, 0.999493, 0.0318455, 300, 300, 100, 1, 0, 0);
REPLACE INTO `gameobject` VALUES ( 5017428, 2006613, 0, 2515.74, -2631.47, 221.021, 2.44407, 0, 0, 0.939797, 0.341732, 300, 300, 100, 1, 0, 0);
REPLACE INTO `gameobject` VALUES ( 5017428, 2006613, 0, 2515.74, -2631.47, 221.021, 0.888985, 0, 0, 0.43, 0.902829, 300, 300, 100, 1, 0, 0);

-- Changes by WOJI
REPLACE INTO `creature` VALUES (2581886,61818,0,0,0,0,4340.83,-2924.02,8.35172,0.707954,120,120,0,100,100,0,0,0);

-- Changes by MORIENA
REPLACE INTO `gameobject` VALUES ( 5017428, 2006613, 0, 2515.74, -2631.27, 221.021, 0.888985, 0, 0, 0.43, 0.902829, 300, 300, 100, 1, 0, 0);
REPLACE INTO `gameobject` VALUES ( 5017428, 2006613, 0, 2515.54, -2631.27, 221.021, 0.888985, 0, 0, 0.43, 0.902829, 300, 300, 100, 1, 0, 0);
REPLACE INTO `gameobject` VALUES ( 5017428, 2006613, 0, 2515.74, -2631.27, 221.021, 0.888985, 0, 0, 0.43, 0.902829, 300, 300, 100, 1, 0, 0);
REPLACE INTO `gameobject` VALUES ( 5017428, 2006613, 0, 2515.74, -2631.47, 221.021, 0.888985, 0, 0, 0.43, 0.902829, 300, 300, 100, 1, 0, 0);
REPLACE INTO `gameobject` VALUES ( 5017428, 2006613, 0, 2515.74, -2631.67, 221.021, 0.888985, 0, 0, 0.43, 0.902829, 300, 300, 100, 1, 0, 0);
REPLACE INTO `gameobject` VALUES ( 5017428, 2006613, 0, 2515.74, -2631.87, 221.021, 0.888985, 0, 0, 0.43, 0.902829, 300, 300, 100, 1, 0, 0);
REPLACE INTO `gameobject` VALUES ( 5017428, 2006613, 0, 2515.74, -2632.07, 221.021, 0.888985, 0, 0, 0.43, 0.902829, 300, 300, 100, 1, 0, 0);
REPLACE INTO `gameobject` VALUES ( 5017428, 2006613, 0, 2515.74, -2632.27, 221.021, 0.888985, 0, 0, 0.43, 0.902829, 300, 300, 100, 1, 0, 0);
REPLACE INTO `gameobject` VALUES ( 5017428, 2006613, 0, 2515.74, -2632.47, 221.021, 0.888985, 0, 0, 0.43, 0.902829, 300, 300, 100, 1, 0, 0);
REPLACE INTO `gameobject` VALUES ( 5017428, 2006613, 0, 2515.74, -2632.67, 221.021, 0.888985, 0, 0, 0.43, 0.902829, 300, 300, 100, 1, 0, 0);
REPLACE INTO `gameobject` VALUES ( 5017428, 2006613, 0, 2515.94, -2632.67, 221.021, 0.888985, 0, 0, 0.43, 0.902829, 300, 300, 100, 1, 0, 0);
REPLACE INTO `gameobject` VALUES ( 5017428, 2006613, 0, 2516.14, -2632.67, 221.021, 0.888985, 0, 0, 0.43, 0.902829, 300, 300, 100, 1, 0, 0);
REPLACE INTO `gameobject` VALUES ( 5017428, 2006613, 0, 2515.94, -2632.67, 221.021, 0.888985, 0, 0, 0.43, 0.902829, 300, 300, 100, 1, 0, 0);
REPLACE INTO `gameobject` VALUES ( 5017428, 2006613, 0, 2515.74, -2632.67, 221.021, 0.888985, 0, 0, 0.43, 0.902829, 300, 300, 100, 1, 0, 0);
REPLACE INTO `gameobject` VALUES ( 5017428, 2006613, 0, 2515.54, -2632.67, 221.021, 0.888985, 0, 0, 0.43, 0.902829, 300, 300, 100, 1, 0, 0);
REPLACE INTO `gameobject` VALUES ( 5017428, 2006613, 0, 2515.34, -2632.67, 221.021, 0.888985, 0, 0, 0.43, 0.902829, 300, 300, 100, 1, 0, 0);
REPLACE INTO `gameobject` VALUES ( 5017428, 2006613, 0, 2515.14, -2632.67, 221.021, 0.888985, 0, 0, 0.43, 0.902829, 300, 300, 100, 1, 0, 0);
REPLACE INTO `gameobject` VALUES ( 5017428, 2006613, 0, 2514.94, -2632.67, 221.021, 0.888985, 0, 0, 0.43, 0.902829, 300, 300, 100, 1, 0, 0);
REPLACE INTO `object_scaling` (`fullGuid`, `scale`) VALUES (17370417428152749908, 0.800000);
REPLACE INTO `gameobject` VALUES ( 5017428, 2006613, 0, 2514.94, -2632.67, 221.021, 0.888985, 0, 0, 0.43, 0.902829, 300, 300, 100, 1, 0, 0);
REPLACE INTO `object_scaling` (`fullGuid`, `scale`) VALUES (17370417428152749908, 0.600000);
REPLACE INTO `gameobject` VALUES ( 5017428, 2006613, 0, 2514.94, -2632.67, 221.021, 0.888985, 0, 0, 0.43, 0.902829, 300, 300, 100, 1, 0, 0);

-- Changes by WOJI
REPLACE INTO `creature` VALUES (2581887,61823,0,0,0,0,4405.92,-2946.73,8.41227,2.80183,120,120,0,100,100,0,0,0);
REPLACE INTO `creature_addon` (`guid`, `stand_state`) VALUES (2581887, 6);
UPDATE `creature` SET `position_x` = 4406.206055, `position_y` = -2946.719971, `position_z` = 8.411268, `orientation` = 2.870938 WHERE `guid` = 2581887;
REPLACE INTO `creature_addon` (`guid`, `stand_state`) VALUES (2581887, 6);
REPLACE INTO `creature` VALUES (2581888,61814,0,0,0,0,4561.68,-2778.8,15.5079,4.06172,120,120,0,100,100,0,0,0);
DELETE FROM creature WHERE guid=2581888;
DELETE FROM creature_addon WHERE guid=2581888;
DELETE FROM creature_movement WHERE id=2581888;
DELETE FROM game_event_creature WHERE guid=2581888;
DELETE FROM game_event_creature_data WHERE guid=2581888;
DELETE FROM creature_battleground WHERE guid=2581888;
REPLACE INTO `creature` VALUES (2581889,61824,0,0,0,0,4561.73,-2778.71,15.5079,3.95177,120,120,0,100,100,0,0,0);
REPLACE INTO `creature` VALUES (2581890,61825,0,0,0,0,4565.84,-2778.61,15.6012,0.283945,120,120,0,100,100,0,0,0);
UPDATE `creature` SET `position_x` = 4566.305664, `position_y` = -2778.517334, `position_z` = 15.507607, `orientation` = 3.119231 WHERE `guid` = 2581890;
REPLACE INTO `creature_addon` (`guid`, `stand_state`) VALUES (2581890, 6);
REPLACE INTO `creature` VALUES (2581891,61827,0,0,0,0,4582.74,-2925.52,4.08824,2.36917,120,120,0,100,100,0,0,0);
UPDATE `creature` SET `position_x` = 4320.188477, `position_y` = -3039.526855, `position_z` = 23.403063, `orientation` = 0.010616 WHERE `guid` = 2581573;
UPDATE `creature` SET `position_x` = 4424.769531, `position_y` = -2923.788086, `position_z` = 8.096122, `orientation` = 1.184787 WHERE `guid` = 2581573;
UPDATE `creature` SET `position_x` = 4556.624023, `position_y` = -2762.767578, `position_z` = 31.394464, `orientation` = 1.942697 WHERE `guid` = 2581573;
UPDATE `creature` SET `position_x` = 4404.796387, `position_y` = -3009.399170, `position_z` = 10.039064, `orientation` = 1.046545 WHERE `guid` = 2581575;
UPDATE `creature` SET `position_x` = 4498.225098, `position_y` = -2864.246338, `position_z` = 9.893851, `orientation` = 0.944443 WHERE `guid` = 2581575;
UPDATE `creature` SET `position_x` = 4584.696289, `position_y` = -2772.260010, `position_z` = 31.393232, `orientation` = 0.296489 WHERE `guid` = 2581575;
UPDATE `creature` SET `position_x` = 4585.802246, `position_y` = -2772.947510, `position_z` = 31.393864, `orientation` = 4.702569 WHERE `guid` = 2581575;
UPDATE `creature` SET `position_x` = 4585.802246, `position_y` = -2772.947510, `position_z` = 31.393864, `orientation` = 1.399969 WHERE `guid` = 2581575;
REPLACE INTO `creature_addon` (`guid`, `stand_state`) VALUES (2581575, 6);
REPLACE INTO `creature_addon` (`guid`, `stand_state`) VALUES (2581575, 5);
UPDATE `creature` SET `position_x` = 4585.806641, `position_y` = -2772.713379, `position_z` = 31.394007, `orientation` = 1.203606 WHERE `guid` = 2581575;
REPLACE INTO `creature_addon` (`guid`, `stand_state`) VALUES (2581575, 5);
UPDATE `creature` SET `position_x` = 4312.535645, `position_y` = -3067.852051, `position_z` = 145.524231, `orientation` = 4.760676 WHERE `guid` = 2581572;
UPDATE `creature` SET `position_x` = 4423.686523, `position_y` = -2932.158447, `position_z` = 7.613106, `orientation` = 1.462004 WHERE `guid` = 2581574;
UPDATE `creature` SET `position_x` = 4306.693359, `position_y` = -3036.156250, `position_z` = 22.923058, `orientation` = 5.565708 WHERE `guid` = 2581574;
UPDATE `creature` SET `position_x` = 4407.161133, `position_y` = -2968.620117, `position_z` = 7.053974, `orientation` = 0.924796 WHERE `guid` = 2581570;
UPDATE `creature` SET `position_x` = 4503.949219, `position_y` = -2836.663818, `position_z` = 10.186624, `orientation` = 0.832045 WHERE `guid` = 2581570;
UPDATE `creature` SET `position_x` = 4587.134766, `position_y` = -2769.418457, `position_z` = 31.394541, `orientation` = 5.740787 WHERE `guid` = 2581570;
UPDATE `creature` SET `position_x` = 4587.617188, `position_y` = -2770.218018, `position_z` = 31.463461, `orientation` = 2.347858 WHERE `guid` = 2581570;
REPLACE INTO `creature_addon` (`guid`, `stand_state`) VALUES (2581570, 5);
REPLACE INTO `creature` VALUES (2581892,61828,0,0,0,0,4579.24,-2775.89,31.3921,4.86663,120,120,0,100,100,0,0,0);

-- Changes by MORIENA
REPLACE INTO `gameobject` VALUES ( 5017421, 2004337, 0, 2513.54, -2649.64, 221.021, 2.50403, 0, 0, 0.949618, 0.313409, 300, 300, 100, 1, 0, 0);

-- Changes by WOJI
REPLACE INTO `creature_movement` (`id`, `point`, `position_x`, `position_y`, `position_z`, `orientation`) VALUES (2581892,1, 4579.691406,-2779.907471,31.392105, 100);
REPLACE INTO `creature_movement` (`id`, `point`, `position_x`, `position_y`, `position_z`, `orientation`) VALUES (2581892,2, 4579.440430,-2782.413330,31.392105, 100);
REPLACE INTO `creature_movement` (`id`, `point`, `position_x`, `position_y`, `position_z`, `orientation`) VALUES (2581892,3, 4576.613770,-2789.726562,31.392105, 100);
REPLACE INTO `creature_movement` (`id`, `point`, `position_x`, `position_y`, `position_z`, `orientation`) VALUES (2581892,4, 4572.860840,-2792.477539,31.392105, 100);
REPLACE INTO `creature_movement` (`id`, `point`, `position_x`, `position_y`, `position_z`, `orientation`) VALUES (2581892,5, 4565.098145,-2794.050049,31.392105, 100);

-- Changes by MORIENA
REPLACE INTO `gameobject` VALUES ( 5017421, 2004337, 0, 2513.54, -2648.64, 221.021, 2.50403, 0, 0, 0.949618, 0.313409, 300, 300, 100, 1, 0, 0);

-- Changes by WOJI
REPLACE INTO `creature_movement` (`id`, `point`, `position_x`, `position_y`, `position_z`, `orientation`) VALUES (2581892,6, 4561.865234,-2793.675537,31.392105, 100);
REPLACE INTO `creature_movement` (`id`, `point`, `position_x`, `position_y`, `position_z`, `orientation`) VALUES (2581892,7, 4557.153809,-2789.559570,31.392105, 100);
REPLACE INTO `creature_movement` (`id`, `point`, `position_x`, `position_y`, `position_z`, `orientation`) VALUES (2581892,8, 4555.062012,-2782.676758,31.392105, 100);
REPLACE INTO `creature_movement` (`id`, `point`, `position_x`, `position_y`, `position_z`, `orientation`) VALUES (2581892,9, 4555.853027,-2776.079102,31.392105, 100);
REPLACE INTO `creature_movement` (`id`, `point`, `position_x`, `position_y`, `position_z`, `orientation`) VALUES (2581892,10, 4557.506348,-2772.409180,31.392124, 100);
REPLACE INTO `creature_movement` (`id`, `point`, `position_x`, `position_y`, `position_z`, `orientation`) VALUES (2581892,11, 4560.241699,-2769.612793,31.392134, 100);
REPLACE INTO `creature_movement` (`id`, `point`, `position_x`, `position_y`, `position_z`, `orientation`) VALUES (2581892,12, 4566.489746,-2767.055420,31.392214, 100);
REPLACE INTO `creature_movement` (`id`, `point`, `position_x`, `position_y`, `position_z`, `orientation`) VALUES (2581892,13, 4572.910645,-2766.975098,31.392221, 100);
REPLACE INTO `creature_movement` (`id`, `point`, `position_x`, `position_y`, `position_z`, `orientation`) VALUES (2581892,14, 4577.065430,-2769.860352,31.392221, 100);
REPLACE INTO `creature_movement` (`id`, `point`, `position_x`, `position_y`, `position_z`, `orientation`) VALUES (2581892,15, 4578.481934,-2773.644287,31.392221, 100);
REPLACE INTO `creature` VALUES (2581892,61828,0,0,0,0,4579.24,-2775.89,31.3921,4.86663,300,300,0,100,100,2,0,0);

-- Changes by MORIENA
REPLACE INTO `object_scaling` (`fullGuid`, `scale`) VALUES (17370417389967806285, 0.400000);
REPLACE INTO `gameobject` VALUES ( 5017421, 2004337, 0, 2513.54, -2648.64, 221.021, 2.50403, 0, 0, 0.949618, 0.313409, 300, 300, 100, 1, 0, 0);
REPLACE INTO `gameobject` VALUES ( 5017421, 2004337, 0, 2513.54, -2649.24, 221.021, 2.50403, 0, 0, 0.949618, 0.313409, 300, 300, 100, 1, 0, 0);
REPLACE INTO `gameobject` VALUES ( 5017421, 2004337, 0, 2513.54, -2648.64, 221.021, 2.50403, 0, 0, 0.949618, 0.313409, 300, 300, 100, 1, 0, 0);
REPLACE INTO `gameobject` VALUES ( 5017421, 2004337, 0, 2513.54, -2648.04, 221.021, 2.50403, 0, 0, 0.949618, 0.313409, 300, 300, 100, 1, 0, 0);
REPLACE INTO `gameobject` VALUES ( 5017421, 2004337, 0, 2513.54, -2647.04, 221.021, 2.50403, 0, 0, 0.949618, 0.313409, 300, 300, 100, 1, 0, 0);
REPLACE INTO `object_scaling` (`fullGuid`, `scale`) VALUES (17370417389967806285, 1.400000);
REPLACE INTO `gameobject` VALUES ( 5017421, 2004337, 0, 2513.54, -2647.04, 221.021, 2.50403, 0, 0, 0.949618, 0.313409, 300, 300, 100, 1, 0, 0);
REPLACE INTO `object_scaling` (`fullGuid`, `scale`) VALUES (17370417389967806285, 2.400000);
REPLACE INTO `gameobject` VALUES ( 5017421, 2004337, 0, 2513.54, -2647.04, 221.021, 2.50403, 0, 0, 0.949618, 0.313409, 300, 300, 100, 1, 0, 0);
REPLACE INTO `object_scaling` (`fullGuid`, `scale`) VALUES (17370417389967806285, 1.400000);
REPLACE INTO `gameobject` VALUES ( 5017421, 2004337, 0, 2513.54, -2647.04, 221.021, 2.50403, 0, 0, 0.949618, 0.313409, 300, 300, 100, 1, 0, 0);
REPLACE INTO `object_scaling` (`fullGuid`, `scale`) VALUES (17370417389967806285, 1.000000);
REPLACE INTO `gameobject` VALUES ( 5017421, 2004337, 0, 2513.54, -2647.04, 221.021, 2.50403, 0, 0, 0.949618, 0.313409, 300, 300, 100, 1, 0, 0);
REPLACE INTO `object_scaling` (`fullGuid`, `scale`) VALUES (17370417389967806285, 1.400000);
REPLACE INTO `gameobject` VALUES ( 5017421, 2004337, 0, 2513.54, -2647.04, 221.021, 2.50403, 0, 0, 0.949618, 0.313409, 300, 300, 100, 1, 0, 0);
REPLACE INTO `gameobject` VALUES ( 5017421, 2004337, 0, 2513.54, -2646.64, 221.021, 2.50403, 0, 0, 0.949618, 0.313409, 300, 300, 100, 1, 0, 0);
REPLACE INTO `gameobject` VALUES ( 5017421, 2004337, 0, 2513.54, -2646.24, 221.021, 2.50403, 0, 0, 0.949618, 0.313409, 300, 300, 100, 1, 0, 0);
REPLACE INTO `gameobject` VALUES ( 5017421, 2004337, 0, 2513.54, -2646.64, 221.021, 2.50403, 0, 0, 0.949618, 0.313409, 300, 300, 100, 1, 0, 0);
REPLACE INTO `gameobject` VALUES ( 5017421, 2004337, 0, 2513.54, -2647.04, 221.021, 2.50403, 0, 0, 0.949618, 0.313409, 300, 300, 100, 1, 0, 0);
REPLACE INTO `gameobject` VALUES ( 5017421, 2004337, 0, 2513.54, -2647.44, 221.021, 2.50403, 0, 0, 0.949618, 0.313409, 300, 300, 100, 1, 0, 0);
REPLACE INTO `gameobject` VALUES ( 5017421, 2004337, 0, 2513.54, -2648.04, 221.021, 2.50403, 0, 0, 0.949618, 0.313409, 300, 300, 100, 1, 0, 0);
REPLACE INTO `gameobject` VALUES ( 5017421, 2004337, 0, 2513.54, -2648.64, 221.021, 2.50403, 0, 0, 0.949618, 0.313409, 300, 300, 100, 1, 0, 0);
REPLACE INTO `gameobject` VALUES ( 5017421, 2004337, 0, 2512.94, -2648.64, 221.021, 2.50403, 0, 0, 0.949618, 0.313409, 300, 300, 100, 1, 0, 0);
REPLACE INTO `gameobject` VALUES ( 5017421, 2004337, 0, 2513.54, -2648.64, 221.021, 2.50403, 0, 0, 0.949618, 0.313409, 300, 300, 100, 1, 0, 0);
REPLACE INTO `gameobject` VALUES ( 5017421, 2004337, 0, 2514.14, -2648.64, 221.021, 2.50403, 0, 0, 0.949618, 0.313409, 300, 300, 100, 1, 0, 0);
REPLACE INTO `object_scaling` (`fullGuid`, `scale`) VALUES (17370417389967806285, 1.000000);
REPLACE INTO `gameobject` VALUES ( 5017421, 2004337, 0, 2514.14, -2648.64, 221.021, 2.50403, 0, 0, 0.949618, 0.313409, 300, 300, 100, 1, 0, 0);
REPLACE INTO `object_scaling` (`fullGuid`, `scale`) VALUES (17370417389967806286, 1.600000);
REPLACE INTO `gameobject` VALUES ( 5017422, 2004337, 0, 2512.86, -2649.18, 221.021, 4.19263, 0, 0, 0.865065, -0.501661, 300, 300, 100, 1, 0, 0);
REPLACE INTO `object_scaling` (`fullGuid`, `scale`) VALUES (17370417389967806286, 1.000000);
REPLACE INTO `gameobject` VALUES ( 5017422, 2004337, 0, 2512.86, -2649.18, 221.021, 4.19263, 0, 0, 0.865065, -0.501661, 300, 300, 100, 1, 0, 0);
REPLACE INTO `object_scaling` (`fullGuid`, `scale`) VALUES (17370417389967806286, 1.400000);
REPLACE INTO `gameobject` VALUES ( 5017422, 2004337, 0, 2512.86, -2649.18, 221.021, 4.19263, 0, 0, 0.865065, -0.501661, 300, 300, 100, 1, 0, 0);
REPLACE INTO `object_scaling` (`fullGuid`, `scale`) VALUES (17370417389967806286, 1.200000);
REPLACE INTO `gameobject` VALUES ( 5017422, 2004337, 0, 2512.86, -2649.18, 221.021, 4.19263, 0, 0, 0.865065, -0.501661, 300, 300, 100, 1, 0, 0);
REPLACE INTO `gameobject` VALUES ( 5017423, 2004337, 0, 2512.95, -2649.29, 221.021, 4.20441, 0, 0, 0.862095, -0.506747, 300, 300, 100, 1, 0, 0);
REPLACE INTO `gameobject` VALUES ( 5017423, 2004337, 0, 2512.95, -2648.69, 221.021, 4.20441, 0, 0, 0.862095, -0.506747, 300, 300, 100, 1, 0, 0);
REPLACE INTO `gameobject` VALUES ( 5017423, 2004337, 0, 2512.95, -2648.09, 221.021, 4.20441, 0, 0, 0.862095, -0.506747, 300, 300, 100, 1, 0, 0);
REPLACE INTO `gameobject` VALUES ( 5017423, 2004337, 0, 2513.55, -2648.09, 221.021, 4.20441, 0, 0, 0.862095, -0.506747, 300, 300, 100, 1, 0, 0);
REPLACE INTO `gameobject` VALUES ( 5017423, 2004337, 0, 2512.95, -2648.09, 221.021, 4.20441, 0, 0, 0.862095, -0.506747, 300, 300, 100, 1, 0, 0);
REPLACE INTO `gameobject` VALUES ( 5017423, 2004337, 0, 2513.15, -2648.09, 221.021, 4.20441, 0, 0, 0.862095, -0.506747, 300, 300, 100, 1, 0, 0);
REPLACE INTO `object_scaling` (`fullGuid`, `scale`) VALUES (17370417389967806287, 1.200000);
REPLACE INTO `gameobject` VALUES ( 5017423, 2004337, 0, 2513.15, -2648.09, 221.021, 4.20441, 0, 0, 0.862095, -0.506747, 300, 300, 100, 1, 0, 0);
REPLACE INTO `object_scaling` (`fullGuid`, `scale`) VALUES (17370417389967806287, 1.400000);
REPLACE INTO `gameobject` VALUES ( 5017423, 2004337, 0, 2513.15, -2648.09, 221.021, 4.20441, 0, 0, 0.862095, -0.506747, 300, 300, 100, 1, 0, 0);
REPLACE INTO `object_scaling` (`fullGuid`, `scale`) VALUES (17370417389967806287, 1.600000);
REPLACE INTO `gameobject` VALUES ( 5017423, 2004337, 0, 2513.15, -2648.09, 221.021, 4.20441, 0, 0, 0.862095, -0.506747, 300, 300, 100, 1, 0, 0);
REPLACE INTO `object_scaling` (`fullGuid`, `scale`) VALUES (17370417389967806287, 1.400000);
REPLACE INTO `gameobject` VALUES ( 5017423, 2004337, 0, 2513.15, -2648.09, 221.021, 4.20441, 0, 0, 0.862095, -0.506747, 300, 300, 100, 1, 0, 0);

-- Changes by WOJI
UPDATE `creature` SET `position_x` = 4308.423340, `position_y` = -3039.480469, `position_z` = 22.923100, `orientation` = 5.542863 WHERE `guid` = 2581574;
REPLACE INTO `creature_addon` (`guid`, `stand_state`) VALUES (2581574, 1);
UPDATE `creature` SET `position_x` = 4307.017090, `position_y` = -3045.312500, `position_z` = 22.923100, `orientation` = 1.427370 WHERE `guid` = 2563293;
UPDATE `creature` SET `position_x` = 4306.185059, `position_y` = -3042.832275, `position_z` = 22.923100, `orientation` = 5.947334 WHERE `guid` = 2581571;
REPLACE INTO `creature_addon` (`guid`, `emote_state`) VALUES (2563293, 1);
REPLACE INTO `creature_addon` (`guid`, `emote_state`) VALUES (2581571, 1);
REPLACE INTO `creature_addon` (`guid`, `emote_state`) VALUES (2581571, 0);
UPDATE `creature` SET `position_x` = 4312.038574, `position_y` = -3040.556641, `position_z` = 22.923033, `orientation` = 3.760002 WHERE `guid` = 2581574;
UPDATE `creature` SET `position_x` = 4311.756348, `position_y` = -3041.071533, `position_z` = 22.923033, `orientation` = 3.893520 WHERE `guid` = 2581574;
REPLACE INTO `creature_addon` (`guid`, `stand_state`) VALUES (2581574, 4);
REPLACE INTO `creature` VALUES (2581893,61847,0,0,0,0,4312.42,-3073.4,145.514,1.57738,120,120,0,100,100,0,0,0);
DELETE FROM creature WHERE guid=2581893;
DELETE FROM creature_addon WHERE guid=2581893;
DELETE FROM creature_movement WHERE id=2581893;
DELETE FROM game_event_creature WHERE guid=2581893;
DELETE FROM game_event_creature_data WHERE guid=2581893;
DELETE FROM creature_battleground WHERE guid=2581893;
REPLACE INTO `gameobject` VALUES ( 5017429, 2008651, 0, 4313.48, -3073.62, 145.444, 4.70032, 0, 0, 0.711361, -0.702827, 300, 300, 100, 1, 0, 0);
DELETE FROM gameobject WHERE guid = '5017429';
DELETE FROM game_event_gameobject WHERE guid = '5017429';
DELETE FROM gameobject_battleground WHERE guid = '5017429';
REPLACE INTO `gameobject` VALUES ( 5017430, 2000043, 0, 4313.11, -3074.01, 145.444, 3.88351, 0, 0, 0.931981, -0.362507, 300, 300, 100, 1, 0, 0);
REPLACE INTO `gameobject` VALUES ( 5017431, 2000175, 0, 4313.17, -3074.05, 145.445, 3.69501, 0, 0, 0.96196, -0.273189, 300, 300, 100, 1, 0, 0);
DELETE FROM gameobject WHERE guid = '5017431';
DELETE FROM game_event_gameobject WHERE guid = '5017431';
DELETE FROM gameobject_battleground WHERE guid = '5017431';
REPLACE INTO `creature` VALUES (2581894,6368,0,0,0,0,4312.52,-3043.22,22.9234,2.85304,120,120,5,100,100,1,0,0);
DELETE FROM creature WHERE guid=2581894;
DELETE FROM creature_addon WHERE guid=2581894;
DELETE FROM creature_movement WHERE id=2581894;
DELETE FROM game_event_creature WHERE guid=2581894;
DELETE FROM game_event_creature_data WHERE guid=2581894;
DELETE FROM creature_battleground WHERE guid=2581894;
REPLACE INTO `creature` VALUES (2581895,7386,0,0,0,0,4311.91,-3044.19,22.9238,1.61211,120,120,0,100,100,0,0,0);
UPDATE `creature` SET `position_x` = 4312.351074, `position_y` = -3043.064453, `position_z` = 22.923803, `orientation` = 2.923728 WHERE `guid` = 2581895;
UPDATE `creature` SET `position_x` = 4311.078125, `position_y` = -3040.896729, `position_z` = 22.923120, `orientation` = 4.631969 WHERE `guid` = 2581895;
UPDATE `creature` SET `position_x` = 4361.807129, `position_y` = -2836.797852, `position_z` = 6.159143, `orientation` = 5.557959 WHERE `guid` = 2560846;
UPDATE `creature` SET `position_x` = 4297.532227, `position_y` = -2841.561523, `position_z` = 5.929201, `orientation` = 5.540647 WHERE `guid` = 2581885;
UPDATE `creature` SET `position_x` = 4338.134766, `position_y` = -2921.282715, `position_z` = 8.350924, `orientation` = 0.651560 WHERE `guid` = 2581885;
REPLACE INTO `creature` VALUES (2581896,60437,0,0,0,0,4272.95,-2845.43,7.67257,1.96318,120,120,0,100,100,0,0,0);
REPLACE INTO `creature_addon` (`guid`, `stand_state`) VALUES (2581896, 3);
DELETE FROM creature WHERE guid=2581896;
DELETE FROM creature_addon WHERE guid=2581896;
DELETE FROM creature_movement WHERE id=2581896;
DELETE FROM game_event_creature WHERE guid=2581896;
DELETE FROM game_event_creature_data WHERE guid=2581896;
DELETE FROM creature_battleground WHERE guid=2581896;
UPDATE `creature` SET `position_x` = 4283.042969, `position_y` = -2828.788330, `position_z` = 4.965562, `orientation` = 1.625445 WHERE `guid` = 2581873;
DELETE FROM gameobject WHERE guid = '5017357';
DELETE FROM game_event_gameobject WHERE guid = '5017357';
DELETE FROM gameobject_battleground WHERE guid = '5017357';
DELETE FROM gameobject WHERE guid = '4005025';
DELETE FROM game_event_gameobject WHERE guid = '4005025';
DELETE FROM gameobject_battleground WHERE guid = '4005025';
DELETE FROM gameobject WHERE guid = '4005000';
DELETE FROM game_event_gameobject WHERE guid = '4005000';
DELETE FROM gameobject_battleground WHERE guid = '4005000';
DELETE FROM gameobject WHERE guid = '5017356';
DELETE FROM game_event_gameobject WHERE guid = '5017356';
DELETE FROM gameobject_battleground WHERE guid = '5017356';
DELETE FROM gameobject WHERE guid = '4004953';
DELETE FROM game_event_gameobject WHERE guid = '4004953';
DELETE FROM gameobject_battleground WHERE guid = '4004953';
UPDATE `creature` SET `position_x` = 4278.540039, `position_y` = -2739.547363, `position_z` = 9.693822, `orientation` = 3.098062 WHERE `guid` = 2581873;
DELETE FROM creature WHERE guid=2577124;
DELETE FROM creature_addon WHERE guid=2577124;
DELETE FROM creature_movement WHERE id=2577124;
DELETE FROM game_event_creature WHERE guid=2577124;
DELETE FROM game_event_creature_data WHERE guid=2577124;
DELETE FROM creature_battleground WHERE guid=2577124;
DELETE FROM creature WHERE guid=2560418;
DELETE FROM creature_addon WHERE guid=2560418;
DELETE FROM creature_movement WHERE id=2560418;
DELETE FROM game_event_creature WHERE guid=2560418;
DELETE FROM game_event_creature_data WHERE guid=2560418;
DELETE FROM creature_battleground WHERE guid=2560418;
DELETE FROM creature WHERE guid=2558329;
DELETE FROM creature_addon WHERE guid=2558329;
DELETE FROM creature_movement WHERE id=2558329;
DELETE FROM game_event_creature WHERE guid=2558329;
DELETE FROM game_event_creature_data WHERE guid=2558329;
DELETE FROM creature_battleground WHERE guid=2558329;
DELETE FROM creature WHERE guid=2558663;
DELETE FROM creature_addon WHERE guid=2558663;
DELETE FROM creature_movement WHERE id=2558663;
DELETE FROM game_event_creature WHERE guid=2558663;
DELETE FROM game_event_creature_data WHERE guid=2558663;
DELETE FROM creature_battleground WHERE guid=2558663;
DELETE FROM creature WHERE guid=2560556;
DELETE FROM creature_addon WHERE guid=2560556;
DELETE FROM creature_movement WHERE id=2560556;
DELETE FROM game_event_creature WHERE guid=2560556;
DELETE FROM game_event_creature_data WHERE guid=2560556;
DELETE FROM creature_battleground WHERE guid=2560556;
DELETE FROM creature WHERE guid=2558662;
DELETE FROM creature_addon WHERE guid=2558662;
DELETE FROM creature_movement WHERE id=2558662;
DELETE FROM game_event_creature WHERE guid=2558662;
DELETE FROM game_event_creature_data WHERE guid=2558662;
DELETE FROM creature_battleground WHERE guid=2558662;
DELETE FROM creature WHERE guid=2558340;
DELETE FROM creature_addon WHERE guid=2558340;
DELETE FROM creature_movement WHERE id=2558340;
DELETE FROM game_event_creature WHERE guid=2558340;
DELETE FROM game_event_creature_data WHERE guid=2558340;
DELETE FROM creature_battleground WHERE guid=2558340;
DELETE FROM creature WHERE guid=2558339;
DELETE FROM creature_addon WHERE guid=2558339;
DELETE FROM creature_movement WHERE id=2558339;
DELETE FROM game_event_creature WHERE guid=2558339;
DELETE FROM game_event_creature_data WHERE guid=2558339;
DELETE FROM creature_battleground WHERE guid=2558339;
DELETE FROM creature WHERE guid=2558338;
DELETE FROM creature_addon WHERE guid=2558338;
DELETE FROM creature_movement WHERE id=2558338;
DELETE FROM game_event_creature WHERE guid=2558338;
DELETE FROM game_event_creature_data WHERE guid=2558338;
DELETE FROM creature_battleground WHERE guid=2558338;
REPLACE INTO `gameobject` VALUES ( 4005952, 3000208, 0, 4257.04, -2561.79, 64.8895, 4.56417, 0, 0, 0.757522, -0.65281, 25, 25, 100, 1, 0, 0);
REPLACE INTO `gameobject` VALUES ( 5017432, 3000208, 0, 4280.52, -2826.95, 4.87486, 0.560224, 0, 0, 0.276463, 0.961024, 300, 300, 100, 1, 0, 0);
REPLACE INTO `gameobject` VALUES ( 5017433, 3000208, 0, 4390.94, -2959.23, 7.10553, 2.2174, 0, 0, 0.89512, 0.445825, 300, 300, 100, 1, 0, 0);
REPLACE INTO `gameobject` VALUES ( 5017434, 3000208, 0, 4155.49, -2730.93, 17.8915, 4.9634, 0, 0, 0.61303, -0.790059, 300, 300, 100, 1, 0, 0);
REPLACE INTO `gameobject` VALUES ( 5017435, 3000208, 0, 3195.08, -2515.4, 112.615, 0.00125074, 0, 0, 0.000625372, 1, 300, 300, 100, 1, 0, 0);

-- Changes by DRAGU
DELETE FROM creature WHERE guid=2568041;
DELETE FROM creature_addon WHERE guid=2568041;
DELETE FROM creature_movement WHERE id=2568041;
DELETE FROM game_event_creature WHERE guid=2568041;
DELETE FROM game_event_creature_data WHERE guid=2568041;
DELETE FROM creature_battleground WHERE guid=2568041;
DELETE FROM creature WHERE guid=2568050;
DELETE FROM creature_addon WHERE guid=2568050;
DELETE FROM creature_movement WHERE id=2568050;
DELETE FROM game_event_creature WHERE guid=2568050;
DELETE FROM game_event_creature_data WHERE guid=2568050;
DELETE FROM creature_battleground WHERE guid=2568050;
DELETE FROM creature WHERE guid=2568047;
DELETE FROM creature_addon WHERE guid=2568047;
DELETE FROM creature_movement WHERE id=2568047;
DELETE FROM game_event_creature WHERE guid=2568047;
DELETE FROM game_event_creature_data WHERE guid=2568047;
DELETE FROM creature_battleground WHERE guid=2568047;
DELETE FROM creature WHERE guid=2568071;
DELETE FROM creature_addon WHERE guid=2568071;
DELETE FROM creature_movement WHERE id=2568071;
DELETE FROM game_event_creature WHERE guid=2568071;
DELETE FROM game_event_creature_data WHERE guid=2568071;
DELETE FROM creature_battleground WHERE guid=2568071;
DELETE FROM creature WHERE guid=2568043;
DELETE FROM creature_addon WHERE guid=2568043;
DELETE FROM creature_movement WHERE id=2568043;
DELETE FROM game_event_creature WHERE guid=2568043;
DELETE FROM game_event_creature_data WHERE guid=2568043;
DELETE FROM creature_battleground WHERE guid=2568043;
DELETE FROM creature WHERE guid=2568042;
DELETE FROM creature_addon WHERE guid=2568042;
DELETE FROM creature_movement WHERE id=2568042;
DELETE FROM game_event_creature WHERE guid=2568042;
DELETE FROM game_event_creature_data WHERE guid=2568042;
DELETE FROM creature_battleground WHERE guid=2568042;
DELETE FROM creature WHERE guid=2568044;
DELETE FROM creature_addon WHERE guid=2568044;
DELETE FROM creature_movement WHERE id=2568044;
DELETE FROM game_event_creature WHERE guid=2568044;
DELETE FROM game_event_creature_data WHERE guid=2568044;
DELETE FROM creature_battleground WHERE guid=2568044;
DELETE FROM creature WHERE guid=2568045;
DELETE FROM creature_addon WHERE guid=2568045;
DELETE FROM creature_movement WHERE id=2568045;
DELETE FROM game_event_creature WHERE guid=2568045;
DELETE FROM game_event_creature_data WHERE guid=2568045;
DELETE FROM creature_battleground WHERE guid=2568045;
DELETE FROM creature WHERE guid=2568070;
DELETE FROM creature_addon WHERE guid=2568070;
DELETE FROM creature_movement WHERE id=2568070;
DELETE FROM game_event_creature WHERE guid=2568070;
DELETE FROM game_event_creature_data WHERE guid=2568070;
DELETE FROM creature_battleground WHERE guid=2568070;
DELETE FROM creature WHERE guid=2568046;
DELETE FROM creature_addon WHERE guid=2568046;
DELETE FROM creature_movement WHERE id=2568046;
DELETE FROM game_event_creature WHERE guid=2568046;
DELETE FROM game_event_creature_data WHERE guid=2568046;
DELETE FROM creature_battleground WHERE guid=2568046;
DELETE FROM creature WHERE guid=2568051;
DELETE FROM creature_addon WHERE guid=2568051;
DELETE FROM creature_movement WHERE id=2568051;
DELETE FROM game_event_creature WHERE guid=2568051;
DELETE FROM game_event_creature_data WHERE guid=2568051;
DELETE FROM creature_battleground WHERE guid=2568051;
DELETE FROM creature WHERE guid=2568052;
DELETE FROM creature_addon WHERE guid=2568052;
DELETE FROM creature_movement WHERE id=2568052;
DELETE FROM game_event_creature WHERE guid=2568052;
DELETE FROM game_event_creature_data WHERE guid=2568052;
DELETE FROM creature_battleground WHERE guid=2568052;
DELETE FROM creature WHERE guid=2568055;
DELETE FROM creature_addon WHERE guid=2568055;
DELETE FROM creature_movement WHERE id=2568055;
DELETE FROM game_event_creature WHERE guid=2568055;
DELETE FROM game_event_creature_data WHERE guid=2568055;
DELETE FROM creature_battleground WHERE guid=2568055;
DELETE FROM creature WHERE guid=2568056;
DELETE FROM creature_addon WHERE guid=2568056;
DELETE FROM creature_movement WHERE id=2568056;
DELETE FROM game_event_creature WHERE guid=2568056;
DELETE FROM game_event_creature_data WHERE guid=2568056;
DELETE FROM creature_battleground WHERE guid=2568056;
DELETE FROM creature WHERE guid=2568037;
DELETE FROM creature_addon WHERE guid=2568037;
DELETE FROM creature_movement WHERE id=2568037;
DELETE FROM game_event_creature WHERE guid=2568037;
DELETE FROM game_event_creature_data WHERE guid=2568037;
DELETE FROM creature_battleground WHERE guid=2568037;
DELETE FROM creature WHERE guid=2568039;
DELETE FROM creature_addon WHERE guid=2568039;
DELETE FROM creature_movement WHERE id=2568039;
DELETE FROM game_event_creature WHERE guid=2568039;
DELETE FROM game_event_creature_data WHERE guid=2568039;
DELETE FROM creature_battleground WHERE guid=2568039;
DELETE FROM creature WHERE guid=2568069;
DELETE FROM creature_addon WHERE guid=2568069;
DELETE FROM creature_movement WHERE id=2568069;
DELETE FROM game_event_creature WHERE guid=2568069;
DELETE FROM game_event_creature_data WHERE guid=2568069;
DELETE FROM creature_battleground WHERE guid=2568069;
DELETE FROM creature WHERE guid=2568036;
DELETE FROM creature_addon WHERE guid=2568036;
DELETE FROM creature_movement WHERE id=2568036;
DELETE FROM game_event_creature WHERE guid=2568036;
DELETE FROM game_event_creature_data WHERE guid=2568036;
DELETE FROM creature_battleground WHERE guid=2568036;
DELETE FROM creature WHERE guid=2568068;
DELETE FROM creature_addon WHERE guid=2568068;
DELETE FROM creature_movement WHERE id=2568068;
DELETE FROM game_event_creature WHERE guid=2568068;
DELETE FROM game_event_creature_data WHERE guid=2568068;
DELETE FROM creature_battleground WHERE guid=2568068;
DELETE FROM creature WHERE guid=2568059;
DELETE FROM creature_addon WHERE guid=2568059;
DELETE FROM creature_movement WHERE id=2568059;
DELETE FROM game_event_creature WHERE guid=2568059;
DELETE FROM game_event_creature_data WHERE guid=2568059;
DELETE FROM creature_battleground WHERE guid=2568059;
DELETE FROM creature WHERE guid=2568058;
DELETE FROM creature_addon WHERE guid=2568058;
DELETE FROM creature_movement WHERE id=2568058;
DELETE FROM game_event_creature WHERE guid=2568058;
DELETE FROM game_event_creature_data WHERE guid=2568058;
DELETE FROM creature_battleground WHERE guid=2568058;
DELETE FROM creature WHERE guid=2568053;
DELETE FROM creature_addon WHERE guid=2568053;
DELETE FROM creature_movement WHERE id=2568053;
DELETE FROM game_event_creature WHERE guid=2568053;
DELETE FROM game_event_creature_data WHERE guid=2568053;
DELETE FROM creature_battleground WHERE guid=2568053;
DELETE FROM creature WHERE guid=2568066;
DELETE FROM creature_addon WHERE guid=2568066;
DELETE FROM creature_movement WHERE id=2568066;
DELETE FROM game_event_creature WHERE guid=2568066;
DELETE FROM game_event_creature_data WHERE guid=2568066;
DELETE FROM creature_battleground WHERE guid=2568066;
DELETE FROM creature WHERE guid=2568061;
DELETE FROM creature_addon WHERE guid=2568061;
DELETE FROM creature_movement WHERE id=2568061;
DELETE FROM game_event_creature WHERE guid=2568061;
DELETE FROM game_event_creature_data WHERE guid=2568061;
DELETE FROM creature_battleground WHERE guid=2568061;
DELETE FROM creature WHERE guid=2568060;
DELETE FROM creature_addon WHERE guid=2568060;
DELETE FROM creature_movement WHERE id=2568060;
DELETE FROM game_event_creature WHERE guid=2568060;
DELETE FROM game_event_creature_data WHERE guid=2568060;
DELETE FROM creature_battleground WHERE guid=2568060;
DELETE FROM creature WHERE guid=2568065;
DELETE FROM creature_addon WHERE guid=2568065;
DELETE FROM creature_movement WHERE id=2568065;
DELETE FROM game_event_creature WHERE guid=2568065;
DELETE FROM game_event_creature_data WHERE guid=2568065;
DELETE FROM creature_battleground WHERE guid=2568065;
DELETE FROM creature WHERE guid=2568034;
DELETE FROM creature_addon WHERE guid=2568034;
DELETE FROM creature_movement WHERE id=2568034;
DELETE FROM game_event_creature WHERE guid=2568034;
DELETE FROM game_event_creature_data WHERE guid=2568034;
DELETE FROM creature_battleground WHERE guid=2568034;
DELETE FROM creature WHERE guid=2568062;
DELETE FROM creature_addon WHERE guid=2568062;
DELETE FROM creature_movement WHERE id=2568062;
DELETE FROM game_event_creature WHERE guid=2568062;
DELETE FROM game_event_creature_data WHERE guid=2568062;
DELETE FROM creature_battleground WHERE guid=2568062;

-- Changes by REN
UPDATE `creature` SET `position_x` = 4439.127441, `position_y` = -2941.803955, `position_z` = 7.618226, `orientation` = 3.910063 WHERE `guid` = 2581570;
UPDATE `creature` SET `position_x` = 4312.098145, `position_y` = -3041.085449, `position_z` = 22.921799, `orientation` = 3.588050 WHERE `guid` = 2581570;
REPLACE INTO `creature_addon` (`guid`, `stand_state`) VALUES (2581570, 5);
UPDATE `creature` SET `position_x` = 4312.241699, `position_y` = -3041.070312, `position_z` = 22.921913, `orientation` = 3.729425 WHERE `guid` = 2581570;
REPLACE INTO `creature_addon` (`guid`, `stand_state`) VALUES (2581570, 6);
REPLACE INTO `creature_addon` (`guid`, `stand_state`) VALUES (2581570, 4);
UPDATE `creature` SET `position_x` = 4492.116699, `position_y` = -2927.288330, `position_z` = 10.706398, `orientation` = 0.799890 WHERE `guid` = 2581574;
UPDATE `creature` SET `position_x` = 4583.267090, `position_y` = -2770.678955, `position_z` = 31.971380, `orientation` = 6.274116 WHERE `guid` = 2581574;
REPLACE INTO `creature_addon` (`guid`, `stand_state`) VALUES (2581574, 5);
UPDATE `creature` SET `position_x` = 4583.541992, `position_y` = -2770.599121, `position_z` = 31.466421, `orientation` = 6.274115 WHERE `guid` = 2581574;
REPLACE INTO `creature_addon` (`guid`, `stand_state`) VALUES (2581574, 5);

-- Changes by WOJI
DELETE FROM creature WHERE guid=2560419;
DELETE FROM creature_addon WHERE guid=2560419;
DELETE FROM creature_movement WHERE id=2560419;
DELETE FROM game_event_creature WHERE guid=2560419;
DELETE FROM game_event_creature_data WHERE guid=2560419;
DELETE FROM creature_battleground WHERE guid=2560419;
DELETE FROM creature WHERE guid=2559544;
DELETE FROM creature_addon WHERE guid=2559544;
DELETE FROM creature_movement WHERE id=2559544;
DELETE FROM game_event_creature WHERE guid=2559544;
DELETE FROM game_event_creature_data WHERE guid=2559544;
DELETE FROM creature_battleground WHERE guid=2559544;
DELETE FROM creature WHERE guid=2559545;
DELETE FROM creature_addon WHERE guid=2559545;
DELETE FROM creature_movement WHERE id=2559545;
DELETE FROM game_event_creature WHERE guid=2559545;
DELETE FROM game_event_creature_data WHERE guid=2559545;
DELETE FROM creature_battleground WHERE guid=2559545;

-- Changes by REN
UPDATE `creature` SET `position_x` = 4583.212402, `position_y` = -2770.589111, `position_z` = 32.020550, `orientation` = 6.258408 WHERE `guid` = 2581574;
REPLACE INTO `creature_addon` (`guid`, `stand_state`) VALUES (2581574, 5);
UPDATE `creature` SET `position_x` = 4583.415527, `position_y` = -2770.569092, `position_z` = 31.698656, `orientation` = 6.026730 WHERE `guid` = 2581574;
REPLACE INTO `creature_addon` (`guid`, `stand_state`) VALUES (2581574, 5);
UPDATE `creature` SET `position_x` = 4583.301270, `position_y` = -2770.631836, `position_z` = 31.906994, `orientation` = 0.045928 WHERE `guid` = 2581574;

-- Changes by WOJI
UPDATE `creature` SET `position_x` = 4583.058105, `position_y` = -2770.813232, `position_z` = 31.393570, `orientation` = 0.120940 WHERE `guid` = 2581574;

-- Changes by REN
UPDATE `creature` SET `position_x` = 4583.043945, `position_y` = -2770.807861, `position_z` = 31.468208, `orientation` = 6.144540 WHERE `guid` = 2581574;
REPLACE INTO `creature_addon` (`guid`, `stand_state`) VALUES (2581574, 5);
UPDATE `creature` SET `position_x` = 4311.922852, `position_y` = -3041.321045, `position_z` = 23.116491, `orientation` = 4.785795 WHERE `guid` = 2581895;
UPDATE `creature` SET `position_x` = 4312.429688, `position_y` = -3040.350830, `position_z` = 23.562929, `orientation` = 1.129767 WHERE `guid` = 2581895;
UPDATE `creature` SET `position_x` = 4311.906250, `position_y` = -3040.938721, `position_z` = 22.923149, `orientation` = 3.234644 WHERE `guid` = 2581895;
REPLACE INTO `creature_addon` (`guid`, `stand_state`) VALUES (2581895, 3);
REPLACE INTO `creature_addon` (`guid`, `stand_state`) VALUES (2581895, 2);
REPLACE INTO `creature_addon` (`guid`, `stand_state`) VALUES (2581895, 1);

-- Changes by WOJI
DELETE FROM creature WHERE guid=2577129;
DELETE FROM creature_addon WHERE guid=2577129;
DELETE FROM creature_movement WHERE id=2577129;
DELETE FROM game_event_creature WHERE guid=2577129;
DELETE FROM game_event_creature_data WHERE guid=2577129;
DELETE FROM creature_battleground WHERE guid=2577129;
DELETE FROM gameobject WHERE guid = '4005918';
DELETE FROM game_event_gameobject WHERE guid = '4005918';
DELETE FROM gameobject_battleground WHERE guid = '4005918';
DELETE FROM gameobject WHERE guid = '4005921';
DELETE FROM game_event_gameobject WHERE guid = '4005921';
DELETE FROM gameobject_battleground WHERE guid = '4005921';
DELETE FROM gameobject WHERE guid = '4005917';
DELETE FROM game_event_gameobject WHERE guid = '4005917';
DELETE FROM gameobject_battleground WHERE guid = '4005917';
REPLACE INTO `creature` VALUES (2581897,61771,0,0,0,0,4159.09,-2584.22,105.367,4.95164,120,120,0,100,100,0,0,0);
REPLACE INTO `creature` VALUES (2581898,61771,0,0,0,0,4139.64,-2573.85,105.171,3.56933,120,120,0,100,100,0,0,0);
REPLACE INTO `creature` VALUES (2581899,61771,0,0,0,0,4170,-2565.86,105.696,0.184264,120,120,0,100,100,0,0,0);
REPLACE INTO `creature` VALUES (2581900,61771,0,0,0,0,4150.63,-2553.89,105.519,1.92,120,120,0,100,100,0,0,0);
DELETE FROM gameobject WHERE guid = '4005923';
DELETE FROM game_event_gameobject WHERE guid = '4005923';
DELETE FROM gameobject_battleground WHERE guid = '4005923';
REPLACE INTO `creature` VALUES (2581901,61771,0,0,0,0,4223.54,-2534.89,111.322,1.92392,120,120,0,100,100,0,0,0);
REPLACE INTO `creature_movement` (`id`, `point`, `position_x`, `position_y`, `position_z`, `orientation`) VALUES (2581901,1, 4220.782227,-2529.417969,109.905182, 100);
REPLACE INTO `creature_movement` (`id`, `point`, `position_x`, `position_y`, `position_z`, `orientation`) VALUES (2581901,2, 4225.902832,-2527.140869,110.003227, 100);
REPLACE INTO `creature_movement` (`id`, `point`, `position_x`, `position_y`, `position_z`, `orientation`) VALUES (2581901,3, 4234.792480,-2523.718262,107.058372, 100);
REPLACE INTO `creature_movement` (`id`, `point`, `position_x`, `position_y`, `position_z`, `orientation`) VALUES (2581901,4, 4241.554199,-2522.297363,104.719910, 100);
REPLACE INTO `creature_movement` (`id`, `point`, `position_x`, `position_y`, `position_z`, `orientation`) VALUES (2581901,5, 4250.925781,-2522.249756,100.226799, 100);
REPLACE INTO `creature_movement` (`id`, `point`, `position_x`, `position_y`, `position_z`, `orientation`) VALUES (2581901,6, 4257.286133,-2523.584473,96.928841, 100);
REPLACE INTO `creature_movement` (`id`, `point`, `position_x`, `position_y`, `position_z`, `orientation`) VALUES (2581901,7, 4263.491699,-2527.184814,93.581467, 100);
REPLACE INTO `creature_movement` (`id`, `point`, `position_x`, `position_y`, `position_z`, `orientation`) VALUES (2581901,8, 4268.732910,-2532.087402,89.943192, 100);
REPLACE INTO `creature_movement` (`id`, `point`, `position_x`, `position_y`, `position_z`, `orientation`) VALUES (2581901,9, 4272.818848,-2538.826904,85.985054, 100);
REPLACE INTO `creature_movement` (`id`, `point`, `position_x`, `position_y`, `position_z`, `orientation`) VALUES (2581901,10, 4274.337402,-2546.971680,82.081932, 100);
REPLACE INTO `creature_movement` (`id`, `point`, `position_x`, `position_y`, `position_z`, `orientation`) VALUES (2581901,11, 4273.710938,-2552.338379,79.276337, 100);
REPLACE INTO `creature_movement` (`id`, `point`, `position_x`, `position_y`, `position_z`, `orientation`) VALUES (2581901,12, 4271.389160,-2558.076416,76.284851, 100);
REPLACE INTO `creature_movement` (`id`, `point`, `position_x`, `position_y`, `position_z`, `orientation`) VALUES (2581901,13, 4266.989746,-2564.647705,72.193184, 100);
REPLACE INTO `creature_movement` (`id`, `point`, `position_x`, `position_y`, `position_z`, `orientation`) VALUES (2581901,14, 4263.377930,-2567.304932,69.447853, 100);
REPLACE INTO `creature_movement` (`id`, `point`, `position_x`, `position_y`, `position_z`, `orientation`) VALUES (2581901,15, 4256.889648,-2568.967773,65.202148, 100);
REPLACE INTO `creature_movement` (`id`, `point`, `position_x`, `position_y`, `position_z`, `orientation`) VALUES (2581901,16, 4249.000488,-2570.818604,64.770454, 100);
REPLACE INTO `creature_movement` (`id`, `point`, `position_x`, `position_y`, `position_z`, `orientation`) VALUES (2581901,17, 4241.093262,-2574.033691,64.619637, 100);
REPLACE INTO `creature_movement` (`id`, `point`, `position_x`, `position_y`, `position_z`, `orientation`) VALUES (2581901,18, 4233.553711,-2575.145264,64.497368, 100);
REPLACE INTO `creature_movement` (`id`, `point`, `position_x`, `position_y`, `position_z`, `orientation`) VALUES (2581901,19, 4224.483398,-2572.974609,64.383606, 100);
REPLACE INTO `creature_movement` (`id`, `point`, `position_x`, `position_y`, `position_z`, `orientation`) VALUES (2581901,20, 4219.236328,-2566.948486,64.360268, 100);
REPLACE INTO `creature_movement` (`id`, `point`, `position_x`, `position_y`, `position_z`, `orientation`) VALUES (2581901,21, 4215.950195,-2559.289307,64.382019, 100);
REPLACE INTO `creature_movement` (`id`, `point`, `position_x`, `position_y`, `position_z`, `orientation`) VALUES (2581901,22, 4215.913086,-2553.011230,64.438759, 100);
REPLACE INTO `creature_movement` (`id`, `point`, `position_x`, `position_y`, `position_z`, `orientation`) VALUES (2581901,23, 4218.941895,-2546.005127,64.548058, 100);
REPLACE INTO `creature_movement` (`id`, `point`, `position_x`, `position_y`, `position_z`, `orientation`) VALUES (2581901,24, 4223.852539,-2540.054932,64.675369, 100);
REPLACE INTO `creature_movement` (`id`, `point`, `position_x`, `position_y`, `position_z`, `orientation`) VALUES (2581901,25, 4230.428711,-2537.031006,64.800606, 100);
REPLACE INTO `creature_movement` (`id`, `point`, `position_x`, `position_y`, `position_z`, `orientation`) VALUES (2581901,26, 4238.112305,-2536.330322,64.921181, 100);
REPLACE INTO `creature_movement` (`id`, `point`, `position_x`, `position_y`, `position_z`, `orientation`) VALUES (2581901,27, 4245.837402,-2538.569336,65.015411, 100);
REPLACE INTO `creature_movement` (`id`, `point`, `position_x`, `position_y`, `position_z`, `orientation`) VALUES (2581901,28, 4251.714844,-2544.116211,65.051750, 100);
REPLACE INTO `creature_movement` (`id`, `point`, `position_x`, `position_y`, `position_z`, `orientation`) VALUES (2581901,29, 4253.742188,-2550.078369,65.027618, 100);
REPLACE INTO `creature_movement` (`id`, `point`, `position_x`, `position_y`, `position_z`, `orientation`) VALUES (2581901,30, 4253.802246,-2556.357666,64.971321, 100);
REPLACE INTO `creature_movement` (`id`, `point`, `position_x`, `position_y`, `position_z`, `orientation`) VALUES (2581901,31, 4252.026367,-2563.214844,64.881386, 100);
REPLACE INTO `creature_movement` (`id`, `point`, `position_x`, `position_y`, `position_z`, `orientation`) VALUES (2581901,32, 4248.223633,-2569.973877,64.766396, 100);
REPLACE INTO `creature_movement` (`id`, `point`, `position_x`, `position_y`, `position_z`, `orientation`) VALUES (2581901,33, 4249.707520,-2571.218262,64.778183, 100);
REPLACE INTO `creature_movement` (`id`, `point`, `position_x`, `position_y`, `position_z`, `orientation`) VALUES (2581901,34, 4257.436035,-2569.170166,65.455673, 100);
REPLACE INTO `creature_movement` (`id`, `point`, `position_x`, `position_y`, `position_z`, `orientation`) VALUES (2581901,35, 4262.775391,-2567.788574,68.849648, 100);
REPLACE INTO `creature_movement` (`id`, `point`, `position_x`, `position_y`, `position_z`, `orientation`) VALUES (2581901,36, 4267.508789,-2565.261475,72.201874, 100);
REPLACE INTO `creature_movement` (`id`, `point`, `position_x`, `position_y`, `position_z`, `orientation`) VALUES (2581901,37, 4270.826660,-2559.355225,75.504562, 100);
REPLACE INTO `creature_movement` (`id`, `point`, `position_x`, `position_y`, `position_z`, `orientation`) VALUES (2581901,38, 4273.453125,-2553.275146,78.828308, 100);
REPLACE INTO `creature_movement` (`id`, `point`, `position_x`, `position_y`, `position_z`, `orientation`) VALUES (2581901,39, 4274.080566,-2546.515137,82.332954, 100);
REPLACE INTO `creature_movement` (`id`, `point`, `position_x`, `position_y`, `position_z`, `orientation`) VALUES (2581901,40, 4273.535645,-2540.504883,85.170387, 100);
REPLACE INTO `creature_movement` (`id`, `point`, `position_x`, `position_y`, `position_z`, `orientation`) VALUES (2581901,41, 4271.469727,-2534.111572,88.605957, 100);
REPLACE INTO `creature_movement` (`id`, `point`, `position_x`, `position_y`, `position_z`, `orientation`) VALUES (2581901,42, 4266.445312,-2529.187744,91.687241, 100);
REPLACE INTO `creature_movement` (`id`, `point`, `position_x`, `position_y`, `position_z`, `orientation`) VALUES (2581901,43, 4261.756836,-2524.582031,94.996185, 100);
REPLACE INTO `creature_movement` (`id`, `point`, `position_x`, `position_y`, `position_z`, `orientation`) VALUES (2581901,44, 4255.967773,-2522.203857,97.756027, 100);
REPLACE INTO `creature_movement` (`id`, `point`, `position_x`, `position_y`, `position_z`, `orientation`) VALUES (2581901,45, 4250.084473,-2520.506592,100.748497, 100);
REPLACE INTO `creature_movement` (`id`, `point`, `position_x`, `position_y`, `position_z`, `orientation`) VALUES (2581901,46, 4245.390625,-2521.666016,102.714050, 100);
REPLACE INTO `creature_movement` (`id`, `point`, `position_x`, `position_y`, `position_z`, `orientation`) VALUES (2581901,47, 4238.640137,-2522.447998,105.803818, 100);
REPLACE INTO `creature_movement` (`id`, `point`, `position_x`, `position_y`, `position_z`, `orientation`) VALUES (2581901,48, 4230.507812,-2524.565430,108.458054, 100);
REPLACE INTO `creature_movement` (`id`, `point`, `position_x`, `position_y`, `position_z`, `orientation`) VALUES (2581901,49, 4223.183594,-2527.332764,109.960121, 100);
REPLACE INTO `creature_movement` (`id`, `point`, `position_x`, `position_y`, `position_z`, `orientation`) VALUES (2581901,50, 4222.862305,-2532.476074,110.572281, 100);
REPLACE INTO `creature` VALUES (2581901,61771,0,0,0,0,4223.54,-2534.89,111.322,1.92392,300,300,0,100,100,2,0,0);
REPLACE INTO `creature` VALUES (2581902,61771,0,0,0,0,4290.78,-2521.57,66.0498,0.588758,120,120,0,100,100,0,0,0);
REPLACE INTO `creature_movement` (`id`, `point`, `position_x`, `position_y`, `position_z`, `orientation`) VALUES (2581902,1, 4290.781738,-2521.566895,66.049751, 100);
REPLACE INTO `creature_movement` (`id`, `point`, `position_x`, `position_y`, `position_z`, `orientation`) VALUES (2581902,2, 4313.164062,-2510.454102,61.084164, 100);
REPLACE INTO `creature_movement` (`id`, `point`, `position_x`, `position_y`, `position_z`, `orientation`) VALUES (2581902,3, 4328.118652,-2512.871582,58.559200, 100);
REPLACE INTO `creature_movement` (`id`, `point`, `position_x`, `position_y`, `position_z`, `orientation`) VALUES (2581902,4, 4341.319824,-2522.283447,55.524788, 100);
REPLACE INTO `creature_movement` (`id`, `point`, `position_x`, `position_y`, `position_z`, `orientation`) VALUES (2581902,5, 4349.642090,-2539.985840,51.804249, 100);
REPLACE INTO `creature_movement` (`id`, `point`, `position_x`, `position_y`, `position_z`, `orientation`) VALUES (2581902,6, 4347.172852,-2556.427002,48.603672, 100);
REPLACE INTO `creature_movement` (`id`, `point`, `position_x`, `position_y`, `position_z`, `orientation`) VALUES (2581902,7, 4337.605469,-2569.954834,44.841064, 100);
REPLACE INTO `creature_movement` (`id`, `point`, `position_x`, `position_y`, `position_z`, `orientation`) VALUES (2581902,8, 4322.086426,-2576.845459,41.167278, 100);
REPLACE INTO `creature_movement` (`id`, `point`, `position_x`, `position_y`, `position_z`, `orientation`) VALUES (2581902,9, 4326.602539,-2575.381104,41.673233, 100);
REPLACE INTO `creature_movement` (`id`, `point`, `position_x`, `position_y`, `position_z`, `orientation`) VALUES (2581902,10, 4341.953613,-2563.056396,46.851219, 100);
REPLACE INTO `creature_movement` (`id`, `point`, `position_x`, `position_y`, `position_z`, `orientation`) VALUES (2581902,11, 4347.041016,-2553.704590,49.059521, 100);
REPLACE INTO `creature_movement` (`id`, `point`, `position_x`, `position_y`, `position_z`, `orientation`) VALUES (2581902,12, 4343.190918,-2525.093506,54.974796, 100);
REPLACE INTO `creature_movement` (`id`, `point`, `position_x`, `position_y`, `position_z`, `orientation`) VALUES (2581902,13, 4335.445801,-2517.565918,56.954491, 100);
REPLACE INTO `creature_movement` (`id`, `point`, `position_x`, `position_y`, `position_z`, `orientation`) VALUES (2581902,14, 4335.445801,-2517.565918,56.954491, 100);
REPLACE INTO `creature_movement` (`id`, `point`, `position_x`, `position_y`, `position_z`, `orientation`) VALUES (2581902,15, 4315.498047,-2510.573486,60.733360, 100);
REPLACE INTO `creature_movement` (`id`, `point`, `position_x`, `position_y`, `position_z`, `orientation`) VALUES (2581902,16, 4302.375488,-2513.525146,63.067600, 100);
REPLACE INTO `creature_movement` (`id`, `point`, `position_x`, `position_y`, `position_z`, `orientation`) VALUES (2581902,17, 4291.583008,-2520.344727,65.756508, 100);
REPLACE INTO `creature` VALUES (2581902,61771,0,0,0,0,4290.78,-2521.57,66.0498,0.588758,300,300,0,100,100,2,0,0);
REPLACE INTO `creature` VALUES (2581903,61771,0,0,0,0,4284.16,-2587.88,40.5377,3.32775,120,120,0,100,100,0,0,0);
REPLACE INTO `creature_movement` (`id`, `point`, `position_x`, `position_y`, `position_z`, `orientation`) VALUES (2581903,1, 4279.161621,-2589.211182,40.567444, 100);
REPLACE INTO `creature_movement` (`id`, `point`, `position_x`, `position_y`, `position_z`, `orientation`) VALUES (2581903,2, 4279.161621,-2589.211182,40.567444, 100);
REPLACE INTO `creature_movement` (`id`, `point`, `position_x`, `position_y`, `position_z`, `orientation`) VALUES (2581903,3, 4263.625488,-2593.142822,37.982086, 100);
REPLACE INTO `creature_movement` (`id`, `point`, `position_x`, `position_y`, `position_z`, `orientation`) VALUES (2581903,4, 4252.402344,-2596.239502,32.550381, 100);
REPLACE INTO `creature_movement` (`id`, `point`, `position_x`, `position_y`, `position_z`, `orientation`) VALUES (2581903,5, 4243.615234,-2598.669434,26.602539, 100);
REPLACE INTO `creature_movement` (`id`, `point`, `position_x`, `position_y`, `position_z`, `orientation`) VALUES (2581903,6, 4228.342285,-2611.112793,26.054667, 100);
REPLACE INTO `creature_movement` (`id`, `point`, `position_x`, `position_y`, `position_z`, `orientation`) VALUES (2581903,7, 4228.342285,-2611.112793,26.054667, 100);
REPLACE INTO `creature_movement` (`id`, `point`, `position_x`, `position_y`, `position_z`, `orientation`) VALUES (2581903,8, 4217.299316,-2603.496094,25.959867, 100);
REPLACE INTO `creature_movement` (`id`, `point`, `position_x`, `position_y`, `position_z`, `orientation`) VALUES (2581903,9, 4219.064453,-2600.197754,26.016514, 100);
REPLACE INTO `creature_movement` (`id`, `point`, `position_x`, `position_y`, `position_z`, `orientation`) VALUES (2581903,10, 4235.436523,-2597.847412,26.281536, 100);
REPLACE INTO `creature_movement` (`id`, `point`, `position_x`, `position_y`, `position_z`, `orientation`) VALUES (2581903,11, 4235.436523,-2597.847412,26.281536, 100);
REPLACE INTO `creature_movement` (`id`, `point`, `position_x`, `position_y`, `position_z`, `orientation`) VALUES (2581903,12, 4242.333008,-2597.854004,26.390322, 100);
REPLACE INTO `creature_movement` (`id`, `point`, `position_x`, `position_y`, `position_z`, `orientation`) VALUES (2581903,13, 4250.994141,-2596.866699,31.235582, 100);
REPLACE INTO `creature_movement` (`id`, `point`, `position_x`, `position_y`, `position_z`, `orientation`) VALUES (2581903,14, 4258.792480,-2594.797363,36.183895, 100);
REPLACE INTO `creature_movement` (`id`, `point`, `position_x`, `position_y`, `position_z`, `orientation`) VALUES (2581903,15, 4277.203125,-2589.827148,40.616344, 100);
REPLACE INTO `creature` VALUES (2581903,61771,0,0,0,0,4284.16,-2587.88,40.5377,3.32775,300,300,0,100,100,2,0,0);
DELETE FROM creature WHERE guid=2559547;
DELETE FROM creature_addon WHERE guid=2559547;
DELETE FROM creature_movement WHERE id=2559547;
DELETE FROM game_event_creature WHERE guid=2559547;
DELETE FROM game_event_creature_data WHERE guid=2559547;
DELETE FROM creature_battleground WHERE guid=2559547;
DELETE FROM gameobject WHERE guid = '4005517';
DELETE FROM game_event_gameobject WHERE guid = '4005517';
DELETE FROM gameobject_battleground WHERE guid = '4005517';
DELETE FROM gameobject WHERE guid = '4005550';
DELETE FROM game_event_gameobject WHERE guid = '4005550';
DELETE FROM gameobject_battleground WHERE guid = '4005550';
REPLACE INTO `creature` VALUES (2581904,61771,0,0,0,0,4212.73,-2596.44,25.9599,2.80152,120,120,0,100,100,0,0,0);
REPLACE INTO `creature_movement` (`id`, `point`, `position_x`, `position_y`, `position_z`, `orientation`) VALUES (2581904,1, 4207.705078,-2594.953613,28.175327, 100);
REPLACE INTO `creature_movement` (`id`, `point`, `position_x`, `position_y`, `position_z`, `orientation`) VALUES (2581904,2, 4201.193359,-2592.195801,28.494797, 100);
REPLACE INTO `creature_movement` (`id`, `point`, `position_x`, `position_y`, `position_z`, `orientation`) VALUES (2581904,3, 4183.033691,-2585.023193,25.652084, 100);
REPLACE INTO `creature_movement` (`id`, `point`, `position_x`, `position_y`, `position_z`, `orientation`) VALUES (2581904,4, 4183.033691,-2585.023193,25.652084, 100);
REPLACE INTO `creature_movement` (`id`, `point`, `position_x`, `position_y`, `position_z`, `orientation`) VALUES (2581904,5, 4166.421387,-2590.162598,26.884066, 100);
REPLACE INTO `creature_movement` (`id`, `point`, `position_x`, `position_y`, `position_z`, `orientation`) VALUES (2581904,6, 4156.320312,-2591.030518,29.193125, 100);
REPLACE INTO `creature_movement` (`id`, `point`, `position_x`, `position_y`, `position_z`, `orientation`) VALUES (2581904,7, 4141.480957,-2583.699707,33.059563, 100);
REPLACE INTO `creature_movement` (`id`, `point`, `position_x`, `position_y`, `position_z`, `orientation`) VALUES (2581904,8, 4134.422852,-2573.876709,35.858242, 100);
REPLACE INTO `creature_movement` (`id`, `point`, `position_x`, `position_y`, `position_z`, `orientation`) VALUES (2581904,9, 4135.657227,-2557.212158,40.008549, 100);
REPLACE INTO `creature_movement` (`id`, `point`, `position_x`, `position_y`, `position_z`, `orientation`) VALUES (2581904,10, 4136.629883,-2555.962158,40.337360, 100);
REPLACE INTO `creature_movement` (`id`, `point`, `position_x`, `position_y`, `position_z`, `orientation`) VALUES (2581904,11, 4140.579590,-2549.683594,42.122688, 100);
REPLACE INTO `creature_movement` (`id`, `point`, `position_x`, `position_y`, `position_z`, `orientation`) VALUES (2581904,12, 4133.695801,-2563.465576,38.335629, 100);
REPLACE INTO `creature_movement` (`id`, `point`, `position_x`, `position_y`, `position_z`, `orientation`) VALUES (2581904,13, 4135.148926,-2577.265869,35.163979, 100);
REPLACE INTO `creature_movement` (`id`, `point`, `position_x`, `position_y`, `position_z`, `orientation`) VALUES (2581904,14, 4141.913574,-2586.476074,32.504879, 100);
REPLACE INTO `creature_movement` (`id`, `point`, `position_x`, `position_y`, `position_z`, `orientation`) VALUES (2581904,15, 4155.228027,-2592.806641,29.364765, 100);
REPLACE INTO `creature_movement` (`id`, `point`, `position_x`, `position_y`, `position_z`, `orientation`) VALUES (2581904,16, 4166.412598,-2591.591797,27.052790, 100);

-- Changes by REN
REPLACE INTO `gameobject` VALUES ( 5017436, 2003224, 0, 4312.48, -3040.45, 22.9228, 6.04993, 0, 0, 0.116364, -0.993207, 300, 300, 100, 1, 0, 0);

-- Changes by WOJI
REPLACE INTO `creature_movement` (`id`, `point`, `position_x`, `position_y`, `position_z`, `orientation`) VALUES (2581904,17, 4180.730957,-2588.774414,25.582865, 100);
REPLACE INTO `creature_movement` (`id`, `point`, `position_x`, `position_y`, `position_z`, `orientation`) VALUES (2581904,18, 4186.138184,-2589.062012,25.660616, 100);
REPLACE INTO `creature_movement` (`id`, `point`, `position_x`, `position_y`, `position_z`, `orientation`) VALUES (2581904,19, 4206.909180,-2594.642822,28.339384, 100);
REPLACE INTO `creature` VALUES (2581904,61771,0,0,0,0,4212.73,-2596.44,25.9599,2.80152,300,300,0,100,100,2,0,0);
DELETE FROM creature WHERE guid=2560555;
DELETE FROM creature_addon WHERE guid=2560555;
DELETE FROM creature_movement WHERE id=2560555;
DELETE FROM game_event_creature WHERE guid=2560555;
DELETE FROM game_event_creature_data WHERE guid=2560555;
DELETE FROM creature_battleground WHERE guid=2560555;

-- Changes by REN
REPLACE INTO `gameobject` VALUES ( 5017436, 2003224, 0, 4312.48, -3040.45, 22.7229, 6.04993, 0, 0, 0.116364, -0.993207, 300, 300, 100, 1, 0, 0);

-- Changes by WOJI
REPLACE INTO `creature` VALUES (2581905,61771,0,0,0,0,4152.16,-2537.32,42.2244,2.31457,120,120,0,100,100,0,0,0);
REPLACE INTO `creature_movement` (`id`, `point`, `position_x`, `position_y`, `position_z`, `orientation`) VALUES (2581905,1, 4149.082031,-2534.023682,42.208881, 100);
REPLACE INTO `creature_movement` (`id`, `point`, `position_x`, `position_y`, `position_z`, `orientation`) VALUES (2581905,2, 4143.140625,-2526.824951,42.826008, 100);
REPLACE INTO `creature_movement` (`id`, `point`, `position_x`, `position_y`, `position_z`, `orientation`) VALUES (2581905,3, 4137.211426,-2515.008545,46.459209, 100);
REPLACE INTO `creature_movement` (`id`, `point`, `position_x`, `position_y`, `position_z`, `orientation`) VALUES (2581905,4, 4138.082520,-2502.810303,49.557091, 100);
REPLACE INTO `creature_movement` (`id`, `point`, `position_x`, `position_y`, `position_z`, `orientation`) VALUES (2581905,5, 4147.756836,-2492.297119,53.702572, 100);
REPLACE INTO `creature_movement` (`id`, `point`, `position_x`, `position_y`, `position_z`, `orientation`) VALUES (2581905,6, 4163.072266,-2486.986816,58.932964, 100);
REPLACE INTO `creature_movement` (`id`, `point`, `position_x`, `position_y`, `position_z`, `orientation`) VALUES (2581905,7, 4177.893066,-2490.948730,64.234779, 100);

-- Changes by REN
DELETE FROM gameobject WHERE guid = '5017436';
DELETE FROM game_event_gameobject WHERE guid = '5017436';
DELETE FROM gameobject_battleground WHERE guid = '5017436';

-- Changes by WOJI
REPLACE INTO `creature_movement` (`id`, `point`, `position_x`, `position_y`, `position_z`, `orientation`) VALUES (2581905,8, 4178.773926,-2490.870117,64.395569, 100);
REPLACE INTO `creature_movement` (`id`, `point`, `position_x`, `position_y`, `position_z`, `orientation`) VALUES (2581905,9, 4161.890137,-2485.643066,58.610432, 100);
REPLACE INTO `creature_movement` (`id`, `point`, `position_x`, `position_y`, `position_z`, `orientation`) VALUES (2581905,10, 4148.860352,-2489.617432,54.462902, 100);
REPLACE INTO `creature_movement` (`id`, `point`, `position_x`, `position_y`, `position_z`, `orientation`) VALUES (2581905,11, 4135.722656,-2505.507568,48.654446, 100);
REPLACE INTO `creature_movement` (`id`, `point`, `position_x`, `position_y`, `position_z`, `orientation`) VALUES (2581905,12, 4136.041016,-2518.135010,45.818386, 100);
REPLACE INTO `creature_movement` (`id`, `point`, `position_x`, `position_y`, `position_z`, `orientation`) VALUES (2581905,13, 4137.691406,-2522.716553,44.543148, 100);
REPLACE INTO `creature_movement` (`id`, `point`, `position_x`, `position_y`, `position_z`, `orientation`) VALUES (2581905,14, 4148.878906,-2534.236084,42.204910, 100);
REPLACE INTO `creature` VALUES (2581905,61771,0,0,0,0,4152.16,-2537.32,42.2244,2.31457,300,300,0,100,100,2,0,0);

-- Changes by REN
REPLACE INTO `gameobject` VALUES ( 5017437, 2003229, 0, 4312.48, -3040.45, 22.9228, 4.94645, 0, 0, 0.619707, -0.784833, 300, 300, 100, 1, 0, 0);
REPLACE INTO `object_scaling` (`fullGuid`, `scale`) VALUES (17370417371378650973, 0.400000);
REPLACE INTO `gameobject` VALUES ( 5017437, 2003229, 0, 4312.48, -3040.45, 22.9228, 4.94645, 0, 0, 0.619707, -0.784833, 300, 300, 100, 1, 0, 0);

-- Changes by WOJI
REPLACE INTO `creature` VALUES (2581906,61771,0,0,0,0,4223.94,-2538.97,64.6867,2.04753,120,120,0,100,100,0,0,0);
REPLACE INTO `creature_movement` (`id`, `point`, `position_x`, `position_y`, `position_z`, `orientation`) VALUES (2581906,1, 4220.747070,-2532.753174,65.304504, 100);
REPLACE INTO `creature_movement` (`id`, `point`, `position_x`, `position_y`, `position_z`, `orientation`) VALUES (2581906,2, 4217.341309,-2527.978271,66.966156, 100);
REPLACE INTO `creature_movement` (`id`, `point`, `position_x`, `position_y`, `position_z`, `orientation`) VALUES (2581906,3, 4212.908691,-2521.636475,67.212555, 100);
REPLACE INTO `creature_movement` (`id`, `point`, `position_x`, `position_y`, `position_z`, `orientation`) VALUES (2581906,4, 4208.364258,-2515.485107,65.674736, 100);
REPLACE INTO `creature_movement` (`id`, `point`, `position_x`, `position_y`, `position_z`, `orientation`) VALUES (2581906,5, 4203.833496,-2510.093018,64.407677, 100);
REPLACE INTO `creature_movement` (`id`, `point`, `position_x`, `position_y`, `position_z`, `orientation`) VALUES (2581906,6, 4204.004883,-2501.925049,64.485565, 100);
REPLACE INTO `creature_movement` (`id`, `point`, `position_x`, `position_y`, `position_z`, `orientation`) VALUES (2581906,7, 4203.797363,-2500.801270,64.492973, 100);
REPLACE INTO `creature_movement` (`id`, `point`, `position_x`, `position_y`, `position_z`, `orientation`) VALUES (2581906,8, 4194.747559,-2494.197021,64.418137, 100);
REPLACE INTO `creature_movement` (`id`, `point`, `position_x`, `position_y`, `position_z`, `orientation`) VALUES (2581906,9, 4187.401367,-2495.325684,64.299530, 100);
REPLACE INTO `creature_movement` (`id`, `point`, `position_x`, `position_y`, `position_z`, `orientation`) VALUES (2581906,10, 4183.334473,-2498.557861,64.209526, 100);
REPLACE INTO `creature_movement` (`id`, `point`, `position_x`, `position_y`, `position_z`, `orientation`) VALUES (2581906,11, 4183.055176,-2502.377197,64.170174, 100);
REPLACE INTO `creature_movement` (`id`, `point`, `position_x`, `position_y`, `position_z`, `orientation`) VALUES (2581906,12, 4184.977051,-2507.734863,64.149719, 100);

-- Changes by REN
REPLACE INTO `gameobject` VALUES ( 5017437, 2003229, 0, 4312.48, -3040.45, 23.9228, 4.94645, 0, 0, 0.619707, -0.784833, 300, 300, 100, 1, 0, 0);

-- Changes by WOJI
REPLACE INTO `creature_movement` (`id`, `point`, `position_x`, `position_y`, `position_z`, `orientation`) VALUES (2581906,13, 4190.004395,-2511.572998,64.188942, 100);
REPLACE INTO `creature_movement` (`id`, `point`, `position_x`, `position_y`, `position_z`, `orientation`) VALUES (2581906,14, 4197.165527,-2512.159668,64.290367, 100);
REPLACE INTO `creature_movement` (`id`, `point`, `position_x`, `position_y`, `position_z`, `orientation`) VALUES (2581906,15, 4198.607910,-2511.924072,64.313385, 100);
REPLACE INTO `creature_movement` (`id`, `point`, `position_x`, `position_y`, `position_z`, `orientation`) VALUES (2581906,16, 4204.957520,-2514.664307,64.814842, 100);
REPLACE INTO `creature_movement` (`id`, `point`, `position_x`, `position_y`, `position_z`, `orientation`) VALUES (2581906,17, 4207.602539,-2517.061035,65.806213, 100);
REPLACE INTO `creature_movement` (`id`, `point`, `position_x`, `position_y`, `position_z`, `orientation`) VALUES (2581906,18, 4207.602539,-2517.061035,65.806213, 100);
REPLACE INTO `creature_movement` (`id`, `point`, `position_x`, `position_y`, `position_z`, `orientation`) VALUES (2581906,19, 4218.170898,-2530.772461,66.268250, 100);

-- Changes by REN
REPLACE INTO `gameobject` VALUES ( 5017437, 2003229, 0, 4312.48, -3040.45, 23.7229, 4.94645, 0, 0, 0.619707, -0.784833, 300, 300, 100, 1, 0, 0);

-- Changes by WOJI
REPLACE INTO `creature` VALUES (2581906,61771,0,0,0,0,4223.94,-2538.97,64.6867,2.04753,300,300,0,100,100,2,0,0);

-- Changes by REN
REPLACE INTO `gameobject` VALUES ( 5017437, 2003229, 0, 4312.48, -3040.45, 23.5229, 4.94645, 0, 0, 0.619707, -0.784833, 300, 300, 100, 1, 0, 0);
REPLACE INTO `gameobject` VALUES ( 5017437, 2003229, 0, 4312.48, -3040.45, 23.3228, 4.94645, 0, 0, 0.619707, -0.784833, 300, 300, 100, 1, 0, 0);
REPLACE INTO `gameobject` VALUES ( 5017437, 2003229, 0, 4312.48, -3040.45, 23.1229, 4.94645, 0, 0, 0.619707, -0.784833, 300, 300, 100, 1, 0, 0);
UPDATE `creature` SET `position_x` = 4312.650391, `position_y` = -3040.530273, `position_z` = 23.371712, `orientation` = 4.231734 WHERE `guid` = 2581895;
UPDATE `creature` SET `position_x` = 4311.273438, `position_y` = -3040.665039, `position_z` = 22.923195, `orientation` = 4.325981 WHERE `guid` = 2581895;
DELETE FROM gameobject WHERE guid = '5017437';
DELETE FROM game_event_gameobject WHERE guid = '5017437';
DELETE FROM gameobject_battleground WHERE guid = '5017437';
REPLACE INTO `gameobject` VALUES ( 5017438, 2003812, 0, 4312.54, -3040.4, 22.9232, 4.5027, 0, 0, 0.777224, -0.629224, 300, 300, 100, 1, 0, 0);

-- Changes by WOJI
REPLACE INTO `creature` VALUES (2581907,61771,0,0,0,0,4261.29,-2549.3,65.1468,3.7322,120,120,0,100,100,0,0,0);

-- Changes by REN
DELETE FROM gameobject WHERE guid = '5017438';
DELETE FROM game_event_gameobject WHERE guid = '5017438';
DELETE FROM gameobject_battleground WHERE guid = '5017438';

-- Changes by WOJI
REPLACE INTO `creature` VALUES (2581908,61711,0,0,0,0,4252.67,-2535.01,65.1488,3.70078,120,120,0,100,100,0,0,0);
DELETE FROM creature WHERE guid=2581908;
DELETE FROM creature_addon WHERE guid=2581908;
DELETE FROM creature_movement WHERE id=2581908;
DELETE FROM game_event_creature WHERE guid=2581908;
DELETE FROM game_event_creature_data WHERE guid=2581908;
DELETE FROM creature_battleground WHERE guid=2581908;
REPLACE INTO `creature` VALUES (2581909,61771,0,0,0,0,4252.67,-2535.01,65.1488,3.9796,120,120,0,100,100,0,0,0);

-- Changes by REN
REPLACE INTO `gameobject` VALUES ( 5017439, 2002266, 0, 4312.51, -3040.42, 22.9232, 3.04579, 0, 0, 0.998853, 0.0478852, 300, 300, 100, 1, 0, 0);
REPLACE INTO `gameobject` VALUES ( 5017439, 2002266, 0, 4312.51, -3040.42, 25.9232, 3.04579, 0, 0, 0.998853, 0.0478852, 300, 300, 100, 1, 0, 0);
REPLACE INTO `gameobject` VALUES ( 5017439, 2002266, 0, 4312.51, -3040.42, 28.9232, 3.04579, 0, 0, 0.998853, 0.0478852, 300, 300, 100, 1, 0, 0);
REPLACE INTO `gameobject` VALUES ( 5017439, 2002266, 0, 4312.51, -3040.42, 25.9232, 3.04579, 0, 0, 0.998853, 0.0478852, 300, 300, 100, 1, 0, 0);
REPLACE INTO `gameobject` VALUES ( 5017439, 2002266, 0, 4312.51, -3040.42, 22.9232, 3.04579, 0, 0, 0.998853, 0.0478852, 300, 300, 100, 1, 0, 0);
REPLACE INTO `gameobject` VALUES ( 5017439, 2002266, 0, 4312.51, -3040.42, 23.9232, 3.04579, 0, 0, 0.998853, 0.0478852, 300, 300, 100, 1, 0, 0);
DELETE FROM gameobject WHERE guid = '5017439';
DELETE FROM game_event_gameobject WHERE guid = '5017439';
DELETE FROM gameobject_battleground WHERE guid = '5017439';
REPLACE INTO `gameobject` VALUES ( 5017440, 2003424, 0, 4312.53, -3040.42, 22.9229, 4.34169, 0, 0, 0.825307, -0.564684, 300, 300, 100, 1, 0, 0);
DELETE FROM gameobject WHERE guid = '5017440';
DELETE FROM game_event_gameobject WHERE guid = '5017440';
DELETE FROM gameobject_battleground WHERE guid = '5017440';
REPLACE INTO `gameobject` VALUES ( 5017441, 2003439, 0, 4312.47, -3040.61, 22.9229, 4.03146, 0, 0, 0.90264, -0.430397, 300, 300, 100, 1, 0, 0);
REPLACE INTO `gameobject` VALUES ( 5017441, 2003439, 0, 4312.47, -3040.61, 23.7229, 4.03146, 0, 0, 0.90264, -0.430397, 300, 300, 100, 1, 0, 0);

-- Changes by WOJI
DELETE FROM creature WHERE guid=2559541;
DELETE FROM creature_addon WHERE guid=2559541;
DELETE FROM creature_movement WHERE id=2559541;
DELETE FROM game_event_creature WHERE guid=2559541;
DELETE FROM game_event_creature_data WHERE guid=2559541;
DELETE FROM creature_battleground WHERE guid=2559541;
DELETE FROM creature WHERE guid=2559542;
DELETE FROM creature_addon WHERE guid=2559542;
DELETE FROM creature_movement WHERE id=2559542;
DELETE FROM game_event_creature WHERE guid=2559542;
DELETE FROM game_event_creature_data WHERE guid=2559542;
DELETE FROM creature_battleground WHERE guid=2559542;
DELETE FROM creature WHERE guid=2560557;
DELETE FROM creature_addon WHERE guid=2560557;
DELETE FROM creature_movement WHERE id=2560557;
DELETE FROM game_event_creature WHERE guid=2560557;
DELETE FROM game_event_creature_data WHERE guid=2560557;
DELETE FROM creature_battleground WHERE guid=2560557;
DELETE FROM creature WHERE guid=2560558;
DELETE FROM creature_addon WHERE guid=2560558;
DELETE FROM creature_movement WHERE id=2560558;
DELETE FROM game_event_creature WHERE guid=2560558;
DELETE FROM game_event_creature_data WHERE guid=2560558;
DELETE FROM creature_battleground WHERE guid=2560558;
DELETE FROM creature WHERE guid=2559543;
DELETE FROM creature_addon WHERE guid=2559543;
DELETE FROM creature_movement WHERE id=2559543;
DELETE FROM game_event_creature WHERE guid=2559543;
DELETE FROM game_event_creature_data WHERE guid=2559543;
DELETE FROM creature_battleground WHERE guid=2559543;

-- Changes by REN
REPLACE INTO `gameobject` VALUES ( 5017441, 2003439, 0, 4312.47, -3040.61, 23.5229, 4.03146, 0, 0, 0.90264, -0.430397, 300, 300, 100, 1, 0, 0);
REPLACE INTO `gameobject` VALUES ( 5017441, 2003439, 0, 4312.47, -3040.61, 23.3229, 4.03146, 0, 0, 0.90264, -0.430397, 300, 300, 100, 1, 0, 0);
REPLACE INTO `gameobject` VALUES ( 5017441, 2003439, 0, 4312.47, -3040.61, 23.1229, 4.03146, 0, 0, 0.90264, -0.430397, 300, 300, 100, 1, 0, 0);
DELETE FROM gameobject WHERE guid = '5017441';
DELETE FROM game_event_gameobject WHERE guid = '5017441';
DELETE FROM gameobject_battleground WHERE guid = '5017441';
REPLACE INTO `gameobject` VALUES ( 5017442, 2003261, 0, 4312.5, -3040.49, 22.9237, 3.66231, 0, 0, 0.966297, -0.257429, 300, 300, 100, 1, 0, 0);
REPLACE INTO `gameobject` VALUES ( 5017442, 2003261, 0, 4312.5, -3040.49, 23.5237, 3.66231, 0, 0, 0.966297, -0.257429, 300, 300, 100, 1, 0, 0);
REPLACE INTO `gameobject` VALUES ( 5017442, 2003261, 0, 4312.5, -3040.49, 23.3237, 3.66231, 0, 0, 0.966297, -0.257429, 300, 300, 100, 1, 0, 0);
REPLACE INTO `gameobject` VALUES ( 5017442, 2003261, 0, 4312.5, -3040.49, 23.5237, 3.66231, 0, 0, 0.966297, -0.257429, 300, 300, 100, 1, 0, 0);
DELETE FROM gameobject WHERE guid = '5017442';
DELETE FROM game_event_gameobject WHERE guid = '5017442';
DELETE FROM gameobject_battleground WHERE guid = '5017442';
REPLACE INTO `gameobject` VALUES ( 5017443, 2003870, 0, 4312.57, -3040.47, 22.9237, 3.33637, 0, 0, 0.995261, -0.0972366, 300, 300, 100, 1, 0, 0);
REPLACE INTO `gameobject` VALUES ( 5017443, 2003870, 0, 4312.57, -3040.47, 23.1237, 3.33637, 0, 0, 0.995261, -0.0972366, 300, 300, 100, 1, 0, 0);
REPLACE INTO `object_scaling` (`fullGuid`, `scale`) VALUES (17370417382132846435, 0.800000);
REPLACE INTO `gameobject` VALUES ( 5017443, 2003870, 0, 4312.57, -3040.47, 23.1237, 3.33637, 0, 0, 0.995261, -0.0972366, 300, 300, 100, 1, 0, 0);
UPDATE `creature` SET `position_x` = 4312.474609, `position_y` = -3040.553955, `position_z` = 23.564548, `orientation` = 3.481673 WHERE `guid` = 2581895;
REPLACE INTO `creature_addon` (`guid`, `stand_state`) VALUES (2581895, 3);
DELETE FROM creature WHERE guid=2581895;
DELETE FROM creature_addon WHERE guid=2581895;
DELETE FROM creature_movement WHERE id=2581895;
DELETE FROM game_event_creature WHERE guid=2581895;
DELETE FROM game_event_creature_data WHERE guid=2581895;
DELETE FROM creature_battleground WHERE guid=2581895;
REPLACE INTO `creature` VALUES (2581910,7383,0,0,0,0,4312.45,-3040.42,23.5644,2.18182,120,120,0,100,100,0,0,0);
UPDATE `creature` SET `position_x` = 4312.581055, `position_y` = -3040.524902, `position_z` = 23.565399, `orientation` = 3.756546 WHERE `guid` = 2581910;
UPDATE `creature` SET `position_x` = 4312.574219, `position_y` = -3040.675293, `position_z` = 23.547855, `orientation` = 3.501292 WHERE `guid` = 2581910;
UPDATE `creature` SET `position_x` = 4312.421875, `position_y` = -3040.543701, `position_z` = 23.564539, `orientation` = 3.839013 WHERE `guid` = 2581910;
REPLACE INTO `creature_addon` (`guid`, `stand_state`) VALUES (2581910, 3);
UPDATE `creature` SET `position_x` = 4312.518066, `position_y` = -3040.414795, `position_z` = 23.564745, `orientation` = 4.318109 WHERE `guid` = 2581910;
UPDATE `creature` SET `position_x` = 4312.544434, `position_y` = -3040.513916, `position_z` = 23.564383, `orientation` = 4.137470 WHERE `guid` = 2581910;
UPDATE `creature` SET `position_x` = 4312.458984, `position_y` = -3040.645996, `position_z` = 23.564383, `orientation` = 4.137470 WHERE `guid` = 2581910;
REPLACE INTO `creature_addon` (`guid`, `stand_state`) VALUES (2581910, 3);
UPDATE `creature` SET `position_x` = 4312.507812, `position_y` = -3040.569580, `position_z` = 23.564917, `orientation` = 3.418829 WHERE `guid` = 2581910;
REPLACE INTO `creature_addon` (`guid`, `stand_state`) VALUES (2581910, 3);
UPDATE `creature` SET `position_x` = 4312.426758, `position_y` = -3040.408691, `position_z` = 23.564316, `orientation` = 3.571982 WHERE `guid` = 2581910;
REPLACE INTO `creature_addon` (`guid`, `stand_state`) VALUES (2581910, 3);
UPDATE `creature` SET `position_x` = 4312.485352, `position_y` = -3040.561279, `position_z` = 23.564657, `orientation` = 4.259211 WHERE `guid` = 2581910;
REPLACE INTO `creature_addon` (`guid`, `stand_state`) VALUES (2581910, 3);
UPDATE `creature` SET `position_x` = 4311.775391, `position_y` = -3039.331299, `position_z` = 22.923145, `orientation` = 5.292002 WHERE `guid` = 2581910;
REPLACE INTO `gameobject` VALUES ( 5017443, 2003870, 0, 4312.57, -3040.47, 23.3237, 3.33637, 0, 0, 0.995261, -0.0972366, 300, 300, 100, 1, 0, 0);
REPLACE INTO `gameobject` VALUES ( 5017443, 2003870, 0, 4312.57, -3040.47, 23.1237, 3.33637, 0, 0, 0.995261, -0.0972366, 300, 300, 100, 1, 0, 0);
REPLACE INTO `object_scaling` (`fullGuid`, `scale`) VALUES (17370417382132846435, 0.800000);
REPLACE INTO `gameobject` VALUES ( 5017443, 2003870, 0, 4312.57, -3040.47, 23.1237, 3.33637, 0, 0, 0.995261, -0.0972366, 300, 300, 100, 1, 0, 0);
REPLACE INTO `object_scaling` (`fullGuid`, `scale`) VALUES (17370417382132846435, 0.600000);
REPLACE INTO `gameobject` VALUES ( 5017443, 2003870, 0, 4312.57, -3040.47, 23.1237, 3.33637, 0, 0, 0.995261, -0.0972366, 300, 300, 100, 1, 0, 0);
REPLACE INTO `object_scaling` (`fullGuid`, `scale`) VALUES (17370417382132846435, 0.400000);
REPLACE INTO `gameobject` VALUES ( 5017443, 2003870, 0, 4312.57, -3040.47, 23.1237, 3.33637, 0, 0, 0.995261, -0.0972366, 300, 300, 100, 1, 0, 0);
REPLACE INTO `object_scaling` (`fullGuid`, `scale`) VALUES (17370417382132846435, 0.200000);
REPLACE INTO `gameobject` VALUES ( 5017443, 2003870, 0, 4312.57, -3040.47, 23.1237, 3.33637, 0, 0, 0.995261, -0.0972366, 300, 300, 100, 1, 0, 0);
REPLACE INTO `gameobject` VALUES ( 5017443, 2003870, 0, 4312.57, -3040.47, 23.3237, 3.33637, 0, 0, 0.995261, -0.0972366, 300, 300, 100, 1, 0, 0);
REPLACE INTO `gameobject` VALUES ( 5017443, 2003870, 0, 4312.57, -3040.47, 23.5237, 3.33637, 0, 0, 0.995261, -0.0972366, 300, 300, 100, 1, 0, 0);
UPDATE `creature` SET `position_x` = 4312.646484, `position_y` = -3040.529541, `position_z` = 23.585569, `orientation` = 3.992173 WHERE `guid` = 2581910;
REPLACE INTO `creature_addon` (`guid`, `stand_state`) VALUES (2581910, 3);
UPDATE `creature` SET `position_x` = 4312.518555, `position_y` = -3040.507080, `position_z` = 23.610407, `orientation` = 3.780113 WHERE `guid` = 2581910;
REPLACE INTO `creature_addon` (`guid`, `stand_state`) VALUES (2581910, 3);
REPLACE INTO `gameobject` VALUES ( 5017443, 2003870, 0, 4312.57, -3040.47, 23.3237, 3.33637, 0, 0, 0.995261, -0.0972366, 300, 300, 100, 1, 0, 0);
REPLACE INTO `object_scaling` (`fullGuid`, `scale`) VALUES (17370417382132846435, 1.200000);
REPLACE INTO `gameobject` VALUES ( 5017443, 2003870, 0, 4312.57, -3040.47, 23.3237, 3.33637, 0, 0, 0.995261, -0.0972366, 300, 300, 100, 1, 0, 0);
REPLACE INTO `object_scaling` (`fullGuid`, `scale`) VALUES (17370417382132846435, 1.000000);
REPLACE INTO `gameobject` VALUES ( 5017443, 2003870, 0, 4312.57, -3040.47, 23.3237, 3.33637, 0, 0, 0.995261, -0.0972366, 300, 300, 100, 1, 0, 0);
REPLACE INTO `object_scaling` (`fullGuid`, `scale`) VALUES (17370417382132846435, 0.800000);
REPLACE INTO `gameobject` VALUES ( 5017443, 2003870, 0, 4312.57, -3040.47, 23.3237, 3.33637, 0, 0, 0.995261, -0.0972366, 300, 300, 100, 1, 0, 0);
REPLACE INTO `object_scaling` (`fullGuid`, `scale`) VALUES (17370417382132846435, 0.600000);
REPLACE INTO `gameobject` VALUES ( 5017443, 2003870, 0, 4312.57, -3040.47, 23.3237, 3.33637, 0, 0, 0.995261, -0.0972366, 300, 300, 100, 1, 0, 0);
REPLACE INTO `object_scaling` (`fullGuid`, `scale`) VALUES (17370417382132846435, 0.400000);
REPLACE INTO `gameobject` VALUES ( 5017443, 2003870, 0, 4312.57, -3040.47, 23.3237, 3.33637, 0, 0, 0.995261, -0.0972366, 300, 300, 100, 1, 0, 0);
REPLACE INTO `gameobject` VALUES ( 5017443, 2003870, 0, 4312.57, -3040.47, 23.5237, 3.33637, 0, 0, 0.995261, -0.0972366, 300, 300, 100, 1, 0, 0);
REPLACE INTO `object_scaling` (`fullGuid`, `scale`) VALUES (17370417382132846435, 0.800000);
REPLACE INTO `gameobject` VALUES ( 5017443, 2003870, 0, 4312.57, -3040.47, 23.5237, 3.33637, 0, 0, 0.995261, -0.0972366, 300, 300, 100, 1, 0, 0);
REPLACE INTO `object_scaling` (`fullGuid`, `scale`) VALUES (17370417382132846435, 0.600000);
REPLACE INTO `gameobject` VALUES ( 5017443, 2003870, 0, 4312.57, -3040.47, 23.5237, 3.33637, 0, 0, 0.995261, -0.0972366, 300, 300, 100, 1, 0, 0);
REPLACE INTO `object_scaling` (`fullGuid`, `scale`) VALUES (17370417382132846435, 0.400000);
REPLACE INTO `gameobject` VALUES ( 5017443, 2003870, 0, 4312.57, -3040.47, 23.5237, 3.33637, 0, 0, 0.995261, -0.0972366, 300, 300, 100, 1, 0, 0);
REPLACE INTO `object_scaling` (`fullGuid`, `scale`) VALUES (17370417382132846435, 0.200000);
REPLACE INTO `gameobject` VALUES ( 5017443, 2003870, 0, 4312.57, -3040.47, 23.5237, 3.33637, 0, 0, 0.995261, -0.0972366, 300, 300, 100, 1, 0, 0);
UPDATE `creature` SET `position_x` = 4312.591309, `position_y` = -3040.541992, `position_z` = 23.597574, `orientation` = 3.579839 WHERE `guid` = 2581910;
REPLACE INTO `creature_addon` (`guid`, `stand_state`) VALUES (2581910, 3);
UPDATE `creature` SET `position_x` = 4312.521484, `position_y` = -3040.533691, `position_z` = 23.605783, `orientation` = 3.340296 WHERE `guid` = 2581910;
UPDATE `creature` SET `position_x` = 4312.521484, `position_y` = -3040.533691, `position_z` = 23.605783, `orientation` = 4.341677 WHERE `guid` = 2581910;
REPLACE INTO `creature_addon` (`guid`, `stand_state`) VALUES (2581910, 3);
REPLACE INTO `creature_addon` (`guid`, `stand_state`) VALUES (2581910, 1);
REPLACE INTO `gameobject` VALUES ( 5017443, 2003870, 0, 4312.57, -3040.47, 23.3237, 3.33637, 0, 0, 0.995261, -0.0972366, 300, 300, 100, 1, 0, 0);
REPLACE INTO `object_scaling` (`fullGuid`, `scale`) VALUES (17370417382132846435, 1.200000);
REPLACE INTO `gameobject` VALUES ( 5017443, 2003870, 0, 4312.57, -3040.47, 23.3237, 3.33637, 0, 0, 0.995261, -0.0972366, 300, 300, 100, 1, 0, 0);
REPLACE INTO `object_scaling` (`fullGuid`, `scale`) VALUES (17370417382132846435, 1.000000);
REPLACE INTO `gameobject` VALUES ( 5017443, 2003870, 0, 4312.57, -3040.47, 23.3237, 3.33637, 0, 0, 0.995261, -0.0972366, 300, 300, 100, 1, 0, 0);
REPLACE INTO `object_scaling` (`fullGuid`, `scale`) VALUES (17370417382132846435, 0.800000);
REPLACE INTO `gameobject` VALUES ( 5017443, 2003870, 0, 4312.57, -3040.47, 23.3237, 3.33637, 0, 0, 0.995261, -0.0972366, 300, 300, 100, 1, 0, 0);
REPLACE INTO `object_scaling` (`fullGuid`, `scale`) VALUES (17370417382132846435, 0.600000);
REPLACE INTO `gameobject` VALUES ( 5017443, 2003870, 0, 4312.57, -3040.47, 23.3237, 3.33637, 0, 0, 0.995261, -0.0972366, 300, 300, 100, 1, 0, 0);
REPLACE INTO `object_scaling` (`fullGuid`, `scale`) VALUES (17370417382132846435, 0.400000);
REPLACE INTO `gameobject` VALUES ( 5017443, 2003870, 0, 4312.57, -3040.47, 23.3237, 3.33637, 0, 0, 0.995261, -0.0972366, 300, 300, 100, 1, 0, 0);
UPDATE `creature` SET `position_x` = 4312.556152, `position_y` = -3040.529297, `position_z` = 23.544203, `orientation` = 3.293169 WHERE `guid` = 2581910;
UPDATE `creature` SET `position_x` = 4312.472656, `position_y` = -3040.443359, `position_z` = 23.534288, `orientation` = 3.191067 WHERE `guid` = 2581910;
UPDATE `creature` SET `position_x` = 4312.611328, `position_y` = -3040.558838, `position_z` = 23.544233, `orientation` = 3.462030 WHERE `guid` = 2581910;
REPLACE INTO `creature_addon` (`guid`, `stand_state`) VALUES (2581910, 1);
UPDATE `creature` SET `position_x` = 4312.451172, `position_y` = -3040.406494, `position_z` = 23.507719, `orientation` = 3.434539 WHERE `guid` = 2581910;
REPLACE INTO `creature_addon` (`guid`, `stand_state`) VALUES (2581910, 1);
UPDATE `creature` SET `position_x` = 4312.566406, `position_y` = -3040.586914, `position_z` = 23.519512, `orientation` = 3.709429 WHERE `guid` = 2581910;
REPLACE INTO `creature_addon` (`guid`, `stand_state`) VALUES (2581910, 1);
DELETE FROM gameobject WHERE guid = '5017443';
DELETE FROM game_event_gameobject WHERE guid = '5017443';
DELETE FROM gameobject_battleground WHERE guid = '5017443';
UPDATE `creature` SET `position_x` = 4311.050781, `position_y` = -3039.612549, `position_z` = 22.923531, `orientation` = 2.488134 WHERE `guid` = 2581910;
REPLACE INTO `gameobject` VALUES ( 5017444, 2008644, 0, 4312.48, -3040.46, 22.9235, 2.47243, 0, 0, 0.944547, 0.328375, 300, 300, 100, 1, 0, 0);
REPLACE INTO `gameobject` VALUES ( 5017444, 2008644, 0, 4312.48, -3040.46, 23.1235, 2.47243, 0, 0, 0.944547, 0.328375, 300, 300, 100, 1, 0, 0);
REPLACE INTO `gameobject` VALUES ( 5017444, 2008644, 0, 4312.48, -3040.46, 23.3235, 2.47243, 0, 0, 0.944547, 0.328375, 300, 300, 100, 1, 0, 0);
REPLACE INTO `object_scaling` (`fullGuid`, `scale`) VALUES (17370417462227275620, 0.800000);
REPLACE INTO `gameobject` VALUES ( 5017444, 2008644, 0, 4312.48, -3040.46, 23.3235, 2.47243, 0, 0, 0.944547, 0.328375, 300, 300, 100, 1, 0, 0);
DELETE FROM gameobject WHERE guid = '5017444';
DELETE FROM game_event_gameobject WHERE guid = '5017444';
DELETE FROM gameobject_battleground WHERE guid = '5017444';
REPLACE INTO `gameobject` VALUES ( 5017445, 2008643, 0, 4312.52, -3040.51, 22.9235, 3.19107, 0, 0, 0.999694, -0.0247342, 300, 300, 100, 1, 0, 0);
REPLACE INTO `gameobject` VALUES ( 5017445, 2008643, 0, 4312.52, -3040.51, 23.1235, 3.19107, 0, 0, 0.999694, -0.0247342, 300, 300, 100, 1, 0, 0);
REPLACE INTO `gameobject` VALUES ( 5017445, 2008643, 0, 4312.52, -3040.51, 23.3235, 3.19107, 0, 0, 0.999694, -0.0247342, 300, 300, 100, 1, 0, 0);
DELETE FROM gameobject WHERE guid = '5017445';
DELETE FROM game_event_gameobject WHERE guid = '5017445';
DELETE FROM gameobject_battleground WHERE guid = '5017445';
REPLACE INTO `gameobject` VALUES ( 5017446, 1000040, 0, 4312.44, -3040.46, 22.9235, 3.27353, 0, 0, 0.997825, -0.0659218, 300, 300, 100, 1, 0, 0);
DELETE FROM gameobject WHERE guid = '5017446';
DELETE FROM game_event_gameobject WHERE guid = '5017446';
DELETE FROM gameobject_battleground WHERE guid = '5017446';
REPLACE INTO `gameobject` VALUES ( 5017447, 2000072, 0, 4312.47, -3040.5, 22.9235, 3.69765, 0, 0, 0.961599, -0.274459, 300, 300, 100, 1, 0, 0);
REPLACE INTO `gameobject` VALUES ( 5017447, 2000072, 0, 4312.47, -3040.5, 23.1235, 3.69765, 0, 0, 0.961599, -0.274459, 300, 300, 100, 1, 0, 0);
REPLACE INTO `gameobject` VALUES ( 5017447, 2000072, 0, 4312.47, -3040.5, 23.3235, 3.69765, 0, 0, 0.961599, -0.274459, 300, 300, 100, 1, 0, 0);
REPLACE INTO `gameobject` VALUES ( 5017447, 2000072, 0, 4312.47, -3040.5, 23.5235, 3.69765, 0, 0, 0.961599, -0.274459, 300, 300, 100, 1, 0, 0);
REPLACE INTO `object_scaling` (`fullGuid`, `scale`) VALUES (17370417318412980071, 0.800000);
REPLACE INTO `gameobject` VALUES ( 5017447, 2000072, 0, 4312.47, -3040.5, 23.5235, 3.69765, 0, 0, 0.961599, -0.274459, 300, 300, 100, 1, 0, 0);
REPLACE INTO `object_scaling` (`fullGuid`, `scale`) VALUES (17370417318412980071, 0.600000);
REPLACE INTO `gameobject` VALUES ( 5017447, 2000072, 0, 4312.47, -3040.5, 23.5235, 3.69765, 0, 0, 0.961599, -0.274459, 300, 300, 100, 1, 0, 0);
REPLACE INTO `object_scaling` (`fullGuid`, `scale`) VALUES (17370417318412980071, 0.400000);
REPLACE INTO `gameobject` VALUES ( 5017447, 2000072, 0, 4312.47, -3040.5, 23.5235, 3.69765, 0, 0, 0.961599, -0.274459, 300, 300, 100, 1, 0, 0);
DELETE FROM gameobject WHERE guid = '5017447';
DELETE FROM game_event_gameobject WHERE guid = '5017447';
DELETE FROM gameobject_battleground WHERE guid = '5017447';
REPLACE INTO `gameobject` VALUES ( 5017448, 2004181, 0, 4314.46, -3039.51, 22.9235, 3.64267, 0, 0, 0.968779, -0.247926, 300, 300, 100, 1, 0, 0);
DELETE FROM gameobject WHERE guid = '5017448';
DELETE FROM game_event_gameobject WHERE guid = '5017448';
DELETE FROM gameobject_battleground WHERE guid = '5017448';
REPLACE INTO `gameobject` VALUES ( 5017449, 2004178, 0, 4314.31, -3039.5, 22.9235, 3.23819, 0, 0, 0.998834, -0.0482795, 300, 300, 100, 1, 0, 0);
DELETE FROM gameobject WHERE guid = '5017449';
DELETE FROM game_event_gameobject WHERE guid = '5017449';
DELETE FROM gameobject_battleground WHERE guid = '5017449';
REPLACE INTO `gameobject` VALUES ( 5017450, 2000073, 0, 4314.28, -3039.76, 22.9235, 2.74732, 0, 0, 0.980631, 0.195864, 300, 300, 100, 1, 0, 0);
REPLACE INTO `gameobject` VALUES ( 5017450, 2000073, 0, 4314.28, -3039.76, 23.1235, 2.74732, 0, 0, 0.980631, 0.195864, 300, 300, 100, 1, 0, 0);
DELETE FROM gameobject WHERE guid = '5017450';
DELETE FROM game_event_gameobject WHERE guid = '5017450';
DELETE FROM gameobject_battleground WHERE guid = '5017450';
REPLACE INTO `gameobject` VALUES ( 5017451, 2002826, 0, 4314.52, -3039.89, 22.9221, 2.43708, 0, 0, 0.938597, 0.345015, 300, 300, 100, 1, 0, 0);
DELETE FROM gameobject WHERE guid = '5017451';
DELETE FROM game_event_gameobject WHERE guid = '5017451';
DELETE FROM gameobject_battleground WHERE guid = '5017451';
REPLACE INTO `gameobject` VALUES ( 5017452, 2003604, 0, 4312.55, -3040.39, 22.9221, 3.76441, 0, 0, 0.951903, -0.306399, 300, 300, 100, 1, 0, 0);
REPLACE INTO `object_scaling` (`fullGuid`, `scale`) VALUES (17370417377670106988, 0.800000);
REPLACE INTO `gameobject` VALUES ( 5017452, 2003604, 0, 4312.55, -3040.39, 22.9221, 3.76441, 0, 0, 0.951903, -0.306399, 300, 300, 100, 1, 0, 0);
REPLACE INTO `object_scaling` (`fullGuid`, `scale`) VALUES (17370417377670106988, 0.600000);
REPLACE INTO `gameobject` VALUES ( 5017452, 2003604, 0, 4312.55, -3040.39, 22.9221, 3.76441, 0, 0, 0.951903, -0.306399, 300, 300, 100, 1, 0, 0);
REPLACE INTO `object_scaling` (`fullGuid`, `scale`) VALUES (17370417377670106988, 0.400000);
REPLACE INTO `gameobject` VALUES ( 5017452, 2003604, 0, 4312.55, -3040.39, 22.9221, 3.76441, 0, 0, 0.951903, -0.306399, 300, 300, 100, 1, 0, 0);
REPLACE INTO `object_scaling` (`fullGuid`, `scale`) VALUES (17370417377670106988, 0.200000);
REPLACE INTO `gameobject` VALUES ( 5017452, 2003604, 0, 4312.55, -3040.39, 22.9221, 3.76441, 0, 0, 0.951903, -0.306399, 300, 300, 100, 1, 0, 0);
REPLACE INTO `gameobject` VALUES ( 5017452, 2003604, 0, 4312.55, -3040.39, 23.1221, 3.76441, 0, 0, 0.951903, -0.306399, 300, 300, 100, 1, 0, 0);
REPLACE INTO `gameobject` VALUES ( 5017452, 2003604, 0, 4312.55, -3040.39, 23.3221, 3.76441, 0, 0, 0.951903, -0.306399, 300, 300, 100, 1, 0, 0);
REPLACE INTO `gameobject` VALUES ( 5017452, 2003604, 0, 4312.55, -3040.39, 23.5221, 3.76441, 0, 0, 0.951903, -0.306399, 300, 300, 100, 1, 0, 0);
DELETE FROM gameobject WHERE guid = '5017452';
DELETE FROM game_event_gameobject WHERE guid = '5017452';
DELETE FROM gameobject_battleground WHERE guid = '5017452';
REPLACE INTO `gameobject` VALUES ( 5017453, 2003580, 0, 4312.5, -3040.44, 22.9229, 1.27862, 0, 0, 0.596642, 0.802508, 300, 300, 100, 1, 0, 0);
REPLACE INTO `object_scaling` (`fullGuid`, `scale`) VALUES (17370417377267453805, 0.800000);
REPLACE INTO `gameobject` VALUES ( 5017453, 2003580, 0, 4312.5, -3040.44, 22.9229, 1.27862, 0, 0, 0.596642, 0.802508, 300, 300, 100, 1, 0, 0);
REPLACE INTO `object_scaling` (`fullGuid`, `scale`) VALUES (17370417377267453805, 0.600000);
REPLACE INTO `gameobject` VALUES ( 5017453, 2003580, 0, 4312.5, -3040.44, 22.9229, 1.27862, 0, 0, 0.596642, 0.802508, 300, 300, 100, 1, 0, 0);
REPLACE INTO `object_scaling` (`fullGuid`, `scale`) VALUES (17370417377267453805, 0.400000);
REPLACE INTO `gameobject` VALUES ( 5017453, 2003580, 0, 4312.5, -3040.44, 22.9229, 1.27862, 0, 0, 0.596642, 0.802508, 300, 300, 100, 1, 0, 0);
REPLACE INTO `gameobject` VALUES ( 5017453, 2003580, 0, 4312.5, -3040.44, 23.1229, 1.27862, 0, 0, 0.596642, 0.802508, 300, 300, 100, 1, 0, 0);
REPLACE INTO `gameobject` VALUES ( 5017453, 2003580, 0, 4312.5, -3040.44, 23.3229, 1.27862, 0, 0, 0.596642, 0.802508, 300, 300, 100, 1, 0, 0);
REPLACE INTO `object_scaling` (`fullGuid`, `scale`) VALUES (17370417377267453805, 0.200000);
REPLACE INTO `gameobject` VALUES ( 5017453, 2003580, 0, 4312.5, -3040.44, 23.3229, 1.27862, 0, 0, 0.596642, 0.802508, 300, 300, 100, 1, 0, 0);
REPLACE INTO `gameobject` VALUES ( 5017453, 2003580, 0, 4312.5, -3040.44, 23.5229, 1.27862, 0, 0, 0.596642, 0.802508, 300, 300, 100, 1, 0, 0);
DELETE FROM gameobject WHERE guid = '5017453';
DELETE FROM game_event_gameobject WHERE guid = '5017453';
DELETE FROM gameobject_battleground WHERE guid = '5017453';
REPLACE INTO `gameobject` VALUES ( 5017454, 2006210, 0, 4314.63, -3040.65, 22.923, 0.147647, 0, 0, 0.0737565, 0.997276, 300, 300, 100, 1, 0, 0);
DELETE FROM gameobject WHERE guid = '5017454';
DELETE FROM game_event_gameobject WHERE guid = '5017454';
DELETE FROM gameobject_battleground WHERE guid = '5017454';
REPLACE INTO `gameobject` VALUES ( 5017455, 2006210, 0, 4312.53, -3040.49, 22.9226, 3.68587, 0, 0, 0.963199, -0.26879, 300, 300, 100, 1, 0, 0);
REPLACE INTO `gameobject` VALUES ( 5017455, 2006210, 0, 4312.73, -3040.49, 22.9226, 3.68587, 0, 0, 0.963199, -0.26879, 300, 300, 100, 1, 0, 0);
REPLACE INTO `gameobject` VALUES ( 5017455, 2006210, 0, 4312.53, -3040.49, 22.9226, 3.68587, 0, 0, 0.963199, -0.26879, 300, 300, 100, 1, 0, 0);
REPLACE INTO `gameobject` VALUES ( 5017455, 2006210, 0, 4312.53, -3040.49, 23.1226, 3.68587, 0, 0, 0.963199, -0.26879, 300, 300, 100, 1, 0, 0);
REPLACE INTO `gameobject` VALUES ( 5017455, 2006210, 0, 4312.53, -3040.49, 23.3226, 3.68587, 0, 0, 0.963199, -0.26879, 300, 300, 100, 1, 0, 0);
REPLACE INTO `object_scaling` (`fullGuid`, `scale`) VALUES (17370417421391531887, 0.800000);
REPLACE INTO `gameobject` VALUES ( 5017455, 2006210, 0, 4312.53, -3040.49, 23.3226, 3.68587, 0, 0, 0.963199, -0.26879, 300, 300, 100, 1, 0, 0);
REPLACE INTO `gameobject` VALUES ( 5017455, 2006210, 0, 4312.53, -3040.49, 23.5226, 3.68587, 0, 0, 0.963199, -0.26879, 300, 300, 100, 1, 0, 0);
REPLACE INTO `object_scaling` (`fullGuid`, `scale`) VALUES (17370417421391531887, 0.600000);
REPLACE INTO `gameobject` VALUES ( 5017455, 2006210, 0, 4312.53, -3040.49, 23.5226, 3.68587, 0, 0, 0.963199, -0.26879, 300, 300, 100, 1, 0, 0);
REPLACE INTO `object_scaling` (`fullGuid`, `scale`) VALUES (17370417421391531887, 0.400000);
REPLACE INTO `gameobject` VALUES ( 5017455, 2006210, 0, 4312.53, -3040.49, 23.5226, 3.68587, 0, 0, 0.963199, -0.26879, 300, 300, 100, 1, 0, 0);
REPLACE INTO `object_scaling` (`fullGuid`, `scale`) VALUES (17370417421391531887, 0.200000);
REPLACE INTO `gameobject` VALUES ( 5017455, 2006210, 0, 4312.53, -3040.49, 23.5226, 3.68587, 0, 0, 0.963199, -0.26879, 300, 300, 100, 1, 0, 0);
UPDATE `creature` SET `position_x` = 4312.452637, `position_y` = -3040.518555, `position_z` = 23.505207, `orientation` = 3.355999 WHERE `guid` = 2581910;
REPLACE INTO `creature_addon` (`guid`, `stand_state`) VALUES (2581910, 1);
UPDATE `creature` SET `position_x` = 4314.161133, `position_y` = -3040.105957, `position_z` = 22.923054, `orientation` = 3.222481 WHERE `guid` = 2581910;
REPLACE INTO `object_scaling` (`fullGuid`, `scale`) VALUES (17370417421391531887, 1.200000);
REPLACE INTO `gameobject` VALUES ( 5017455, 2006210, 0, 4312.53, -3040.49, 23.5226, 3.68587, 0, 0, 0.963199, -0.26879, 300, 300, 100, 1, 0, 0);
REPLACE INTO `object_scaling` (`fullGuid`, `scale`) VALUES (17370417421391531887, 1.000000);
REPLACE INTO `gameobject` VALUES ( 5017455, 2006210, 0, 4312.53, -3040.49, 23.5226, 3.68587, 0, 0, 0.963199, -0.26879, 300, 300, 100, 1, 0, 0);
REPLACE INTO `object_scaling` (`fullGuid`, `scale`) VALUES (17370417421391531887, 0.800000);
REPLACE INTO `gameobject` VALUES ( 5017455, 2006210, 0, 4312.53, -3040.49, 23.5226, 3.68587, 0, 0, 0.963199, -0.26879, 300, 300, 100, 1, 0, 0);
REPLACE INTO `gameobject` VALUES ( 5017455, 2006210, 0, 4312.53, -3040.49, 23.3226, 3.68587, 0, 0, 0.963199, -0.26879, 300, 300, 100, 1, 0, 0);
UPDATE `creature` SET `position_x` = 4312.600586, `position_y` = -3040.534180, `position_z` = 23.545103, `orientation` = 3.717279 WHERE `guid` = 2581910;
UPDATE `creature` SET `position_x` = 4312.547363, `position_y` = -3040.510986, `position_z` = 23.545481, `orientation` = 3.862576 WHERE `guid` = 2581910;
REPLACE INTO `creature_addon` (`guid`, `stand_state`) VALUES (2581910, 1);
DELETE FROM gameobject WHERE guid = '5017455';
DELETE FROM game_event_gameobject WHERE guid = '5017455';
DELETE FROM gameobject_battleground WHERE guid = '5017455';
UPDATE `creature` SET `position_x` = 4314.488281, `position_y` = -3038.819092, `position_z` = 22.923182, `orientation` = 3.948969 WHERE `guid` = 2581910;
REPLACE INTO `gameobject` VALUES ( 5017456, 3000332, 0, 4312.67, -3040.47, 22.9232, 3.81152, 0, 0, 0.944422, -0.328737, 300, 300, 100, 1, 0, 0);
REPLACE INTO `gameobject` VALUES ( 5017456, 3000332, 0, 4312.67, -3040.47, 23.1232, 3.81152, 0, 0, 0.944422, -0.328737, 300, 300, 100, 1, 0, 0);
REPLACE INTO `gameobject` VALUES ( 5017456, 3000332, 0, 4312.67, -3040.47, 23.3232, 3.81152, 0, 0, 0.944422, -0.328737, 300, 300, 100, 1, 0, 0);
REPLACE INTO `gameobject` VALUES ( 5017456, 3000332, 0, 4312.47, -3040.47, 23.3232, 3.81152, 0, 0, 0.944422, -0.328737, 300, 300, 100, 1, 0, 0);
REPLACE INTO `object_scaling` (`fullGuid`, `scale`) VALUES (17370434099991056240, 0.800000);
REPLACE INTO `gameobject` VALUES ( 5017456, 3000332, 0, 4312.47, -3040.47, 23.3232, 3.81152, 0, 0, 0.944422, -0.328737, 300, 300, 100, 1, 0, 0);
REPLACE INTO `object_scaling` (`fullGuid`, `scale`) VALUES (17370434099991056240, 0.600000);
REPLACE INTO `gameobject` VALUES ( 5017456, 3000332, 0, 4312.47, -3040.47, 23.3232, 3.81152, 0, 0, 0.944422, -0.328737, 300, 300, 100, 1, 0, 0);
REPLACE INTO `gameobject` VALUES ( 5017456, 3000332, 0, 4312.47, -3040.47, 23.5232, 3.81152, 0, 0, 0.944422, -0.328737, 300, 300, 100, 1, 0, 0);
REPLACE INTO `object_scaling` (`fullGuid`, `scale`) VALUES (17370434099991056240, 0.400000);
REPLACE INTO `gameobject` VALUES ( 5017456, 3000332, 0, 4312.47, -3040.47, 23.5232, 3.81152, 0, 0, 0.944422, -0.328737, 300, 300, 100, 1, 0, 0);
REPLACE INTO `object_scaling` (`fullGuid`, `scale`) VALUES (17370434099991056240, 0.200000);
REPLACE INTO `gameobject` VALUES ( 5017456, 3000332, 0, 4312.47, -3040.47, 23.5232, 3.81152, 0, 0, 0.944422, -0.328737, 300, 300, 100, 1, 0, 0);
UPDATE `creature` SET `position_x` = 4312.396973, `position_y` = -3040.538330, `position_z` = 23.477261, `orientation` = 3.155717 WHERE `guid` = 2581910;
REPLACE INTO `creature_addon` (`guid`, `stand_state`) VALUES (2581910, 3);
REPLACE INTO `creature_addon` (`guid`, `stand_state`) VALUES (2581910, 1);
UPDATE `creature` SET `position_x` = 4312.422363, `position_y` = -3040.491943, `position_z` = 23.542669, `orientation` = 3.648950 WHERE `guid` = 2581910;
UPDATE `creature` SET `position_x` = 4314.863281, `position_y` = -3042.697754, `position_z` = 22.923079, `orientation` = 2.576881 WHERE `guid` = 2581910;
REPLACE INTO `gameobject` VALUES ( 5017457, 2002266, 0, 4315.06, -3042.88, 22.9231, 2.3609, 0, 0, 0.924777, 0.38051, 300, 300, 100, 1, 0, 0);
REPLACE INTO `gameobject` VALUES ( 5017457, 2002266, 0, 4315.06, -3042.88, 23.1231, 2.3609, 0, 0, 0.924777, 0.38051, 300, 300, 100, 1, 0, 0);
DELETE FROM gameobject WHERE guid = '5017457';
DELETE FROM game_event_gameobject WHERE guid = '5017457';
DELETE FROM gameobject_battleground WHERE guid = '5017457';
REPLACE INTO `gameobject` VALUES ( 5017458, 2000152, 0, 4315.92, -3043.31, 22.9231, 0.911836, 0, 0, 0.440287, 0.897857, 300, 300, 100, 1, 0, 0);
REPLACE INTO `gameobject` VALUES ( 5017458, 2000152, 0, 4315.92, -3043.31, 23.1231, 0.911836, 0, 0, 0.440287, 0.897857, 300, 300, 100, 1, 0, 0);
DELETE FROM gameobject WHERE guid = '5017458';
DELETE FROM game_event_gameobject WHERE guid = '5017458';
DELETE FROM gameobject_battleground WHERE guid = '5017458';
REPLACE INTO `gameobject` VALUES ( 5017459, 2003278, 0, 4315.97, -3043.2, 22.9231, 0.923617, 0, 0, 0.445568, 0.895248, 300, 300, 100, 1, 0, 0);
DELETE FROM gameobject WHERE guid = '5017459';
DELETE FROM game_event_gameobject WHERE guid = '5017459';
DELETE FROM gameobject_battleground WHERE guid = '5017459';
REPLACE INTO `gameobject` VALUES ( 5017460, 2003278, 0, 4312.51, -3040.56, 23.4574, 2.2156, 0, 0, 0.894718, 0.446632, 300, 300, 100, 1, 0, 0);
REPLACE INTO `gameobject` VALUES ( 5017460, 2003278, 0, 4312.51, -3040.56, 23.2574, 2.2156, 0, 0, 0.894718, 0.446632, 300, 300, 100, 1, 0, 0);
REPLACE INTO `gameobject` VALUES ( 5017460, 2003278, 0, 4312.51, -3040.56, 23.0574, 2.2156, 0, 0, 0.894718, 0.446632, 300, 300, 100, 1, 0, 0);
REPLACE INTO `gameobject` VALUES ( 5017460, 2003278, 0, 4312.51, -3040.56, 22.8574, 2.2156, 0, 0, 0.894718, 0.446632, 300, 300, 100, 1, 0, 0);
REPLACE INTO `gameobject` VALUES ( 5017460, 2003278, 0, 4312.51, -3040.56, 22.6574, 2.2156, 0, 0, 0.894718, 0.446632, 300, 300, 100, 1, 0, 0);
REPLACE INTO `gameobject` VALUES ( 5017460, 2003278, 0, 4312.51, -3040.56, 22.4574, 2.2156, 0, 0, 0.894718, 0.446632, 300, 300, 100, 1, 0, 0);
REPLACE INTO `gameobject` VALUES ( 5017460, 2003278, 0, 4312.51, -3040.56, 22.2574, 2.2156, 0, 0, 0.894718, 0.446632, 300, 300, 100, 1, 0, 0);
REPLACE INTO `gameobject` VALUES ( 5017460, 2003278, 0, 4312.51, -3040.56, 22.0574, 2.2156, 0, 0, 0.894718, 0.446632, 300, 300, 100, 1, 0, 0);
REPLACE INTO `gameobject` VALUES ( 5017460, 2003278, 0, 4312.51, -3040.56, 21.8574, 2.2156, 0, 0, 0.894718, 0.446632, 300, 300, 100, 1, 0, 0);
REPLACE INTO `object_scaling` (`fullGuid`, `scale`) VALUES (17370417372200734580, 0.800000);
REPLACE INTO `gameobject` VALUES ( 5017460, 2003278, 0, 4312.51, -3040.56, 21.8574, 2.2156, 0, 0, 0.894718, 0.446632, 300, 300, 100, 1, 0, 0);
REPLACE INTO `gameobject` VALUES ( 5017460, 2003278, 0, 4312.51, -3040.56, 22.0574, 2.2156, 0, 0, 0.894718, 0.446632, 300, 300, 100, 1, 0, 0);
REPLACE INTO `gameobject` VALUES ( 5017460, 2003278, 0, 4312.51, -3040.56, 22.2574, 2.2156, 0, 0, 0.894718, 0.446632, 300, 300, 100, 1, 0, 0);
