-- Thalassian Highlands quests vol3:
-- Peculiar Treants
delete from quest_template where entry = 41214;
replace into quest_template (prevquestid, entry, method, zoneorsort, questlevel, minlevel, questflags, specialflags, title, details, objectives, requestitemstext, offerrewardtext, reqitemid1, reqitemcount1, reqitemid2, reqitemcount2, reqitemid3, reqitemcount3, reqitemid4, reqitemcount4, reqcreatureorgoid1, reqcreatureorgocount1, reqcreatureorgoid2, reqcreatureorgocount2, reqcreatureorgoid3, reqcreatureorgocount3, reqcreatureorgoid4, reqcreatureorgocount4, srcitemid, srcitemcount, reworreqmoney, RewMoneyMaxLevel, rewxp, rewrepfaction1, rewrepvalue1,  rewrepfaction2, rewrepvalue2, rewrepfaction3, rewrepvalue3, rewrepfaction4, rewrepvalue4, rewspell, rewspellcast, completeemote, rewitemid1, rewitemcount1, rewitemid2, rewitemcount2, rewitemid3, rewitemcount3, rewitemid4, rewitemcount4, rewchoiceitemid1, rewchoiceitemcount1, rewchoiceitemid2, rewchoiceitemcount2, rewchoiceitemid3, rewchoiceitemcount3, rewchoiceitemid4, rewchoiceitemcount4,requiredminrepfaction,requiredminrepvalue,objectivetext1) values (0,41214,2,5225,6,4,0,0,'Peculiar Treants','These lands echo the beauty of Quel\'Thalas, yet within the similarities lies an intriguing divergence. Presently, I find myself engrossed in the study of the treants that grace this realm. Though they possess a semblance of familiarity, there\'s a peculiar quality about them that eludes my understanding.$B$BIf, by any chance, you could procure a primal heart from one of these beings, it would significantly propel my research. I\'m not particularly skilled in combat, and the guards have thwarted my attempts to get too close. However, I believe they won\'t pose the same hindrance to you. What say you?','Acquire a Thalasian Primal Heart from Thalassian Treants for Calhir Dawnchaser in Anasterian Park.','Behold the statue before us, a testament to the cherished ideal of a dancing pair. An ancient legend among our people narrates the ethereal dance of the moon and the sun, forever close yet never touching. This concept extends to Quel\'dorei dancing as well, where two partners gracefully draw near to one another, maintaining a captivating proximity without physical contact.','I hope these pesky guards weren\'t much of an issue. Thank you, $C. This will be invaluable in my research.',41160,1,0,0,0,0,0,0, 0,0,0,0,0,0,0,0, 0,0, 0,4440,740, 269,100,0,0,0,0,0,0, 0,0,0, 4604,20,0,0,0,0,0,0, 0,0,0,0,0,0,0,0, 0,0,'');

replace into creature_questrelation		(id, quest) values (61811, 41214);
replace into creature_involvedrelation  (id, quest) values (61811, 41214);

replace into item_template (entry, display_id, name, class, quality, flags, buy_count, allowable_class, allowable_race, item_level, stackable, spellcooldown_1, spellcategorycooldown_1, spellcooldown_2, spellcategorycooldown_2, bonding, description, page_text, material) values
(41160,7269,'Thalassian Primal Heart',12,1,2048,1,-1,-1,1,1,-1,-1,-1,-1,4,'',0,3);

replace into creature_loot_template values
(61701,41160,-10,0,1,1,0);

-- Whispers of Autumn
delete from quest_template where entry = 41215;
replace into quest_template (prevquestid, entry, method, zoneorsort, questlevel, minlevel, questflags, specialflags, title, details, objectives, requestitemstext, offerrewardtext, reqitemid1, reqitemcount1, reqitemid2, reqitemcount2, reqitemid3, reqitemcount3, reqitemid4, reqitemcount4, reqcreatureorgoid1, reqcreatureorgocount1, reqcreatureorgoid2, reqcreatureorgocount2, reqcreatureorgoid3, reqcreatureorgocount3, reqcreatureorgoid4, reqcreatureorgocount4, srcitemid, srcitemcount, reworreqmoney, RewMoneyMaxLevel, rewxp, rewrepfaction1, rewrepvalue1,  rewrepfaction2, rewrepvalue2, rewrepfaction3, rewrepvalue3, rewrepfaction4, rewrepvalue4, rewspell, rewspellcast, completeemote, rewitemid1, rewitemcount1, rewitemid2, rewitemcount2, rewitemid3, rewitemcount3, rewitemid4, rewitemcount4, rewchoiceitemid1, rewchoiceitemcount1, rewchoiceitemid2, rewchoiceitemcount2, rewchoiceitemid3, rewchoiceitemcount3, rewchoiceitemid4, rewchoiceitemcount4,requiredminrepfaction,requiredminrepvalue,objectivetext1) values (41214,41215,2,5225,8,5,0,0,'Whispers of Autumn','To the west, there lies the Island of Eternal Autumn—a nearly forgotten legend among our people. Millennia ago, in the earliest days of our arrival on these shores, there were those among us who endeavored to plant a new World Tree. Alas, the endeavor failed, and the cursed tree wrought a transformative spell upon the entire land, condemning it to an eternal autumn. Neither able to perish nor truly flourish, the island became a testament to a past ambition gone awry.$B$BI ask you to embark upon a journey to this mystic isle and procure a primal heart from the treants that now inhabit it. Your efforts will not go unrewarded.','Acquire a Thalasian Primal Heart from Autumnal Treants for Calhir Dawnchaser in Anasterian Park.','Legend has it that those who linger too long on the isle lose their grasp on the passage of time. While they find solace in the eternal autumn, seasons and even years may slip away on the mainland without their awareness. So be wary, traveler.','Exquisite! With those two hearts now in my possession, the veiled secrets of these lands shall unfold before me like a delicate tapestry.',41161,1,0,0,0,0,0,0, 0,0,0,0,0,0,0,0, 0,0, 600,6120,1020, 269,150,0,0,0,0,0,0, 0,0,0, 41151,1,41152,1,0,0,0,0, 0,0,0,0,0,0,0,0, 0,0,'');

replace into creature_questrelation		(id, quest) values (61811, 41215);
replace into creature_involvedrelation  (id, quest) values (61811, 41215);

replace into item_template (entry, display_id, name, class, quality, flags, buy_count, allowable_class, allowable_race, item_level, stackable, spellcooldown_1, spellcategorycooldown_1, spellcooldown_2, spellcategorycooldown_2, bonding, description, page_text, material) values
(41161,6006,'Autumnal Primal Heart',12,1,2048,1,-1,-1,1,1,-1,-1,-1,-1,4,'',0,3);

replace into creature_loot_template values
(61714,41161,-8,0,1,1,0);

-- The Highland Menace
delete from quest_template where entry = 41216;
replace into quest_template (prevquestid, entry, method, zoneorsort, questlevel, minlevel, questflags, specialflags, title, details, objectives, requestitemstext, offerrewardtext, reqitemid1, reqitemcount1, reqitemid2, reqitemcount2, reqitemid3, reqitemcount3, reqitemid4, reqitemcount4, reqcreatureorgoid1, reqcreatureorgocount1, reqcreatureorgoid2, reqcreatureorgocount2, reqcreatureorgoid3, reqcreatureorgocount3, reqcreatureorgoid4, reqcreatureorgocount4, srcitemid, srcitemcount, reworreqmoney, RewMoneyMaxLevel, rewxp, rewrepfaction1, rewrepvalue1,  rewrepfaction2, rewrepvalue2, rewrepfaction3, rewrepvalue3, rewrepfaction4, rewrepvalue4, rewspell, rewspellcast, completeemote, rewitemid1, rewitemcount1, rewitemid2, rewitemcount2, rewitemid3, rewitemcount3, rewitemid4, rewitemcount4, rewchoiceitemid1, rewchoiceitemcount1, rewchoiceitemid2, rewchoiceitemcount2, rewchoiceitemid3, rewchoiceitemcount3, rewchoiceitemid4, rewchoiceitemcount4,requiredminrepfaction,requiredminrepvalue,objectivetext1) values (0,41216,2,5225,6,4,0,0,'The Highland Menace','Welcome to Thaumarium. Within these walls, my enchanting wife crafts the finest wines to grace the Thalassian Highlands. We\'ve bestowed upon this haven the same name as our erstwhile winery in Quel\'Thalas, harboring eager anticipation for the prosperity of our venture.$B$BHowever, a quandary befalls us. Our aspirations lead us to cultivate a vineyard in the hills southeast of this sanctuary. The microclimate there is exceptionally conducive to grape cultivation. Alas, these very hills are plagued by a savage breed of lynx, making it impossible for our workers to toil the soil in peace. I implore you to eliminate as many of these creatures as you can and return with their furs as tangible proof of their demise. Your assistance shall not go unrewarded.','Bring 15 Bright Lynx Furs to Maelor Steelguard in the Thaumarium.','Be careful, these creatures are more savage than you think.','One, two, three... and a score of fifteen! Remarkable work. With such diligence, the hills will soon be secure for our laborers to resume their work without fear.',41162,15,0,0,0,0,0,0, 0,0,0,0,0,0,0,0, 0,0, 450,5460,910, 269,150,0,0,0,0,0,0, 0,0,0, 0,0,0,0,0,0,0,0, 41153,1,41154,1,0,0,0,0, 0,0,'');

replace into creature_questrelation		(id, quest) values (61821, 41216);
replace into creature_involvedrelation  (id, quest) values (61821, 41216);

replace into item_template (entry, display_id, name, class, quality, flags, buy_count, allowable_class, allowable_race, item_level, stackable, spellcooldown_1, spellcategorycooldown_1, spellcooldown_2, spellcategorycooldown_2, bonding, description, page_text, material) values
(41162,6679,'Bright Lynx Fur',12,1,2048,1,-1,-1,1,15,-1,-1,-1,-1,4,'',0,8);

replace into creature_loot_template values
(61697,41162,-90,0,1,1,0),
(61698,41162,-90,0,1,1,0);

-- A Score To Settle
delete from quest_template where entry = 41217;
replace into quest_template (prevquestid, entry, method, zoneorsort, questlevel, minlevel, questflags, specialflags, title, details, objectives, requestitemstext, offerrewardtext, reqitemid1, reqitemcount1, reqitemid2, reqitemcount2, reqitemid3, reqitemcount3, reqitemid4, reqitemcount4, reqcreatureorgoid1, reqcreatureorgocount1, reqcreatureorgoid2, reqcreatureorgocount2, reqcreatureorgoid3, reqcreatureorgocount3, reqcreatureorgoid4, reqcreatureorgocount4, srcitemid, srcitemcount, reworreqmoney, RewMoneyMaxLevel, rewxp, rewrepfaction1, rewrepvalue1,  rewrepfaction2, rewrepvalue2, rewrepfaction3, rewrepvalue3, rewrepfaction4, rewrepvalue4, rewspell, rewspellcast, completeemote, rewitemid1, rewitemcount1, rewitemid2, rewitemcount2, rewitemid3, rewitemcount3, rewitemid4, rewitemcount4, rewchoiceitemid1, rewchoiceitemcount1, rewchoiceitemid2, rewchoiceitemcount2, rewchoiceitemid3, rewchoiceitemcount3, rewchoiceitemid4, rewchoiceitemcount4,requiredminrepfaction,requiredminrepvalue,objectivetext1) values (41216,41217,2,5225,7,4,0,0,'A Score To Settle','I must burden you with one more request, $N. A few weeks past, as I scoured the hills in search of ideal spots for grape cultivation, I fell victim to a lynx of unparalleled ferocity. In the ensuing struggle, the creature overpowered me, leaving me grievously wounded, my eye forever lost.$B$BA personal vendetta now brews within me against this formidable adversary. Vanquish the beast and retrieve its fang as evidence. I will easily recognize it; the fangs were larger than any I have ever seen.','Bring 1 Fang of Shar\'Lan to Maelor Steelguard as a proof of your deed.','Be wary of its bite.','Indeed, this fang unequivocally belonged to the ferocious beast that tormented me. With the creature now vanquished, my workers can hasten their return to the hills. There\'s a profound sense of satisfaction in knowing that the creature which inflicted a life-altering scar upon me is no longer among the living.',41163,1,0,0,0,0,0,0, 0,0,0,0,0,0,0,0, 0,0, 0,4080,680, 269,150,0,0,0,0,0,0, 0,0,0, 41155,1,0,0,0,0,0,0, 0,0,0,0,0,0,0,0, 0,0,'');

replace into creature_questrelation		(id, quest) values (61821, 41217);
replace into creature_involvedrelation  (id, quest) values (61821, 41217);

replace into item_template (entry, display_id, name, class, quality, flags, buy_count, allowable_class, allowable_race, item_level, stackable, spellcooldown_1, spellcategorycooldown_1, spellcooldown_2, spellcategorycooldown_2, bonding, description, page_text, material) values
(41163,7886,'Fang of Shar\'lan',12,1,2048,1,-1,-1,1,1,-1,-1,-1,-1,4,'',0,4);

replace into creature_loot_template values
(61699,41163,-100,0,1,1,0);

-- Grapes in the Hills
delete from quest_template where entry = 41218;
replace into quest_template (prevquestid, entry, method, zoneorsort, questlevel, minlevel, questflags, specialflags, title, details, objectives, requestitemstext, offerrewardtext, reqitemid1, reqitemcount1, reqitemid2, reqitemcount2, reqitemid3, reqitemcount3, reqitemid4, reqitemcount4, reqcreatureorgoid1, reqcreatureorgocount1, reqcreatureorgoid2, reqcreatureorgocount2, reqcreatureorgoid3, reqcreatureorgocount3, reqcreatureorgoid4, reqcreatureorgocount4, srcitemid, srcitemcount, reworreqmoney, RewMoneyMaxLevel, rewxp, rewrepfaction1, rewrepvalue1,  rewrepfaction2, rewrepvalue2, rewrepfaction3, rewrepvalue3, rewrepfaction4, rewrepvalue4, rewspell, rewspellcast, completeemote, rewitemid1, rewitemcount1, rewitemid2, rewitemcount2, rewitemid3, rewitemcount3, rewitemid4, rewitemcount4, rewchoiceitemid1, rewchoiceitemcount1, rewchoiceitemid2, rewchoiceitemcount2, rewchoiceitemid3, rewchoiceitemcount3, rewchoiceitemid4, rewchoiceitemcount4,requiredminrepfaction,requiredminrepvalue,objectivetext1) values (0,41218,2,5225,7,4,0,0,'Grapes in the Hills','Greetings, friend. Have you come to savor our renowned wines? Regrettably, due to the incessant lynx attacks, grape cultivation in the hills had to be halted, leaving us with naught.$B$BYet, I harbor optimism that amidst the chaos, our workers may have left behind buckets still brimming with grapes in the hills southeast of this abode. They might be a tad fermented by now, but isn\'t the essence of winemaking in embracing such nuances? If you could retrieve even ten buckets, I could conjure up some wine for prospective patrons! Your assistance would be invaluable.','Bring 10 Buckets of Grapes to Fainriel Silverharp in the Thaumarium.','Be wary of those lynxes! My sweet Maelor lost his eye in a fight with one of them.','Thank you, by the Sunwell, thank you! It may not be grand, but any aid in these challenging times is truly appreciated. Accept these potions as a token of my appreciation. They may be of more utility to you now than any wine I could offer. Safe travels, friend.',41164,10,0,0,0,0,0,0, 0,0,0,0,0,0,0,0, 0,0, 0,3780,630, 269,100,0,0,0,0,0,0, 0,0,0, 0,0,0,0,0,0,0,0, 118,3,3382,3,6372,1,0,0, 0,0,'');

replace into creature_questrelation		(id, quest) values (61815, 41218);
replace into creature_involvedrelation  (id, quest) values (61815, 41218);

replace into item_template (entry, display_id, name, class, quality, flags, buy_count, allowable_class, allowable_race, item_level, stackable, spellcooldown_1, spellcategorycooldown_1, spellcooldown_2, spellcategorycooldown_2, bonding, description, page_text, material) values
(41164,7886,'Bucket of Grapes',12,1,2048,1,-1,-1,1,10,-1,-1,-1,-1,4,'',0,3);

REPLACE INTO gameobject_template VALUES
(2020078, 3, 3012, 'Bucket of Grapes', 0, 4, 1, 43, 2020078, 0, 1, 0, 0, 0, 0, 0, 0, 0, 0, 0, 0, 0, 0, 0, 0, 0, 0, 0, 0, 0, 0, 0, 0, 0, '');

replace into gameobject_loot_template values
(2020078,41164,-100,0,1,1,0);

-- Wyrms of the Highlands
delete from quest_template where entry = 41219;
replace into quest_template (prevquestid, entry, method, zoneorsort, questlevel, minlevel, questflags, specialflags, title, details, objectives, requestitemstext, offerrewardtext, reqitemid1, reqitemcount1, reqitemid2, reqitemcount2, reqitemid3, reqitemcount3, reqitemid4, reqitemcount4, reqcreatureorgoid1, reqcreatureorgocount1, reqcreatureorgoid2, reqcreatureorgocount2, reqcreatureorgoid3, reqcreatureorgocount3, reqcreatureorgoid4, reqcreatureorgocount4, srcitemid, srcitemcount, reworreqmoney, RewMoneyMaxLevel, rewxp, rewrepfaction1, rewrepvalue1,  rewrepfaction2, rewrepvalue2, rewrepfaction3, rewrepvalue3, rewrepfaction4, rewrepvalue4, rewspell, rewspellcast, completeemote, rewitemid1, rewitemcount1, rewitemid2, rewitemcount2, rewitemid3, rewitemcount3, rewitemid4, rewitemcount4, rewchoiceitemid1, rewchoiceitemcount1, rewchoiceitemid2, rewchoiceitemcount2, rewchoiceitemid3, rewchoiceitemcount3, rewchoiceitemid4, rewchoiceitemcount4,requiredminrepfaction,requiredminrepvalue,objectivetext1) values (0,41219,2,5225,7,5,0,0,'Wyrms of the Highlands','As members of The Silver Covenant, our mission is clear – to cleanse these lands of any perils that endanger the refugees seeking sanctuary. Among these threats, the burgeoning population of Mana Wyrms poses a significant concern. Their numbers surge as they feed off the mana employed in their vicinity, unsettling the balance we seek.$B$BI task you with culling their numbers and bringing me ten Mana Wyrm eyes as evidence of their demise. Not only will this act bring peace to these lands, but the collected eyes will also serve as catalysts to charge more mana crystals, addressing two issues in a singular endeavor.','Bring 10 Mana Wyrm Eyes to Commander Braedin in Silver Covenant Camp.','Yes, $c?','Thank you, $c. The roads are safer, and I\'ll make sure the charged mana crystals are distributed among the poorest of our kin.',41165,10,0,0,0,0,0,0, 0,0,0,0,0,0,0,0, 0,0, 350,4920,820, 269,150,0,0,0,0,0,0, 0,0,0, 41155,1,0,0,0,0,0,0, 0,0,0,0,0,0,0,0, 0,0,'');

replace into creature_questrelation		(id, quest) values (61849, 41219);
replace into creature_involvedrelation  (id, quest) values (61849, 41219);

replace into item_template (entry, display_id, name, class, quality, flags, buy_count, allowable_class, allowable_race, item_level, stackable, spellcooldown_1, spellcategorycooldown_1, spellcooldown_2, spellcategorycooldown_2, bonding, description, page_text, material) values
(41165,24730,'Mana Wyrm Eye',12,1,2048,1,-1,-1,1,10,-1,-1,-1,-1,4,'',0,3);

replace into creature_loot_template values
(61774,41165,-50,0,1,1,0),
(61775,41165,-50,0,1,1,0),
(61776,41165,-50,0,1,1,0);

-- A Feast for the Poor
delete from quest_template where entry = 41220;
replace into quest_template (prevquestid, entry, method, zoneorsort, questlevel, minlevel, questflags, specialflags, title, details, objectives, requestitemstext, offerrewardtext, reqitemid1, reqitemcount1, reqitemid2, reqitemcount2, reqitemid3, reqitemcount3, reqitemid4, reqitemcount4, reqcreatureorgoid1, reqcreatureorgocount1, reqcreatureorgoid2, reqcreatureorgocount2, reqcreatureorgoid3, reqcreatureorgocount3, reqcreatureorgoid4, reqcreatureorgocount4, srcitemid, srcitemcount, reworreqmoney, RewMoneyMaxLevel, rewxp, rewrepfaction1, rewrepvalue1,  rewrepfaction2, rewrepvalue2, rewrepfaction3, rewrepvalue3, rewrepfaction4, rewrepvalue4, rewspell, rewspellcast, completeemote, rewitemid1, rewitemcount1, rewitemid2, rewitemcount2, rewitemid3, rewitemcount3, rewitemid4, rewitemcount4, rewchoiceitemid1, rewchoiceitemcount1, rewchoiceitemid2, rewchoiceitemcount2, rewchoiceitemid3, rewchoiceitemcount3, rewchoiceitemid4, rewchoiceitemcount4,requiredminrepfaction,requiredminrepvalue,objectivetext1) values (0,41220,2,5225,8,5,0,0,'A Feast for the Poor','Welcome to Ballador\'s Chapel, a haven for those who seek solace in the Light during these challenging times. Even in the absence of the Sunwell, its radiance continues to grace us from the heavens.$B$BMight I impose upon you for a small favor, dear friend? In our efforts to host a feast for the impoverished of Quel\'Thalas, we find ourselves in need of additional sustenance. While the noble families have generously contributed, there remains a shortage of food.$B$BI\'ve been informed by the rangers that Stallhorn Stag meat is particularly delectable, and personally, I have a penchant for the taste of Crimson Hawkstrider wings. If you could procure a dozen of each, we shall orchestrate a feast that will be remembered for ages.','Bring 12 Chunks of Stallhorn Meat and 12 Crimson Hawkstrider Wings to Taliren in Ballador\'s Chapel.','Both of these creatures can be found all along the Farstride.','I express my gratitude, adventurer. However, an unexpected turn of events has altered our plans.$B$BLord Astalor Sunsworn has directed that the resources you\'ve gathered should be utilized to orchestrate a lavish feast for his noble supporters. Though it grieves my heart to convey that we won\'t be able to extend this bounty to the less fortunate, it is not within my purview to contest his decision. Nonetheless, I appreciate your efforts and generosity in this matter, my friend.',41166,12,41167,12,0,0,0,0, 0,0,0,0,0,0,0,0, 0,0, 530,5460,910, 269,200,0,0,0,0,0,0, 0,0,0, 0,0,0,0,0,0,0,0, 0,0,0,0,0,0,0,0, 0,0,'');

replace into creature_questrelation		(id, quest) values (61816, 41220);
replace into creature_involvedrelation  (id, quest) values (61816, 41220);

replace into item_template (entry, display_id, name, class, quality, flags, buy_count, allowable_class, allowable_race, item_level, stackable, spellcooldown_1, spellcategorycooldown_1, spellcooldown_2, spellcategorycooldown_2, bonding, description, page_text, material) values
(41166,25472,'Chunks of Stallhorn Meat',12,1,2048,1,-1,-1,1,12,-1,-1,-1,-1,4,'',0,3),
(41167,22200,'Crimson Hawkstrider Wing',12,1,2048,1,-1,-1,1,12,-1,-1,-1,-1,4,'',0,8);

replace into creature_loot_template values
(61715,41166,-90,0,1,1,0),
(61716,41167,-90,0,1,1,0);

-- Liadrin's Plea
delete from quest_template where entry = 41221;
replace into quest_template (prevquestid, entry, method, zoneorsort, questlevel, minlevel, questflags, specialflags, title, details, objectives, requestitemstext, offerrewardtext, reqitemid1, reqitemcount1, reqitemid2, reqitemcount2, reqitemid3, reqitemcount3, reqitemid4, reqitemcount4, reqcreatureorgoid1, reqcreatureorgocount1, reqcreatureorgoid2, reqcreatureorgocount2, reqcreatureorgoid3, reqcreatureorgocount3, reqcreatureorgoid4, reqcreatureorgocount4, srcitemid, srcitemcount, reworreqmoney, RewMoneyMaxLevel, rewxp, rewrepfaction1, rewrepvalue1,  rewrepfaction2, rewrepvalue2, rewrepfaction3, rewrepvalue3, rewrepfaction4, rewrepvalue4, rewspell, rewspellcast, completeemote, rewitemid1, rewitemcount1, rewitemid2, rewitemcount2, rewitemid3, rewitemcount3, rewitemid4, rewitemcount4, rewchoiceitemid1, rewchoiceitemcount1, rewchoiceitemid2, rewchoiceitemcount2, rewchoiceitemid3, rewchoiceitemcount3, rewchoiceitemid4, rewchoiceitemcount4,requiredminrepfaction,requiredminrepvalue,objectivetext1) values (41220,41221,2,5225,8,5,0,0,'Liadrin\'s Plea','No! I cannot allow such injustice to persist!$B$B$C, we must not silently endure this affront to our people. The nobles indulge in opulent feasts, savoring lavish meats and exotic fruits, while the common folk languish, starving and withering away on the streets.$B$BI am confined within the chapel, unable to confront Lord Astalor myself, but I implore you. Take this letter to that despot Astalor. I harbor doubts that it will sway his heart, but he must be made aware of the sentiments burning within me.','Bring the Liadrin\'s Letter to Astalor Sunsworn. You can find him in the mansion in northern Alah\'Thalas.','Why did my guards let you in here?','<Astalor Sunsworn opens the letter, casually skimming its contents before breaking into a derisive laugh.>$B$BI should have you flayed by my guards for daring to believe you could waltz into my residence and insult me. However, I find myself in need of a messenger. Deliver my response to this... Liadrin, whoever she is. This task is beneath the dignity of any of my guards.',41168,1,0,0,0,0,0,0, 0,0,0,0,0,0,0,0, 41168,1, 0,1860,310, 269,200,0,0,0,0,0,0, 0,0,0, 0,0,0,0,0,0,0,0, 0,0,0,0,0,0,0,0, 0,0,'');

replace into creature_questrelation		(id, quest) values (61806, 41221);
replace into creature_involvedrelation  (id, quest) values (61803, 41221);

replace into item_template (entry, display_id, name, class, quality, flags, buy_count, allowable_class, allowable_race, item_level, stackable, spellcooldown_1, spellcategorycooldown_1, spellcooldown_2, spellcategorycooldown_2, bonding, description, page_text, material) values
(41168,3032,'Liadrin\'s Letter',12,1,2048,1,-1,-1,1,1,-1,-1,-1,-1,4,'',0,7);

-- Sunsworn Response
delete from quest_template where entry = 41222;
replace into quest_template (prevquestid, entry, method, zoneorsort, questlevel, minlevel, questflags, specialflags, title, details, objectives, requestitemstext, offerrewardtext, reqitemid1, reqitemcount1, reqitemid2, reqitemcount2, reqitemid3, reqitemcount3, reqitemid4, reqitemcount4, reqcreatureorgoid1, reqcreatureorgocount1, reqcreatureorgoid2, reqcreatureorgocount2, reqcreatureorgoid3, reqcreatureorgocount3, reqcreatureorgoid4, reqcreatureorgocount4, srcitemid, srcitemcount, reworreqmoney, RewMoneyMaxLevel, rewxp, rewrepfaction1, rewrepvalue1,  rewrepfaction2, rewrepvalue2, rewrepfaction3, rewrepvalue3, rewrepfaction4, rewrepvalue4, rewspell, rewspellcast, completeemote, rewitemid1, rewitemcount1, rewitemid2, rewitemcount2, rewitemid3, rewitemcount3, rewitemid4, rewitemcount4, rewchoiceitemid1, rewchoiceitemcount1, rewchoiceitemid2, rewchoiceitemcount2, rewchoiceitemid3, rewchoiceitemcount3, rewchoiceitemid4, rewchoiceitemcount4,requiredminrepfaction,requiredminrepvalue,objectivetext1) values (41221,41222,2,5225,8,5,0,0,'Sunsworn Response','Reiterate to her every word you\'ve heard from me.$B$BMy resources are mine to wield as I see fit, and in this moment, they serve to influence those whose opinions truly matter. The throne shall be mine, and under my rule, our people will flourish.$B$BCertainly, I could distribute these resources to the poor. But to what end? The very next day, they would find themselves in need once again. We must establish a solid infrastructure to sustain them—farms, vineyards, proper hunting grounds. Simply providing daily sustenance accomplishes nothing. Rest assured, with the crown in my possession, ensuring the welfare of the Quel\'dorei will be my foremost priority. However, if some must perish before that vision is realized... well, that\'s regrettable.$B$BNow, be on your way, and ensure Liadrin hears every bit of it.','Repeat the words of Astalor Sunsworn to Liadrin in Ballador\'s Chapel.','Did you find Astalor?','<You repeat Astalor\'s words to the priestess, ensuring no detail is omitted. As you deliver his message, you witness a simmering rage in the priestess\'s eyes. A faint green glow emanates from them, transforming her countenance into that of an entirely different person.>$B$BVery well. I anticipated as much from him. What sheer arrogance. No cause is worth the continued suffering of even a single Quel\'dorei. We have endured enough, and I will ensure that Astalor comprehends this. Soon...',0,0,0,0,0,0,0,0, 0,0,0,0,0,0,0,0, 0,0, 0,1860,310, 269,150,0,0,0,0,0,0, 0,0,0, 0,0,0,0,0,0,0,0, 41158,1,41159,1,0,0,0,0, 0,0,'');

replace into creature_questrelation		(id, quest) values (61803, 41222);
replace into creature_involvedrelation  (id, quest) values (61806, 41222);

-- Party Like There's No Tomorrow
delete from quest_template where entry = 41223;
replace into quest_template (prevquestid, entry, method, zoneorsort, questlevel, minlevel, questflags, specialflags, title, details, objectives, requestitemstext, offerrewardtext, reqitemid1, reqitemcount1, reqitemid2, reqitemcount2, reqitemid3, reqitemcount3, reqitemid4, reqitemcount4, reqcreatureorgoid1, reqcreatureorgocount1, reqcreatureorgoid2, reqcreatureorgocount2, reqcreatureorgoid3, reqcreatureorgocount3, reqcreatureorgoid4, reqcreatureorgocount4, srcitemid, srcitemcount, reworreqmoney, RewMoneyMaxLevel, rewxp, rewrepfaction1, rewrepvalue1,  rewrepfaction2, rewrepvalue2, rewrepfaction3, rewrepvalue3, rewrepfaction4, rewrepvalue4, rewspell, rewspellcast, completeemote, rewitemid1, rewitemcount1, rewitemid2, rewitemcount2, rewitemid3, rewitemcount3, rewitemid4, rewitemcount4, rewchoiceitemid1, rewchoiceitemcount1, rewchoiceitemid2, rewchoiceitemcount2, rewchoiceitemid3, rewchoiceitemcount3, rewchoiceitemid4, rewchoiceitemcount4,requiredminrepfaction,requiredminrepvalue,objectivetext1) values (0,41223,2,5225,6,4,0,0,'Party Like There\'s No Tomorrow','Oh, what a calamity! I was organizing a splendid gathering in Anasterian Park, complete with wine, snacks, and all the trimmings. Suddenly, a horde of dreadful creatures materialized, and I had to flee for my life!$B$BI managed to survive, but alas, all my party supplies were lost in the chaos. Now, I\'m too frightened to venture deep into the park again. Would you be so kind as to recover them for me? I yearn to host my party right here.','Recover party supplies for Relaina Whiteshore.','I just can\'t stop thinking about all the fun.','Oh! You\'ve recovered them! Thank you, thank you!$B$BWhile I\'d love to extend an invitation to the party, I\'m afraid it\'s a closed affair. However, fret not, for there will surely be another occasion for us to have some fun together, won\'t there?',41169,8,0,0,0,0,0,0, 0,0,0,0,0,0,0,0, 0,0, 0,1860,310, 269,150,0,0,0,0,0,0, 0,0,0, 0,0,0,0,0,0,0,0, 41158,1,41159,1,0,0,0,0, 0,0,'');

replace into creature_questrelation		(id, quest) values (61879, 41223);
replace into creature_involvedrelation  (id, quest) values (61879, 41223);

replace into item_template (entry, display_id, name, class, quality, flags, buy_count, allowable_class, allowable_race, item_level, stackable, spellcooldown_1, spellcategorycooldown_1, spellcooldown_2, spellcategorycooldown_2, bonding, description, page_text, material) values
(41169,9151,'Party Supplies',12,1,2048,1,-1,-1,1,8,-1,-1,-1,-1,4,'',0,3);

REPLACE INTO gameobject_template VALUES
(2020079, 3, 32834, 'Party Supplies', 0, 4, 1, 43, 2020079, 0, 1, 0, 0, 0, 0, 0, 0, 0, 0, 0, 0, 0, 0, 0, 0, 0, 0, 0, 0, 0, 0, 0, 0, 0, '');

replace into gameobject_loot_template values
(2020079,41169,-100,0,1,1,0);

