REPLACE INTO creature_template VALUES
(61796, 2255, 0, 0, 0, 0, 'Ordenal Owlmane', NULL, 0, 45, 45, 2217, 2217, 0, 0, 2725, 80, 2, 1, 1.14286, 1, 18, 5, 0, 0, 1, 78, 95, 0, 204, 1, 2000, 2000, 1, 0, 0, 0, 0, 0, 0, 0, 63.7824, 87.7008, 100, 7, 0, 0, 0, 0, 0, 0, 0, 0, 0, 0, 0, 0, 0, 0, 0, 0, 0, NULL, 0, 0, 'EventAI', 0, 3, 0, 0, 3, 0, 0, 0, 0, 0, 0, 0, 0, ''),
(61797, 18103, 0, 0, 0, 0, 'Warden Sira Moonwarden', NULL, 0, 60, 60, 4120, 4120, 0, 0, 3640, 1354, 2, 1, 1.14286, 1, 18, 5, 40, 0, 1, 110, 142, 0, 272, 1, 2000, 2000, 1, 0, 0, 0, 0, 0, 3, 0, 74.448, 102.366, 100, 7, 0, 0, 0, 0, 0, 0, 0, 0, 0, 0, 0, 0, 0, 0, 0, 0, 0, NULL, 0, 0, 'EventAI', 0, 3, 0, 0, 3, 0, 0, 0, 0, 0, 0, 0, 0, ''),
(61798, 18768, 0, 0, 0, 0, 'Viz\'neya Firefly', NULL, 0, 45, 45, 2217, 2217, 0, 0, 2725, 35, 2, 1, 1.14286, 1, 18, 5, 0, 0, 1, 78, 95, 0, 204, 1, 2000, 2000, 1, 0, 0, 0, 0, 0, 0, 0, 63.7824, 87.7008, 100, 7, 0, 0, 0, 0, 0, 0, 0, 0, 0, 0, 0, 0, 0, 0, 0, 0, 0, NULL, 84, 115, 'EventAI', 0, 3, 0, 0, 3, 0, 0, 0, 0, 0, 0, 0, 0, ''),
(61799, 20560, 0, 0, 0, 0, 'Lor\'Themar Theron', 'Regency Council', 0, 60, 60, 19543, 19543, 0, 0, 3059, 371, 3, 1, 1.14286, 1, 18, 5, 0, 1, 1, 722, 821, 0, 272, 1, 2000, 2000, 1, 0, 0, 0, 0, 0, 0, 0, 65.7432, 90.3969, 100, 7, 0, 0, 0, 0, 0, 0, 0, 0, 0, 0, 0, 0, 0, 0, 0, 0, 0, NULL, 0, 0, 'EventAI', 0, 3, 0, 0, 3, 0, 0, 0, 0, 0, 0, 0, 0, ''),
(61800, 20561, 0, 0, 0, 0, 'Grand Magister Rommath', 'Regency Council', 0, 60, 60, 19543, 19543, 0, 0, 3059, 371, 3, 1, 1.14286, 1, 18, 5, 0, 1, 1, 722, 821, 0, 272, 1, 2000, 2000, 1, 0, 0, 0, 0, 0, 0, 0, 65.7432, 90.3969, 100, 7, 0, 0, 0, 0, 0, 0, 0, 0, 0, 0, 0, 0, 0, 0, 0, 0, 0, NULL, 0, 0, 'EventAI', 0, 3, 0, 0, 3, 0, 0, 0, 0, 0, 0, 0, 0, ''),
(61801, 20559, 0, 0, 0, 0, 'Halduron Brightwing', 'Ranger-General', 0, 60, 60, 19543, 19543, 0, 0, 3059, 371, 3, 1, 1.14286, 1, 18, 5, 0, 1, 1, 722, 821, 0, 272, 1, 2000, 2000, 1, 0, 0, 0, 0, 0, 0, 0, 65.7432, 90.3969, 100, 7, 0, 0, 0, 0, 0, 0, 0, 0, 0, 0, 0, 0, 0, 0, 0, 0, 0, NULL, 0, 0, 'EventAI', 0, 3, 0, 0, 3, 0, 0, 0, 0, 0, 0, 0, 0, ''),
(61802, 20573, 0, 0, 0, 0, 'Farenia Roseheart', 'Regency Council', 0, 60, 60, 19543, 19543, 0, 0, 3059, 371, 3, 1, 1.14286, 1, 18, 5, 0, 1, 1, 722, 821, 0, 272, 1, 2000, 2000, 1, 0, 0, 0, 0, 0, 0, 0, 65.7432, 90.3969, 100, 7, 0, 0, 0, 0, 0, 0, 0, 0, 0, 0, 0, 0, 0, 0, 0, 0, 0, NULL, 0, 0, 'EventAI', 0, 3, 0, 0, 3, 0, 0, 0, 0, 0, 0, 0, 0, ''),
(61803, 20562, 0, 0, 0, 0, 'Astalor Sunsworn', 'Regency Council', 0, 60, 60, 19543, 19543, 0, 0, 3059, 371, 3, 1, 1.14286, 1, 18, 5, 0, 1, 1, 722, 821, 0, 272, 1, 2000, 2000, 1, 0, 0, 0, 0, 0, 0, 0, 65.7432, 90.3969, 100, 7, 0, 0, 0, 0, 0, 0, 0, 0, 0, 0, 0, 0, 0, 0, 0, 0, 0, NULL, 0, 0, 'EventAI', 0, 3, 0, 0, 3, 0, 0, 0, 0, 0, 0, 0, 0, ''),
(61804, 20563, 0, 0, 0, 0, 'Voren\'thal the Scryer', 'Regency Council', 0, 60, 60, 19543, 19543, 0, 0, 3059, 371, 3, 1, 1.14286, 1, 18, 5, 0, 1, 1, 722, 821, 0, 272, 1, 2000, 2000, 1, 0, 0, 0, 0, 0, 0, 0, 65.7432, 90.3969, 100, 7, 0, 0, 0, 0, 0, 0, 0, 0, 0, 0, 0, 0, 0, 0, 0, 0, 0, NULL, 0, 0, 'EventAI', 0, 3, 0, 0, 3, 0, 0, 0, 0, 0, 0, 0, 0, ''),
(61805, 20581, 0, 0, 0, 0, 'Miralin Wavesinger', 'Regency Council', 0, 60, 60, 19543, 19543, 0, 0, 3059, 371, 3, 1, 1.14286, 1, 18, 5, 0, 1, 1, 722, 821, 0, 272, 1, 2000, 2000, 1, 0, 0, 0, 0, 0, 0, 0, 65.7432, 90.3969, 100, 7, 0, 0, 0, 0, 0, 0, 0, 0, 0, 0, 0, 0, 0, 0, 0, 0, 0, NULL, 0, 0, 'EventAI', 0, 3, 0, 0, 3, 0, 0, 0, 0, 0, 0, 0, 0, ''),
(61806, 20583, 0, 0, 0, 0, 'Liadrin', NULL, 0, 60, 60, 19543, 19543, 0, 0, 3059, 371, 0, 1, 1.14286, 1, 18, 5, 0, 1, 1, 722, 821, 0, 272, 1, 2000, 2000, 1, 0, 0, 0, 0, 0, 0, 0, 65.7432, 90.3969, 100, 7, 0, 0, 0, 0, 0, 0, 0, 0, 0, 0, 0, 0, 0, 0, 0, 0, 0, NULL, 0, 0, 'EventAI', 0, 3, 0, 0, 3, 0, 0, 0, 0, 0, 0, 0, 0, ''),
(61807, 20546, 0, 0, 0, 0, 'Aerthand Skyshield', NULL, 0, 10, 10, 198, 198, 0, 0, 455, 371, 3, 1, 1.14286, 1, 20, 5, 0, 0, 1, 13, 17, 0, 62, 1, 2000, 2000, 1, 0, 0, 0, 0, 0, 0, 0, 15.048, 20.691, 100, 7, 0, 0, 0, 0, 0, 0, 0, 0, 0, 0, 0, 0, 0, 0, 0, 0, 0, NULL, 0, 0, 'EventAI', 0, 3, 0, 0, 3, 0, 0, 0, 0, 0, 0, 0, 0, ''),
(61808, 20567, 0, 0, 0, 0, 'Amara Highbreeze', 'Food & Drink Vendor', 0, 10, 10, 198, 198, 0, 0, 455, 371, 4, 1, 1.14286, 1, 20, 5, 0, 0, 1, 13, 17, 0, 62, 1, 2000, 2000, 1, 0, 0, 0, 0, 0, 0, 0, 15.048, 20.691, 100, 7, 0, 0, 0, 0, 0, 0, 0, 0, 0, 0, 0, 0, 0, 0, 0, 0, 0, NULL, 0, 0, 'EventAI', 0, 3, 0, 0, 3, 0, 0, 0, 0, 0, 0, 0, 0, ''),
(61809, 20547, 0, 0, 0, 0, 'Avenant', NULL, 0, 10, 10, 198, 198, 0, 0, 455, 371, 2, 1, 1.14286, 1, 20, 5, 0, 0, 1, 13, 17, 0, 62, 1, 2000, 2000, 1, 0, 0, 0, 0, 0, 0, 0, 15.048, 20.691, 100, 7, 0, 0, 0, 0, 0, 0, 0, 0, 0, 0, 0, 0, 0, 0, 0, 0, 0, NULL, 0, 0, 'EventAI', 0, 3, 0, 0, 3, 0, 0, 0, 0, 0, 0, 0, 0, ''),
(61810, 20569, 0, 0, 0, 0, 'Briella Brightsun', NULL, 0, 10, 10, 198, 198, 0, 0, 455, 371, 0, 1, 1.14286, 1, 20, 5, 0, 0, 1, 13, 17, 0, 62, 1, 2000, 2000, 1, 0, 0, 0, 0, 0, 0, 0, 15.048, 20.691, 100, 7, 0, 0, 0, 0, 0, 0, 0, 0, 0, 0, 0, 0, 0, 0, 0, 0, 0, NULL, 0, 0, 'EventAI', 0, 3, 0, 0, 3, 0, 0, 0, 0, 0, 0, 0, 0, ''),
(61811, 20548, 0, 0, 0, 0, 'Calhir Dawnchaser', NULL, 0, 10, 10, 198, 198, 0, 0, 455, 371, 0, 1, 1.14286, 1, 20, 5, 0, 0, 1, 13, 17, 0, 62, 1, 2000, 2000, 1, 0, 0, 0, 0, 0, 0, 0, 15.048, 20.691, 100, 7, 0, 0, 0, 0, 0, 0, 0, 0, 0, 0, 0, 0, 0, 0, 0, 0, 0, NULL, 0, 0, 'EventAI', 0, 3, 0, 0, 3, 0, 0, 0, 0, 0, 0, 0, 0, ''),
(61812, 20570, 0, 0, 0, 0, 'Celia Daywing', 'General Supplies', 0, 10, 10, 198, 198, 0, 0, 455, 371, 4, 1, 1.14286, 1, 20, 5, 0, 0, 1, 13, 17, 0, 62, 1, 2000, 2000, 1, 0, 0, 0, 0, 0, 0, 0, 15.048, 20.691, 100, 7, 0, 0, 0, 0, 0, 0, 0, 0, 0, 0, 0, 0, 0, 0, 0, 0, 0, NULL, 0, 0, 'EventAI', 0, 3, 0, 0, 3, 0, 0, 0, 0, 0, 0, 0, 0, ''),
(61813, 20571, 0, 0, 0, 0, 'Elenia Everdawn', 'Trade Supplies', 0, 10, 10, 198, 198, 0, 0, 455, 371, 4, 1, 1.14286, 1, 20, 5, 0, 0, 1, 13, 17, 0, 62, 1, 2000, 2000, 1, 0, 0, 0, 0, 0, 0, 0, 15.048, 20.691, 100, 7, 0, 0, 0, 0, 0, 0, 0, 0, 0, 0, 0, 0, 0, 0, 0, 0, 0, NULL, 0, 0, 'EventAI', 0, 3, 0, 0, 3, 0, 0, 0, 0, 0, 0, 0, 0, ''),
(61814, 20549, 0, 0, 0, 0, 'Edrion Ironstrike', 'Weaponsmith', 0, 15, 15, 328, 328, 0, 0, 660, 371, 4, 1, 1.14286, 1, 20, 5, 0, 0, 1, 21, 27, 0, 74, 1, 2000, 2000, 1, 0, 0, 0, 0, 0, 0, 0, 21.2784, 29.2578, 100, 7, 0, 0, 0, 0, 0, 0, 0, 0, 0, 0, 0, 0, 0, 0, 0, 0, 0, NULL, 0, 0, 'EventAI', 0, 3, 0, 0, 3, 0, 0, 0, 0, 0, 0, 0, 0, ''),
(61815, 20572, 0, 0, 0, 0, 'Fainriel Silverharp', NULL, 0, 10, 10, 594, 594, 0, 0, 20, 371, 0, 1, 1.14286, 1, 20, 5, 0, 1, 1, 27, 35, 0, 62, 1, 2000, 2000, 1, 0, 0, 0, 0, 0, 0, 0, 14, 19.25, 100, 7, 0, 0, 0, 0, 0, 0, 0, 0, 0, 0, 0, 0, 0, 0, 0, 0, 0, NULL, 0, 0, 'EventAI', 0, 3, 0, 0, 3, 0, 0, 0, 0, 0, 0, 0, 0, ''),
(61816, 20579, 0, 0, 0, 0, 'Taliren Lightborn', 'High Priestess', 0, 60, 60, 4120, 4120, 0, 0, 3640, 371, 0, 1, 1.14286, 1, 20, 5, 0, 0, 1, 104, 130, 0, 272, 1, 2000, 2000, 1, 0, 0, 0, 0, 0, 0, 0, 72, 99, 100, 7, 0, 0, 0, 0, 0, 0, 0, 0, 0, 0, 0, 0, 0, 0, 0, 0, 0, NULL, 0, 0, 'EventAI', 0, 3, 0, 0, 3, 0, 0, 0, 0, 0, 0, 0, 0, ''),
(61817, 20574, 0, 0, 0, 0, 'Jolie Keenwit', NULL, 0, 10, 10, 594, 594, 0, 0, 20, 371, 2, 1, 1.14286, 1, 20, 5, 0, 1, 1, 27, 35, 0, 62, 1, 2000, 2000, 1, 0, 0, 0, 0, 0, 0, 0, 14, 19.25, 100, 7, 0, 0, 0, 0, 0, 0, 0, 0, 0, 0, 0, 0, 0, 0, 0, 0, 0, NULL, 0, 0, 'EventAI', 0, 3, 0, 0, 3, 0, 0, 0, 0, 0, 0, 0, 0, ''),
(61818, 20550, 0, 0, 0, 0, 'Kaelin Bladesong', NULL, 0, 10, 10, 594, 594, 0, 0, 20, 371, 0, 1, 1.14286, 1, 20, 5, 0, 1, 1, 27, 35, 0, 62, 1, 2000, 2000, 1, 0, 0, 0, 0, 0, 0, 0, 14, 19.25, 100, 7, 0, 0, 0, 0, 0, 0, 0, 0, 0, 0, 0, 0, 0, 0, 0, 0, 0, NULL, 0, 0, 'EventAI', 0, 3, 0, 0, 3, 0, 0, 0, 0, 0, 0, 0, 0, ''),
(61819, 20575, 0, 0, 0, 0, 'Lin Swiftblade', NULL, 0, 10, 10, 594, 594, 0, 0, 20, 371, 0, 1, 1.14286, 1, 20, 5, 0, 1, 1, 27, 35, 0, 62, 1, 2000, 2000, 1, 0, 0, 0, 0, 0, 0, 0, 14, 19.25, 100, 7, 0, 0, 0, 0, 0, 0, 0, 0, 0, 0, 0, 0, 0, 0, 0, 0, 0, NULL, 0, 0, 'EventAI', 0, 3, 0, 0, 3, 0, 0, 0, 0, 0, 0, 0, 0, ''),
(61820, 20576, 0, 0, 0, 0, 'Liris Fairlocks', 'Cooking Supplies', 0, 10, 10, 594, 594, 0, 0, 20, 371, 4, 1, 1.14286, 1, 20, 5, 0, 1, 1, 27, 35, 0, 62, 1, 2000, 2000, 1, 0, 0, 0, 0, 0, 0, 0, 14, 19.25, 100, 7, 0, 0, 0, 0, 0, 0, 0, 0, 0, 0, 0, 0, 0, 0, 0, 0, 0, NULL, 0, 0, 'EventAI', 0, 3, 0, 0, 3, 0, 0, 0, 0, 0, 0, 0, 0, ''),
(61821, 20551, 0, 0, 0, 0, 'Maelor Steelguard', NULL, 0, 10, 10, 594, 594, 0, 0, 20, 371, 0, 1, 1.14286, 1, 20, 5, 0, 1, 1, 27, 35, 0, 62, 1, 2000, 2000, 1, 0, 0, 0, 0, 0, 0, 0, 14, 19.25, 100, 7, 0, 0, 0, 0, 0, 0, 0, 0, 0, 0, 0, 0, 0, 0, 0, 0, 0, NULL, 0, 0, 'EventAI', 0, 3, 0, 0, 3, 0, 0, 0, 0, 0, 0, 0, 0, ''),
(61822, 20556, 0, 0, 0, 0, 'Magister Sylvus Silkspinner', 'Enchanter', 0, 10, 10, 594, 594, 0, 0, 20, 371, 17, 1, 1.14286, 1, 20, 5, 0, 1, 1, 27, 35, 0, 62, 1, 2000, 2000, 1, 0, 0, 0, 0, 0, 0, 0, 14, 19.25, 100, 7, 0, 0, 0, 0, 0, 0, 0, 0, 0, 0, 0, 0, 0, 0, 0, 0, 0, NULL, 0, 0, 'EventAI', 0, 3, 0, 0, 3, 0, 0, 0, 0, 0, 0, 0, 0, ''),
(61823, 20577, 0, 0, 0, 0, 'Melanthe Shadesong', NULL, 0, 10, 10, 594, 594, 0, 0, 20, 371, 0, 1, 1.14286, 1, 20, 5, 0, 1, 1, 27, 35, 0, 62, 1, 2000, 2000, 1, 0, 0, 0, 0, 0, 0, 0, 14, 19.25, 100, 7, 0, 0, 0, 0, 0, 0, 0, 0, 0, 0, 0, 0, 0, 0, 0, 0, 0, NULL, 0, 0, 'EventAI', 0, 3, 0, 0, 3, 0, 0, 0, 0, 0, 0, 0, 0, ''),
(61824, 20580, 0, 0, 0, 0, 'Nirenia Swiftsun', NULL, 0, 10, 10, 594, 594, 0, 0, 20, 371, 0, 1, 1.14286, 1, 20, 5, 0, 1, 1, 27, 35, 0, 62, 1, 2000, 2000, 1, 0, 0, 0, 0, 0, 0, 0, 14, 19.25, 100, 7, 0, 0, 0, 0, 0, 0, 0, 0, 0, 0, 0, 0, 0, 0, 0, 0, 0, NULL, 0, 0, 'EventAI', 0, 3, 0, 0, 3, 0, 0, 0, 0, 0, 0, 0, 0, ''),
(61825, 20552, 0, 0, 0, 0, 'Othorion Whitelance', NULL, 0, 10, 10, 594, 594, 0, 0, 20, 371, 0, 1, 1.14286, 1, 20, 5, 0, 1, 1, 27, 35, 0, 62, 1, 2000, 2000, 1, 0, 0, 0, 0, 0, 0, 0, 14, 19.25, 100, 7, 0, 0, 0, 0, 0, 0, 0, 0, 0, 0, 0, 0, 0, 0, 0, 0, 0, NULL, 0, 0, 'EventAI', 0, 3, 0, 0, 3, 0, 0, 0, 0, 0, 0, 0, 0, ''), 
(61826, 20554, 0, 0, 0, 0, 'Raelus Morninglight', NULL, 0, 10, 10, 594, 594, 0, 0, 20, 371, 0, 1, 1.14286, 1, 20, 5, 0, 1, 1, 27, 35, 0, 62, 1, 2000, 2000, 1, 0, 0, 0, 0, 0, 0, 0, 14, 19.25, 100, 7, 0, 0, 0, 0, 0, 0, 0, 0, 0, 0, 0, 0, 0, 0, 0, 0, 0, NULL, 0, 0, 'EventAI', 0, 3, 0, 0, 3, 0, 0, 0, 0, 0, 0, 0, 0, ''), 
(61827, 20555, 0, 0, 0, 0, 'Saelyn Seastrider', NULL, 0, 10, 10, 594, 594, 0, 0, 20, 371, 0, 1, 1.14286, 1, 20, 5, 0, 1, 1, 27, 35, 0, 62, 1, 2000, 2000, 1, 0, 0, 0, 0, 0, 0, 0, 14, 19.25, 100, 7, 0, 0, 0, 0, 0, 0, 0, 0, 0, 0, 0, 0, 0, 0, 0, 0, 0, NULL, 0, 0, 'EventAI', 0, 3, 0, 0, 3, 0, 0, 0, 0, 0, 0, 0, 0, ''), 
(61828, 20557, 0, 0, 0, 0, 'Thalion Noblewarden', NULL, 0, 10, 10, 594, 594, 0, 0, 20, 371, 0, 1, 1.14286, 1, 20, 5, 0, 1, 1, 27, 35, 0, 62, 1, 2000, 2000, 1, 0, 0, 0, 0, 0, 0, 0, 14, 19.25, 100, 7, 0, 0, 0, 0, 0, 0, 0, 0, 0, 0, 0, 0, 0, 0, 0, 0, 0, NULL, 0, 0, 'EventAI', 0, 3, 0, 0, 3, 0, 0, 0, 0, 0, 0, 0, 0, ''), 
(61829, 20553, 0, 0, 0, 0, 'Phylas Hawkwing', NULL, 0, 10, 10, 594, 594, 0, 0, 20, 371, 2, 1, 1.14286, 1, 20, 5, 0, 1, 1, 27, 35, 0, 62, 1, 2000, 2000, 1, 0, 0, 0, 0, 0, 0, 0, 14, 19.25, 100, 7, 0, 0, 0, 0, 0, 0, 0, 0, 0, 0, 0, 0, 0, 0, 0, 0, 0, NULL, 0, 0, 'EventAI', 0, 3, 0, 0, 3, 0, 0, 0, 0, 0, 0, 0, 0, ''),
(61830, 20578, 0, 0, 0, 0, 'Niniel Snowgleam', 'Clothier', 0, 10, 10, 594, 594, 0, 0, 20, 371, 4, 1, 1.14286, 1, 20, 5, 0, 1, 1, 27, 35, 0, 62, 1, 2000, 2000, 1, 0, 0, 0, 0, 0, 0, 0, 14, 19.25, 100, 7, 0, 0, 0, 0, 0, 0, 0, 0, 0, 0, 0, 0, 0, 0, 0, 0, 0, NULL, 0, 0, 'EventAI', 0, 3, 0, 0, 3, 0, 0, 0, 0, 0, 0, 0, 0, ''),
(61831, 20582, 0, 0, 0, 0, 'Tiriel Brightwater', 'Innkeeper', 0, 10, 10, 594, 594, 0, 0, 20, 371, 133, 1, 1.14286, 1, 20, 5, 0, 1, 1, 27, 35, 0, 62, 1, 2000, 2000, 1, 0, 0, 0, 0, 0, 0, 0, 14, 19.25, 100, 7, 0, 0, 0, 0, 0, 0, 0, 0, 0, 0, 0, 0, 0, 0, 0, 0, 0, NULL, 0, 0, 'EventAI', 0, 3, 0, 0, 3, 0, 0, 0, 0, 0, 0, 0, 0, ''),
(61832, 20558, 0, 0, 0, 0, 'Vanudal Goldweaver', NULL, 0, 10, 10, 594, 594, 0, 0, 20, 371, 1, 1, 1.14286, 1, 20, 5, 0, 1, 1, 27, 35, 0, 62, 1, 2000, 2000, 1, 0, 0, 0, 0, 0, 0, 0, 14, 19.25, 100, 7, 0, 0, 0, 0, 0, 0, 0, 0, 0, 0, 0, 0, 0, 0, 0, 0, 0, NULL, 0, 0, 'EventAI', 0, 3, 0, 0, 3, 0, 0, 0, 0, 0, 0, 0, 0, '');

set @equip_template = 20489; set @weapon_1 = 26; set @weapon_2 = 0; set @weapon_3 = 0; set @creature = 61822;
replace into creature_equip_template values (@equip_template, @weapon_1, @weapon_2, @weapon_3);
update creature_template set equipment_id = @equip_template where entry = @creature;

set @equip_template = 20488; set @weapon_1 = 26; set @weapon_2 = 0; set @weapon_3 = 0; set @creature = 61816;
replace into creature_equip_template values (@equip_template, @weapon_1, @weapon_2, @weapon_3);
update creature_template set equipment_id = @equip_template where entry = @creature;

set @equip_template = 20487; set @weapon_1 = 23556; set @weapon_2 = 0; set @weapon_3 = 0; set @creature = 61814;
replace into creature_equip_template values (@equip_template, @weapon_1, @weapon_2, @weapon_3);
update creature_template set equipment_id = @equip_template where entry = @creature;

set @equip_template = 20486; set @weapon_1 = 26; set @weapon_2 = 0; set @weapon_3 = 0; set @creature = 61804;
replace into creature_equip_template values (@equip_template, @weapon_1, @weapon_2, @weapon_3);
update creature_template set equipment_id = @equip_template where entry = @creature;

set @equip_template = 20485; set @weapon_1 = 80223; set @weapon_2 = 0; set @weapon_3 = 0; set @creature = 61801;
replace into creature_equip_template values (@equip_template, @weapon_1, @weapon_2, @weapon_3);
update creature_template set equipment_id = @equip_template where entry = @creature;

set @equip_template = 20484; set @weapon_1 = 26; set @weapon_2 = 0; set @weapon_3 = 0; set @creature = 61800;
replace into creature_equip_template values (@equip_template, @weapon_1, @weapon_2, @weapon_3);
update creature_template set equipment_id = @equip_template where entry = @creature;

set @equip_template = 20483; set @weapon_1 = 80223; set @weapon_2 = 0; set @weapon_3 = 0; set @creature = 61799;
replace into creature_equip_template values (@equip_template, @weapon_1, @weapon_2, @weapon_3);
update creature_template set equipment_id = @equip_template where entry = @creature;

set @gossip_menu_id = 41584; set @magic_number = 61832;
replace into gossip_menu (entry, text_id, condition_id) VALUES (@gossip_menu_id, @magic_number, '0'); 
replace into broadcast_text (entry, Male_Text) values (@magic_number, 'Welcome to Brinthilien. I trust the journey hasn\'t been too arduous for you.');
replace into npc_text (ID, BroadcastTextID0) values (@magic_number, @magic_number);
update creature_template set gossip_menu_id = @gossip_menu_id where entry = @magic_number;

set @gossip_menu_id = 41583; set @magic_number = 61831;
replace into gossip_menu (entry, text_id, condition_id) VALUES (@gossip_menu_id, @magic_number, '0'); 
replace into broadcast_text (entry, Male_Text) values (@magic_number, 'Rest, weary traveler, for your burdens weigh heavy. In this newfound sanctuary, our collective haven, endure we shall, resilient against the trials that have befallen us.');
replace into npc_text (ID, BroadcastTextID0) values (@magic_number, @magic_number);
update creature_template set gossip_menu_id = @gossip_menu_id where entry = @magic_number;

set @gossip_menu_id = 41582; set @magic_number = 61807;
replace into gossip_menu (entry, text_id, condition_id) VALUES (@gossip_menu_id, @magic_number, '0'); 
replace into broadcast_text (entry, Male_Text) values (@magic_number, 'Welcome to Brinthilien. I hope the journey wasn\'t too hard on you.');
replace into npc_text (ID, BroadcastTextID0) values (@magic_number, @magic_number);
update creature_template set gossip_menu_id = @gossip_menu_id where entry = @magic_number;

set @gossip_menu_id = 41581; set @magic_number = 61805;
replace into gossip_menu (entry, text_id, condition_id) VALUES (@gossip_menu_id, @magic_number, '0'); 
replace into broadcast_text (entry, Male_Text) values (@magic_number, 'A throne to take, and oh, the delicious suspense that hangs in the air! The game of power, a riveting play with an ever-shifting cast, keeps the heart pounding with excitement. Let the drama unfold, for in the clash of pretenders, the true essence of Quel’dorei is laid bare—a spectacle of passion, ambition, and the ceaseless pursuit of glory!');
replace into npc_text (ID, BroadcastTextID0) values (@magic_number, @magic_number);
update creature_template set gossip_menu_id = @gossip_menu_id where entry = @magic_number;

set @gossip_menu_id = 41580; set @magic_number = 61804;
replace into gossip_menu (entry, text_id, condition_id) VALUES (@gossip_menu_id, @magic_number, '0'); 
replace into broadcast_text (entry, Male_Text) values (@magic_number, 'In a bygone era, I stood as the closest confidant and advisor to Prince Kael\'thas, watching with sorrow as he forsook us, seduced by the malevolent powers of the Legion.$B$BThough I yearn for his return, the wisps of foresight that caress my ancient senses reveal a path fraught with uncertainty.$B$BHope lingers, but I am no fool. In the absence of our prince, we must face the harsh reality and select a temporary leader to guide our people through these tumultuous times.');
replace into npc_text (ID, BroadcastTextID0) values (@magic_number, @magic_number);
update creature_template set gossip_menu_id = @gossip_menu_id where entry = @magic_number;

set @gossip_menu_id = 41579; set @magic_number = 61803;
replace into gossip_menu (entry, text_id, condition_id) VALUES (@gossip_menu_id, @magic_number, '0'); 
replace into broadcast_text (entry, Male_Text) values (@magic_number, 'Vereesa\'s ineptitude in rallying Alliance forces to reclaim Quel\'Thalas marks the last straw. I refuse to witness our proud race reduced to a puppet state of Stormwind. With our reliance on the Alliance military, we stand exposed to the threats of both the Scourge and the resurgent Amani tribe.$B$BIt is only a matter of time until others recognize my rightful claim to leadership. The Sunsworn dynasty shall ascend, and under my rule, we will endure for countless millennia. The era of vulnerability and subservience is over; the dominion of the Quel’dorei shall be reestablished, unyielding against external threats.');
replace into npc_text (ID, BroadcastTextID0) values (@magic_number, @magic_number);
update creature_template set gossip_menu_id = @gossip_menu_id where entry = @magic_number;

set @gossip_menu_id = 41578; set @magic_number = 61802;
replace into gossip_menu (entry, text_id, condition_id) VALUES (@gossip_menu_id, @magic_number, '0'); 
replace into broadcast_text (entry, Male_Text) values (@magic_number, 'Unfortunately, it seems Vereesa\'s not been able to handle her responsibilities despite her best efforts. I regret it, but for the good of our people we must look to someone else for leadership. Sadly, some here cling to the past, hindering our progress. Our need for a decisive ruler is as obvious as the best choice, yet reluctance is ever the companion of fear of change. We must put our people first and cast aside antiquated loyalties to usher in a new, better era.');
replace into npc_text (ID, BroadcastTextID0) values (@magic_number, @magic_number);
update creature_template set gossip_menu_id = @gossip_menu_id where entry = @magic_number;

set @gossip_menu_id = 41577; set @magic_number = 61801;
replace into gossip_menu (entry, text_id, condition_id) VALUES (@gossip_menu_id, @magic_number, '0'); 
replace into broadcast_text (entry, Male_Text) values (@magic_number, 'Once, in the echoes of a time that now feels like a distant fantasy, I dreamed of donning the mantle of Ranger-General. A vision painted with the vibrant hues of ambition danced before my eyes. Yet, the years have woven a different tapestry, one marked by the harsh brushstrokes of reality.$B$BThe coveted title, once a beacon of achievement, has transformed into a weighty burden resting heavily upon these weathered shoulders of mine.');
replace into npc_text (ID, BroadcastTextID0) values (@magic_number, @magic_number);
update creature_template set gossip_menu_id = @gossip_menu_id where entry = @magic_number;

set @gossip_menu_id = 41576; set @magic_number = 61800;
replace into gossip_menu (entry, text_id, condition_id) VALUES (@gossip_menu_id, @magic_number, '0'); 
replace into broadcast_text (entry, Male_Text) values (@magic_number, 'In the midst of our ceaseless debates on the fate of our people, the answer lies crystal clear before us. Time, a precious resource we squander in endless deliberations, is better spent on the singular, unyielding purpose that binds our hearts—we must reclaim Quel\'Thalas from the clutches of the Scourge, employing any means necessary to usher our homeland back into our embrace.');
replace into npc_text (ID, BroadcastTextID0) values (@magic_number, @magic_number);
update creature_template set gossip_menu_id = @gossip_menu_id where entry = @magic_number;

set @gossip_menu_id = 41575; set @magic_number = 61799;
replace into gossip_menu (entry, text_id, condition_id) VALUES (@gossip_menu_id, @magic_number, '0'); 
replace into broadcast_text (entry, Male_Text) values (@magic_number, 'In the ashes of our once-proud kingdom, we find ourselves, hollow and scarred by the betrayals that have stripped us of everything.$B$BYet, in this desolation, a bitter resolve takes root, for we stand not as defeated remnants but as a united force, forged anew with a singular purpose. The future, once dictated by the whims of the traitorous prince, now lies open before us, a blank canvas upon which we can inscribe our own destiny.');
replace into npc_text (ID, BroadcastTextID0) values (@magic_number, @magic_number);
update creature_template set gossip_menu_id = @gossip_menu_id where entry = @magic_number;

-- Vendor list: Tiriel Brightwater.
REPLACE INTO `npc_vendor` (`entry`, `slot`, `item`, `maxcount`, `incrtime`, `itemflags`, `condition_id`) VALUES (61831, 0, 787, 0, 0, 0, 0);
REPLACE INTO `npc_vendor` (`entry`, `slot`, `item`, `maxcount`, `incrtime`, `itemflags`, `condition_id`) VALUES (61831, 0, 2594, 0, 0, 0, 0);
REPLACE INTO `npc_vendor` (`entry`, `slot`, `item`, `maxcount`, `incrtime`, `itemflags`, `condition_id`) VALUES (61831, 0, 2595, 0, 0, 0, 0);
REPLACE INTO `npc_vendor` (`entry`, `slot`, `item`, `maxcount`, `incrtime`, `itemflags`, `condition_id`) VALUES (61831, 0, 4592, 0, 0, 0, 0);
REPLACE INTO `npc_vendor` (`entry`, `slot`, `item`, `maxcount`, `incrtime`, `itemflags`, `condition_id`) VALUES (61831, 0, 4593, 0, 0, 0, 0);
REPLACE INTO `npc_vendor` (`entry`, `slot`, `item`, `maxcount`, `incrtime`, `itemflags`, `condition_id`) VALUES (61831, 0, 4594, 0, 0, 0, 0);
REPLACE INTO `npc_vendor` (`entry`, `slot`, `item`, `maxcount`, `incrtime`, `itemflags`, `condition_id`) VALUES (61831, 0, 8957, 0, 0, 0, 0);
REPLACE INTO `npc_vendor` (`entry`, `slot`, `item`, `maxcount`, `incrtime`, `itemflags`, `condition_id`) VALUES (61831, 0, 19222, 0, 0, 0, 0);
REPLACE INTO `npc_vendor` (`entry`, `slot`, `item`, `maxcount`, `incrtime`, `itemflags`, `condition_id`) VALUES (61831, 0, 21552, 0, 0, 0, 0);
-- Vendor list: Liris Fairlocks.
REPLACE INTO `npc_vendor` (`entry`, `slot`, `item`, `maxcount`, `incrtime`, `itemflags`, `condition_id`) VALUES (61830, 4, 792, 0, 0, 0, 0);
REPLACE INTO `npc_vendor` (`entry`, `slot`, `item`, `maxcount`, `incrtime`, `itemflags`, `condition_id`) VALUES (61830, 6, 793, 0, 0, 0, 0);
REPLACE INTO `npc_vendor` (`entry`, `slot`, `item`, `maxcount`, `incrtime`, `itemflags`, `condition_id`) VALUES (61830, 3, 794, 0, 0, 0, 0);
REPLACE INTO `npc_vendor` (`entry`, `slot`, `item`, `maxcount`, `incrtime`, `itemflags`, `condition_id`) VALUES (61830, 1, 795, 0, 0, 0, 0);
REPLACE INTO `npc_vendor` (`entry`, `slot`, `item`, `maxcount`, `incrtime`, `itemflags`, `condition_id`) VALUES (61830, 2, 3602, 0, 0, 0, 0);
REPLACE INTO `npc_vendor` (`entry`, `slot`, `item`, `maxcount`, `incrtime`, `itemflags`, `condition_id`) VALUES (61830, 5, 3603, 0, 0, 0, 0);
-- Vendor list: Liris Fairlocks.
REPLACE INTO `npc_vendor` (`entry`, `slot`, `item`, `maxcount`, `incrtime`, `itemflags`, `condition_id`) VALUES (61820, 1, 159, 0, 0, 0, 0);
REPLACE INTO `npc_vendor` (`entry`, `slot`, `item`, `maxcount`, `incrtime`, `itemflags`, `condition_id`) VALUES (61820, 2, 2678, 0, 0, 0, 0);
REPLACE INTO `npc_vendor` (`entry`, `slot`, `item`, `maxcount`, `incrtime`, `itemflags`, `condition_id`) VALUES (61820, 3, 2692, 0, 0, 0, 0);
REPLACE INTO `npc_vendor` (`entry`, `slot`, `item`, `maxcount`, `incrtime`, `itemflags`, `condition_id`) VALUES (61820, 4, 3713, 0, 0, 0, 0);
REPLACE INTO `npc_vendor` (`entry`, `slot`, `item`, `maxcount`, `incrtime`, `itemflags`, `condition_id`) VALUES (61820, 5, 21099, 0, 0, 0, 0);
REPLACE INTO `npc_vendor` (`entry`, `slot`, `item`, `maxcount`, `incrtime`, `itemflags`, `condition_id`) VALUES (61820, 6, 21219, 0, 0, 0, 0);
-- Vendor list: Edrion Ironstrike.
REPLACE INTO `npc_vendor` (`entry`, `slot`, `item`, `maxcount`, `incrtime`, `itemflags`, `condition_id`) VALUES (61814, 1, 2488, 0, 0, 0, 0);
REPLACE INTO `npc_vendor` (`entry`, `slot`, `item`, `maxcount`, `incrtime`, `itemflags`, `condition_id`) VALUES (61814, 2, 2489, 0, 0, 0, 0);
REPLACE INTO `npc_vendor` (`entry`, `slot`, `item`, `maxcount`, `incrtime`, `itemflags`, `condition_id`) VALUES (61814, 3, 2490, 0, 0, 0, 0);
REPLACE INTO `npc_vendor` (`entry`, `slot`, `item`, `maxcount`, `incrtime`, `itemflags`, `condition_id`) VALUES (61814, 4, 2491, 0, 0, 0, 0);
REPLACE INTO `npc_vendor` (`entry`, `slot`, `item`, `maxcount`, `incrtime`, `itemflags`, `condition_id`) VALUES (61814, 5, 2492, 0, 0, 0, 0);
REPLACE INTO `npc_vendor` (`entry`, `slot`, `item`, `maxcount`, `incrtime`, `itemflags`, `condition_id`) VALUES (61814, 6, 2493, 0, 0, 0, 0);
REPLACE INTO `npc_vendor` (`entry`, `slot`, `item`, `maxcount`, `incrtime`, `itemflags`, `condition_id`) VALUES (61814, 7, 2494, 0, 0, 0, 0);
REPLACE INTO `npc_vendor` (`entry`, `slot`, `item`, `maxcount`, `incrtime`, `itemflags`, `condition_id`) VALUES (61814, 8, 2495, 0, 0, 0, 0);
-- Vendor list: Elenia Everdawn.
REPLACE INTO `npc_vendor` (`entry`, `slot`, `item`, `maxcount`, `incrtime`, `itemflags`, `condition_id`) VALUES (61813, 7, 2320, 0, 0, 0, 0);
REPLACE INTO `npc_vendor` (`entry`, `slot`, `item`, `maxcount`, `incrtime`, `itemflags`, `condition_id`) VALUES (61813, 13, 2324, 0, 0, 0, 0);
REPLACE INTO `npc_vendor` (`entry`, `slot`, `item`, `maxcount`, `incrtime`, `itemflags`, `condition_id`) VALUES (61813, 12, 2604, 0, 0, 0, 0);
REPLACE INTO `npc_vendor` (`entry`, `slot`, `item`, `maxcount`, `incrtime`, `itemflags`, `condition_id`) VALUES (61813, 6, 2678, 0, 0, 0, 0);
REPLACE INTO `npc_vendor` (`entry`, `slot`, `item`, `maxcount`, `incrtime`, `itemflags`, `condition_id`) VALUES (61813, 8, 2880, 0, 0, 0, 0);
REPLACE INTO `npc_vendor` (`entry`, `slot`, `item`, `maxcount`, `incrtime`, `itemflags`, `condition_id`) VALUES (61813, 2, 2901, 0, 0, 0, 0);
REPLACE INTO `npc_vendor` (`entry`, `slot`, `item`, `maxcount`, `incrtime`, `itemflags`, `condition_id`) VALUES (61813, 9, 3371, 0, 0, 0, 0);
REPLACE INTO `npc_vendor` (`entry`, `slot`, `item`, `maxcount`, `incrtime`, `itemflags`, `condition_id`) VALUES (61813, 10, 4289, 0, 0, 0, 0);
REPLACE INTO `npc_vendor` (`entry`, `slot`, `item`, `maxcount`, `incrtime`, `itemflags`, `condition_id`) VALUES (61813, 3, 5956, 0, 0, 0, 0);
REPLACE INTO `npc_vendor` (`entry`, `slot`, `item`, `maxcount`, `incrtime`, `itemflags`, `condition_id`) VALUES (61813, 0, 6183, 0, 0, 0, 0);
REPLACE INTO `npc_vendor` (`entry`, `slot`, `item`, `maxcount`, `incrtime`, `itemflags`, `condition_id`) VALUES (61813, 5, 6217, 0, 0, 0, 0);
REPLACE INTO `npc_vendor` (`entry`, `slot`, `item`, `maxcount`, `incrtime`, `itemflags`, `condition_id`) VALUES (61813, 4, 6256, 0, 0, 0, 0);
REPLACE INTO `npc_vendor` (`entry`, `slot`, `item`, `maxcount`, `incrtime`, `itemflags`, `condition_id`) VALUES (61813, 14, 6260, 0, 0, 0, 0);
REPLACE INTO `npc_vendor` (`entry`, `slot`, `item`, `maxcount`, `incrtime`, `itemflags`, `condition_id`) VALUES (61813, 42, 6270, 1, 7200, 0, 0);
REPLACE INTO `npc_vendor` (`entry`, `slot`, `item`, `maxcount`, `incrtime`, `itemflags`, `condition_id`) VALUES (61813, 15, 6325, 0, 0, 0, 0);
REPLACE INTO `npc_vendor` (`entry`, `slot`, `item`, `maxcount`, `incrtime`, `itemflags`, `condition_id`) VALUES (61813, 16, 6328, 0, 0, 0, 0);
REPLACE INTO `npc_vendor` (`entry`, `slot`, `item`, `maxcount`, `incrtime`, `itemflags`, `condition_id`) VALUES (61813, 11, 6529, 0, 0, 0, 0);
REPLACE INTO `npc_vendor` (`entry`, `slot`, `item`, `maxcount`, `incrtime`, `itemflags`, `condition_id`) VALUES (61813, 1, 7005, 0, 0, 0, 0);
-- Vendor list: Celia Daywing.
REPLACE INTO `npc_vendor` (`entry`, `slot`, `item`, `maxcount`, `incrtime`, `itemflags`, `condition_id`) VALUES (61812, 2, 159, 0, 0, 0, 0);
REPLACE INTO `npc_vendor` (`entry`, `slot`, `item`, `maxcount`, `incrtime`, `itemflags`, `condition_id`) VALUES (61812, 4, 2512, 0, 0, 0, 0);
REPLACE INTO `npc_vendor` (`entry`, `slot`, `item`, `maxcount`, `incrtime`, `itemflags`, `condition_id`) VALUES (61812, 5, 2516, 0, 0, 0, 0);
REPLACE INTO `npc_vendor` (`entry`, `slot`, `item`, `maxcount`, `incrtime`, `itemflags`, `condition_id`) VALUES (61812, 8, 2946, 0, 0, 0, 0);
REPLACE INTO `npc_vendor` (`entry`, `slot`, `item`, `maxcount`, `incrtime`, `itemflags`, `condition_id`) VALUES (61812, 6, 2947, 0, 0, 0, 0);
REPLACE INTO `npc_vendor` (`entry`, `slot`, `item`, `maxcount`, `incrtime`, `itemflags`, `condition_id`) VALUES (61812, 7, 3111, 0, 0, 0, 0);
REPLACE INTO `npc_vendor` (`entry`, `slot`, `item`, `maxcount`, `incrtime`, `itemflags`, `condition_id`) VALUES (61812, 9, 3131, 0, 0, 0, 0);
REPLACE INTO `npc_vendor` (`entry`, `slot`, `item`, `maxcount`, `incrtime`, `itemflags`, `condition_id`) VALUES (61812, 10, 4470, 0, 0, 0, 0);
REPLACE INTO `npc_vendor` (`entry`, `slot`, `item`, `maxcount`, `incrtime`, `itemflags`, `condition_id`) VALUES (61812, 11, 4471, 0, 0, 0, 0);
REPLACE INTO `npc_vendor` (`entry`, `slot`, `item`, `maxcount`, `incrtime`, `itemflags`, `condition_id`) VALUES (61812, 1, 4496, 0, 0, 0, 0);
REPLACE INTO `npc_vendor` (`entry`, `slot`, `item`, `maxcount`, `incrtime`, `itemflags`, `condition_id`) VALUES (61812, 3, 4498, 0, 0, 0, 0);
REPLACE INTO `npc_vendor` (`entry`, `slot`, `item`, `maxcount`, `incrtime`, `itemflags`, `condition_id`) VALUES (61812, 12, 5042, 0, 0, 0, 0);
REPLACE INTO `npc_vendor` (`entry`, `slot`, `item`, `maxcount`, `incrtime`, `itemflags`, `condition_id`) VALUES (61812, 0, 6183, 0, 0, 0, 0);
-- Vendor list: Amara Highbreeze.
REPLACE INTO `npc_vendor` (`entry`, `slot`, `item`, `maxcount`, `incrtime`, `itemflags`, `condition_id`) VALUES (61808, 9, 159, 0, 0, 0, 0);
REPLACE INTO `npc_vendor` (`entry`, `slot`, `item`, `maxcount`, `incrtime`, `itemflags`, `condition_id`) VALUES (61808, 10, 1179, 0, 0, 0, 0);
REPLACE INTO `npc_vendor` (`entry`, `slot`, `item`, `maxcount`, `incrtime`, `itemflags`, `condition_id`) VALUES (61808, 11, 1205, 0, 0, 0, 0);
REPLACE INTO `npc_vendor` (`entry`, `slot`, `item`, `maxcount`, `incrtime`, `itemflags`, `condition_id`) VALUES (61808, 13, 1645, 0, 0, 0, 0);
REPLACE INTO `npc_vendor` (`entry`, `slot`, `item`, `maxcount`, `incrtime`, `itemflags`, `condition_id`) VALUES (61808, 12, 1708, 0, 0, 0, 0);
REPLACE INTO `npc_vendor` (`entry`, `slot`, `item`, `maxcount`, `incrtime`, `itemflags`, `condition_id`) VALUES (61808, 14, 8766, 0, 0, 0, 0);
REPLACE INTO `npc_vendor` (`entry`, `slot`, `item`, `maxcount`, `incrtime`, `itemflags`, `condition_id`) VALUES (61808, 1, 16166, 0, 0, 0, 0);
REPLACE INTO `npc_vendor` (`entry`, `slot`, `item`, `maxcount`, `incrtime`, `itemflags`, `condition_id`) VALUES (61808, 2, 16167, 0, 0, 0, 0);
REPLACE INTO `npc_vendor` (`entry`, `slot`, `item`, `maxcount`, `incrtime`, `itemflags`, `condition_id`) VALUES (61808, 5, 16168, 0, 0, 0, 0);
REPLACE INTO `npc_vendor` (`entry`, `slot`, `item`, `maxcount`, `incrtime`, `itemflags`, `condition_id`) VALUES (61808, 4, 16169, 0, 0, 0, 0);
REPLACE INTO `npc_vendor` (`entry`, `slot`, `item`, `maxcount`, `incrtime`, `itemflags`, `condition_id`) VALUES (61808, 3, 16170, 0, 0, 0, 0);
REPLACE INTO `npc_vendor` (`entry`, `slot`, `item`, `maxcount`, `incrtime`, `itemflags`, `condition_id`) VALUES (61808, 6, 21030, 0, 0, 0, 0);
REPLACE INTO `npc_vendor` (`entry`, `slot`, `item`, `maxcount`, `incrtime`, `itemflags`, `condition_id`) VALUES (61808, 8, 21031, 0, 0, 0, 0);
REPLACE INTO `npc_vendor` (`entry`, `slot`, `item`, `maxcount`, `incrtime`, `itemflags`, `condition_id`) VALUES (61808, 7, 21033, 0, 0, 0, 0);
-- Trainer: Magister Sylvus Silkspinner.
REPLACE INTO `npc_trainer` (`entry`, `spell`, `spellcost`, `reqskill`, `reqskillvalue`, `reqlevel`) VALUES (61822, 7414, 10, 0, 0, 5);
REPLACE INTO `npc_trainer` (`entry`, `spell`, `spellcost`, `reqskill`, `reqskillvalue`, `reqlevel`) VALUES (61822, 14805, 50, 333, 10, 0);
REPLACE INTO `npc_trainer` (`entry`, `spell`, `spellcost`, `reqskill`, `reqskillvalue`, `reqlevel`) VALUES (61822, 7422, 50, 333, 15, 0);
REPLACE INTO `npc_trainer` (`entry`, `spell`, `spellcost`, `reqskill`, `reqskillvalue`, `reqlevel`) VALUES (61822, 7429, 100, 333, 20, 0);
REPLACE INTO `npc_trainer` (`entry`, `spell`, `spellcost`, `reqskill`, `reqskillvalue`, `reqlevel`) VALUES (61822, 13373, 100, 333, 40, 0);
REPLACE INTO `npc_trainer` (`entry`, `spell`, `spellcost`, `reqskill`, `reqskillvalue`, `reqlevel`) VALUES (61822, 7441, 100, 333, 45, 0);
REPLACE INTO `npc_trainer` (`entry`, `spell`, `spellcost`, `reqskill`, `reqskillvalue`, `reqlevel`) VALUES (61822, 7415, 500, 333, 50, 10);
REPLACE INTO `npc_trainer` (`entry`, `spell`, `spellcost`, `reqskill`, `reqskillvalue`, `reqlevel`) VALUES (61822, 7459, 250, 333, 50, 0);
REPLACE INTO `npc_trainer` (`entry`, `spell`, `spellcost`, `reqskill`, `reqskillvalue`, `reqlevel`) VALUES (61822, 7749, 250, 333, 60, 0);
REPLACE INTO `npc_trainer` (`entry`, `spell`, `spellcost`, `reqskill`, `reqskillvalue`, `reqlevel`) VALUES (61822, 7461, 200, 333, 70, 0);
REPLACE INTO `npc_trainer` (`entry`, `spell`, `spellcost`, `reqskill`, `reqskillvalue`, `reqlevel`) VALUES (61822, 14808, 200, 333, 70, 0);
-- Serverside enable the following display ids:
REPLACE INTO `creature_display_info_addon` (`display_id`, `bounding_radius`, `combat_reach`, `gender`, `display_id_other_gender`) VALUES
(20533, 0, 0, 0, 0),
(20534, 0, 0, 0, 0),
(20525, 0, 0, 0, 0),
(20526, 0, 0, 0, 0),
(20527, 0, 0, 0, 0),
(20529, 0, 0, 0, 0),
(20530, 0, 0, 0, 0),
(20531, 0, 0, 0, 0),
(20535, 0, 0, 0, 0),
(20536, 0, 0, 0, 0),
(20508, 0, 0, 0, 0),
(20505, 0, 0, 0, 0),
(20546, 0, 0, 0, 0),
(20547, 0, 0, 0, 0),
(20548, 0, 0, 0, 0),
(20549, 0, 0, 0, 0),
(20550, 0, 0, 0, 0),
(20551, 0, 0, 0, 0),
(20552, 0, 0, 0, 0),
(20553, 0, 0, 0, 0),
(20554, 0, 0, 0, 0),
(20555, 0, 0, 0, 0),
(20556, 0, 0, 0, 0),
(20557, 0, 0, 0, 0),
(20558, 0, 0, 0, 0),
(20559, 0, 0, 0, 0),
(20560, 0, 0, 0, 0),
(20561, 0, 0, 0, 0),
(20562, 0, 0, 0, 0),
(20563, 0, 0, 0, 0),
(20564, 0, 0, 0, 0),
(20565, 0, 0, 0, 0),
(20566, 0, 0, 0, 0),
(20567, 0, 0, 0, 0),
(20568, 0, 0, 0, 0),
(20569, 0, 0, 0, 0),
(20570, 0, 0, 0, 0),
(20571, 0, 0, 0, 0),
(20572, 0, 0, 0, 0),
(20573, 0, 0, 0, 0),
(20574, 0, 0, 0, 0),
(20575, 0, 0, 0, 0),
(20576, 0, 0, 0, 0),
(20577, 0, 0, 0, 0),
(20578, 0, 0, 0, 0),
(20579, 0, 0, 0, 0),
(20580, 0, 0, 0, 0),
(20581, 0, 0, 0, 0),
(20582, 0, 0, 0, 0),
(20583, 0, 0, 0, 0);
-- Delete item 15754 from item 5759 loot table please!
delete from reference_loot_template where item = 15754 and entry = 2072;
-- Remove all spells from npc 61704, he shouldnt be casting anything.
update creature_template set spell_list_id = 0 where entry = 61704;
-- Add spell 205 every 2 seconds to npc 61705.
update creature_template set spell_list_id = 180245 where entry = 61705;