-- name = 'Sirandil Swiftsilver', subname = 'Druid of the Claw', level = 50, display_id1 =6230, equipment_id =; Repair NPC&Vendor. Copy vendor menu from https://database.turtle-wow.org/?npc=3367
-- name = 'Ravos Ragepaw', subname = 'Druid of the Talon', level = 50, display_id1 = 2686, equipment_id =;
-- name = 'Delas Dreamwalker', subname = 'Druid of the Wild', level = 50, display_id1 = 13443, equipment_id =; Has the following gossip: “Ishnu-alah, dreamer, and welcome to our concealed enclave. May it provide some respite from the long journey ahead into the Emerald Nightmare.”
-- name = 'Ancient Protector', subname = 'The Emerald Dream', level = 50, display_id1 = 2429, equipment_id; 
-- name = 'Emerald Grovekeeper', subname = 'The Emerald Dream', level = 50, display_id1 = 2423, has gossip: “The Emerald Dream is within our reach, dreamer.”/Copy vendor menu from: https://database.turtle-wow.org/?npc=60705 additionally add this to the table - https://database.turtle-wow.org/?item=21721
-- name = 'Zephyra', subname = 'The Emerald Dream', level = 50, display_id1 = 6757, flight NPC, copy script from the Gryphon in Goldshire
REPLACE INTO creature_template VALUES
(61191, 6230, 0, 0, 0, 0, 'Sirandil Swiftsilver', 'Druid of the Claw', 0, 50, 50, 2990, 2990, 0, 0, 2958, 290, 16388, 1, 1.14286, 0, 20, 5, 40, 0, 1, 96, 125, 0, 248, 1, 2000, 2000, 1, 0, 0, 0, 0, 0, 0, 0, 70.664, 97.163, 100, 7, 0, 0, 0, 0, 0, 0, 0, 0, 0, 0, 0, 0, 0, 0, 0, 0, 0, NULL, 0, 0, 'EventAI', 0, 3, 0, 0, 3, 0, 0, 0, 0, 0, 0, 0, ''),
(61192, 2686, 0, 0, 0, 0, 'Ravos Ragepaw', 'Druid of the Talon', 0, 50, 50, 2990, 2990, 0, 0, 2958, 290, 0, 1, 1.14286, 0, 20, 5, 40, 0, 1, 96, 125, 0, 248, 1, 2000, 2000, 1, 0, 0, 0, 0, 0, 0, 0, 70.664, 97.163, 100, 7, 0, 0, 0, 0, 0, 0, 0, 0, 0, 0, 0, 0, 0, 0, 0, 0, 0, NULL, 0, 0, 'EventAI', 0, 3, 0, 0, 3, 0, 0, 0, 0, 0, 0, 0, ''),
(61193, 13443, 0, 0, 0, 0, 'Delas Dreamwalker', 'Druid of the Wild', 0, 50, 50, 2990, 2990, 0, 0, 2958, 290, 1, 1, 1.14286, 0, 20, 5, 40, 0, 1, 96, 125, 0, 248, 1, 2000, 2000, 1, 0, 0, 0, 0, 0, 0, 0, 70.664, 97.163, 100, 7, 0, 0, 0, 0, 0, 0, 0, 0, 0, 0, 0, 0, 0, 0, 0, 0, 0, NULL, 0, 0, 'EventAI', 0, 3, 0, 0, 3, 0, 0, 0, 0, 0, 0, 0, ''),
(61194, 2429, 0, 0, 0, 0, 'Ancient Protector', 'The Emerald Dream', 0, 50, 50, 2990, 2990, 0, 0, 2958, 290, 0, 1, 1.14286, 0, 20, 5, 40, 0, 1, 96, 125, 0, 248, 1, 2000, 2000, 1, 0, 0, 0, 0, 0, 0, 0, 70.664, 97.163, 100, 7, 0, 0, 0, 0, 0, 0, 0, 0, 0, 0, 0, 0, 0, 0, 0, 0, 0, NULL, 0, 0, 'EventAI', 0, 3, 0, 0, 3, 0, 0, 0, 0, 0, 0, 0, ''),
(61195, 2423, 0, 0, 0, 0, 'Emerald Grovekeeper', 'The Emerald Dream', 0, 50, 50, 2990, 2990, 0, 0, 2958, 290, 5, 1, 1.14286, 0, 20, 5, 40, 0, 1, 96, 125, 0, 248, 1, 2000, 2000, 1, 0, 0, 0, 0, 0, 0, 0, 70.664, 97.163, 100, 7, 0, 0, 0, 0, 0, 0, 0, 0, 0, 0, 0, 0, 0, 0, 0, 0, 0, NULL, 0, 0, 'EventAI', 0, 3, 0, 0, 3, 0, 0, 0, 0, 0, 0, 0, ''),
(61196, 6757, 0, 0, 0, 0, 'Zephyra', 'The Emerald Dream', 0, 50, 50, 2990, 2990, 0, 0, 2958, 290, 0, 1, 1.14286, 0, 20, 5, 40, 0, 1, 96, 125, 0, 248, 1, 2000, 2000, 1, 0, 0, 0, 0, 0, 0, 0, 70.664, 97.163, 100, 7, 0, 0, 0, 0, 0, 0, 0, 0, 0, 0, 0, 0, 0, 0, 0, 0, 0, NULL, 0, 0, 'EventAI', 0, 3, 0, 0, 3, 0, 0, 0, 0, 0, 0, 0, '');

set @gossip_menu_id = 41351; set @magic_number = 61195;
replace into gossip_menu (entry, text_id, condition_id) VALUES (@gossip_menu_id, @magic_number, '0'); 
replace into broadcast_text (entry, Male_Text) values (@magic_number, 'The Emerald Dream is within our reach, dreamer.');
replace into npc_text (ID, BroadcastTextID0) values (@magic_number, @magic_number);
update creature_template set gossip_menu_id = @gossip_menu_id where entry = @magic_number;

set @gossip_menu_id = 41350; set @magic_number = 61193;
replace into gossip_menu (entry, text_id, condition_id) VALUES (@gossip_menu_id, @magic_number, '0'); 
replace into broadcast_text (entry, Male_Text) values (@magic_number, 'Ishnu-alah, dreamer, and welcome to our concealed enclave. May it provide some respite from the long journey ahead into the Emerald Nightmare.');
replace into npc_text (ID, BroadcastTextID0) values (@magic_number, @magic_number);
update creature_template set gossip_menu_id = @gossip_menu_id where entry = @magic_number;
-- Emerald Grovekeeper vendor list.
REPLACE INTO `npc_vendor` (`entry`, `item`, `maxcount`, `incrtime`, `itemflags`, `condition_id`) VALUES (61195, 21721, 0, 0, 0, 0);
REPLACE INTO `npc_vendor` (`entry`, `item`, `maxcount`, `incrtime`, `itemflags`, `condition_id`) VALUES (61195, 159, 0, 0, 0, 0);
REPLACE INTO `npc_vendor` (`entry`, `item`, `maxcount`, `incrtime`, `itemflags`, `condition_id`) VALUES (61195, 1179, 0, 0, 0, 0);
REPLACE INTO `npc_vendor` (`entry`, `item`, `maxcount`, `incrtime`, `itemflags`, `condition_id`) VALUES (61195, 1205, 0, 0, 0, 0);
REPLACE INTO `npc_vendor` (`entry`, `item`, `maxcount`, `incrtime`, `itemflags`, `condition_id`) VALUES (61195, 1645, 0, 0, 0, 0);
REPLACE INTO `npc_vendor` (`entry`, `item`, `maxcount`, `incrtime`, `itemflags`, `condition_id`) VALUES (61195, 1708, 0, 0, 0, 0);
REPLACE INTO `npc_vendor` (`entry`, `item`, `maxcount`, `incrtime`, `itemflags`, `condition_id`) VALUES (61195, 2593, 0, 0, 0, 0);
REPLACE INTO `npc_vendor` (`entry`, `item`, `maxcount`, `incrtime`, `itemflags`, `condition_id`) VALUES (61195, 2594, 0, 0, 0, 0);
REPLACE INTO `npc_vendor` (`entry`, `item`, `maxcount`, `incrtime`, `itemflags`, `condition_id`) VALUES (61195, 2595, 0, 0, 0, 0);
REPLACE INTO `npc_vendor` (`entry`, `item`, `maxcount`, `incrtime`, `itemflags`, `condition_id`) VALUES (61195, 2596, 0, 0, 0, 0);
REPLACE INTO `npc_vendor` (`entry`, `item`, `maxcount`, `incrtime`, `itemflags`, `condition_id`) VALUES (61195, 2723, 0, 0, 0, 0);
REPLACE INTO `npc_vendor` (`entry`, `item`, `maxcount`, `incrtime`, `itemflags`, `condition_id`) VALUES (61195, 4600, 0, 0, 0, 0);
REPLACE INTO `npc_vendor` (`entry`, `item`, `maxcount`, `incrtime`, `itemflags`, `condition_id`) VALUES (61195, 8766, 0, 0, 0, 0);
-- Sirandil Swiftsilver vendor list.
REPLACE INTO `npc_vendor` (`entry`, `item`, `maxcount`, `incrtime`, `itemflags`, `condition_id`) VALUES (61191, 2320, 0, 0, 0, 0);
REPLACE INTO `npc_vendor` (`entry`, `item`, `maxcount`, `incrtime`, `itemflags`, `condition_id`) VALUES (61191,  2321, 0, 0, 0, 0);
REPLACE INTO `npc_vendor` (`entry`, `item`, `maxcount`, `incrtime`, `itemflags`, `condition_id`) VALUES (61191,  2324, 0, 0, 0, 0);
REPLACE INTO `npc_vendor` (`entry`, `item`, `maxcount`, `incrtime`, `itemflags`, `condition_id`) VALUES (61191,  2325, 0, 0, 0, 0);
REPLACE INTO `npc_vendor` (`entry`, `item`, `maxcount`, `incrtime`, `itemflags`, `condition_id`) VALUES (61191,  2604, 0, 0, 0, 0);
REPLACE INTO `npc_vendor` (`entry`, `item`, `maxcount`, `incrtime`, `itemflags`, `condition_id`) VALUES (61191,  2605, 0, 0, 0, 0);
REPLACE INTO `npc_vendor` (`entry`, `item`, `maxcount`, `incrtime`, `itemflags`, `condition_id`) VALUES (61191, 2678, 0, 0, 0, 0);
REPLACE INTO `npc_vendor` (`entry`, `item`, `maxcount`, `incrtime`, `itemflags`, `condition_id`) VALUES (61191,  2692, 0, 0, 0, 0);
REPLACE INTO `npc_vendor` (`entry`, `item`, `maxcount`, `incrtime`, `itemflags`, `condition_id`) VALUES (61191, 2880, 0, 0, 0, 0);
REPLACE INTO `npc_vendor` (`entry`, `item`, `maxcount`, `incrtime`, `itemflags`, `condition_id`) VALUES (61191, 2901, 0, 0, 0, 0);
REPLACE INTO `npc_vendor` (`entry`, `item`, `maxcount`, `incrtime`, `itemflags`, `condition_id`) VALUES (61191,  2928, 0, 0, 0, 0);
REPLACE INTO `npc_vendor` (`entry`, `item`, `maxcount`, `incrtime`, `itemflags`, `condition_id`) VALUES (61191, 3371, 0, 0, 0, 0);
REPLACE INTO `npc_vendor` (`entry`, `item`, `maxcount`, `incrtime`, `itemflags`, `condition_id`) VALUES (61191,  3372, 0, 0, 0, 0);
REPLACE INTO `npc_vendor` (`entry`, `item`, `maxcount`, `incrtime`, `itemflags`, `condition_id`) VALUES (61191,  3466, 0, 0, 0, 0);
REPLACE INTO `npc_vendor` (`entry`, `item`, `maxcount`, `incrtime`, `itemflags`, `condition_id`) VALUES (61191,  3713, 0, 0, 0, 0);
REPLACE INTO `npc_vendor` (`entry`, `item`, `maxcount`, `incrtime`, `itemflags`, `condition_id`) VALUES (61191, 3777, 0, 0, 0, 0);
REPLACE INTO `npc_vendor` (`entry`, `item`, `maxcount`, `incrtime`, `itemflags`, `condition_id`) VALUES (61191,  3857, 0, 0, 0, 0);
REPLACE INTO `npc_vendor` (`entry`, `item`, `maxcount`, `incrtime`, `itemflags`, `condition_id`) VALUES (61191,  4289, 0, 0, 0, 0);
REPLACE INTO `npc_vendor` (`entry`, `item`, `maxcount`, `incrtime`, `itemflags`, `condition_id`) VALUES (61191,  4291, 0, 0, 0, 0);
REPLACE INTO `npc_vendor` (`entry`, `item`, `maxcount`, `incrtime`, `itemflags`, `condition_id`) VALUES (61191,  4340, 0, 0, 0, 0);
REPLACE INTO `npc_vendor` (`entry`, `item`, `maxcount`, `incrtime`, `itemflags`, `condition_id`) VALUES (61191,  4341, 0, 0, 0, 0);
REPLACE INTO `npc_vendor` (`entry`, `item`, `maxcount`, `incrtime`, `itemflags`, `condition_id`) VALUES (61191,  4342, 0, 0, 0, 0);
REPLACE INTO `npc_vendor` (`entry`, `item`, `maxcount`, `incrtime`, `itemflags`, `condition_id`) VALUES (61191,  4399, 0, 0, 0, 0);
REPLACE INTO `npc_vendor` (`entry`, `item`, `maxcount`, `incrtime`, `itemflags`, `condition_id`) VALUES (61191,  4400, 0, 0, 0, 0);
REPLACE INTO `npc_vendor` (`entry`, `item`, `maxcount`, `incrtime`, `itemflags`, `condition_id`) VALUES (61191, 5956, 0, 0, 0, 0);
REPLACE INTO `npc_vendor` (`entry`, `item`, `maxcount`, `incrtime`, `itemflags`, `condition_id`) VALUES (61191, 6183, 0, 0, 0, 0);
REPLACE INTO `npc_vendor` (`entry`, `item`, `maxcount`, `incrtime`, `itemflags`, `condition_id`) VALUES (61191, 6217, 0, 0, 0, 0);
REPLACE INTO `npc_vendor` (`entry`, `item`, `maxcount`, `incrtime`, `itemflags`, `condition_id`) VALUES (61191, 6256, 0, 0, 0, 0);
REPLACE INTO `npc_vendor` (`entry`, `item`, `maxcount`, `incrtime`, `itemflags`, `condition_id`) VALUES (61191,  6260, 0, 0, 0, 0);
REPLACE INTO `npc_vendor` (`entry`, `item`, `maxcount`, `incrtime`, `itemflags`, `condition_id`) VALUES (61191,  6529, 0, 0, 0, 0);
REPLACE INTO `npc_vendor` (`entry`, `item`, `maxcount`, `incrtime`, `itemflags`, `condition_id`) VALUES (61191,  6530, 0, 0, 0, 0);
REPLACE INTO `npc_vendor` (`entry`, `item`, `maxcount`, `incrtime`, `itemflags`, `condition_id`) VALUES (61191,  6532, 0, 0, 0, 0);
REPLACE INTO `npc_vendor` (`entry`, `item`, `maxcount`, `incrtime`, `itemflags`, `condition_id`) VALUES (61191, 7005, 0, 0, 0, 0);
REPLACE INTO `npc_vendor` (`entry`, `item`, `maxcount`, `incrtime`, `itemflags`, `condition_id`) VALUES (61191,  8343, 0, 0, 0, 0);
REPLACE INTO `npc_vendor` (`entry`, `item`, `maxcount`, `incrtime`, `itemflags`, `condition_id`) VALUES (61191,  8925, 0, 0, 0, 0);
REPLACE INTO `npc_vendor` (`entry`, `item`, `maxcount`, `incrtime`, `itemflags`, `condition_id`) VALUES (61191, 14341, 0, 0, 0, 0);
REPLACE INTO `npc_vendor` (`entry`, `item`, `maxcount`, `incrtime`, `itemflags`, `condition_id`) VALUES (61191, 18256, 0, 0, 0, 0);
REPLACE INTO `npc_vendor` (`entry`, `item`, `maxcount`, `incrtime`, `itemflags`, `condition_id`) VALUES (61191, 50231, 0, 0, 0, 0);
-- Greeting edit for https://database.turtle-wow.org/?npc=80200: Thank the Sunwell you made it here in one piece, $N. We have much to do.
set @gossip_menu_id = 41352; set @magic_number = 80200;
replace into gossip_menu (entry, text_id, condition_id) VALUES (@gossip_menu_id, @magic_number, '0'); 
replace into broadcast_text (entry, Male_Text) values (@magic_number, 'Thank the Sunwell you made it here in one piece, $N. We have much to do.');
replace into npc_text (ID, BroadcastTextID0) values (@magic_number, @magic_number);
update creature_template set gossip_menu_id = @gossip_menu_id where entry = @magic_number;