
-- Changes by WOJI
REPLACE INTO `creature` VALUES (2581574,61805,0,0,0,0,4303.09,-3041.84,22.9239,3.8959,120,120,0,100,100,0,0,0);
UPDATE `creature` SET `position_x` = 4297.882812, `position_y` = -3044.313721, `position_z` = 22.923901, `orientation` = 0.683621 WHERE `guid` = 2581574;
UPDATE `creature` SET `position_x` = 4300.506836, `position_y` = -3046.633545, `position_z` = 22.923901, `orientation` = 1.080247 WHERE `guid` = 2581572;
UPDATE `creature` SET `position_x` = 4302.142578, `position_y` = -3047.233887, `position_z` = 22.923901, `orientation` = 1.264816 WHERE `guid` = 2563293;
UPDATE `creature` SET `position_x` = 4296.511719, `position_y` = -3041.695068, `position_z` = 22.923901, `orientation` = 0.239870 WHERE `guid` = 2581573;
REPLACE INTO `creature` VALUES (2581575,61804,0,0,0,0,4303.24,-3045.81,22.9239,3.80951,120,120,0,100,100,0,0,0);
UPDATE `creature` SET `position_x` = 4296.433594, `position_y` = -3040.319824, `position_z` = 22.923901, `orientation` = 0.145614 WHERE `guid` = 2581575;
REPLACE INTO `creature` VALUES (2581576,61801,0,0,0,0,3443.04,-2785.65,93.4381,2.6801,120,120,0,100,100,0,0,0);
UPDATE `creature` SET `position_x` = 3430.025635, `position_y` = -2779.759277, `position_z` = 93.274490, `orientation` = 0.724460 WHERE `guid` = 2581576;
REPLACE INTO `creature` VALUES (2581577,61848,0,0,0,0,3800.89,-2368.79,46.7004,1.13129,120,120,0,100,100,0,0,0);
REPLACE INTO `creature` VALUES (2581578,61848,0,0,0,0,3793.04,-2366.31,46.9148,2.10911,120,120,0,100,100,0,0,0);
REPLACE INTO `creature` VALUES (2581579,61848,0,0,0,0,3761.66,-2384.36,47.3701,5.39207,120,120,0,100,100,0,0,0);
REPLACE INTO `creature` VALUES (2581580,61848,0,0,0,0,3780.96,-2369.92,47.6406,3.11049,120,120,0,100,100,0,0,0);
REPLACE INTO `creature` VALUES (2581581,61848,0,0,0,0,3789.82,-2371.2,46.9897,2.96125,120,120,0,100,100,0,0,0);
REPLACE INTO `creature` VALUES (2581582,61848,0,0,0,0,3796.21,-2384.24,46.7493,3.14583,120,120,0,100,100,0,0,0);
REPLACE INTO `creature` VALUES (2581583,61848,0,0,0,0,3772.7,-2379.8,47.1284,6.27171,120,120,0,100,100,0,0,0);
REPLACE INTO `creature_movement` (`id`, `point`, `position_x`, `position_y`, `position_z`, `orientation`) VALUES (2581583,1, 3776.515137,-2379.884521,47.118244, 100);
REPLACE INTO `creature_movement` (`id`, `point`, `position_x`, `position_y`, `position_z`, `orientation`) VALUES (2581583,2, 3780.918457,-2379.817139,47.095387, 100);
REPLACE INTO `creature_movement` (`id`, `point`, `position_x`, `position_y`, `position_z`, `orientation`) VALUES (2581583,3, 3785.293213,-2379.751221,47.056087, 100);
REPLACE INTO `creature_movement` (`id`, `point`, `position_x`, `position_y`, `position_z`, `orientation`) VALUES (2581583,4, 3791.003418,-2379.653809,46.924271, 100);
REPLACE INTO `creature_movement` (`id`, `point`, `position_x`, `position_y`, `position_z`, `orientation`) VALUES (2581583,5, 3794.793701,-2379.606445,46.783485, 100);
REPLACE INTO `creature_movement` (`id`, `point`, `position_x`, `position_y`, `position_z`, `orientation`) VALUES (2581583,6, 3796.347168,-2379.887695,46.739468, 100);
REPLACE INTO `creature_movement` (`id`, `point`, `position_x`, `position_y`, `position_z`, `orientation`) VALUES (2581583,7, 3799.381104,-2380.439941,46.677494, 100);
REPLACE INTO `creature_movement` (`id`, `point`, `position_x`, `position_y`, `position_z`, `orientation`) VALUES (2581583,8, 3800.199951,-2379.764893,46.662895, 100);
REPLACE INTO `creature_movement` (`id`, `point`, `position_x`, `position_y`, `position_z`, `orientation`) VALUES (2581583,9, 3797.769531,-2380.363525,46.713318, 100);
REPLACE INTO `creature_movement` (`id`, `point`, `position_x`, `position_y`, `position_z`, `orientation`) VALUES (2581583,10, 3792.279785,-2380.816406,46.871586, 100);
REPLACE INTO `creature_movement` (`id`, `point`, `position_x`, `position_y`, `position_z`, `orientation`) VALUES (2581583,11, 3788.127930,-2380.676270,47.011566, 100);
REPLACE INTO `creature_movement` (`id`, `point`, `position_x`, `position_y`, `position_z`, `orientation`) VALUES (2581583,12, 3780.537354,-2380.323486,47.097233, 100);
REPLACE INTO `creature` VALUES (2581583,61848,0,0,0,0,3772.7,-2379.8,47.1284,6.27171,300,300,0,100,100,2,0,0);
REPLACE INTO `creature_movement` (`id`, `point`, `position_x`, `position_y`, `position_z`, `orientation`) VALUES (2581582,1, 3793.445068,-2384.880615,46.850830, 100);
REPLACE INTO `creature_movement` (`id`, `point`, `position_x`, `position_y`, `position_z`, `orientation`) VALUES (2581582,2, 3788.788818,-2385.702148,47.000671, 100);
REPLACE INTO `creature_movement` (`id`, `point`, `position_x`, `position_y`, `position_z`, `orientation`) VALUES (2581582,3, 3784.061523,-2386.553711,47.060478, 100);
REPLACE INTO `creature_movement` (`id`, `point`, `position_x`, `position_y`, `position_z`, `orientation`) VALUES (2581582,4, 3777.991455,-2387.647949,47.108845, 100);
REPLACE INTO `creature_movement` (`id`, `point`, `position_x`, `position_y`, `position_z`, `orientation`) VALUES (2581582,5, 3772.609863,-2388.634766,47.147839, 100);
REPLACE INTO `creature_movement` (`id`, `point`, `position_x`, `position_y`, `position_z`, `orientation`) VALUES (2581582,6, 3770.122314,-2387.341553,47.174496, 100);
REPLACE INTO `creature_movement` (`id`, `point`, `position_x`, `position_y`, `position_z`, `orientation`) VALUES (2581582,7, 3765.088135,-2384.769043,47.194588, 100);
REPLACE INTO `creature_movement` (`id`, `point`, `position_x`, `position_y`, `position_z`, `orientation`) VALUES (2581582,8, 3762.008789,-2383.048096,47.217609, 100);
REPLACE INTO `creature_movement` (`id`, `point`, `position_x`, `position_y`, `position_z`, `orientation`) VALUES (2581582,9, 3758.641357,-2382.767090,47.302696, 100);
REPLACE INTO `creature_movement` (`id`, `point`, `position_x`, `position_y`, `position_z`, `orientation`) VALUES (2581582,10, 3757.793213,-2377.357910,47.226315, 100);
REPLACE INTO `creature_movement` (`id`, `point`, `position_x`, `position_y`, `position_z`, `orientation`) VALUES (2581582,11, 3757.120361,-2372.613525,47.212742, 100);
REPLACE INTO `creature_movement` (`id`, `point`, `position_x`, `position_y`, `position_z`, `orientation`) VALUES (2581582,12, 3756.951904,-2365.648438,47.249313, 100);
REPLACE INTO `creature_movement` (`id`, `point`, `position_x`, `position_y`, `position_z`, `orientation`) VALUES (2581582,13, 3756.849121,-2360.807129,47.350296, 100);
REPLACE INTO `creature_movement` (`id`, `point`, `position_x`, `position_y`, `position_z`, `orientation`) VALUES (2581582,14, 3756.728516,-2365.169678,47.257843, 100);
REPLACE INTO `creature_movement` (`id`, `point`, `position_x`, `position_y`, `position_z`, `orientation`) VALUES (2581582,15, 3756.119629,-2370.913330,47.238953, 100);
REPLACE INTO `creature_movement` (`id`, `point`, `position_x`, `position_y`, `position_z`, `orientation`) VALUES (2581582,16, 3755.800537,-2376.635254,47.262951, 100);
REPLACE INTO `creature_movement` (`id`, `point`, `position_x`, `position_y`, `position_z`, `orientation`) VALUES (2581582,17, 3760.002686,-2379.170166,47.203300, 100);
REPLACE INTO `creature_movement` (`id`, `point`, `position_x`, `position_y`, `position_z`, `orientation`) VALUES (2581582,18, 3764.660400,-2382.395508,47.171749, 100);
REPLACE INTO `creature_movement` (`id`, `point`, `position_x`, `position_y`, `position_z`, `orientation`) VALUES (2581582,19, 3767.974365,-2386.023193,47.175087, 100);
REPLACE INTO `creature_movement` (`id`, `point`, `position_x`, `position_y`, `position_z`, `orientation`) VALUES (2581582,20, 3772.170654,-2386.212891,47.144951, 100);
REPLACE INTO `creature_movement` (`id`, `point`, `position_x`, `position_y`, `position_z`, `orientation`) VALUES (2581582,21, 3779.857178,-2385.918457,47.096512, 100);
REPLACE INTO `creature_movement` (`id`, `point`, `position_x`, `position_y`, `position_z`, `orientation`) VALUES (2581582,22, 3785.403809,-2385.354492,47.046383, 100);
REPLACE INTO `creature_movement` (`id`, `point`, `position_x`, `position_y`, `position_z`, `orientation`) VALUES (2581582,23, 3790.949951,-2384.781006,46.938133, 100);
REPLACE INTO `creature` VALUES (2581582,61848,0,0,0,0,3796.21,-2384.24,46.7493,3.14583,300,300,0,100,100,2,0,0);
REPLACE INTO `creature_addon` (`guid`, `emote_state`) VALUES (2581577, 37);
REPLACE INTO `creature_addon` (`guid`, `emote_state`) VALUES (2581578, 37);
REPLACE INTO `creature_addon` (`guid`, `emote_state`) VALUES (2581581, 37);
REPLACE INTO `creature_addon` (`guid`, `emote_state`) VALUES (2581581, 398);
UPDATE `creature` SET `position_x` = 3790.825195, `position_y` = -2371.028564, `position_z` = 46.965046, `orientation` = 3.028008 WHERE `guid` = 2581581;
REPLACE INTO `creature_addon` (`guid`, `emote_state`) VALUES (2581579, 69);
REPLACE INTO `creature` VALUES (2581584,883,0,0,0,0,3793.64,-2373.17,46.8853,6.09499,120,120,5,100,100,1,0,0);
DELETE FROM creature WHERE guid=2581584;
DELETE FROM creature_addon WHERE guid=2581584;
DELETE FROM creature_movement WHERE id=2581584;
DELETE FROM game_event_creature WHERE guid=2581584;
DELETE FROM game_event_creature_data WHERE guid=2581584;
DELETE FROM creature_battleground WHERE guid=2581584;
REPLACE INTO `creature` VALUES (2581585,61848,0,0,0,0,3793.64,-2373.17,46.8853,6.13033,120,120,0,100,100,0,0,0);
REPLACE INTO `creature` VALUES (2581586,61848,0,0,0,0,3796.11,-2374.08,46.7961,2.85914,120,120,0,100,100,0,0,0);
REPLACE INTO `creature_addon` (`guid`, `emote_state`) VALUES (2581585, 45);
REPLACE INTO `creature_addon` (`guid`, `emote_state`) VALUES (2581586, 54);
REPLACE INTO `creature_addon` (`guid`, `emote_state`) VALUES (2581586, 36);
REPLACE INTO `creature_addon` (`guid`, `emote_state`) VALUES (2581586, 54);
REPLACE INTO `creature_addon` (`guid`, `emote_state`) VALUES (2581586, 45);
REPLACE INTO `creature` VALUES (2581587,61849,0,0,0,0,3761.91,-2365.86,47.6205,5.96696,120,120,0,100,100,0,0,0);
REPLACE INTO `creature` VALUES (2581588,61801,0,0,0,0,3775.92,-2374.08,53.6336,4.67891,120,120,0,100,100,0,0,0);
DELETE FROM creature WHERE guid=2581588;
DELETE FROM creature_addon WHERE guid=2581588;
DELETE FROM creature_movement WHERE id=2581588;
DELETE FROM game_event_creature WHERE guid=2581588;
DELETE FROM game_event_creature_data WHERE guid=2581588;
DELETE FROM creature_battleground WHERE guid=2581588;
REPLACE INTO `creature` VALUES (2581589,61848,0,0,0,0,3775.92,-2374.08,53.6336,4.67891,120,120,0,100,100,0,0,0);
REPLACE INTO `creature` VALUES (2581590,61848,0,0,0,0,3766.58,-2378.74,53.6199,4.60429,120,120,0,100,100,0,0,0);
REPLACE INTO `creature` VALUES (2581591,61848,0,0,0,0,3760.71,-2372.42,53.6562,3.14345,120,120,0,100,100,0,0,0);
REPLACE INTO `creature` VALUES (2581592,61848,0,0,0,0,3762.03,-2368.08,53.7206,0.041126,120,120,0,100,100,0,0,0);
REPLACE INTO `creature_movement` (`id`, `point`, `position_x`, `position_y`, `position_z`, `orientation`) VALUES (2581592,1, 3764.214355,-2368.125732,53.720848, 100);
REPLACE INTO `creature_movement` (`id`, `point`, `position_x`, `position_y`, `position_z`, `orientation`) VALUES (2581592,2, 3766.292969,-2368.162598,53.721485, 100);
REPLACE INTO `creature_movement` (`id`, `point`, `position_x`, `position_y`, `position_z`, `orientation`) VALUES (2581592,3, 3768.476562,-2368.201416,53.722149, 100);
REPLACE INTO `creature_movement` (`id`, `point`, `position_x`, `position_y`, `position_z`, `orientation`) VALUES (2581592,4, 3768.476562,-2368.201416,53.722149, 100);
REPLACE INTO `creature_movement` (`id`, `point`, `position_x`, `position_y`, `position_z`, `orientation`) VALUES (2581592,5, 3773.613770,-2368.292725,53.723644, 100);
REPLACE INTO `creature_movement` (`id`, `point`, `position_x`, `position_y`, `position_z`, `orientation`) VALUES (2581592,6, 3777.113281,-2368.354980,53.724689, 100);
REPLACE INTO `creature_movement` (`id`, `point`, `position_x`, `position_y`, `position_z`, `orientation`) VALUES (2581592,7, 3778.205078,-2368.374268,53.725018, 100);
REPLACE INTO `creature_movement` (`id`, `point`, `position_x`, `position_y`, `position_z`, `orientation`) VALUES (2581592,8, 3781.592529,-2368.434570,53.725018, 100);
REPLACE INTO `creature_movement` (`id`, `point`, `position_x`, `position_y`, `position_z`, `orientation`) VALUES (2581592,9, 3784.000732,-2368.442627,53.725018, 100);
REPLACE INTO `creature_movement` (`id`, `point`, `position_x`, `position_y`, `position_z`, `orientation`) VALUES (2581592,10, 3783.871338,-2370.952148,53.703876, 100);
REPLACE INTO `creature_movement` (`id`, `point`, `position_x`, `position_y`, `position_z`, `orientation`) VALUES (2581592,11, 3783.938721,-2372.052002,53.686081, 100);
REPLACE INTO `creature_movement` (`id`, `point`, `position_x`, `position_y`, `position_z`, `orientation`) VALUES (2581592,12, 3783.875000,-2368.552490,53.725410, 100);
REPLACE INTO `creature_movement` (`id`, `point`, `position_x`, `position_y`, `position_z`, `orientation`) VALUES (2581592,13, 3783.859375,-2363.955322,53.683636, 100);
REPLACE INTO `creature_movement` (`id`, `point`, `position_x`, `position_y`, `position_z`, `orientation`) VALUES (2581592,14, 3783.859375,-2363.955322,53.683636, 100);
REPLACE INTO `creature_movement` (`id`, `point`, `position_x`, `position_y`, `position_z`, `orientation`) VALUES (2581592,15, 3782.268555,-2357.413818,53.618984, 100);
REPLACE INTO `creature_movement` (`id`, `point`, `position_x`, `position_y`, `position_z`, `orientation`) VALUES (2581592,16, 3780.379883,-2357.312012,53.618984, 100);
REPLACE INTO `creature_movement` (`id`, `point`, `position_x`, `position_y`, `position_z`, `orientation`) VALUES (2581592,17, 3778.966309,-2359.100586,53.618984, 100);
REPLACE INTO `creature_movement` (`id`, `point`, `position_x`, `position_y`, `position_z`, `orientation`) VALUES (2581592,18, 3778.198975,-2361.032471,53.623753, 100);
REPLACE INTO `creature_movement` (`id`, `point`, `position_x`, `position_y`, `position_z`, `orientation`) VALUES (2581592,19, 3777.758545,-2362.383545,53.654160, 100);
REPLACE INTO `creature_movement` (`id`, `point`, `position_x`, `position_y`, `position_z`, `orientation`) VALUES (2581592,20, 3774.259277,-2362.302734,53.654945, 100);
REPLACE INTO `creature_movement` (`id`, `point`, `position_x`, `position_y`, `position_z`, `orientation`) VALUES (2581592,21, 3770.767334,-2362.065430,53.654945, 100);
REPLACE INTO `creature_movement` (`id`, `point`, `position_x`, `position_y`, `position_z`, `orientation`) VALUES (2581592,22, 3767.274902,-2361.843018,53.653503, 100);
REPLACE INTO `creature_movement` (`id`, `point`, `position_x`, `position_y`, `position_z`, `orientation`) VALUES (2581592,23, 3763.239014,-2361.702637,53.651875, 100);
REPLACE INTO `creature_movement` (`id`, `point`, `position_x`, `position_y`, `position_z`, `orientation`) VALUES (2581592,24, 3763.097656,-2362.119873,53.661488, 100);
REPLACE INTO `creature_movement` (`id`, `point`, `position_x`, `position_y`, `position_z`, `orientation`) VALUES (2581592,25, 3762.415771,-2365.992920,53.719482, 100);
REPLACE INTO `creature` VALUES (2581592,61848,0,0,0,0,3762.03,-2368.08,53.7206,0.041126,300,300,0,100,100,2,0,0);
REPLACE INTO `creature` VALUES (2581593,61844,0,0,0,0,4327.53,-2078.39,9.70017,4.17468,120,120,0,100,100,0,0,0);
DELETE FROM creature WHERE guid=2581593;
DELETE FROM creature_addon WHERE guid=2581593;
DELETE FROM creature_movement WHERE id=2581593;
DELETE FROM game_event_creature WHERE guid=2581593;
DELETE FROM game_event_creature_data WHERE guid=2581593;
DELETE FROM creature_battleground WHERE guid=2581593;
REPLACE INTO `creature` VALUES (2581594,61845,0,0,0,0,4326.7,-2080.36,9.77396,4.01759,120,120,0,100,100,0,0,0);

-- Changes by REN
REPLACE INTO `creature` VALUES (2581595,61844,0,0,0,0,4287.75,-2097.45,16.6929,4.07318,120,120,0,100,100,0,0,0);
REPLACE INTO `creature` VALUES (2581596,61844,0,0,0,0,4302.71,-2117.61,18.0103,3.41737,120,120,0,100,100,0,0,0);
REPLACE INTO `creature` VALUES (2581597,61844,0,0,0,0,4345.38,-2117.2,23.8578,4.67008,120,120,0,100,100,0,0,0);
REPLACE INTO `creature` VALUES (2581598,61844,0,0,0,0,4340.04,-2117.07,23.1532,4.3245,120,120,0,100,100,0,0,0);
REPLACE INTO `creature` VALUES (2581599,61844,0,0,0,0,4286.45,-2080.32,17.6023,3.42914,120,120,0,100,100,0,0,0);
REPLACE INTO `creature` VALUES (2581600,61844,0,0,0,0,4319.93,-2136.7,22.3036,5.0235,120,120,0,100,100,0,0,0);
REPLACE INTO `creature` VALUES (2581600,61844,0,0,0,0,4319.93,-2136.7,22.3036,5.0235,300,300,4,100,100,1,0,0);
REPLACE INTO `creature` VALUES (2581600,61844,0,0,0,0,4319.93,-2136.7,22.3036,5.0235,300,300,3,100,100,1,0,0);
REPLACE INTO `creature` VALUES (2581599,61844,0,0,0,0,4286.45,-2080.32,17.6023,3.42914,300,300,3,100,100,1,0,0);
REPLACE INTO `creature` VALUES (2581597,61844,0,0,0,0,4345.38,-2117.2,23.8578,4.67008,300,300,5,100,100,1,0,0);
REPLACE INTO `creature` VALUES (2581598,61844,0,0,0,0,4340.04,-2117.07,23.1532,4.3245,300,300,5,100,100,1,0,0);

-- Changes by WOJI
DELETE FROM creature WHERE guid=2581501;
DELETE FROM creature_addon WHERE guid=2581501;
DELETE FROM creature_movement WHERE id=2581501;
DELETE FROM game_event_creature WHERE guid=2581501;
DELETE FROM game_event_creature_data WHERE guid=2581501;
DELETE FROM creature_battleground WHERE guid=2581501;
REPLACE INTO `creature` VALUES (2581601,61797,0,0,0,0,4427.62,-1829.78,33.1886,4.26889,120,120,0,100,100,0,0,0);
REPLACE INTO `creature` VALUES (2581602,61831,0,0,0,0,4157.27,-2703.46,20.5821,4.7252,120,120,0,100,100,0,0,0);
UPDATE `creature` SET `position_x` = 3251.126221, `position_y` = -1827.717285, `position_z` = 140.710312, `orientation` = 2.034659 WHERE `guid` = 2581121;
UPDATE `creature` SET `position_x` = 3254.386230, `position_y` = -1822.661011, `position_z` = 140.710159, `orientation` = 2.780788 WHERE `guid` = 2581119;
REPLACE INTO `creature_addon` (`guid`, `emote_state`) VALUES (2581121, 376);
REPLACE INTO `creature_addon` (`guid`, `emote_state`) VALUES (2581121, 0);

-- Changes by DRAGU
UPDATE `creature` SET `position_x` = 2677.332764, `position_y` = -2779.616211, `position_z` = 190.893875, `orientation` = 5.556782 WHERE `guid` = 2581180;
UPDATE `creature` SET `position_x` = 2687.099854, `position_y` = -2769.276367, `position_z` = 191.810272, `orientation` = 5.556782 WHERE `guid` = 2581181;

-- Changes by SHANG
UPDATE `creature` SET `position_x` = -252.131454, `position_y` = -7492.892090, `position_z` = 73.191269, `orientation` = 3.314600 WHERE `guid` = 2581145;
UPDATE `creature` SET `position_x` = -251.538940, `position_y` = -7499.523926, `position_z` = 73.191391, `orientation` = 2.879106 WHERE `guid` = 2581308;
REPLACE INTO `creature` VALUES (2581603,61736,0,0,0,1,-252.911,-7497.42,73.1914,1.99946,120,120,0,100,100,0,0,0);
REPLACE INTO `creature` VALUES (2581604,61736,0,0,0,1,-253.015,-7495.91,73.1914,4.66982,120,120,0,100,100,0,0,0);
REPLACE INTO `gameobject` VALUES ( 5017361, 2020069, 1, -439.608, -7844.19, 12.997, 0.0567659, 0, 0, 0.0283792, 0.999597, 300, 300, 100, 1, 0, 0);
REPLACE INTO `gameobject` VALUES ( 5017362, 2020069, 1, -365.227, -7818.37, 13.5855, 1.44221, 0, 0, 0.660213, 0.751078, 300, 300, 100, 1, 0, 0);
REPLACE INTO `gameobject` VALUES ( 5017363, 2020069, 1, -349.861, -7915.4, 6.61182, 4.82727, 0, 0, 0.665347, -0.746535, 300, 300, 100, 1, 0, 0);
REPLACE INTO `gameobject` VALUES ( 5017364, 2020069, 1, -405.661, -7983.96, -22.7702, 3.55414, 0, 0, 0.978801, -0.204813, 300, 300, 100, 1, 0, 0);
REPLACE INTO `gameobject` VALUES ( 5017365, 2020069, 1, -352.154, -8055.95, -14.6091, 5.89462, 0, 0, 0.193063, -0.981186, 300, 300, 100, 1, 0, 0);
REPLACE INTO `gameobject` VALUES ( 5017366, 2020069, 1, -314.822, -8024.98, -6.40008, 1.88281, 0, 0, 0.808385, 0.588654, 300, 300, 100, 1, 0, 0);
REPLACE INTO `gameobject` VALUES ( 5017367, 2020069, 1, -292.986, -7923.08, 13.3254, 1.50346, 0, 0, 0.682903, 0.730509, 300, 300, 100, 1, 0, 0);
REPLACE INTO `gameobject` VALUES ( 5017368, 2020069, 1, -328.102, -7877.78, 14.3261, 5.44223, 0, 0, 0.408196, -0.912894, 300, 300, 100, 1, 0, 0);
REPLACE INTO `gameobject` VALUES ( 5017369, 2020069, 1, -223.072, -7941.42, 14.4802, 1.86552, 0, 0, 0.803267, 0.59562, 300, 300, 100, 1, 0, 0);
REPLACE INTO `gameobject` VALUES ( 5017370, 2020069, 1, -140.128, -7969.59, 14.6276, 3.90205, 0, 0, 0.928579, -0.371135, 300, 300, 100, 1, 0, 0);
REPLACE INTO `gameobject` VALUES ( 5017371, 2020069, 1, -108.931, -8000.32, 14.7781, 3.82901, 0, 0, 0.941511, -0.336982, 300, 300, 100, 1, 0, 0);
REPLACE INTO `gameobject` VALUES ( 5017372, 2020069, 1, -165.763, -8040.8, 9.10987, 2.72553, 0, 0, 0.978439, 0.206536, 300, 300, 100, 1, 0, 0);
REPLACE INTO `gameobject` VALUES ( 5017373, 2020069, 1, -202.56, -8072.5, -5.99159, 3.69863, 0, 0, 0.961463, -0.274933, 300, 300, 100, 1, 0, 0);
REPLACE INTO `gameobject` VALUES ( 5017374, 2020069, 1, -230.606, -8159.35, -19.2601, 4.89165, 0, 0, 0.640976, -0.767561, 300, 300, 100, 1, 0, 0);
REPLACE INTO `gameobject` VALUES ( 5017375, 2020069, 1, -174.266, -8119.64, -9.48531, 6.24725, 0, 0, 0.0179683, -0.999839, 300, 300, 100, 1, 0, 0);
REPLACE INTO `gameobject` VALUES ( 5017376, 2020069, 1, -81.8268, -8064.72, 10.5048, 0.827214, 0, 0, 0.401915, 0.915677, 300, 300, 100, 1, 0, 0);
REPLACE INTO `gameobject` VALUES ( 5017377, 2020069, 1, -20.695, -8003.69, 14.4536, 5.88125, 0, 0, 0.199617, -0.979874, 300, 300, 100, 1, 0, 0);
REPLACE INTO `gameobject` VALUES ( 5017378, 2020069, 1, 48.7603, -7999.41, 14.4524, 2.08464, 0, 0, 0.863576, 0.504219, 300, 300, 100, 1, 0, 0);
REPLACE INTO `gameobject` VALUES ( 5017379, 2020069, 1, 54.0669, -8054.25, 13.9481, 4.62148, 0, 0, 0.738508, -0.674245, 300, 300, 100, 1, 0, 0);
REPLACE INTO `gameobject` VALUES ( 5017380, 2020069, 1, 87.9213, -8096.04, 6.89641, 5.96765, 0, 0, 0.157116, -0.98758, 300, 300, 100, 1, 0, 0);
REPLACE INTO `gameobject` VALUES ( 5017381, 2020069, 1, 148.325, -8094.28, 9.04182, 1.18143, 0, 0, 0.556955, 0.830543, 300, 300, 100, 1, 0, 0);
REPLACE INTO `gameobject` VALUES ( 5017382, 2020069, 1, 159.451, -8172.57, -8.3351, 4.71572, 0, 0, 0.705929, -0.708283, 300, 300, 100, 1, 0, 0);
REPLACE INTO `gameobject` VALUES ( 5017383, 2020069, 1, 220.693, -8222.27, -17.1615, 4.64347, 0, 0, 0.731049, -0.682325, 300, 300, 100, 1, 0, 0);
REPLACE INTO `gameobject` VALUES ( 5017384, 2020069, 1, 293.204, -8191.56, -15.7989, 1.13746, 0, 0, 0.538561, 0.842586, 300, 300, 100, 1, 0, 0);
REPLACE INTO `gameobject` VALUES ( 5017385, 2020069, 1, 424.317, -8192.3, -27.7944, 5.95273, 0, 0, 0.164477, -0.986381, 300, 300, 100, 1, 0, 0);
REPLACE INTO `gameobject` VALUES ( 5017386, 2020069, 1, 370.723, -8095.32, 3.52227, 3.40097, 0, 0, 0.991602, -0.129327, 300, 300, 100, 1, 0, 0);
REPLACE INTO `gameobject` VALUES ( 5017387, 2020069, 1, 332.235, -8049.42, 13.7415, 0.729833, 0, 0, 0.356871, 0.934154, 300, 300, 100, 1, 0, 0);
REPLACE INTO `gameobject` VALUES ( 5017388, 2020069, 1, 361.887, -8017.44, 14.6735, 1.58984, 0, 0, 0.713809, 0.70034, 300, 300, 100, 1, 0, 0);
REPLACE INTO `gameobject` VALUES ( 5017389, 2020069, 1, 423.692, -8030.22, 8.96225, 5.36761, 0, 0, 0.441965, -0.897032, 300, 300, 100, 1, 0, 0);
REPLACE INTO `gameobject` VALUES ( 5017390, 2020069, 1, 450.702, -7957.4, 11.2242, 2.47106, 0, 0, 0.944323, 0.32902, 300, 300, 100, 1, 0, 0);
REPLACE INTO `gameobject` VALUES ( 5017391, 2020069, 1, 486.168, -7891.95, 6.97883, 5.74617, 0, 0, 0.265292, -0.964168, 300, 300, 100, 1, 0, 0);
REPLACE INTO `gameobject` VALUES ( 5017392, 2020069, 1, 503.535, -7867.94, 5.01591, 4.41335, 0, 0, 0.80455, -0.593885, 300, 300, 100, 1, 0, 0);
REPLACE INTO `gameobject` VALUES ( 5017393, 2020069, 1, 455.399, -7829.64, 8.68425, 1.45318, 0, 0, 0.664326, 0.747443, 300, 300, 100, 1, 0, 0);
REPLACE INTO `gameobject` VALUES ( 5017394, 2020069, 1, 575.385, -7858.59, -6.6348, 6.08075, 0, 0, 0.101045, -0.994882, 300, 300, 100, 1, 0, 0);
REPLACE INTO `gameobject` VALUES ( 5017395, 2020069, 1, 652.669, -7924.73, -16.127, 4.61911, 0, 0, 0.739304, -0.673371, 300, 300, 100, 1, 0, 0);
REPLACE INTO `gameobject` VALUES ( 5017396, 2020069, 1, 607.493, -8007, -20.3365, 3.39625, 0, 0, 0.991905, -0.126983, 300, 300, 100, 1, 0, 0);
REPLACE INTO `gameobject` VALUES ( 5017397, 2020069, 1, 550.789, -8035.35, -13.3396, 4.31123, 0, 0, 0.833811, -0.55205, 300, 300, 100, 1, 0, 0);
REPLACE INTO `gameobject` VALUES ( 5017398, 2020069, 1, 486.978, -8089.79, -7.83501, 2.6077, 0, 0, 0.964581, 0.263786, 300, 300, 100, 1, 0, 0);
REPLACE INTO `gameobject` VALUES ( 5017399, 2020069, 1, 405.574, -8125.5, -6.41404, 3.88319, 0, 0, 0.932038, -0.36236, 300, 300, 100, 1, 0, 0);
REPLACE INTO `gameobject` VALUES ( 5017400, 2020069, 1, 250.273, -8066.8, 12.3976, 4.59948, 0, 0, 0.745878, -0.666082, 300, 300, 100, 1, 0, 0);
REPLACE INTO `gameobject` VALUES ( 5017401, 2020069, 1, 223.915, -8004.2, 14.456, 2.46712, 0, 0, 0.943673, 0.330879, 300, 300, 100, 1, 0, 0);
REPLACE INTO `gameobject` VALUES ( 5017402, 2020069, 1, 131.86, -8070.96, 14.1196, 3.10251, 0, 0, 0.999809, 0.0195399, 300, 300, 100, 1, 0, 0);
REPLACE INTO `gameobject` VALUES ( 5017403, 2020069, 1, 133.517, -8003.7, 14.5997, 6.26374, 0, 0, 0.00972366, -0.999953, 300, 300, 100, 1, 0, 0);
REPLACE INTO `gameobject` VALUES ( 5017404, 2020069, 1, -237.961, -7984.12, 10.2606, 0.850772, 0, 0, 0.412672, 0.91088, 300, 300, 100, 1, 0, 0);
REPLACE INTO `gameobject` VALUES ( 5017405, 2020069, 1, -282.233, -7973.86, 11.4756, 2.19773, 0, 0, 0.890691, 0.454608, 300, 300, 100, 1, 0, 0);
REPLACE INTO `gameobject` VALUES ( 5017406, 2020069, 1, -458.917, -7891.53, 3.60145, 2.8339, 0, 0, 0.988189, 0.15324, 300, 300, 100, 1, 0, 0);
REPLACE INTO `creature` VALUES (2581605,61667,0,0,0,1,-362.002,-7798.39,14.9627,0.34026,120,120,0,100,100,0,0,0);
REPLACE INTO `creature` VALUES (2581605,61667,0,0,0,1,-362.002,-7798.39,14.9627,0.34026,300,300,12,100,100,1,0,0);
REPLACE INTO `creature` VALUES (2581606,61667,0,0,0,1,-441.066,-7893.74,3.16465,4.02064,120,120,0,100,100,0,0,0);
REPLACE INTO `creature` VALUES (2581606,61667,0,0,0,1,-441.066,-7893.74,3.16465,4.02064,300,300,7,100,100,1,0,0);
REPLACE INTO `gameobject` VALUES ( 5017407, 2020066, 1, -121.407, -7729.45, 36.2347, 3.9941, 0, 0, 0.910521, -0.413463, 300, 300, 100, 1, 0, 0);
REPLACE INTO `gameobject` VALUES ( 5017408, 2020066, 1, -120.9, -7736.1, 37.2073, 3.40584, 0, 0, 0.991285, -0.131738, 300, 300, 100, 1, 0, 0);
REPLACE INTO `gameobject` VALUES ( 5017409, 2020066, 1, -124.66, -7732.19, 37.3399, 3.86529, 0, 0, 0.935243, -0.354006, 300, 300, 100, 1, 0, 0);
REPLACE INTO `gameobject` VALUES ( 5017409, 2020066, 1, -124.66, -7732.19, 37.1399, 3.86529, 0, 0, 0.935243, -0.354006, 300, 300, 100, 1, 0, 0);
REPLACE INTO `gameobject` VALUES ( 5017410, 2020066, 1, -196.586, -7689.82, 41.587, 3.93205, 0, 0, 0.922908, -0.385021, 300, 300, 100, 1, 0, 0);
REPLACE INTO `gameobject` VALUES ( 5017411, 2020066, 1, -210.301, -7692.53, 42.8745, 2.06909, 0, 0, 0.85963, 0.510918, 300, 300, 100, 1, 0, 0);
REPLACE INTO `gameobject` VALUES ( 5017412, 2020066, 1, -208.212, -7686.95, 42.2871, 3.25975, 0, 0, 0.998255, -0.0590456, 300, 300, 100, 1, 0, 0);
REPLACE INTO `gameobject` VALUES ( 5017413, 2020066, 1, -201.684, -7679.45, 42.2411, 4.11034, 0, 0, 0.884966, -0.465656, 300, 300, 100, 1, 0, 0);
REPLACE INTO `gameobject` VALUES ( 5017414, 2020066, 1, -208.533, -7679.37, 42.1395, 5.203, 0, 0, 0.514214, -0.857662, 300, 300, 100, 1, 0, 0);
UPDATE `creature` SET `position_x` = 2111.377930, `position_y` = 1065.645874, `position_z` = 231.593430, `orientation` = 0.021928 WHERE `guid` = 29995;
DELETE FROM creature WHERE guid=2559975;
DELETE FROM creature_addon WHERE guid=2559975;
DELETE FROM creature_movement WHERE id=2559975;
DELETE FROM game_event_creature WHERE guid=2559975;
DELETE FROM game_event_creature_data WHERE guid=2559975;
DELETE FROM creature_battleground WHERE guid=2559975;
REPLACE INTO `creature` VALUES (2581607,4075,0,0,0,1,1869.86,1413.64,141.223,3.60806,120,120,5,100,100,1,0,0);
REPLACE INTO `creature` VALUES (2581608,4075,0,0,0,1,1884.03,1376.23,143.333,5.31543,120,120,5,100,100,1,0,0);
REPLACE INTO `creature` VALUES (2581609,4075,0,0,0,1,1889.62,1339.92,143.162,4.41537,120,120,5,100,100,1,0,0);
REPLACE INTO `creature` VALUES (2581610,4075,0,0,0,1,1869.26,1323.61,143.817,2.93803,120,120,5,100,100,1,0,0);
REPLACE INTO `creature` VALUES (2581611,4075,0,0,0,1,1865.71,1345.02,142.264,1.93037,120,120,5,100,100,1,0,0);
REPLACE INTO `creature` VALUES (2581612,4075,0,0,0,1,1842.35,1341.14,143.595,3.25533,120,120,5,100,100,1,0,0);
REPLACE INTO `creature` VALUES (2581613,4075,0,0,0,1,1818.55,1344.83,145.959,0.789184,120,120,5,100,100,1,0,0);
REPLACE INTO `creature` VALUES (2581614,4075,0,0,0,1,1813.96,1386.33,147.734,2.10158,120,120,5,100,100,1,0,0);
DELETE FROM creature WHERE guid=2556906;
DELETE FROM creature_addon WHERE guid=2556906;
DELETE FROM creature_movement WHERE id=2556906;
DELETE FROM game_event_creature WHERE guid=2556906;
DELETE FROM game_event_creature_data WHERE guid=2556906;
DELETE FROM creature_battleground WHERE guid=2556906;
DELETE FROM creature WHERE guid=2556601;
DELETE FROM creature_addon WHERE guid=2556601;
DELETE FROM creature_movement WHERE id=2556601;
DELETE FROM game_event_creature WHERE guid=2556601;
DELETE FROM game_event_creature_data WHERE guid=2556601;
DELETE FROM creature_battleground WHERE guid=2556601;
REPLACE INTO `creature` VALUES (2581615,4075,0,0,0,1,1909.87,1387.33,149.069,5.69321,120,120,5,100,100,1,0,0);
REPLACE INTO `creature` VALUES (2581616,4075,0,0,0,1,-297.446,-7453.29,73.1916,2.49513,120,120,5,100,100,1,0,0);
REPLACE INTO `creature` VALUES (2581617,4075,0,0,0,1,-332.948,-7420.22,78.7007,1.93278,120,120,5,100,100,1,0,0);
REPLACE INTO `creature` VALUES (2581618,4075,0,0,0,1,-365.563,-7428.66,73.1912,3.26717,120,120,5,100,100,1,0,0);
REPLACE INTO `creature` VALUES (2581619,4075,0,0,0,1,-368.543,-7449.54,74.3685,2.49591,120,120,5,100,100,1,0,0);
REPLACE INTO `creature` VALUES (2581620,4075,0,0,0,1,-349.102,-7494.18,74.9645,6.15901,120,120,5,100,100,1,0,0);
REPLACE INTO `creature` VALUES (2581621,4075,0,0,0,1,-305.718,-7489.33,73.1933,0.0234784,120,120,5,100,100,1,0,0);
REPLACE INTO `creature` VALUES (2581622,4075,0,0,0,1,-291.801,-7503.51,73.2574,6.2454,120,120,5,100,100,1,0,0);
REPLACE INTO `creature` VALUES (2581623,4075,0,0,0,1,-285.888,-7485.12,73.19,1.60606,120,120,5,100,100,1,0,0);
REPLACE INTO `creature` VALUES (2581624,4075,0,0,0,1,-292.863,-7465.57,73.19,1.93749,120,120,5,100,100,1,0,0);
REPLACE INTO `creature` VALUES (2581625,4075,0,0,0,1,-258.171,-7447.35,73.1624,0.472727,120,120,5,100,100,1,0,0);
REPLACE INTO `creature` VALUES (2581626,4075,0,0,0,1,-247.184,-7496.3,73.4352,4.33689,120,120,5,100,100,1,0,0);
REPLACE INTO `creature` VALUES (2581627,4075,0,0,0,1,-270.847,-7520.82,73.1922,3.67637,120,120,5,100,100,1,0,0);
REPLACE INTO `creature` VALUES (2581628,4075,0,0,0,1,-311.359,-7595.5,54.4118,4.2772,120,120,5,100,100,1,0,0);
REPLACE INTO `creature` VALUES (2581629,4075,0,0,0,1,-238.402,-7622.29,48.7058,6.21399,120,120,5,100,100,1,0,0);
REPLACE INTO `creature` VALUES (2581630,4075,0,0,0,1,-192.635,-7650.3,41.4678,5.39325,120,120,5,100,100,1,0,0);
REPLACE INTO `creature` VALUES (2581631,4075,0,0,0,1,-103.24,-7663.85,42.2713,0.156215,120,120,5,100,100,1,0,0);
REPLACE INTO `creature` VALUES (2581632,4075,0,0,0,1,-62.9454,-7671.92,44.006,5.8637,120,120,5,100,100,1,0,0);
REPLACE INTO `creature` VALUES (2581633,4075,0,0,0,1,-119.659,-7753.62,38.694,3.97325,120,120,5,100,100,1,0,0);
REPLACE INTO `creature` VALUES (2581634,4075,0,0,0,1,-114.924,-7825.17,39.1768,4.67147,120,120,5,100,100,1,0,0);
REPLACE INTO `creature` VALUES (2581635,4075,0,0,0,1,-112.294,-7856.54,40.1247,4.62356,120,120,5,100,100,1,0,0);
REPLACE INTO `creature` VALUES (2581636,4075,0,0,0,1,-173.157,-7854.9,37.8365,2.04824,120,120,5,100,100,1,0,0);
REPLACE INTO `creature` VALUES (2581637,4075,0,0,0,1,-190.236,-7821.89,40.4886,2.04824,120,120,5,100,100,1,0,0);
REPLACE INTO `creature` VALUES (2581638,4075,0,0,0,1,-215.073,-7811.41,40.145,2.3192,120,120,5,100,100,1,0,0);
REPLACE INTO `creature` VALUES (2581639,4075,0,0,0,1,-220.153,-7774.91,41.5766,1.63119,120,120,5,100,100,1,0,0);
REPLACE INTO `creature` VALUES (2581640,4075,0,0,0,1,-189.781,-7761.98,41.2976,5.76553,120,120,5,100,100,1,0,0);
REPLACE INTO `creature` VALUES (2581641,4075,0,0,0,1,-150.52,-7758.53,43.1747,0.968315,120,120,5,100,100,1,0,0);
REPLACE INTO `creature` VALUES (2581642,4075,0,0,0,1,-162.295,-7717.72,41.3727,2.50298,120,120,5,100,100,1,0,0);
REPLACE INTO `creature` VALUES (2581643,4075,0,0,0,1,-209.409,-7714.66,47.8767,3.42426,120,120,5,100,100,1,0,0);
REPLACE INTO `creature` VALUES (2581644,4075,0,0,0,1,-270.217,-7758.16,40.9187,3.82952,120,120,5,100,100,1,0,0);
REPLACE INTO `creature` VALUES (2581645,4075,0,0,0,1,-329.986,-7710.55,52.1343,2.32077,120,120,5,100,100,1,0,0);
REPLACE INTO `creature` VALUES (2581646,4075,0,0,0,1,-380.767,-7710.92,50.1388,3.8468,120,120,5,100,100,1,0,0);
REPLACE INTO `creature` VALUES (2581647,4075,0,0,0,1,-543.529,-7799.68,37.9775,4.07928,120,120,5,100,100,1,0,0);
REPLACE INTO `creature` VALUES (2581648,4075,0,0,0,1,-520.851,-7830.35,41.6911,5.39168,120,120,5,100,100,1,0,0);
REPLACE INTO `creature` VALUES (2581649,4075,0,0,0,1,-564.607,-7858.02,37.703,3.70936,120,120,5,100,100,1,0,0);
REPLACE INTO `creature` VALUES (2581650,4075,0,0,0,1,-599.955,-7868.94,37.9409,2.42052,120,120,5,100,100,1,0,0);
REPLACE INTO `creature` VALUES (2581651,4075,0,0,0,1,-626.155,-7822.26,38.1184,1.24949,120,120,5,100,100,1,0,0);
REPLACE INTO `creature` VALUES (2581652,4075,0,0,0,1,-605.98,-7823.49,38.7202,5.31471,120,120,5,100,100,1,0,0);
REPLACE INTO `creature` VALUES (2581653,4075,0,0,0,1,-584.926,-7794.9,39.1803,1.77885,120,120,5,100,100,1,0,0);
REPLACE INTO `creature` VALUES (2581654,4075,0,0,0,1,-563.4,-7776.37,38.03,0.699715,120,120,5,100,100,1,0,0);
REPLACE INTO `creature` VALUES (2581655,4075,0,0,0,1,-536.867,-7780.92,35.7408,6.16451,120,120,5,100,100,1,0,0);
REPLACE INTO `creature` VALUES (2581656,4075,0,0,0,1,-601.594,-7844.74,40.866,4.25914,120,120,5,100,100,1,0,0);
REPLACE INTO `creature` VALUES (2581657,4075,0,0,0,1,-405.343,-7531.23,49.2398,1.32097,120,120,5,100,100,1,0,0);
REPLACE INTO `creature` VALUES (2581658,4075,0,0,0,1,-466.178,-7453.39,48.698,2.14328,120,120,5,100,100,1,0,0);
REPLACE INTO `creature` VALUES (2581659,4075,0,0,0,1,-428.303,-7346.34,42.1421,1.70189,120,120,5,100,100,1,0,0);
REPLACE INTO `creature` VALUES (2581660,4075,0,0,0,1,-444.786,-7309.55,41.2957,2.03175,120,120,5,100,100,1,0,0);
REPLACE INTO `creature` VALUES (2581661,4075,0,0,0,1,-416.896,-7194.29,33.5145,1.41914,120,120,5,100,100,1,0,0);
REPLACE INTO `creature` VALUES (2581662,4075,0,0,0,1,-371.573,-7185.09,25.1171,0.0918198,120,120,5,100,100,1,0,0);
REPLACE INTO `creature` VALUES (2581663,4075,0,0,0,1,-287.228,-7172.08,17.2109,5.31943,120,120,5,100,100,1,0,0);
REPLACE INTO `creature` VALUES (2581664,4075,0,0,0,1,-345.753,-7219.8,2.04565,3.1478,120,120,5,100,100,1,0,0);
REPLACE INTO `creature` VALUES (2581665,4075,0,0,0,1,-304.624,-7216.83,2.97753,0.472738,120,120,5,100,100,1,0,0);
REPLACE INTO `creature` VALUES (2581666,4075,0,0,0,1,-315.928,-7237.29,2.67428,3.51223,120,120,5,100,100,1,0,0);
REPLACE INTO `creature` VALUES (2581667,4075,0,0,0,1,-267.466,-7215.97,16.9955,5.91162,120,120,5,100,100,1,0,0);
REPLACE INTO `creature` VALUES (2581668,4075,0,0,0,1,-216.513,-7223.83,17.8119,0.363569,120,120,5,100,100,1,0,0);
REPLACE INTO `creature` VALUES (2581669,4075,0,0,0,1,-234.218,-7170.34,16.8812,3.89708,120,120,5,100,100,1,0,0);
REPLACE INTO `creature` VALUES (2581670,4075,0,0,0,1,-244.858,-7129.49,18.8727,2.33178,120,120,5,100,100,1,0,0);
REPLACE INTO `creature` VALUES (2581671,4075,0,0,0,1,-268.553,-7142.25,17.7189,3.77848,120,120,5,100,100,1,0,0);
REPLACE INTO `creature` VALUES (2581672,4075,0,0,0,1,-263.78,-7161.41,17.0508,4.95658,120,120,5,100,100,1,0,0);
REPLACE INTO `creature` VALUES (2581673,4075,0,0,0,1,-255.778,-7196.57,17.1609,6.13703,120,120,5,100,100,1,0,0);
REPLACE INTO `creature` VALUES (2581674,4075,0,0,0,1,-184.199,-7176.24,18.1432,0.414621,120,120,5,100,100,1,0,0);
REPLACE INTO `creature` VALUES (2581675,4075,0,0,0,1,-147.094,-7180.98,21.038,5.98624,120,120,5,100,100,1,0,0);
REPLACE INTO `creature` VALUES (2581676,4075,0,0,0,1,-142.979,-7217.53,14.7235,4.51126,120,120,5,100,100,1,0,0);
REPLACE INTO `creature` VALUES (2581677,4075,0,0,0,1,-159.512,-7240.96,13.8188,3.38814,120,120,5,100,100,1,0,0);
REPLACE INTO `creature` VALUES (2581678,4075,0,0,0,1,-198.658,-7262.99,14.8042,4.23401,120,120,5,100,100,1,0,0);
REPLACE INTO `creature` VALUES (2581679,4075,0,0,0,1,-172.891,-7294.13,18.367,5.38855,120,120,5,100,100,1,0,0);
REPLACE INTO `creature` VALUES (2581680,4075,0,0,0,1,-110.501,-7288.12,8.60953,0.136592,120,120,5,100,100,1,0,0);
REPLACE INTO `creature` VALUES (2581681,4075,0,0,0,1,-140.86,-7275.99,7.62351,2.76375,120,120,5,100,100,1,0,0);
REPLACE INTO `creature` VALUES (2581682,4075,0,0,0,1,-134.65,-7249.49,11.7969,1.34061,120,120,5,100,100,1,0,0);
REPLACE INTO `creature` VALUES (2581683,4075,0,0,0,1,-66.4648,-7275.07,18.2565,6.01766,120,120,5,100,100,1,0,0);
REPLACE INTO `creature` VALUES (2581684,4075,0,0,0,1,-40.1107,-7305.44,16.4909,5.36735,120,120,5,100,100,1,0,0);
REPLACE INTO `creature` VALUES (2581685,4075,0,0,0,1,0.0858823,-7327.01,19.5747,6.09227,120,120,5,100,100,1,0,0);
REPLACE INTO `creature` VALUES (2581686,4075,0,0,0,1,26.3148,-7303.9,26.0315,1.20945,120,120,5,100,100,1,0,0);
REPLACE INTO `creature` VALUES (2581687,4075,0,0,0,1,13.7252,-7259.66,29.3952,2.23832,120,120,5,100,100,1,0,0);
REPLACE INTO `creature` VALUES (2581688,4075,0,0,0,1,-43.1464,-7225.35,35.8178,2.31293,120,120,5,100,100,1,0,0);
REPLACE INTO `creature` VALUES (2581689,4075,0,0,0,1,17.7781,-7380.2,23.1602,5.09795,120,120,5,100,100,1,0,0);
REPLACE INTO `creature` VALUES (2581690,4075,0,0,0,1,57.868,-7386.3,32.7535,0.890577,120,120,5,100,100,1,0,0);
REPLACE INTO `creature` VALUES (2581691,4075,0,0,0,1,100.68,-7316.69,33.0483,1.07122,120,120,5,100,100,1,0,0);
REPLACE INTO `creature` VALUES (2581692,4075,0,0,0,1,80.5403,-7264.53,36.4988,2.0404,120,120,5,100,100,1,0,0);
REPLACE INTO `creature` VALUES (2581693,4075,0,0,0,1,123.91,-7416.29,42.6847,4.95422,120,120,5,100,100,1,0,0);
REPLACE INTO `creature` VALUES (2581694,4075,0,0,0,1,156.595,-7467.89,41.6346,5.21498,120,120,5,100,100,1,0,0);
REPLACE INTO `creature` VALUES (2581695,4075,0,0,0,1,195.444,-7481.6,40.92,6.17002,120,120,5,100,100,1,0,0);
REPLACE INTO `creature` VALUES (2581696,4075,0,0,0,1,222.092,-7461.85,40.143,0.808893,120,120,5,100,100,1,0,0);
REPLACE INTO `creature` VALUES (2581697,4075,0,0,0,1,253.177,-7491.11,45.7992,5.5205,120,120,5,100,100,1,0,0);
REPLACE INTO `creature` VALUES (2581698,4075,0,0,0,1,290.254,-7500.56,42.483,6.04671,120,120,5,100,100,1,0,0);
REPLACE INTO `creature` VALUES (2581699,4075,0,0,0,1,343.699,-7524.54,43.1804,5.67915,120,120,5,100,100,1,0,0);
REPLACE INTO `creature` VALUES (2581700,4075,0,0,0,1,399.848,-7510.79,42.7578,6.06242,120,120,5,100,100,1,0,0);
REPLACE INTO `creature` VALUES (2581701,4075,0,0,0,1,366.796,-7682.3,42.428,4.53797,120,120,5,100,100,1,0,0);
REPLACE INTO `creature` VALUES (2581702,4075,0,0,0,1,395.77,-7692.33,43.9751,5.526,120,120,5,100,100,1,0,0);
REPLACE INTO `creature` VALUES (2581703,4075,0,0,0,1,403.699,-7721.66,43.0403,4.86312,120,120,5,100,100,1,0,0);
REPLACE INTO `creature` VALUES (2581704,4075,0,0,0,1,367.647,-7722.26,41.5903,2.28858,120,120,5,100,100,1,0,0);
REPLACE INTO `creature` VALUES (2581705,4075,0,0,0,1,393.012,-7710.96,42.3582,5.11994,120,120,5,100,100,1,0,0);
REPLACE INTO `creature` VALUES (2581706,4075,0,0,0,1,278.118,-7516.22,48.3328,3.28604,120,120,5,100,100,1,0,0);
REPLACE INTO `creature` VALUES (2581707,4075,0,0,0,1,84.538,-7592.81,45.3893,4.01253,120,120,5,100,100,1,0,0);
REPLACE INTO `creature` VALUES (2581708,4075,0,0,0,1,74.331,-7653.77,43.0868,3.84446,120,120,5,100,100,1,0,0);
REPLACE INTO `creature` VALUES (2581709,4075,0,0,0,1,32.1045,-7707.51,42.379,3.9552,120,120,5,100,100,1,0,0);
REPLACE INTO `creature` VALUES (2581710,4075,0,0,0,1,40.7159,-7805.74,40.6948,4.77672,120,120,5,100,100,1,0,0);
REPLACE INTO `creature` VALUES (2581711,4075,0,0,0,1,-3.47508,-7896.61,37.0418,3.85545,120,120,5,100,100,1,0,0);
REPLACE INTO `creature` VALUES (2581712,4075,0,0,0,1,-18.3745,-7921.22,36.4417,4.73903,120,120,5,100,100,1,0,0);
REPLACE INTO `creature` VALUES (2581713,4075,0,0,0,1,-13.6028,-7939.01,36.5951,5.53621,120,120,5,100,100,1,0,0);
REPLACE INTO `creature` VALUES (2581714,4075,0,0,0,1,18.6641,-7931.81,36.5089,0.738996,120,120,5,100,100,1,0,0);
REPLACE INTO `creature` VALUES (2581715,4075,0,0,0,1,-53.8976,-7929.18,37.3106,2.46609,120,120,5,100,100,1,0,0);
REPLACE INTO `creature` VALUES (2581716,4075,0,0,0,1,-76.9309,-7928.82,36.2711,3.33788,120,120,5,100,100,1,0,0);
REPLACE INTO `creature` VALUES (2581717,4075,0,0,0,1,-152.749,-7892.17,37.3063,2.26817,120,120,5,100,100,1,0,0);
REPLACE INTO `creature` VALUES (2581718,4075,0,0,0,1,215.496,-7835.76,87.1904,0.0564865,120,120,5,100,100,1,0,0);
REPLACE INTO `creature` VALUES (2581719,4075,0,0,0,1,211.334,-7779.04,91.0951,1.99485,120,120,5,100,100,1,0,0);
REPLACE INTO `creature` VALUES (2581720,4075,0,0,0,1,183.671,-7709.27,87.1618,1.70033,120,120,5,100,100,1,0,0);
REPLACE INTO `creature` VALUES (2581721,4075,0,0,0,1,227.881,-7654.65,87.0444,0.819108,120,120,5,100,100,1,0,0);
REPLACE INTO `creature` VALUES (2581722,4075,0,0,0,1,229.309,-7609.85,86.628,1.67912,120,120,5,100,100,1,0,0);
REPLACE INTO `creature` VALUES (2581723,4075,0,0,0,1,209.95,-7609.29,87.1012,3.13839,120,120,5,100,100,1,0,0);
REPLACE INTO `creature` VALUES (2581724,4075,0,0,0,1,207.449,-7593.15,87.1029,1.87626,120,120,5,100,100,1,0,0);
REPLACE INTO `creature` VALUES (2581725,4075,0,0,0,1,229.156,-7592.43,87.2042,6.12055,120,120,5,100,100,1,0,0);
REPLACE INTO `creature` VALUES (2581726,4075,0,0,0,1,248.635,-7595.63,87.1982,6.12055,120,120,5,100,100,1,0,0);
REPLACE INTO `creature` VALUES (2581727,4075,0,0,0,1,271.07,-7585.92,87.5209,0.795547,120,120,5,100,100,1,0,0);
REPLACE INTO `creature` VALUES (2581728,4075,0,0,0,1,253.849,-7572.54,86.8119,2.52578,120,120,5,100,100,1,0,0);
REPLACE INTO `creature` VALUES (2581729,4075,0,0,0,1,259.406,-7576.1,87.1003,5.62103,120,120,5,100,100,1,0,0);
REPLACE INTO `creature` VALUES (2581730,4075,0,0,0,1,287.441,-7594.92,86.5524,5.88021,120,120,5,100,100,1,0,0);
REPLACE INTO `creature` VALUES (2581731,4075,0,0,0,1,319.637,-7608.65,87.5979,5.88021,120,120,5,100,100,1,0,0);
REPLACE INTO `creature` VALUES (2581732,4075,0,0,0,1,327.118,-7627.6,86.6021,4.77516,120,120,5,100,100,1,0,0);
REPLACE INTO `creature` VALUES (2581733,4075,0,0,0,1,318.601,-7646.04,87.0871,3.96541,120,120,5,100,100,1,0,0);
REPLACE INTO `creature` VALUES (2581734,4075,0,0,0,1,286.598,-7649.21,86.8194,3.25463,120,120,5,100,100,1,0,0);
REPLACE INTO `creature` VALUES (2581735,4075,0,0,0,1,269.21,-7651.19,87.1629,3.25463,120,120,5,100,100,1,0,0);
REPLACE INTO `creature` VALUES (2581736,4075,0,0,0,1,307.89,-7666.93,87.1004,5.75612,120,120,5,100,100,1,0,0);
REPLACE INTO `creature` VALUES (2581737,4075,0,0,0,1,312.284,-7679.24,88.113,5.06811,120,120,5,100,100,1,0,0);
REPLACE INTO `creature` VALUES (2581738,4075,0,0,0,1,319.175,-7663.32,87.0597,1.30134,120,120,5,100,100,1,0,0);
REPLACE INTO `creature` VALUES (2581739,4075,0,0,0,1,323.833,-7646.46,87.062,1.30134,120,120,5,100,100,1,0,0);
REPLACE INTO `creature` VALUES (2581740,4075,0,0,0,1,257.23,-7621.96,87.1737,3.15174,120,120,5,100,100,1,0,0);
REPLACE INTO `creature` VALUES (2581741,4075,0,0,0,1,199.027,-7627.58,87.4239,3.43998,120,120,5,100,100,1,0,0);
REPLACE INTO `creature` VALUES (2581742,4075,0,0,0,1,167.11,-7630.07,88.2619,3.96856,120,120,5,100,100,1,0,0);
REPLACE INTO `creature` VALUES (2581743,7395,0,0,0,1,188.833,-7787,87.0839,4.61023,120,120,0,100,100,0,0,0);
DELETE FROM creature WHERE guid=2581743;
DELETE FROM creature_addon WHERE guid=2581743;
DELETE FROM creature_movement WHERE id=2581743;
DELETE FROM game_event_creature WHERE guid=2581743;
DELETE FROM game_event_creature_data WHERE guid=2581743;
DELETE FROM creature_battleground WHERE guid=2581743;
REPLACE INTO `creature` VALUES (2581744,4076,0,0,0,1,190.899,-7785.58,87.132,3.82405,120,120,5,100,100,1,0,0);
REPLACE INTO `creature` VALUES (2581745,4076,0,0,0,1,203.57,-7631.57,86.9576,1.63325,120,120,5,100,100,1,0,0);
REPLACE INTO `creature` VALUES (2581746,4076,0,0,0,1,196.053,-7595.6,87.1199,0.368755,120,120,5,100,100,1,0,0);
REPLACE INTO `creature` VALUES (2581747,4076,0,0,0,1,238.124,-7592.75,87.5719,6.20898,120,120,5,100,100,1,0,0);
REPLACE INTO `creature` VALUES (2581748,4076,0,0,0,1,277.423,-7613.19,87.0985,5.91445,120,120,5,100,100,1,0,0);
REPLACE INTO `creature` VALUES (2581749,4076,0,0,0,1,319.943,-7660.81,87.0606,4.15987,120,120,5,100,100,1,0,0);
REPLACE INTO `creature` VALUES (2581750,4076,0,0,0,1,281.757,-7652.02,87.9323,2.7595,120,120,5,100,100,1,0,0);
REPLACE INTO `creature` VALUES (2581751,4076,0,0,0,1,277.498,-7601.72,87.6279,0.760665,120,120,5,100,100,1,0,0);
REPLACE INTO `creature` VALUES (2581752,4076,0,0,0,1,252.029,-7599.31,86.9221,3.70984,120,120,5,100,100,1,0,0);
REPLACE INTO `creature` VALUES (2581753,4076,0,0,0,1,201.282,-7670.77,87.3586,4.29653,120,120,5,100,100,1,0,0);
REPLACE INTO `creature` VALUES (2581754,4076,0,0,0,1,197.506,-7742.26,88.6554,4.62875,120,120,5,100,100,1,0,0);
REPLACE INTO `creature` VALUES (2581755,4076,0,0,0,1,166.39,-7810.91,82.2001,3.74518,120,120,5,100,100,1,0,0);
REPLACE INTO `creature` VALUES (2581756,4076,0,0,0,1,225.889,-7856.45,86.6196,0.199892,120,120,5,100,100,1,0,0);
REPLACE INTO `creature` VALUES (2581757,4076,0,0,0,1,258.678,-7826.87,86.9779,0.924815,120,120,5,100,100,1,0,0);
REPLACE INTO `creature` VALUES (2581758,4076,0,0,0,1,175.746,-7826.97,82.9219,2.36523,120,120,5,100,100,1,0,0);
REPLACE INTO `creature` VALUES (2581759,4076,0,0,0,1,-7.49312,-7920.74,36.2186,3.06266,120,120,5,100,100,1,0,0);
REPLACE INTO `creature` VALUES (2581760,4076,0,0,0,1,-49.6455,-7933.88,37.0943,3.7271,120,120,5,100,100,1,0,0);
REPLACE INTO `creature` VALUES (2581761,4076,0,0,0,1,-101.16,-7849.18,42.7876,1.89163,120,120,5,100,100,1,0,0);
REPLACE INTO `creature` VALUES (2581762,4076,0,0,0,1,-149.058,-7810.73,39.1467,2.7163,120,120,5,100,100,1,0,0);
REPLACE INTO `creature` VALUES (2581763,4076,0,0,0,1,-189.888,-7825.64,39.9202,3.68705,120,120,5,100,100,1,0,0);
REPLACE INTO `creature` VALUES (2581764,4076,0,0,0,1,-220.756,-7800.55,40.3448,2.00708,120,120,5,100,100,1,0,0);
REPLACE INTO `creature` VALUES (2581765,4076,0,0,0,1,-209.758,-7774.35,40.7552,0.781074,120,120,5,100,100,1,0,0);
REPLACE INTO `creature` VALUES (2581766,4076,0,0,0,1,-174.023,-7747.33,41.8352,1.1133,120,120,5,100,100,1,0,0);
REPLACE INTO `creature` VALUES (2581767,4076,0,0,0,1,-191.146,-7708.47,41.6019,2.47439,120,120,5,100,100,1,0,0);
REPLACE INTO `creature` VALUES (2581768,4076,0,0,0,1,-256.303,-7711.67,51.466,3.30927,120,120,5,100,100,1,0,0);
REPLACE INTO `creature` VALUES (2581769,4076,0,0,0,1,-313.78,-7739.12,44.851,3.40666,120,120,5,100,100,1,0,0);
REPLACE INTO `creature` VALUES (2581770,4076,0,0,0,1,-375.7,-7706.87,52.1663,2.49953,120,120,5,100,100,1,0,0);
REPLACE INTO `creature` VALUES (2581771,4076,0,0,0,1,-395.512,-7691.44,49.4836,2.24035,120,120,5,100,100,1,0,0);
REPLACE INTO `creature` VALUES (2581772,4076,0,0,0,1,-530.908,-7773.21,37.4077,4.12138,120,120,5,100,100,1,0,0);
REPLACE INTO `creature` VALUES (2581773,4076,0,0,0,1,-546.321,-7801.35,37.9744,4.46695,120,120,5,100,100,1,0,0);
REPLACE INTO `creature` VALUES (2581774,4076,0,0,0,1,-560.52,-7851.76,37.6837,4.21012,120,120,5,100,100,1,0,0);
REPLACE INTO `creature` VALUES (2581775,4076,0,0,0,1,-584.667,-7857.11,37.6342,1.86571,120,120,5,100,100,1,0,0);
REPLACE INTO `creature` VALUES (2581776,4076,0,0,0,1,-590.024,-7822.62,37.8485,1.68193,120,120,5,100,100,1,0,0);
REPLACE INTO `creature` VALUES (2581777,4076,0,0,0,1,-611.296,-7819.21,38.2766,2.71473,120,120,5,100,100,1,0,0);
REPLACE INTO `creature` VALUES (2581778,4076,0,0,0,1,-568.268,-7774.32,37.979,3.15769,120,120,5,100,100,1,0,0);
REPLACE INTO `creature` VALUES (2581779,4076,0,0,0,1,-245.324,-7452.94,73.1976,5.73579,120,120,5,100,100,1,0,0);
REPLACE INTO `creature` VALUES (2581780,4076,0,0,0,1,-259.638,-7495.21,73.1916,3.6702,120,120,5,100,100,1,0,0);
REPLACE INTO `creature` VALUES (2581781,4076,0,0,0,1,-292.828,-7527.17,74.9007,4.91034,120,120,5,100,100,1,0,0);
REPLACE INTO `creature` VALUES (2581782,4076,0,0,0,1,-259.831,-7533.39,74.4837,0.125696,120,120,5,100,100,1,0,0);
REPLACE INTO `creature` VALUES (2581783,4076,0,0,0,1,-307.991,-7485.72,73.6984,1.77896,120,120,5,100,100,1,0,0);
REPLACE INTO `creature` VALUES (2581784,4076,0,0,0,1,-311.639,-7434.24,75.3493,1.89206,120,120,5,100,100,1,0,0);
REPLACE INTO `creature` VALUES (2581785,4076,0,0,0,1,-341.271,-7194.18,3.13144,1.67293,120,120,5,100,100,1,0,0);
REPLACE INTO `creature` VALUES (2581786,4076,0,0,0,1,-315.173,-7192.39,3.21065,5.98241,120,120,5,100,100,1,0,0);
REPLACE INTO `creature` VALUES (2581787,4076,0,0,0,1,-286.029,-7221.22,5.61894,5.28184,120,120,5,100,100,1,0,0);
REPLACE INTO `creature` VALUES (2581788,4076,0,0,0,1,-255.876,-7222.89,17.6663,0.277279,120,120,5,100,100,1,0,0);
REPLACE INTO `creature` VALUES (2581789,4076,0,0,0,1,-247.152,-7193.51,16.9022,1.11059,120,120,5,100,100,1,0,0);
REPLACE INTO `creature` VALUES (2581790,4076,0,0,0,1,-271.163,-7168.14,18.2422,2.22899,120,120,5,100,100,1,0,0);
REPLACE INTO `creature` VALUES (2581791,4076,0,0,0,1,-349.71,-7147.58,19.8215,3.24923,120,120,5,100,100,1,0,0);
REPLACE INTO `creature` VALUES (2581792,4076,0,0,0,1,-387.761,-7179.79,27.5513,4.1705,120,120,5,100,100,1,0,0);
REPLACE INTO `creature` VALUES (2581793,4076,0,0,0,1,-416.609,-7171.2,39.4135,2.046,120,120,5,100,100,1,0,0);
REPLACE INTO `creature` VALUES (2581794,4076,0,0,0,1,-350.781,-7100.6,33.3978,0.757157,120,120,5,100,100,1,0,0);
REPLACE INTO `creature` VALUES (2581795,4076,0,0,0,1,-254.696,-7132.32,16.5629,6.02168,120,120,5,100,100,1,0,0);
REPLACE INTO `creature` VALUES (2581796,4076,0,0,0,1,-199.88,-7146.99,18.5843,6.02168,120,120,5,100,100,1,0,0);
REPLACE INTO `creature` VALUES (2581797,4076,0,0,0,1,-169.525,-7182.19,16.9502,5.17267,120,120,5,100,100,1,0,0);
REPLACE INTO `creature` VALUES (2581798,4076,0,0,0,1,-165.686,-7221.46,15.3122,4.84044,120,120,5,100,100,1,0,0);
REPLACE INTO `creature` VALUES (2581799,4076,0,0,0,1,-144.975,-7252.64,11.8239,5.68632,120,120,5,100,100,1,0,0);
REPLACE INTO `creature` VALUES (2581800,4076,0,0,0,1,-124.308,-7307.62,7.31443,4.43518,120,120,5,100,100,1,0,0);
REPLACE INTO `creature` VALUES (2581801,4076,0,0,0,1,-94.6298,-7335.5,16.9104,5.96827,120,120,5,100,100,1,0,0);
REPLACE INTO `creature` VALUES (2581802,4076,0,0,0,1,-62.9775,-7309.04,17.3447,0.765797,120,120,5,100,100,1,0,0);
REPLACE INTO `creature` VALUES (2581803,4076,0,0,0,1,-26.8653,-7279.49,16.9931,0.43593,120,120,5,100,100,1,0,0);
REPLACE INTO `creature` VALUES (2581804,4076,0,0,0,1,-2.86652,-7279.48,22.626,5.79784,120,120,5,100,100,1,0,0);
REPLACE INTO `creature` VALUES (2581805,4076,0,0,0,1,21.4251,-7317.01,22.3972,5.25827,120,120,5,100,100,1,0,0);
REPLACE INTO `creature` VALUES (2581806,4076,0,0,0,1,16.5313,-7363.07,19.6174,4.65823,120,120,5,100,100,1,0,0);
REPLACE INTO `creature` VALUES (2581807,4076,0,0,0,1,80.2561,-7339.43,30.3146,0.955863,120,120,5,100,100,1,0,0);
REPLACE INTO `creature` VALUES (2581808,4076,0,0,0,1,118.016,-7300.55,35.2648,0.22073,120,120,5,100,100,1,0,0);
REPLACE INTO `creature` VALUES (2581809,4076,0,0,0,1,172.359,-7401.46,36.7873,5.49703,120,120,5,100,100,1,0,0);
REPLACE INTO `creature` VALUES (2581810,4076,0,0,0,1,186.116,-7442.14,39.5508,4.90799,120,120,5,100,100,1,0,0);
REPLACE INTO `creature` VALUES (2581811,4076,0,0,0,1,119.18,-7498.92,44.4838,3.50526,120,120,5,100,100,1,0,0);
REPLACE INTO `creature` VALUES (2581812,4076,0,0,0,1,75.6176,-7583.34,46.7848,4.39591,120,120,5,100,100,1,0,0);
REPLACE INTO `creature` VALUES (2581813,4076,0,0,0,1,67.27,-7630.31,43.6547,4.69043,120,120,5,100,100,1,0,0);
REPLACE INTO `creature` VALUES (2581814,4076,0,0,0,1,67.8562,-7653.49,42.3432,3.46285,120,120,5,100,100,1,0,0);
REPLACE INTO `creature` VALUES (2581815,4076,0,0,0,1,18.8302,-7685.43,41.1841,4.19798,120,120,5,100,100,1,0,0);
REPLACE INTO `creature` VALUES (2581816,4076,0,0,0,1,-14.1193,-7685.5,15.3624,0.802707,120,120,5,100,100,1,0,0);
REPLACE INTO `creature` VALUES (2581817,4076,0,0,0,1,-19.7245,-7646.73,12.5903,2.32481,120,120,5,100,100,1,0,0);
REPLACE INTO `creature` VALUES (2581818,4076,0,0,0,1,-19.8849,-7608.66,13.961,1.15771,120,120,5,100,100,1,0,0);
REPLACE INTO `creature` VALUES (2581819,4076,0,0,0,1,-30.9481,-7573.6,12.7769,2.15359,120,120,5,100,100,1,0,0);
REPLACE INTO `creature` VALUES (2581820,4076,0,0,0,1,-51.9322,-7558.17,12.1339,2.64447,120,120,5,100,100,1,0,0);
REPLACE INTO `creature` VALUES (2581821,4076,0,0,0,1,-72.1227,-7525.27,14.0196,1.50407,120,120,5,100,100,1,0,0);
REPLACE INTO `creature` VALUES (2581822,4076,0,0,0,1,-98.5299,-7569.11,13.1473,3.99378,120,120,5,100,100,1,0,0);
REPLACE INTO `creature` VALUES (2581823,4075,0,0,0,1,-94.6419,-7588.71,16.0332,5.69967,120,120,5,100,100,1,0,0);
REPLACE INTO `creature` VALUES (2581824,4075,0,0,0,1,-60.8839,-7611.01,13.6826,5.69967,120,120,5,100,100,1,0,0);
REPLACE INTO `creature` VALUES (2581825,4075,0,0,0,1,-9.92344,-7636.62,13.0811,6.10493,120,120,5,100,100,1,0,0);
REPLACE INTO `creature` VALUES (2581826,4075,0,0,0,1,-30.8525,-7697.26,14.2522,3.86105,120,120,5,100,100,1,0,0);
REPLACE INTO `creature` VALUES (2581827,4075,0,0,0,1,-51.9114,-7522.58,12.5856,2.1371,120,120,5,100,100,1,0,0);
REPLACE INTO `creature` VALUES (2581828,4075,0,0,0,1,-82.3647,-7558.23,14.717,4.04012,120,120,5,100,100,1,0,0);
REPLACE INTO `creature` VALUES (2581829,4075,0,0,0,1,-67.493,-7602.8,13.4156,5.39022,120,120,5,100,100,1,0,0);
REPLACE INTO `creature` VALUES (2581830,4075,0,0,0,1,-42.1597,-7587.93,13.4399,0.10292,120,120,5,100,100,1,0,0);
REPLACE INTO `creature` VALUES (2581831,4075,0,0,0,1,-99.0345,-7609.92,16.2453,3.82178,120,120,5,100,100,1,0,0);
REPLACE INTO `creature` VALUES (2581832,4075,0,0,0,1,-110.649,-7628.4,12.4408,4.16579,120,120,5,100,100,1,0,0);
REPLACE INTO `creature` VALUES (2581833,4075,0,0,0,1,-129.491,-7645.02,9.12533,3.85713,120,120,5,100,100,1,0,0);
REPLACE INTO `creature` VALUES (2581834,4075,0,0,0,1,-155.422,-7680.42,4.35463,2.52038,120,120,5,100,100,1,0,0);
REPLACE INTO `creature` VALUES (2581835,4075,0,0,0,1,-193.007,-7669.17,-0.153923,2.71516,120,120,5,100,100,1,0,0);
REPLACE INTO `creature` VALUES (2581836,4075,0,0,0,1,-214.269,-7686.99,-5.37904,2.60441,120,120,5,100,100,1,0,0);
REPLACE INTO `creature` VALUES (2581837,4075,0,0,0,1,-184.374,-7675.39,-19.9132,5.69417,120,120,5,100,100,1,0,0);
REPLACE INTO `creature` VALUES (2581838,4075,0,0,0,1,-186.662,-7728.67,-33.5636,4.54278,120,120,5,100,100,1,0,0);
REPLACE INTO `creature` VALUES (2581839,4075,0,0,0,1,-175.205,-7782.98,-36.6344,4.63467,120,120,5,100,100,1,0,0);
REPLACE INTO `creature` VALUES (2581840,4075,0,0,0,1,-160.032,-7802.8,-37.0518,5.4452,120,120,5,100,100,1,0,0);
REPLACE INTO `creature` VALUES (2581841,4075,0,0,0,1,-190.464,-7770.53,-33.8211,2.14967,120,120,5,100,100,1,0,0);
REPLACE INTO `creature` VALUES (2581842,4075,0,0,0,1,15.7827,-7542.38,32.8071,0.306335,120,120,5,100,100,1,0,0);
REPLACE INTO `creature` VALUES (2581843,4075,0,0,0,1,-65.3846,-7408.73,24.1332,2.82904,120,120,5,100,100,1,0,0);
REPLACE INTO `creature` VALUES (2581844,4075,0,0,0,1,-149.584,-7372.4,23.2398,2.51488,120,120,5,100,100,1,0,0);
REPLACE INTO `creature` VALUES (2581845,4075,0,0,0,1,-118.618,-7549.37,40.3915,3.94036,120,120,5,100,100,1,0,0);
REPLACE INTO `creature` VALUES (2581846,4075,0,0,0,1,-131.316,-7554.93,41.0297,2.86123,120,120,5,100,100,1,0,0);

-- Changes by DRAGU
REPLACE INTO `creature_addon` (`guid`, `emote_state`) VALUES (2581276, 69);
REPLACE INTO `creature` VALUES (2581847,61769,0,0,0,0,2522.37,-2621.77,204.398,0.0321689,120,120,0,100,100,0,0,0);
REPLACE INTO `creature_addon` (`guid`, `stand_state`) VALUES (2581847, 2);
REPLACE INTO `creature_addon` (`guid`, `stand_state`) VALUES (2581847, 3);
REPLACE INTO `creature_addon` (`guid`, `stand_state`) VALUES (2581847, 4);
REPLACE INTO `creature_addon` (`guid`, `stand_state`) VALUES (2581847, 7);
UPDATE `creature` SET `position_x` = 2522.229736, `position_y` = -2621.769043, `position_z` = 204.437195, `orientation` = 3.268003 WHERE `guid` = 2581847;
REPLACE INTO `creature_addon` (`guid`, `stand_state`) VALUES (2581847, 7);
DELETE FROM creature WHERE guid=2581847;
DELETE FROM creature_addon WHERE guid=2581847;
DELETE FROM creature_movement WHERE id=2581847;
DELETE FROM game_event_creature WHERE guid=2581847;
DELETE FROM game_event_creature_data WHERE guid=2581847;
DELETE FROM creature_battleground WHERE guid=2581847;
REPLACE INTO `creature` VALUES (2581848,61796,0,0,0,0,4320.51,-3024.9,22.9217,0.0893464,120,120,0,100,100,0,0,0);
REPLACE INTO `creature` VALUES (2581849,61797,0,0,0,0,4321.12,-3027.32,22.9217,0.0893464,120,120,0,100,100,0,0,0);
REPLACE INTO `creature` VALUES (2581850,61798,0,0,0,0,4321.46,-3029.43,22.9217,0.34774,120,120,0,100,100,0,0,0);
REPLACE INTO `creature` VALUES (2581851,61796,0,0,0,0,4321.9,-3030.66,22.9217,0.34774,120,120,0,100,100,0,0,0);
REPLACE INTO `creature` VALUES (2581852,61799,0,0,0,0,4322.24,-3031.58,22.9217,0.34774,120,120,0,100,100,0,0,0);
DELETE FROM creature WHERE guid=2581851;
DELETE FROM creature_addon WHERE guid=2581851;
DELETE FROM creature_movement WHERE id=2581851;
DELETE FROM game_event_creature WHERE guid=2581851;
DELETE FROM game_event_creature_data WHERE guid=2581851;
DELETE FROM creature_battleground WHERE guid=2581851;
DELETE FROM creature WHERE guid=2581852;
DELETE FROM creature_addon WHERE guid=2581852;
DELETE FROM creature_movement WHERE id=2581852;
DELETE FROM game_event_creature WHERE guid=2581852;
DELETE FROM game_event_creature_data WHERE guid=2581852;
DELETE FROM creature_battleground WHERE guid=2581852;
DELETE FROM creature WHERE guid=2581849;
DELETE FROM creature_addon WHERE guid=2581849;
DELETE FROM creature_movement WHERE id=2581849;
DELETE FROM game_event_creature WHERE guid=2581849;
DELETE FROM game_event_creature_data WHERE guid=2581849;
DELETE FROM creature_battleground WHERE guid=2581849;
DELETE FROM creature WHERE guid=2581850;
DELETE FROM creature_addon WHERE guid=2581850;
DELETE FROM creature_movement WHERE id=2581850;
DELETE FROM game_event_creature WHERE guid=2581850;
DELETE FROM game_event_creature_data WHERE guid=2581850;
DELETE FROM creature_battleground WHERE guid=2581850;
DELETE FROM creature WHERE guid=2581848;
DELETE FROM creature_addon WHERE guid=2581848;
DELETE FROM creature_movement WHERE id=2581848;
DELETE FROM game_event_creature WHERE guid=2581848;
DELETE FROM game_event_creature_data WHERE guid=2581848;
DELETE FROM creature_battleground WHERE guid=2581848;
REPLACE INTO `creature` VALUES (2581853,61796,0,0,0,0,4362.29,-3116.47,16.7454,5.93,120,120,0,100,100,0,0,0);
REPLACE INTO `creature` VALUES (2581854,61798,0,0,0,0,4386.36,-1810.28,29.1931,4.56406,120,120,0,100,100,0,0,0);

-- Changes by MORIENA
REPLACE INTO `gameobject` VALUES ( 5017415, 2000181, 0, 2518.22, -2643.71, 221.021, 2.13567, 0, 0, 0.876158, 0.482023, 300, 300, 100, 1, 0, 0);
DELETE FROM gameobject WHERE guid = '5017415';
DELETE FROM game_event_gameobject WHERE guid = '5017415';
DELETE FROM gameobject_battleground WHERE guid = '5017415';
REPLACE INTO `gameobject` VALUES ( 5017416, 2006612, 0, 2519.73, -2641.84, 221.021, 3.36089, 0, 0, 0.993995, -0.109429, 300, 300, 100, 1, 0, 0);
DELETE FROM gameobject WHERE guid = '5017416';
DELETE FROM game_event_gameobject WHERE guid = '5017416';
DELETE FROM gameobject_battleground WHERE guid = '5017416';
REPLACE INTO `gameobject` VALUES ( 5017417, 2006605, 0, 2520.38, -2642.81, 221.021, 2.4514, 0, 0, 0.941043, 0.338288, 300, 300, 100, 1, 0, 0);
DELETE FROM gameobject WHERE guid = '5017417';
DELETE FROM game_event_gameobject WHERE guid = '5017417';
DELETE FROM gameobject_battleground WHERE guid = '5017417';
