-- Magical Maladies
delete from quest_template where entry = 41181;
replace into quest_template (prevquestid, entry, method, zoneorsort, questlevel, minlevel, questflags, specialflags, title, details, objectives, requestitemstext, offerrewardtext, reqitemid1, reqitemcount1, reqitemid2, reqitemcount2, reqitemid3, reqitemcount3, reqitemid4, reqitemcount4, reqcreatureorgoid1, reqcreatureorgocount1, reqcreatureorgoid2, reqcreatureorgocount2, reqcreatureorgoid3, reqcreatureorgocount3, reqcreatureorgoid4, reqcreatureorgocount4, srcitemid, srcitemcount, reworreqmoney, RewMoneyMaxLevel, rewxp, rewrepfaction1, rewrepvalue1,  rewrepfaction2, rewrepvalue2, rewrepfaction3, rewrepvalue3, rewrepfaction4, rewrepvalue4, rewspell, rewspellcast, completeemote, rewitemid1, rewitemcount1, rewitemid2, rewitemcount2, rewitemid3, rewitemcount3, rewitemid4, rewitemcount4, rewchoiceitemid1, rewchoiceitemcount1, rewchoiceitemid2, rewchoiceitemcount2, rewchoiceitemid3, rewchoiceitemcount3, rewchoiceitemid4, rewchoiceitemcount4,requiredminrepfaction,requiredminrepvalue,objectivetext1) values (0,41181,2,-161,10,10,0,0,'Magical Maladies','Hello, if it isn\'t the superhero themselves coming in to greet their old friend Wizette! I gotta say, you got a lot of goblins turning their heads wherever you\'re showing up. Our own personal celebrity, how charming.$B$BBut enough of that, we got work to do and I might need your assistance with something.$B$BGalvax up at the Water Hole ran into some renegade elementals that threaten our vital water supply and he can\'t handle it with the bruisers alone. Seems like these watery blobs don\'t fancy us taking all the water.$B$BI got a good hunch on how to deal with this from what he reported, I simply need a conduit of some sort. The Mudpaw Mystics to the northeast appear to carry magical orbs with them, bring me three, and we will continue with the plan.','Acquire three Mudpaw Oracle Orbs for Wizette Icewhistle at Rustgate Ridge.','I doubt they possess great magical power, so let us be safe and collect more than usually necessary.','Ew, I see they\'re taking their name too literally. Hang on to them for now - while you got your hands dirty, I found out how to help Galvax with his aquatic anomalies.',41067,3,0,0,0,0,0,0, 0,0,0,0,0,0,0,0, 0,0, 0,5040,840, 1001,100,0,0,0,0,0,0, 0,0,0, 0,0,0,0,0,0,0,0, 0,0,0,0,0,0,0,0, 0,0,'');

replace into creature_questrelation		(id, quest) values (80108, 41181);
replace into creature_involvedrelation  (id, quest) values (80108, 41181);
update quest_template set requiredclasses = 128		 where entry = 41181;
update quest_template set requiredraces = 256		 where entry = 41181;

replace into item_template (entry, display_id, name, class, quality, flags, buy_count, allowable_class, allowable_race, item_level, stackable, spellcooldown_1, spellcategorycooldown_1, spellcooldown_2, spellcategorycooldown_2, bonding, description, page_text, material) values
(41067,22923,'Mudpaw Oracle Orb',12,1,2048,1,-1,-1,1,3,-1,-1,-1,-1,4,'',0,4);

replace into creature_loot_template values
(61666,41067,-60,0,1,1,0);

-- Bubbling Baddies
delete from quest_template where entry = 41182;
replace into quest_template (prevquestid, entry, method, zoneorsort, questlevel, minlevel, questflags, specialflags, title, details, objectives, requestitemstext, offerrewardtext, reqitemid1, reqitemcount1, reqitemid2, reqitemcount2, reqitemid3, reqitemcount3, reqitemid4, reqitemcount4, reqcreatureorgoid1, reqcreatureorgocount1, reqcreatureorgoid2, reqcreatureorgocount2, reqcreatureorgoid3, reqcreatureorgocount3, reqcreatureorgoid4, reqcreatureorgocount4, srcitemid, srcitemcount, reworreqmoney, RewMoneyMaxLevel, rewxp, rewrepfaction1, rewrepvalue1,  rewrepfaction2, rewrepvalue2, rewrepfaction3, rewrepvalue3, rewrepfaction4, rewrepvalue4, rewspell, rewspellcast, completeemote, rewitemid1, rewitemcount1, rewitemid2, rewitemcount2, rewitemid3, rewitemcount3, rewitemid4, rewitemcount4, rewchoiceitemid1, rewchoiceitemcount1, rewchoiceitemid2, rewchoiceitemcount2, rewchoiceitemid3, rewchoiceitemcount3, rewchoiceitemid4, rewchoiceitemcount4,requiredminrepfaction,requiredminrepvalue,objectivetext1) values (41181,41182,2,-161,10,10,0,0,'Bubbling Baddies','It is actually quite simple, really. With the energies within these orbs and your magical channeling, you will have a good enough magical shielding against its attacks.$B$BBelieve it or not, but powerful mages and sorcerers are able to conjure and dominate their own water elemental. Our knowledge and control over the elements may not be as deep and spiritual as one of a shaman, but that doesn\'t mean we can\'t do wonders with them too. So, who knows? Maybe one day you\'re waltzing into this place hitching a ride on one of them!$B$BTake the orbs and go north to the water hole. Once there, brace yourself and whack the elemental out of Durotar Labor Union property!','Quench the water elemental threatening the water pump and bring its shackles to Wizette Icewhistle at Rustgate Ridge.','I will be with you in spirit!','You did it? Oh, and what are these? I\'d reckon proof of your deeds. Did you know elemental shackles fetch for a good price on the black market? Ofcourse you didn\'t, why else would you give them to me? Nuh-uh, too late, you can\'t take back a gift, no? Brings bad fortune after all!$B$BBut don\'t be mad, because of your help we won\'t die of thirst, and we\'re grateful for that! Take one of these as appreciation, I will probably not use them anytime soon.$B$B$n, I have to say: It has been a joy to work with you! Whether we will see eachother again or not, best of fortune to you, my friend!',41068,1,0,0,0,0,0,0, 0,0,0,0,0,0,0,0, 0,0, 0,5040,840, 1001,150,0,0,0,0,0,0, 0,0,0, 7508,1,9513,1,0,0,0,0, 0,0,0,0,0,0,0,0, 0,0,'');

replace into creature_questrelation		(id, quest) values (80108, 41182);
replace into creature_involvedrelation  (id, quest) values (80108, 41182);
update quest_template set requiredclasses = 128		 where entry = 41182;
update quest_template set requiredraces = 256		 where entry = 41182;

replace into item_template (entry, display_id, name, class, quality, flags, buy_count, allowable_class, allowable_race, item_level, stackable, spellcooldown_1, spellcategorycooldown_1, spellcooldown_2, spellcategorycooldown_2, bonding, description, page_text, material) values
(41068,31161,'Hydrophus\' Shackles',12,1,2048,1,-1,-1,1,1,-1,-1,-1,-1,4,'',0,3);

replace into creature_loot_template values
(61862,41068,-100,0,1,1,0);

REPLACE INTO creature_template VALUES
(61862, 5561, 0, 0, 0, 0, 'Hydrophus', NULL, 0, 11, 11, 392, 392, 392, 392, 511, 14, 0, 1, 1.14286, 1, 18, 5, 0, 0, 1, 21, 27, 4, 76, 1, 2000, 2000, 2, 0, 0, 0, 0, 0, 0, 0, 27.2272, 37.4374, 100, 4, 0, 61862, 0, 0, 0, 0, 0, 35, 0, 0, 0, 0, 0, 0, 0, 0, 0, NULL, 0, 0, 'EventAI', 0, 3, 0, 0, 3, 0, 0, 0, 0, 0, 0, 0, 0, ''),
(61863, 512, 0, 0, 0, 0, 'Grabb Mudhide', NULL, 0, 12, 12, 272, 272, 0, 0, 573, 61, 0, 1, 1.14286, 1.5, 18, 5, 0, 0, 1, 26, 30, 0, 66, 1, 2000, 2000, 1, 0, 0, 0, 0, 0, 0, 0, 21.2784, 29.2578, 100, 7, 0, 61863, 0, 0, 0, 0, 0, 0, 0, 0, 0, 0, 0, 0, 0, 0, 0, NULL, 0, 0, 'EventAI', 0, 3, 0, 0, 3, 0, 0, 0, 0, 0, 0, 0, 0, '');

set @equip_template = 20499; set @weapon_1 = 2055; set @weapon_2 = 0; set @weapon_3 = 0; set @creature = 61863;
replace into creature_equip_template values (@equip_template, @weapon_1, @weapon_2, @weapon_3);
update creature_template set equipment_id = @equip_template where entry = @creature; 

REPLACE INTO `broadcast_text` (`entry`, `male_text`, `female_text`, `chat_type`, `sound_id`, `language_id`, `emote_id1`, `emote_id2`, `emote_id3`, `emote_delay1`, `emote_delay2`, `emote_delay3`) VALUES
(30151, 'The water is not only yours to take!', NULL, 0, 0, 0, 0, 0, 0, 0, 0, 0);

delete from creature_ai_scripts where id = 2200044;
REPLACE INTO `creature_ai_scripts` (`id`, `delay`, `priority`, `command`, `datalong`, `datalong2`, `datalong3`, `datalong4`, `target_param1`, `target_param2`, `target_type`, `data_flags`, `dataint`, `dataint2`, `dataint3`, `dataint4`, `x`, `y`, `z`, `o`, `condition_id`, `comments`) VALUES
(2200044, 0, 0, 0, 0, 0, 0, 0, 0, 0, 0, 0, 30151, 0, 0, 0, 0, 0, 0, 0, 0, 'Hydrophus - Say on Aggro');

delete from creature_ai_events where id = 2200044;
REPLACE INTO `creature_ai_events` (`id`, `creature_id`, `condition_id`, `event_type`, `event_inverse_phase_mask`, `event_chance`, `event_flags`, `event_param1`, `event_param2`, `event_param3`, `event_param4`, `action1_script`, `action2_script`, `action3_script`, `comment`) VALUES
(2200044, 61670, 0, 4, 0, 100, 0, 0, 0, 0, 0, 2200044, 0, 0, 'Hydrophus - Say on Aggro');

-- Grabb Mudhide
set @creature_entry = 61863;
set @description = ': Grabb Mudhide';
set @spell_list_id = 180291;

set @spellid_1 = 3603; -- Distracting Pain
set @probability_1 = 100;
set @casttarget_1 = 1;
set @castflags_1 = 4;
set @delayinitialmin_1 = 0;
set @delayinitialmax_1 = 0;
set @delayrepeatmin_1 = 10;
set @delayrepeatmax_1 = 10;

set @spellid_2 = 0;
set @probability_2 = 0;
set @casttarget_2 = 0;
set @castflags_2 = 0;
set @delayinitialmin_2 = 0;
set @delayinitialmax_2 = 0;
set @delayrepeatmin_2 = 0;
set @delayrepeatmax_2 = 0;

set @spellid_3 = 0;
set @probability_3 = 0;
set @casttarget_3 = 0;
set @castflags_3 = 0;
set @delayinitialmin_3 = 0;
set @delayinitialmax_3 = 0;
set @delayrepeatmin_3 = 0;
set @delayrepeatmax_3 = 0;

set @spellid_4 = 0;
set @probability_4 = 0;
set @casttarget_4 = 0;
set @castflags_4 = 0;
set @delayinitialmin_4 = 0;
set @delayinitialmax_4 = 0;
set @delayrepeatmin_4 = 0;
set @delayrepeatmax_4 = 0;

set @spellid_5 = 0;
set @probability_5 = 0;
set @casttarget_5 = 0;
set @castflags_5 = 0;
set @delayinitialmin_5 = 0;
set @delayinitialmax_5 = 0;
set @delayrepeatmin_5 = 0;
set @delayrepeatmax_5 = 0;

set @spellid_6 = 0;
set @probability_6 = 0;
set @casttarget_6 = 0;
set @castflags_6 = 0;
set @delayinitialmin_6 = 0;
set @delayinitialmax_6 = 0;
set @delayrepeatmin_6 = 0;
set @delayrepeatmax_6 = 0;

set @spellid_7 = 0;
set @probability_7 = 0;
set @casttarget_7 = 0;
set @castflags_7 = 0;
set @delayinitialmin_7 = 0;
set @delayinitialmax_7 = 0;
set @delayrepeatmin_7 = 0;
set @delayrepeatmax_7 = 0;

set @spellid_8 = 0;
set @probability_8 = 0;
set @casttarget_8 = 0;
set @castflags_8 = 0;
set @delayinitialmin_8 = 0;
set @delayinitialmax_8 = 0;
set @delayrepeatmin_8 = 0;
set @delayrepeatmax_8 = 0;

-- Do not touch this part:
update creature_template set spell_list_id = @spell_list_id, ai_name = '', script_name = '', spell_id1 = 0, spell_id2 = 0, spell_id3 = 0 
where entry = @creature_entry;
replace into creature_spells (entry, name, 
spellid_1, probability_1, casttarget_1, castflags_1, delayinitialmin_1, delayinitialmax_1, delayrepeatmin_1, delayrepeatmax_1, 
spellid_2, probability_2, casttarget_2, castflags_2, delayinitialmin_2, delayinitialmax_2, delayrepeatmin_2, delayrepeatmax_2, 
spellid_3, probability_3, casttarget_3, castflags_3, delayinitialmin_3, delayinitialmax_3, delayrepeatmin_3, delayrepeatmax_3, 
spellid_4, probability_4, casttarget_4, castflags_4, delayinitialmin_4, delayinitialmax_4, delayrepeatmin_4, delayrepeatmax_4, 
spellid_5, probability_5, casttarget_5, castflags_5, delayinitialmin_5, delayinitialmax_5, delayrepeatmin_5, delayrepeatmax_5, 
spellid_6, probability_6, casttarget_6, castflags_6, delayinitialmin_6, delayinitialmax_6, delayrepeatmin_6, delayrepeatmax_6, 
spellid_7, probability_7, casttarget_7, castflags_7, delayinitialmin_7, delayinitialmax_7, delayrepeatmin_7, delayrepeatmax_7, 
spellid_8, probability_8, casttarget_8, castflags_8, delayinitialmin_8, delayinitialmax_8, delayrepeatmin_8, delayrepeatmax_8) 
values (@spell_list_id, @description,
@spellid_1, @probability_1, @casttarget_1, @castflags_1, @delayinitialmin_1, @delayinitialmax_1, @delayrepeatmin_1, @delayrepeatmax_1,
@spellid_2, @probability_2, @casttarget_2, @castflags_2, @delayinitialmin_2, @delayinitialmax_2, @delayrepeatmin_2, @delayrepeatmax_2,
@spellid_3, @probability_3, @casttarget_3, @castflags_3, @delayinitialmin_3, @delayinitialmax_3, @delayrepeatmin_3, @delayrepeatmax_3,
@spellid_4, @probability_4, @casttarget_4, @castflags_4, @delayinitialmin_4, @delayinitialmax_4, @delayrepeatmin_4, @delayrepeatmax_4,
@spellid_5, @probability_5, @casttarget_5, @castflags_5, @delayinitialmin_5, @delayinitialmax_5, @delayrepeatmin_5, @delayrepeatmax_5,
@spellid_6, @probability_6, @casttarget_6, @castflags_6, @delayinitialmin_6, @delayinitialmax_6, @delayrepeatmin_6, @delayrepeatmax_6,
@spellid_7, @probability_7, @casttarget_7, @castflags_7, @delayinitialmin_7, @delayinitialmax_7, @delayrepeatmin_7, @delayrepeatmax_7,
@spellid_8, @probability_8, @casttarget_8, @castflags_8, @delayinitialmin_8, @delayinitialmax_8, @delayrepeatmin_8, @delayrepeatmax_8);

-- Hydrophus
set @creature_entry = 61862;
set @description = ': Hydrophus';
set @spell_list_id = 180290;

set @spellid_1 = 205; -- Frostbolt
set @probability_1 = 100;
set @casttarget_1 = 1;
set @castflags_1 = 4;
set @delayinitialmin_1 = 0;
set @delayinitialmax_1 = 0;
set @delayrepeatmin_1 = 6;
set @delayrepeatmax_1 = 6;

set @spellid_2 = 0;
set @probability_2 = 0;
set @casttarget_2 = 0;
set @castflags_2 = 0;
set @delayinitialmin_2 = 0;
set @delayinitialmax_2 = 0;
set @delayrepeatmin_2 = 0;
set @delayrepeatmax_2 = 0;

set @spellid_3 = 0;
set @probability_3 = 0;
set @casttarget_3 = 0;
set @castflags_3 = 0;
set @delayinitialmin_3 = 0;
set @delayinitialmax_3 = 0;
set @delayrepeatmin_3 = 0;
set @delayrepeatmax_3 = 0;

set @spellid_4 = 0;
set @probability_4 = 0;
set @casttarget_4 = 0;
set @castflags_4 = 0;
set @delayinitialmin_4 = 0;
set @delayinitialmax_4 = 0;
set @delayrepeatmin_4 = 0;
set @delayrepeatmax_4 = 0;

set @spellid_5 = 0;
set @probability_5 = 0;
set @casttarget_5 = 0;
set @castflags_5 = 0;
set @delayinitialmin_5 = 0;
set @delayinitialmax_5 = 0;
set @delayrepeatmin_5 = 0;
set @delayrepeatmax_5 = 0;

set @spellid_6 = 0;
set @probability_6 = 0;
set @casttarget_6 = 0;
set @castflags_6 = 0;
set @delayinitialmin_6 = 0;
set @delayinitialmax_6 = 0;
set @delayrepeatmin_6 = 0;
set @delayrepeatmax_6 = 0;

set @spellid_7 = 0;
set @probability_7 = 0;
set @casttarget_7 = 0;
set @castflags_7 = 0;
set @delayinitialmin_7 = 0;
set @delayinitialmax_7 = 0;
set @delayrepeatmin_7 = 0;
set @delayrepeatmax_7 = 0;

set @spellid_8 = 0;
set @probability_8 = 0;
set @casttarget_8 = 0;
set @castflags_8 = 0;
set @delayinitialmin_8 = 0;
set @delayinitialmax_8 = 0;
set @delayrepeatmin_8 = 0;
set @delayrepeatmax_8 = 0;

-- Do not touch this part:
update creature_template set spell_list_id = @spell_list_id, ai_name = 'EventAI', script_name = '', spell_id1 = 0, spell_id2 = 0, spell_id3 = 0 
where entry = @creature_entry;
replace into creature_spells (entry, name, 
spellid_1, probability_1, casttarget_1, castflags_1, delayinitialmin_1, delayinitialmax_1, delayrepeatmin_1, delayrepeatmax_1, 
spellid_2, probability_2, casttarget_2, castflags_2, delayinitialmin_2, delayinitialmax_2, delayrepeatmin_2, delayrepeatmax_2, 
spellid_3, probability_3, casttarget_3, castflags_3, delayinitialmin_3, delayinitialmax_3, delayrepeatmin_3, delayrepeatmax_3, 
spellid_4, probability_4, casttarget_4, castflags_4, delayinitialmin_4, delayinitialmax_4, delayrepeatmin_4, delayrepeatmax_4, 
spellid_5, probability_5, casttarget_5, castflags_5, delayinitialmin_5, delayinitialmax_5, delayrepeatmin_5, delayrepeatmax_5, 
spellid_6, probability_6, casttarget_6, castflags_6, delayinitialmin_6, delayinitialmax_6, delayrepeatmin_6, delayrepeatmax_6, 
spellid_7, probability_7, casttarget_7, castflags_7, delayinitialmin_7, delayinitialmax_7, delayrepeatmin_7, delayrepeatmax_7, 
spellid_8, probability_8, casttarget_8, castflags_8, delayinitialmin_8, delayinitialmax_8, delayrepeatmin_8, delayrepeatmax_8) 
values (@spell_list_id, @description,
@spellid_1, @probability_1, @casttarget_1, @castflags_1, @delayinitialmin_1, @delayinitialmax_1, @delayrepeatmin_1, @delayrepeatmax_1,
@spellid_2, @probability_2, @casttarget_2, @castflags_2, @delayinitialmin_2, @delayinitialmax_2, @delayrepeatmin_2, @delayrepeatmax_2,
@spellid_3, @probability_3, @casttarget_3, @castflags_3, @delayinitialmin_3, @delayinitialmax_3, @delayrepeatmin_3, @delayrepeatmax_3,
@spellid_4, @probability_4, @casttarget_4, @castflags_4, @delayinitialmin_4, @delayinitialmax_4, @delayrepeatmin_4, @delayrepeatmax_4,
@spellid_5, @probability_5, @casttarget_5, @castflags_5, @delayinitialmin_5, @delayinitialmax_5, @delayrepeatmin_5, @delayrepeatmax_5,
@spellid_6, @probability_6, @casttarget_6, @castflags_6, @delayinitialmin_6, @delayinitialmax_6, @delayrepeatmin_6, @delayrepeatmax_6,
@spellid_7, @probability_7, @casttarget_7, @castflags_7, @delayinitialmin_7, @delayinitialmax_7, @delayrepeatmin_7, @delayrepeatmax_7,
@spellid_8, @probability_8, @casttarget_8, @castflags_8, @delayinitialmin_8, @delayinitialmax_8, @delayrepeatmin_8, @delayrepeatmax_8);

-- Ashen Pelts
delete from quest_template where entry = 41183;
replace into quest_template (prevquestid, entry, method, zoneorsort, questlevel, minlevel, questflags, specialflags, title, details, objectives, requestitemstext, offerrewardtext, reqitemid1, reqitemcount1, reqitemid2, reqitemcount2, reqitemid3, reqitemcount3, reqitemid4, reqitemcount4, reqcreatureorgoid1, reqcreatureorgocount1, reqcreatureorgoid2, reqcreatureorgocount2, reqcreatureorgoid3, reqcreatureorgocount3, reqcreatureorgoid4, reqcreatureorgocount4, srcitemid, srcitemcount, reworreqmoney, RewMoneyMaxLevel, rewxp, rewrepfaction1, rewrepvalue1,  rewrepfaction2, rewrepvalue2, rewrepfaction3, rewrepvalue3, rewrepfaction4, rewrepvalue4, rewspell, rewspellcast, completeemote, rewitemid1, rewitemcount1, rewitemid2, rewitemcount2, rewitemid3, rewitemcount3, rewitemid4, rewitemcount4, rewchoiceitemid1, rewchoiceitemcount1, rewchoiceitemid2, rewchoiceitemcount2, rewchoiceitemid3, rewchoiceitemcount3, rewchoiceitemid4, rewchoiceitemcount4,requiredminrepfaction,requiredminrepvalue,objectivetext1) values (0,41183,2,5536,6,3,0,0,'Ashen Pelts','I am keeping an eye on the pump here day in and day out. All around the clock I stand here and watch this cranky old thing hold on to dear life and try to make it keep doing so for the foreseeable future. Should this baby ever stop, I\'m in for a whole new world of trouble - trouble I would like to avoid.$B$BThe nights are getting colder by the day and I am not allowed to make a campfire in case it burns down the pump. Luckily I\'m a proficient leatherworker and can make myself a fine coat against the cold.$B$BIf you bring me pelts from the hyenas around here, I\'ll make you something too. Deal?','Bring six Ashpaw Pelts to Pumpworker Fizzlo at The Water Hole.','With a bit more payment on Rustgate\'s side, I wouldn\'t be complaining that much. But how things stand now, I definitely need to complain.','These are serviceable, not perfect, but that\'s fine. Much appreciated, buddy. Here, take this for your effort. You\'re a good goblin, one of the few.',41069,6,0,0,0,0,0,0, 0,0,0,0,0,0,0,0, 0,0, 0,2820,780, 1001,100,0,0,0,0,0,0, 0,0,0, 41070,1,0,0,0,0,0,0, 0,0,0,0,0,0,0,0, 0,0,'');

replace into creature_questrelation		(id, quest) values (61744, 41183);
replace into creature_involvedrelation  (id, quest) values (61744, 41183);
update quest_template set requiredraces = 434		 where entry = 41183;

replace into item_template (entry, display_id, name, class, quality, flags, buy_count, allowable_class, allowable_race, item_level, stackable, spellcooldown_1, spellcategorycooldown_1, spellcooldown_2, spellcategorycooldown_2, bonding, description, page_text, material) values
(41069,7740,'Ashpaw Pelt',12,1,2048,1,-1,-1,1,6,-1,-1,-1,-1,4,'',0,8);

replace into creature_loot_template values
(61658,41069,-50,0,1,1,0),
(61659,41069,-50,0,1,1,0);

REPLACE INTO item_template (`entry`, `class`, `subclass`, `name`, `description`, `display_id`, `quality`, `flags`, `buy_count`, `buy_price`, `sell_price`, `inventory_type`, `allowable_class`, `allowable_race`, `item_level`, `required_level`, `required_skill`, `required_skill_rank`, `required_spell`, `required_honor_rank`, `required_city_rank`, `required_reputation_faction`, `required_reputation_rank`, `max_count`, `stackable`, `container_slots`, `stat_type1`, `stat_value1`, `stat_type2`, `stat_value2`, `stat_type3`, `stat_value3`, `stat_type4`, `stat_value4`, `stat_type5`, `stat_value5`, `stat_type6`, `stat_value6`, `stat_type7`, `stat_value7`, `stat_type8`, `stat_value8`, `stat_type9`, `stat_value9`, `stat_type10`, `stat_value10`, `delay`, `range_mod`, `ammo_type`, `dmg_min1`, `dmg_max1`, `dmg_type1`, `dmg_min2`, `dmg_max2`, `dmg_type2`, `dmg_min3`, `dmg_max3`, `dmg_type3`, `dmg_min4`, `dmg_max4`, `dmg_type4`, `dmg_min5`, `dmg_max5`, `dmg_type5`, `block`, `armor`, `holy_res`, `fire_res`, `nature_res`, `frost_res`, `shadow_res`, `arcane_res`, `spellid_1`, `spelltrigger_1`, `spellcharges_1`, `spellppmrate_1`, `spellcooldown_1`, `spellcategory_1`, `spellcategorycooldown_1`, `spellid_2`, `spelltrigger_2`, `spellcharges_2`, `spellppmrate_2`, `spellcooldown_2`, `spellcategory_2`, `spellcategorycooldown_2`, `spellid_3`, `spelltrigger_3`, `spellcharges_3`, `spellppmrate_3`, `spellcooldown_3`, `spellcategory_3`, `spellcategorycooldown_3`, `spellid_4`, `spelltrigger_4`, `spellcharges_4`, `spellppmrate_4`, `spellcooldown_4`, `spellcategory_4`, `spellcategorycooldown_4`, `spellid_5`, `spelltrigger_5`, `spellcharges_5`, `spellppmrate_5`, `spellcooldown_5`, `spellcategory_5`, `spellcategorycooldown_5`, `bonding`, `page_text`, `page_language`, `page_material`, `start_quest`, `lock_id`, `material`, `sheath`, `random_property`, `set_id`, `max_durability`, `area_bound`, `map_bound`, `duration`, `bag_family`, `disenchant_id`, `food_type`, `min_money_loot`, `max_money_loot`, `wrapped_gift`, `extra_flags`, `other_team_entry`, `script_name`) VALUES
 ('41070', '4', '1', 'Ashpaw Mantle', '', '23025', '1', '0', '1', '288', '72', '16', '-1', '-1', '12',
 '0', '0', '0', '0', '0', '0', '0', '0', '0', '1', '0', '0', '0', '0', '0',
 '0', '0', '0', '0', '0', '0', '0', '0', '0', '0', '0', '0', '0', '0', '0', '0', '0', '0',
 '0', '0', '0', '0', '0', '0', '0', '0', '0', '0', '0', '0', '0', '0', '0', '0', '0', '11', '0', '0', '0',
 '0', '0', '0', '0', '0', '0', '0', '-1', '0', '-1', '0', '0', '0', '0', '-1', '0', '-1', '0', '0',
 '0', '0', '-1', '0', '-1', '0', '0', '0', '0', '-1', '0', '-1', '0', '0', '0', '0', '-1', '0',
 '-1', '1', '0', '0', '0', '0', '0', '0', '1', '0', '0', '0', '0', '0', '0', '0', '0', '0', '0', '0',
 '0', '0', '1', NULL);

-- Right From Under My Green Nose
delete from quest_template where entry = 41184;
replace into quest_template (prevquestid, entry, method, zoneorsort, questlevel, minlevel, questflags, specialflags, title, details, objectives, requestitemstext, offerrewardtext, reqitemid1, reqitemcount1, reqitemid2, reqitemcount2, reqitemid3, reqitemcount3, reqitemid4, reqitemcount4, reqcreatureorgoid1, reqcreatureorgocount1, reqcreatureorgoid2, reqcreatureorgocount2, reqcreatureorgoid3, reqcreatureorgocount3, reqcreatureorgoid4, reqcreatureorgocount4, srcitemid, srcitemcount, reworreqmoney, RewMoneyMaxLevel, rewxp, rewrepfaction1, rewrepvalue1,  rewrepfaction2, rewrepvalue2, rewrepfaction3, rewrepvalue3, rewrepfaction4, rewrepvalue4, rewspell, rewspellcast, completeemote, rewitemid1, rewitemcount1, rewitemid2, rewitemcount2, rewitemid3, rewitemcount3, rewitemid4, rewitemcount4, rewchoiceitemid1, rewchoiceitemcount1, rewchoiceitemid2, rewchoiceitemcount2, rewchoiceitemid3, rewchoiceitemcount3, rewchoiceitemid4, rewchoiceitemcount4,requiredminrepfaction,requiredminrepvalue,objectivetext1) values (0,41184,2,5536,8,3,0,0,'Right From Under My Green Nose','I know, I know. His Excellency in his tower is thirsty and now his brother sends a poor, gullible ant up here to get the shipment he was promised. Heard that atleast three times today. You see, I would love to send Rustgate his water, the issue is just that his way of leading doesn\'t sit well with some of the more… idealistic and naive idiots on this island.$B$BThe caravan that was supposed to bring Rustgate his refreshing liquid was ambushed and looted by the denizens of the slums up there. Guess they not only want their own water, but also make sure that the Supreme Overseer stays as dry as a murloc in Tanaris.$B$BIf you want to help - and I hope to all that is golden you want to - then go up there and bring the shipment of water to Supplymaster Maxlo. If you succeed, tell him what\'s going on here.','Recover Rustgate\'s Water Shipment and bring it to Supplymaster Maxlo in Rustgate Ridge.','Hey, you! What took you so long?','So the fools from the slums are really behind the ambushes. We\'d suspected the gnolls to be behind it, you know, how gnolls tend to act. But to be honest, it seemed too coordinated. Anyway, good job recovering the shipment, I will report this to Taxxlo. Something needs to be done about these rebels.',41071,1,0,0,0,0,0,0, 0,0,0,0,0,0,0,0, 0,0, 0,3360,560, 1001,200,0,0,0,0,0,0, 0,0,0, 0,0,0,0,0,0,0,0, 0,0,0,0,0,0,0,0, 0,0,'');

replace into creature_questrelation		(id, quest) values (61746, 41184);
replace into creature_involvedrelation  (id, quest) values (61746, 41184);
update quest_template set requiredraces = 434		 where entry = 41184;

replace into item_template (entry, display_id, name, class, quality, flags, buy_count, allowable_class, allowable_race, item_level, stackable, spellcooldown_1, spellcategorycooldown_1, spellcooldown_2, spellcategorycooldown_2, bonding, description, page_text, material) values
(41071,11113,'Rustgate\'s Water Shipment',12,1,2048,1,-1,-1,1,1,-1,-1,-1,-1,4,'',0,3);

REPLACE INTO gameobject_template VALUES
(2020070, 3, 1868, 'Stolen Water', 0, 4, 1, 43, 2020070, 0, 1, 0, 0, 0, 0, 0, 0, 0, 0, 0, 0, 0, 0, 0, 0, 0, 0, 0, 0, 0, 0, 0, 0, 0, '');

replace into gameobject_loot_template values
(2020070,41071,-100,0,1,1,0);

-- War On Mudpaw
delete from quest_template where entry = 41185;
replace into quest_template (prevquestid, entry, method, zoneorsort, questlevel, minlevel, questflags, specialflags, title, details, objectives, requestitemstext, offerrewardtext, reqitemid1, reqitemcount1, reqitemid2, reqitemcount2, reqitemid3, reqitemcount3, reqitemid4, reqitemcount4, reqcreatureorgoid1, reqcreatureorgocount1, reqcreatureorgoid2, reqcreatureorgocount2, reqcreatureorgoid3, reqcreatureorgocount3, reqcreatureorgoid4, reqcreatureorgocount4, srcitemid, srcitemcount, reworreqmoney, RewMoneyMaxLevel, rewxp, rewrepfaction1, rewrepvalue1,  rewrepfaction2, rewrepvalue2, rewrepfaction3, rewrepvalue3, rewrepfaction4, rewrepvalue4, rewspell, rewspellcast, completeemote, rewitemid1, rewitemcount1, rewitemid2, rewitemcount2, rewitemid3, rewitemcount3, rewitemid4, rewitemcount4, rewchoiceitemid1, rewchoiceitemcount1, rewchoiceitemid2, rewchoiceitemcount2, rewchoiceitemid3, rewchoiceitemcount3, rewchoiceitemid4, rewchoiceitemcount4,requiredminrepfaction,requiredminrepvalue,objectivetext1) values (0,41185,2,5536,8,3,0,0,'War On Mudpaw','If these Venture Co. folk up there weren\'t enough, just beyond this measly pond are the grubby paws of the gnolls, cackling and growling at us. All. The. Time. If I weren\'t busy guarding these dunderheads here, I\'d get my bludgeon and teach them a lesson or two myself. But I can\'t. And it makes me mad.$B$BEager to earn some coin? Bash some of their heads in and I\'ll make it worth your while. Bring me their armbands as proof, I don\'t trust anyone\'s word here - and you\'d do the same if you know what\'s best for you.','Collect Mudpaw Armbands from Mudpaw Gnolls for Bruiser Yevo at The Water Hole.','I\'ve been watching them ever since I was assigned this post here. Some of them are acting even more unreasonably than those squeaky gnomes.','I do wonder, what purpose do these serve? Some kind of tribal colour? Or maybe even more? Whatever, it doesn\'t really matter to me. Thank you, pal. These will be very useful in the outhouse.',41072,15,0,0,0,0,0,0, 0,0,0,0,0,0,0,0, 0,0, 0,3360,780, 1001,150,0,0,0,0,0,0, 0,0,0, 0,0,0,0,0,0,0,0, 0,0,0,0,0,0,0,0, 0,0,'');

replace into creature_questrelation		(id, quest) values (61747, 41185);
replace into creature_involvedrelation  (id, quest) values (61747, 41185);
update quest_template set requiredraces = 434		 where entry = 41185;

replace into item_template (entry, display_id, name, class, quality, flags, buy_count, allowable_class, allowable_race, item_level, stackable, spellcooldown_1, spellcategorycooldown_1, spellcooldown_2, spellcategorycooldown_2, bonding, description, page_text, material) values
(41072,24292,'Mudpaw Armband',12,1,2048,1,-1,-1,1,15,-1,-1,-1,-1,4,'',0,1);

replace into creature_loot_template values
(61663,41072,-80,0,1,1,0),
(61666,41072,-80,0,1,1,0),
(61665,41072,-80,0,1,1,0);

-- Grabb Mudhide
delete from quest_template where entry = 41186;
replace into quest_template (prevquestid, entry, method, zoneorsort, questlevel, minlevel, questflags, specialflags, title, details, objectives, requestitemstext, offerrewardtext, reqitemid1, reqitemcount1, reqitemid2, reqitemcount2, reqitemid3, reqitemcount3, reqitemid4, reqitemcount4, reqcreatureorgoid1, reqcreatureorgocount1, reqcreatureorgoid2, reqcreatureorgocount2, reqcreatureorgoid3, reqcreatureorgocount3, reqcreatureorgoid4, reqcreatureorgocount4, srcitemid, srcitemcount, reworreqmoney, RewMoneyMaxLevel, rewxp, rewrepfaction1, rewrepvalue1,  rewrepfaction2, rewrepvalue2, rewrepfaction3, rewrepvalue3, rewrepfaction4, rewrepvalue4, rewspell, rewspellcast, completeemote, rewitemid1, rewitemcount1, rewitemid2, rewitemcount2, rewitemid3, rewitemcount3, rewitemid4, rewitemcount4, rewchoiceitemid1, rewchoiceitemcount1, rewchoiceitemid2, rewchoiceitemcount2, rewchoiceitemid3, rewchoiceitemcount3, rewchoiceitemid4, rewchoiceitemcount4,requiredminrepfaction,requiredminrepvalue,objectivetext1) values (0,41186,2,5536,8,3,0,0,'Grabb Mudhide','As long as there is someone leading the heckling dogs over there, my problems won\'t stop anytime soon. From what I could gather, gnoll groups usually operate under the leadership of atleast one alpha that commands his subordinates rather violently. Heh, ironic, isn\'t it?$B$BI want you to get rid of their leading brute. Saw him a couple of times, taunting us. Blasted beast, Grabb Mudhide\'s his name. He usually frequents the cave just past this pond. Cut off his paw, I need a trophy to show my wife in Sparkwater that I\'m not just slacking off on this bleak island.','Bring Bruiser Yevo at The Water Hole the paw of Grabb Mudhide.','Murlocs, gnolls, makrura. Honestly, I have no clue which ones are more irritating, but if it were up to me, I\'d drive them all off of Durotar Labor Union property.','Haha! Wonderful, this will be a perfect gift for my darling Zanny. You are in my favour, $n, I\'ll tell the other bruisers to not hit you as hard from now on.',41073,1,0,0,0,0,0,0, 0,0,0,0,0,0,0,0, 0,0, 0,4560,880, 1001,200,0,0,0,0,0,0, 0,0,0, 0,0,0,0,0,0,0,0, 41074,1,41075,1,0,0,0,0, 0,0,'');

replace into creature_questrelation		(id, quest) values (61747, 41186);
replace into creature_involvedrelation  (id, quest) values (61747, 41186);
update quest_template set requiredraces = 434		 where entry = 41186;

replace into item_template (entry, display_id, name, class, quality, flags, buy_count, allowable_class, allowable_race, item_level, stackable, spellcooldown_1, spellcategorycooldown_1, spellcooldown_2, spellcategorycooldown_2, bonding, description, page_text, material) values
(41073,6671,'Paw of Grabb Mudhide',12,1,2048,1,-1,-1,1,1,-1,-1,-1,-1,4,'',0,3);

REPLACE INTO item_template (`entry`, `class`, `subclass`, `name`, `description`, `display_id`, `quality`, `flags`, `buy_count`, `buy_price`, `sell_price`, `inventory_type`, `allowable_class`, `allowable_race`, `item_level`, `required_level`, `required_skill`, `required_skill_rank`, `required_spell`, `required_honor_rank`, `required_city_rank`, `required_reputation_faction`, `required_reputation_rank`, `max_count`, `stackable`, `container_slots`, `stat_type1`, `stat_value1`, `stat_type2`, `stat_value2`, `stat_type3`, `stat_value3`, `stat_type4`, `stat_value4`, `stat_type5`, `stat_value5`, `stat_type6`, `stat_value6`, `stat_type7`, `stat_value7`, `stat_type8`, `stat_value8`, `stat_type9`, `stat_value9`, `stat_type10`, `stat_value10`, `delay`, `range_mod`, `ammo_type`, `dmg_min1`, `dmg_max1`, `dmg_type1`, `dmg_min2`, `dmg_max2`, `dmg_type2`, `dmg_min3`, `dmg_max3`, `dmg_type3`, `dmg_min4`, `dmg_max4`, `dmg_type4`, `dmg_min5`, `dmg_max5`, `dmg_type5`, `block`, `armor`, `holy_res`, `fire_res`, `nature_res`, `frost_res`, `shadow_res`, `arcane_res`, `spellid_1`, `spelltrigger_1`, `spellcharges_1`, `spellppmrate_1`, `spellcooldown_1`, `spellcategory_1`, `spellcategorycooldown_1`, `spellid_2`, `spelltrigger_2`, `spellcharges_2`, `spellppmrate_2`, `spellcooldown_2`, `spellcategory_2`, `spellcategorycooldown_2`, `spellid_3`, `spelltrigger_3`, `spellcharges_3`, `spellppmrate_3`, `spellcooldown_3`, `spellcategory_3`, `spellcategorycooldown_3`, `spellid_4`, `spelltrigger_4`, `spellcharges_4`, `spellppmrate_4`, `spellcooldown_4`, `spellcategory_4`, `spellcategorycooldown_4`, `spellid_5`, `spelltrigger_5`, `spellcharges_5`, `spellppmrate_5`, `spellcooldown_5`, `spellcategory_5`, `spellcategorycooldown_5`, `bonding`, `page_text`, `page_language`, `page_material`, `start_quest`, `lock_id`, `material`, `sheath`, `random_property`, `set_id`, `max_durability`, `area_bound`, `map_bound`, `duration`, `bag_family`, `disenchant_id`, `food_type`, `min_money_loot`, `max_money_loot`, `wrapped_gift`, `extra_flags`, `other_team_entry`, `script_name`) VALUES
 ('41074', '4', '1', 'Dusty Cuffs', '', '16892', '1', '0', '1', '128', '32', '9', '-1', '-1', '12',
 '0', '0', '0', '0', '0', '0', '0', '0', '0', '1', '0', '0', '0', '0', '0',
 '0', '0', '0', '0', '0', '0', '0', '0', '0', '0', '0', '0', '0', '0', '0', '0', '0', '0',
 '0', '0', '0', '0', '0', '0', '0', '0', '0', '0', '0', '0', '0', '0', '0', '0', '0', '9', '0', '0', '0',
 '0', '0', '0', '0', '0', '0', '0', '-1', '0', '-1', '0', '0', '0', '0', '-1', '0', '-1', '0', '0',
 '0', '0', '-1', '0', '-1', '0', '0', '0', '0', '-1', '0', '-1', '0', '0', '0', '0', '-1', '0',
 '-1', '1', '0', '0', '0', '0', '0', '0', '0', '0', '0', '16', '0', '0', '0', '0', '0', '0', '0', '0',
 '0', '0', '1', NULL);

REPLACE INTO item_template (`entry`, `class`, `subclass`, `name`, `description`, `display_id`, `quality`, `flags`, `buy_count`, `buy_price`, `sell_price`, `inventory_type`, `allowable_class`, `allowable_race`, `item_level`, `required_level`, `required_skill`, `required_skill_rank`, `required_spell`, `required_honor_rank`, `required_city_rank`, `required_reputation_faction`, `required_reputation_rank`, `max_count`, `stackable`, `container_slots`, `stat_type1`, `stat_value1`, `stat_type2`, `stat_value2`, `stat_type3`, `stat_value3`, `stat_type4`, `stat_value4`, `stat_type5`, `stat_value5`, `stat_type6`, `stat_value6`, `stat_type7`, `stat_value7`, `stat_type8`, `stat_value8`, `stat_type9`, `stat_value9`, `stat_type10`, `stat_value10`, `delay`, `range_mod`, `ammo_type`, `dmg_min1`, `dmg_max1`, `dmg_type1`, `dmg_min2`, `dmg_max2`, `dmg_type2`, `dmg_min3`, `dmg_max3`, `dmg_type3`, `dmg_min4`, `dmg_max4`, `dmg_type4`, `dmg_min5`, `dmg_max5`, `dmg_type5`, `block`, `armor`, `holy_res`, `fire_res`, `nature_res`, `frost_res`, `shadow_res`, `arcane_res`, `spellid_1`, `spelltrigger_1`, `spellcharges_1`, `spellppmrate_1`, `spellcooldown_1`, `spellcategory_1`, `spellcategorycooldown_1`, `spellid_2`, `spelltrigger_2`, `spellcharges_2`, `spellppmrate_2`, `spellcooldown_2`, `spellcategory_2`, `spellcategorycooldown_2`, `spellid_3`, `spelltrigger_3`, `spellcharges_3`, `spellppmrate_3`, `spellcooldown_3`, `spellcategory_3`, `spellcategorycooldown_3`, `spellid_4`, `spelltrigger_4`, `spellcharges_4`, `spellppmrate_4`, `spellcooldown_4`, `spellcategory_4`, `spellcategorycooldown_4`, `spellid_5`, `spelltrigger_5`, `spellcharges_5`, `spellppmrate_5`, `spellcooldown_5`, `spellcategory_5`, `spellcategorycooldown_5`, `bonding`, `page_text`, `page_language`, `page_material`, `start_quest`, `lock_id`, `material`, `sheath`, `random_property`, `set_id`, `max_durability`, `area_bound`, `map_bound`, `duration`, `bag_family`, `disenchant_id`, `food_type`, `min_money_loot`, `max_money_loot`, `wrapped_gift`, `extra_flags`, `other_team_entry`, `script_name`) VALUES
 ('41075', '4', '3', 'Rusty Chain Belt', '', '7563', '1', '0', '1', '288', '72', '6', '-1', '-1', '12',
 '0', '0', '0', '0', '0', '0', '0', '0', '0', '1', '0', '0', '0', '0', '0',
 '0', '0', '0', '0', '0', '0', '0', '0', '0', '0', '0', '0', '0', '0', '0', '0', '0', '0',
 '0', '0', '0', '0', '0', '0', '0', '0', '0', '0', '0', '0', '0', '0', '0', '0', '0', '65', '0', '0', '0',
 '0', '0', '0', '0', '0', '0', '0', '-1', '0', '-1', '0', '0', '0', '0', '-1', '0', '-1', '0', '0',
 '0', '0', '-1', '0', '-1', '0', '0', '0', '0', '-1', '0', '-1', '0', '0', '0', '0', '-1', '0',
 '-1', '1', '0', '0', '0', '0', '0', '0', '0', '0', '0', '20', '0', '0', '0', '0', '0', '0', '0', '0',
 '0', '0', '1', NULL);

-- Loot table: Grabb Mudhide.
REPLACE INTO `creature_loot_template` (`entry`, `item`, `ChanceOrQuestChance`, `groupid`, `mincountOrRef`, `maxcount`, `condition_id`) VALUES (61863, 41073, -100, 0, 1, 1, 0);
REPLACE INTO `creature_loot_template` (`entry`, `item`, `ChanceOrQuestChance`, `groupid`, `mincountOrRef`, `maxcount`, `condition_id`) VALUES (61863, 4536, 0.0029, 0, 1, 1, 0);
REPLACE INTO `creature_loot_template` (`entry`, `item`, `ChanceOrQuestChance`, `groupid`, `mincountOrRef`, `maxcount`, `condition_id`) VALUES (61863, 3213, 0.0117, 0, 1, 1, 0);
REPLACE INTO `creature_loot_template` (`entry`, `item`, `ChanceOrQuestChance`, `groupid`, `mincountOrRef`, `maxcount`, `condition_id`) VALUES (61863, 4690, 0.0117, 0, 1, 1, 0);
REPLACE INTO `creature_loot_template` (`entry`, `item`, `ChanceOrQuestChance`, `groupid`, `mincountOrRef`, `maxcount`, `condition_id`) VALUES (61863, 9762, 0.0117, 0, 1, 1, 0);
REPLACE INTO `creature_loot_template` (`entry`, `item`, `ChanceOrQuestChance`, `groupid`, `mincountOrRef`, `maxcount`, `condition_id`) VALUES (61863, 4684, 0.0147, 0, 1, 1, 0);
REPLACE INTO `creature_loot_template` (`entry`, `item`, `ChanceOrQuestChance`, `groupid`, `mincountOrRef`, `maxcount`, `condition_id`) VALUES (61863, 9746, 0.0147, 0, 1, 1, 0);
REPLACE INTO `creature_loot_template` (`entry`, `item`, `ChanceOrQuestChance`, `groupid`, `mincountOrRef`, `maxcount`, `condition_id`) VALUES (61863, 4677, 0.0176, 0, 1, 1, 0);
REPLACE INTO `creature_loot_template` (`entry`, `item`, `ChanceOrQuestChance`, `groupid`, `mincountOrRef`, `maxcount`, `condition_id`) VALUES (61863, 787, 0.02, 0, 1, 1, 0);
REPLACE INTO `creature_loot_template` (`entry`, `item`, `ChanceOrQuestChance`, `groupid`, `mincountOrRef`, `maxcount`, `condition_id`) VALUES (61863, 1210, 0.02, 0, 1, 1, 0);
REPLACE INTO `creature_loot_template` (`entry`, `item`, `ChanceOrQuestChance`, `groupid`, `mincountOrRef`, `maxcount`, `condition_id`) VALUES (61863, 2070, 0.02, 0, 1, 1, 0);
REPLACE INTO `creature_loot_template` (`entry`, `item`, `ChanceOrQuestChance`, `groupid`, `mincountOrRef`, `maxcount`, `condition_id`) VALUES (61863, 2406, 0.02, 0, 1, 1, 0);
REPLACE INTO `creature_loot_template` (`entry`, `item`, `ChanceOrQuestChance`, `groupid`, `mincountOrRef`, `maxcount`, `condition_id`) VALUES (61863, 2407, 0.02, 0, 1, 1, 0);
REPLACE INTO `creature_loot_template` (`entry`, `item`, `ChanceOrQuestChance`, `groupid`, `mincountOrRef`, `maxcount`, `condition_id`) VALUES (61863, 2408, 0.02, 0, 1, 1, 0);
REPLACE INTO `creature_loot_template` (`entry`, `item`, `ChanceOrQuestChance`, `groupid`, `mincountOrRef`, `maxcount`, `condition_id`) VALUES (61863, 2449, 0.02, 0, 1, 1, 0);
REPLACE INTO `creature_loot_template` (`entry`, `item`, `ChanceOrQuestChance`, `groupid`, `mincountOrRef`, `maxcount`, `condition_id`) VALUES (61863, 2553, 0.02, 0, 1, 1, 0);
REPLACE INTO `creature_loot_template` (`entry`, `item`, `ChanceOrQuestChance`, `groupid`, `mincountOrRef`, `maxcount`, `condition_id`) VALUES (61863, 2555, 0.02, 0, 1, 1, 0);
REPLACE INTO `creature_loot_template` (`entry`, `item`, `ChanceOrQuestChance`, `groupid`, `mincountOrRef`, `maxcount`, `condition_id`) VALUES (61863, 3610, 0.02, 0, 1, 1, 0);
REPLACE INTO `creature_loot_template` (`entry`, `item`, `ChanceOrQuestChance`, `groupid`, `mincountOrRef`, `maxcount`, `condition_id`) VALUES (61863, 4408, 0.02, 0, 1, 1, 0);
REPLACE INTO `creature_loot_template` (`entry`, `item`, `ChanceOrQuestChance`, `groupid`, `mincountOrRef`, `maxcount`, `condition_id`) VALUES (61863, 4540, 0.02, 0, 1, 1, 0);
REPLACE INTO `creature_loot_template` (`entry`, `item`, `ChanceOrQuestChance`, `groupid`, `mincountOrRef`, `maxcount`, `condition_id`) VALUES (61863, 4560, 0.02, 0, 1, 1, 0);
REPLACE INTO `creature_loot_template` (`entry`, `item`, `ChanceOrQuestChance`, `groupid`, `mincountOrRef`, `maxcount`, `condition_id`) VALUES (61863, 4565, 0.02, 0, 1, 1, 0);
REPLACE INTO `creature_loot_template` (`entry`, `item`, `ChanceOrQuestChance`, `groupid`, `mincountOrRef`, `maxcount`, `condition_id`) VALUES (61863, 4604, 0.02, 0, 1, 1, 0);
REPLACE INTO `creature_loot_template` (`entry`, `item`, `ChanceOrQuestChance`, `groupid`, `mincountOrRef`, `maxcount`, `condition_id`) VALUES (61863, 5498, 0.02, 0, 1, 1, 0);
REPLACE INTO `creature_loot_template` (`entry`, `item`, `ChanceOrQuestChance`, `groupid`, `mincountOrRef`, `maxcount`, `condition_id`) VALUES (61863, 5503, 0.02, 0, 1, 1, 0);
REPLACE INTO `creature_loot_template` (`entry`, `item`, `ChanceOrQuestChance`, `groupid`, `mincountOrRef`, `maxcount`, `condition_id`) VALUES (61863, 6271, 0.02, 0, 1, 1, 0);
REPLACE INTO `creature_loot_template` (`entry`, `item`, `ChanceOrQuestChance`, `groupid`, `mincountOrRef`, `maxcount`, `condition_id`) VALUES (61863, 6342, 0.02, 0, 1, 1, 0);
REPLACE INTO `creature_loot_template` (`entry`, `item`, `ChanceOrQuestChance`, `groupid`, `mincountOrRef`, `maxcount`, `condition_id`) VALUES (61863, 7288, 0.02, 0, 1, 1, 0);
REPLACE INTO `creature_loot_template` (`entry`, `item`, `ChanceOrQuestChance`, `groupid`, `mincountOrRef`, `maxcount`, `condition_id`) VALUES (61863, 8177, 0.02, 0, 1, 1, 0);
REPLACE INTO `creature_loot_template` (`entry`, `item`, `ChanceOrQuestChance`, `groupid`, `mincountOrRef`, `maxcount`, `condition_id`) VALUES (61863, 8182, 0.02, 0, 1, 1, 0);
REPLACE INTO `creature_loot_template` (`entry`, `item`, `ChanceOrQuestChance`, `groupid`, `mincountOrRef`, `maxcount`, `condition_id`) VALUES (61863, 4683, 0.0205, 0, 1, 1, 0);
REPLACE INTO `creature_loot_template` (`entry`, `item`, `ChanceOrQuestChance`, `groupid`, `mincountOrRef`, `maxcount`, `condition_id`) VALUES (61863, 4689, 0.0205, 0, 1, 1, 0);
REPLACE INTO `creature_loot_template` (`entry`, `item`, `ChanceOrQuestChance`, `groupid`, `mincountOrRef`, `maxcount`, `condition_id`) VALUES (61863, 9755, 0.0205, 0, 1, 1, 0);
REPLACE INTO `creature_loot_template` (`entry`, `item`, `ChanceOrQuestChance`, `groupid`, `mincountOrRef`, `maxcount`, `condition_id`) VALUES (61863, 9759, 0.0205, 0, 1, 1, 0);
REPLACE INTO `creature_loot_template` (`entry`, `item`, `ChanceOrQuestChance`, `groupid`, `mincountOrRef`, `maxcount`, `condition_id`) VALUES (61863, 9750, 0.0234, 0, 1, 1, 0);
REPLACE INTO `creature_loot_template` (`entry`, `item`, `ChanceOrQuestChance`, `groupid`, `mincountOrRef`, `maxcount`, `condition_id`) VALUES (61863, 9745, 0.0264, 0, 1, 1, 0);
REPLACE INTO `creature_loot_template` (`entry`, `item`, `ChanceOrQuestChance`, `groupid`, `mincountOrRef`, `maxcount`, `condition_id`) VALUES (61863, 9760, 0.0293, 0, 1, 1, 0);
REPLACE INTO `creature_loot_template` (`entry`, `item`, `ChanceOrQuestChance`, `groupid`, `mincountOrRef`, `maxcount`, `condition_id`) VALUES (61863, 9758, 0.0322, 0, 1, 1, 0);
REPLACE INTO `creature_loot_template` (`entry`, `item`, `ChanceOrQuestChance`, `groupid`, `mincountOrRef`, `maxcount`, `condition_id`) VALUES (61863, 6506, 0.0352, 0, 1, 1, 0);
REPLACE INTO `creature_loot_template` (`entry`, `item`, `ChanceOrQuestChance`, `groupid`, `mincountOrRef`, `maxcount`, `condition_id`) VALUES (61863, 9742, 0.0381, 0, 1, 1, 0);
REPLACE INTO `creature_loot_template` (`entry`, `item`, `ChanceOrQuestChance`, `groupid`, `mincountOrRef`, `maxcount`, `condition_id`) VALUES (61863, 9744, 0.0381, 0, 1, 1, 0);
REPLACE INTO `creature_loot_template` (`entry`, `item`, `ChanceOrQuestChance`, `groupid`, `mincountOrRef`, `maxcount`, `condition_id`) VALUES (61863, 9752, 0.0381, 0, 1, 1, 0);
REPLACE INTO `creature_loot_template` (`entry`, `item`, `ChanceOrQuestChance`, `groupid`, `mincountOrRef`, `maxcount`, `condition_id`) VALUES (61863, 9761, 0.0381, 0, 1, 1, 0);
REPLACE INTO `creature_loot_template` (`entry`, `item`, `ChanceOrQuestChance`, `groupid`, `mincountOrRef`, `maxcount`, `condition_id`) VALUES (61863, 765, 0.04, 0, 1, 1, 0);
REPLACE INTO `creature_loot_template` (`entry`, `item`, `ChanceOrQuestChance`, `groupid`, `mincountOrRef`, `maxcount`, `condition_id`) VALUES (61863, 2447, 0.04, 0, 1, 1, 0);
REPLACE INTO `creature_loot_template` (`entry`, `item`, `ChanceOrQuestChance`, `groupid`, `mincountOrRef`, `maxcount`, `condition_id`) VALUES (61863, 2835, 0.04, 0, 1, 1, 0);
REPLACE INTO `creature_loot_template` (`entry`, `item`, `ChanceOrQuestChance`, `groupid`, `mincountOrRef`, `maxcount`, `condition_id`) VALUES (61863, 9754, 0.044, 0, 1, 1, 0);
REPLACE INTO `creature_loot_template` (`entry`, `item`, `ChanceOrQuestChance`, `groupid`, `mincountOrRef`, `maxcount`, `condition_id`) VALUES (61863, 15895, 0.044, 0, 1, 1, 0);
REPLACE INTO `creature_loot_template` (`entry`, `item`, `ChanceOrQuestChance`, `groupid`, `mincountOrRef`, `maxcount`, `condition_id`) VALUES (61863, 9743, 0.0469, 0, 1, 1, 0);
REPLACE INTO `creature_loot_template` (`entry`, `item`, `ChanceOrQuestChance`, `groupid`, `mincountOrRef`, `maxcount`, `condition_id`) VALUES (61863, 9751, 0.0469, 0, 1, 1, 0);
REPLACE INTO `creature_loot_template` (`entry`, `item`, `ChanceOrQuestChance`, `groupid`, `mincountOrRef`, `maxcount`, `condition_id`) VALUES (61863, 6510, 0.0528, 0, 1, 1, 0);
REPLACE INTO `creature_loot_template` (`entry`, `item`, `ChanceOrQuestChance`, `groupid`, `mincountOrRef`, `maxcount`, `condition_id`) VALUES (61863, 6518, 0.0528, 0, 1, 1, 0);
REPLACE INTO `creature_loot_template` (`entry`, `item`, `ChanceOrQuestChance`, `groupid`, `mincountOrRef`, `maxcount`, `condition_id`) VALUES (61863, 2770, 0.06, 0, 1, 1, 0);
REPLACE INTO `creature_loot_template` (`entry`, `item`, `ChanceOrQuestChance`, `groupid`, `mincountOrRef`, `maxcount`, `condition_id`) VALUES (61863, 4665, 0.0733, 0, 1, 1, 0);
REPLACE INTO `creature_loot_template` (`entry`, `item`, `ChanceOrQuestChance`, `groupid`, `mincountOrRef`, `maxcount`, `condition_id`) VALUES (61863, 7109, 0.0762, 0, 1, 1, 0);
REPLACE INTO `creature_loot_template` (`entry`, `item`, `ChanceOrQuestChance`, `groupid`, `mincountOrRef`, `maxcount`, `condition_id`) VALUES (61863, 6509, 0.0879, 0, 1, 1, 0);
REPLACE INTO `creature_loot_template` (`entry`, `item`, `ChanceOrQuestChance`, `groupid`, `mincountOrRef`, `maxcount`, `condition_id`) VALUES (61863, 6521, 0.0879, 0, 1, 1, 0);
REPLACE INTO `creature_loot_template` (`entry`, `item`, `ChanceOrQuestChance`, `groupid`, `mincountOrRef`, `maxcount`, `condition_id`) VALUES (61863, 3189, 0.1, 0, 1, 1, 0);
REPLACE INTO `creature_loot_template` (`entry`, `item`, `ChanceOrQuestChance`, `groupid`, `mincountOrRef`, `maxcount`, `condition_id`) VALUES (61863, 6515, 0.1, 0, 1, 1, 0);
REPLACE INTO `creature_loot_template` (`entry`, `item`, `ChanceOrQuestChance`, `groupid`, `mincountOrRef`, `maxcount`, `condition_id`) VALUES (61863, 3200, 0.1055, 0, 1, 1, 0);
REPLACE INTO `creature_loot_template` (`entry`, `item`, `ChanceOrQuestChance`, `groupid`, `mincountOrRef`, `maxcount`, `condition_id`) VALUES (61863, 6517, 0.1055, 0, 1, 1, 0);
REPLACE INTO `creature_loot_template` (`entry`, `item`, `ChanceOrQuestChance`, `groupid`, `mincountOrRef`, `maxcount`, `condition_id`) VALUES (61863, 6507, 0.1114, 0, 1, 1, 0);
REPLACE INTO `creature_loot_template` (`entry`, `item`, `ChanceOrQuestChance`, `groupid`, `mincountOrRef`, `maxcount`, `condition_id`) VALUES (61863, 767, 0.12, 0, 1, 1, 0);
REPLACE INTO `creature_loot_template` (`entry`, `item`, `ChanceOrQuestChance`, `groupid`, `mincountOrRef`, `maxcount`, `condition_id`) VALUES (61863, 1438, 0.12, 0, 1, 1, 0);
REPLACE INTO `creature_loot_template` (`entry`, `item`, `ChanceOrQuestChance`, `groupid`, `mincountOrRef`, `maxcount`, `condition_id`) VALUES (61863, 3190, 0.12, 0, 1, 1, 0);
REPLACE INTO `creature_loot_template` (`entry`, `item`, `ChanceOrQuestChance`, `groupid`, `mincountOrRef`, `maxcount`, `condition_id`) VALUES (61863, 7351, 0.12, 0, 1, 1, 0);
REPLACE INTO `creature_loot_template` (`entry`, `item`, `ChanceOrQuestChance`, `groupid`, `mincountOrRef`, `maxcount`, `condition_id`) VALUES (61863, 6508, 0.1231, 0, 1, 1, 0);
REPLACE INTO `creature_loot_template` (`entry`, `item`, `ChanceOrQuestChance`, `groupid`, `mincountOrRef`, `maxcount`, `condition_id`) VALUES (61863, 2964, 0.126, 0, 1, 1, 0);
REPLACE INTO `creature_loot_template` (`entry`, `item`, `ChanceOrQuestChance`, `groupid`, `mincountOrRef`, `maxcount`, `condition_id`) VALUES (61863, 4658, 0.14, 0, 1, 1, 0);
REPLACE INTO `creature_loot_template` (`entry`, `item`, `ChanceOrQuestChance`, `groupid`, `mincountOrRef`, `maxcount`, `condition_id`) VALUES (61863, 4659, 0.14, 0, 1, 1, 0);
REPLACE INTO `creature_loot_template` (`entry`, `item`, `ChanceOrQuestChance`, `groupid`, `mincountOrRef`, `maxcount`, `condition_id`) VALUES (61863, 6519, 0.1553, 0, 1, 1, 0);
REPLACE INTO `creature_loot_template` (`entry`, `item`, `ChanceOrQuestChance`, `groupid`, `mincountOrRef`, `maxcount`, `condition_id`) VALUES (61863, 6520, 0.1758, 0, 1, 1, 0);
REPLACE INTO `creature_loot_template` (`entry`, `item`, `ChanceOrQuestChance`, `groupid`, `mincountOrRef`, `maxcount`, `condition_id`) VALUES (61863, 4662, 0.2, 0, 1, 1, 0);
REPLACE INTO `creature_loot_template` (`entry`, `item`, `ChanceOrQuestChance`, `groupid`, `mincountOrRef`, `maxcount`, `condition_id`) VALUES (61863, 4666, 0.2052, 0, 1, 1, 0);
REPLACE INTO `creature_loot_template` (`entry`, `item`, `ChanceOrQuestChance`, `groupid`, `mincountOrRef`, `maxcount`, `condition_id`) VALUES (61863, 2598, 0.22, 0, 1, 1, 0);
REPLACE INTO `creature_loot_template` (`entry`, `item`, `ChanceOrQuestChance`, `groupid`, `mincountOrRef`, `maxcount`, `condition_id`) VALUES (61863, 2967, 0.22, 0, 1, 1, 0);
REPLACE INTO `creature_loot_template` (`entry`, `item`, `ChanceOrQuestChance`, `groupid`, `mincountOrRef`, `maxcount`, `condition_id`) VALUES (61863, 3609, 0.22, 0, 1, 1, 0);
REPLACE INTO `creature_loot_template` (`entry`, `item`, `ChanceOrQuestChance`, `groupid`, `mincountOrRef`, `maxcount`, `condition_id`) VALUES (61863, 3641, 0.22, 0, 1, 1, 0);
REPLACE INTO `creature_loot_template` (`entry`, `item`, `ChanceOrQuestChance`, `groupid`, `mincountOrRef`, `maxcount`, `condition_id`) VALUES (61863, 2963, 0.2286, 0, 1, 1, 0);
REPLACE INTO `creature_loot_template` (`entry`, `item`, `ChanceOrQuestChance`, `groupid`, `mincountOrRef`, `maxcount`, `condition_id`) VALUES (61863, 6514, 0.24, 0, 1, 1, 0);
REPLACE INTO `creature_loot_template` (`entry`, `item`, `ChanceOrQuestChance`, `groupid`, `mincountOrRef`, `maxcount`, `condition_id`) VALUES (61863, 7350, 0.24, 0, 1, 1, 0);
REPLACE INTO `creature_loot_template` (`entry`, `item`, `ChanceOrQuestChance`, `groupid`, `mincountOrRef`, `maxcount`, `condition_id`) VALUES (61863, 805, 0.25, 0, 1, 1, 0);
REPLACE INTO `creature_loot_template` (`entry`, `item`, `ChanceOrQuestChance`, `groupid`, `mincountOrRef`, `maxcount`, `condition_id`) VALUES (61863, 828, 0.25, 0, 1, 1, 0);
REPLACE INTO `creature_loot_template` (`entry`, `item`, `ChanceOrQuestChance`, `groupid`, `mincountOrRef`, `maxcount`, `condition_id`) VALUES (61863, 4496, 0.25, 0, 1, 1, 0);
REPLACE INTO `creature_loot_template` (`entry`, `item`, `ChanceOrQuestChance`, `groupid`, `mincountOrRef`, `maxcount`, `condition_id`) VALUES (61863, 5571, 0.25, 0, 1, 1, 0);
REPLACE INTO `creature_loot_template` (`entry`, `item`, `ChanceOrQuestChance`, `groupid`, `mincountOrRef`, `maxcount`, `condition_id`) VALUES (61863, 5572, 0.25, 0, 1, 1, 0);
REPLACE INTO `creature_loot_template` (`entry`, `item`, `ChanceOrQuestChance`, `groupid`, `mincountOrRef`, `maxcount`, `condition_id`) VALUES (61863, 6513, 0.26, 0, 1, 1, 0);
REPLACE INTO `creature_loot_template` (`entry`, `item`, `ChanceOrQuestChance`, `groupid`, `mincountOrRef`, `maxcount`, `condition_id`) VALUES (61863, 3214, 0.28, 0, 1, 1, 0);
REPLACE INTO `creature_loot_template` (`entry`, `item`, `ChanceOrQuestChance`, `groupid`, `mincountOrRef`, `maxcount`, `condition_id`) VALUES (61863, 2968, 0.3, 0, 1, 1, 0);
REPLACE INTO `creature_loot_template` (`entry`, `item`, `ChanceOrQuestChance`, `groupid`, `mincountOrRef`, `maxcount`, `condition_id`) VALUES (61863, 8181, 0.3, 0, 1, 1, 0);
REPLACE INTO `creature_loot_template` (`entry`, `item`, `ChanceOrQuestChance`, `groupid`, `mincountOrRef`, `maxcount`, `condition_id`) VALUES (61863, 768, 0.32, 0, 1, 1, 0);
REPLACE INTO `creature_loot_template` (`entry`, `item`, `ChanceOrQuestChance`, `groupid`, `mincountOrRef`, `maxcount`, `condition_id`) VALUES (61863, 2959, 0.34, 0, 1, 1, 0);
REPLACE INTO `creature_loot_template` (`entry`, `item`, `ChanceOrQuestChance`, `groupid`, `mincountOrRef`, `maxcount`, `condition_id`) VALUES (61863, 4563, 0.38, 0, 1, 1, 0);
REPLACE INTO `creature_loot_template` (`entry`, `item`, `ChanceOrQuestChance`, `groupid`, `mincountOrRef`, `maxcount`, `condition_id`) VALUES (61863, 4663, 0.38, 0, 1, 1, 0);
REPLACE INTO `creature_loot_template` (`entry`, `item`, `ChanceOrQuestChance`, `groupid`, `mincountOrRef`, `maxcount`, `condition_id`) VALUES (61863, 2960, 0.4, 0, 1, 1, 0);
REPLACE INTO `creature_loot_template` (`entry`, `item`, `ChanceOrQuestChance`, `groupid`, `mincountOrRef`, `maxcount`, `condition_id`) VALUES (61863, 818, 0.46, 0, 1, 1, 0);
REPLACE INTO `creature_loot_template` (`entry`, `item`, `ChanceOrQuestChance`, `groupid`, `mincountOrRef`, `maxcount`, `condition_id`) VALUES (61863, 30019, 0.5, 0, -30019, 1, 0);
REPLACE INTO `creature_loot_template` (`entry`, `item`, `ChanceOrQuestChance`, `groupid`, `mincountOrRef`, `maxcount`, `condition_id`) VALUES (61863, 30020, 0.5, 0, -30020, 1, 0);
REPLACE INTO `creature_loot_template` (`entry`, `item`, `ChanceOrQuestChance`, `groupid`, `mincountOrRef`, `maxcount`, `condition_id`) VALUES (61863, 30021, 0.5, 0, -30021, 1, 0);
REPLACE INTO `creature_loot_template` (`entry`, `item`, `ChanceOrQuestChance`, `groupid`, `mincountOrRef`, `maxcount`, `condition_id`) VALUES (61863, 774, 1.26, 0, 1, 1, 0);
REPLACE INTO `creature_loot_template` (`entry`, `item`, `ChanceOrQuestChance`, `groupid`, `mincountOrRef`, `maxcount`, `condition_id`) VALUES (61863, 3013, 1.42, 0, 1, 1, 0);
REPLACE INTO `creature_loot_template` (`entry`, `item`, `ChanceOrQuestChance`, `groupid`, `mincountOrRef`, `maxcount`, `condition_id`) VALUES (61863, 1181, 1.44, 0, 1, 1, 0);
REPLACE INTO `creature_loot_template` (`entry`, `item`, `ChanceOrQuestChance`, `groupid`, `mincountOrRef`, `maxcount`, `condition_id`) VALUES (61863, 118, 2.2244, 0, 1, 1, 0);
REPLACE INTO `creature_loot_template` (`entry`, `item`, `ChanceOrQuestChance`, `groupid`, `mincountOrRef`, `maxcount`, `condition_id`) VALUES (61863, 30017, 2.5, 0, -30017, 1, 0);
REPLACE INTO `creature_loot_template` (`entry`, `item`, `ChanceOrQuestChance`, `groupid`, `mincountOrRef`, `maxcount`, `condition_id`) VALUES (61863, 159, 3.8422, 0, 1, 1, 0);
REPLACE INTO `creature_loot_template` (`entry`, `item`, `ChanceOrQuestChance`, `groupid`, `mincountOrRef`, `maxcount`, `condition_id`) VALUES (61863, 117, 7.2272, 0, 1, 1, 0);
REPLACE INTO `creature_loot_template` (`entry`, `item`, `ChanceOrQuestChance`, `groupid`, `mincountOrRef`, `maxcount`, `condition_id`) VALUES (61863, 781, 7.88, 0, 1, 1, 0);
REPLACE INTO `creature_loot_template` (`entry`, `item`, `ChanceOrQuestChance`, `groupid`, `mincountOrRef`, `maxcount`, `condition_id`) VALUES (61863, 2589, 29.0935, 0, 1, 2, 0);
