-- Proving A Point
delete from quest_template where entry = 41140;
replace into quest_template (prevquestid, entry, method, zoneorsort, questlevel, minlevel, questflags, specialflags, title, details, objectives, requestitemstext, offerrewardtext, reqitemid1, reqitemcount1, reqitemid2, reqitemcount2, reqitemid3, reqitemcount3, reqitemid4, reqitemcount4, reqcreatureorgoid1, reqcreatureorgocount1, reqcreatureorgoid2, reqcreatureorgocount2, reqcreatureorgoid3, reqcreatureorgocount3, reqcreatureorgoid4, reqcreatureorgocount4, srcitemid, srcitemcount, reworreqmoney, RewMoneyMaxLevel, rewxp, rewrepfaction1, rewrepvalue1,  rewrepfaction2, rewrepvalue2, rewrepfaction3, rewrepvalue3, rewrepfaction4, rewrepvalue4, rewspell, rewspellcast, completeemote, rewitemid1, rewitemcount1, rewitemid2, rewitemcount2, rewitemid3, rewitemcount3, rewitemid4, rewitemcount4, rewchoiceitemid1, rewchoiceitemcount1, rewchoiceitemid2, rewchoiceitemcount2, rewchoiceitemid3, rewchoiceitemcount3, rewchoiceitemid4, rewchoiceitemcount4,requiredminrepfaction,requiredminrepvalue,objectivetext1) values (0,41140,2,47,46,40,0,0,'Proving A Point','Me good-for-nothing brother Sindri over there thinks he can one up me by makin\' empty promises to mother - just te stick it up te the ole kvinn! He damn well know\'s it is ME who\'s the better smith \'ere. Just ye wait, brother, I\'ll smith yer a weapon ye can stick up yer gryphon roost! Ye will help me with that, stranger.$B$BYe know the cave at Skulk Rock? The mine still has lots o\' mithril in it, but I don\'t need any ole stinkin\' mithril - no, I need etched mithril! Those sludge buggers roamin\' there absorb all ore shards lyin\' around, but their acid ain\'t strong enough to destroy it completely. If ye melt it, it becomes incredibly sturdy!$B$BSindri might tell ye he read in some ole dusty, crusty book that it won\'t work, but do ye think me ancestors were readin\' books before swinging their hammer? Ye can bet your arse on it, they didn\'t!','Gather 15 Etched Mithril Shards for Brok Thunderforge in Aerie Peak for his new creation.','Seein\' his dumb face when mother scoffs at his work gives a feelin\' in my belly like nothin\' else.','Oho! These shards are great. Come on, give \'em to me!$B$B<Brok almost rips the mithril shards out of your hand and throws them into the forge.>$B$BAhaha! This will be grand, mate, I\'m tellin\' ye! Just you wait, Sindri, ye\'ll be bawlin\' your eyes out like ye\'ll always do!',41000,15,0,0,0,0,0,0, 0,0,0,0,0,0,0,0, 0,0, 0,26400,4400,471,200,0,0,0,0,0,0,0,0,0, 0,0,0,0,0,0,0,0, 0,0,0,0,0,0,0,0, 0,0,'');

replace into creature_questrelation		(id, quest) values (61756, 41140);
replace into creature_involvedrelation	(id, quest) values (61756, 41140);
update quest_template set requiredraces = 589		 where entry = 41140;

replace into item_template (entry, display_id, name, class, quality, flags, buy_count, allowable_class, allowable_race, item_level, stackable, spellcooldown_1, spellcategorycooldown_1, spellcooldown_2, spellcategorycooldown_2, bonding, description, page_text, material) values
(41000,20661,'Etched Mithril Shard',12,1,2048,1,-1,-1,1,15,-1,-1,-1,-1,4,'',0,4);

replace into creature_loot_template values
(2655,41000,-70,0,1,1,0),
(2656,41000,-70,0,1,1,0);

-- I've Read It In A Book Once
delete from quest_template where entry = 41141;
replace into quest_template (prevquestid, entry, method, zoneorsort, questlevel, minlevel, questflags, specialflags, title, details, objectives, requestitemstext, offerrewardtext, reqitemid1, reqitemcount1, reqitemid2, reqitemcount2, reqitemid3, reqitemcount3, reqitemid4, reqitemcount4, reqcreatureorgoid1, reqcreatureorgocount1, reqcreatureorgoid2, reqcreatureorgocount2, reqcreatureorgoid3, reqcreatureorgocount3, reqcreatureorgoid4, reqcreatureorgocount4, srcitemid, srcitemcount, reworreqmoney, RewMoneyMaxLevel, rewxp, rewrepfaction1, rewrepvalue1,  rewrepfaction2, rewrepvalue2, rewrepfaction3, rewrepvalue3, rewrepfaction4, rewrepvalue4, rewspell, rewspellcast, completeemote, rewitemid1, rewitemcount1, rewitemid2, rewitemcount2, rewitemid3, rewitemcount3, rewitemid4, rewitemcount4, rewchoiceitemid1, rewchoiceitemcount1, rewchoiceitemid2, rewchoiceitemcount2, rewchoiceitemid3, rewchoiceitemcount3, rewchoiceitemid4, rewchoiceitemcount4,requiredminrepfaction,requiredminrepvalue,objectivetext1) values (41140,41141,2,47,49,40,0,0,'I\'ve Read It In A Book Once','I heard what you were talking about with Brok. Almost impossible with his yapping, you can\'t even hear your own creative thoughts! He might\'ve told you that I\'m an amateur blacksmith, but that couldn\'t be further from the truth! You\'ll find no one better among us Wildhammer dwarves - besides our dear mother, of course.$B$BIt is true, however. I do intend to present Mother with a weapon to prove her once and for all to stop wasting time on that buffoon, who crafts his weapons on emotional whims and disregards tradition, technique and - most of all - class! He\'d be better off in some backwater Bronzebeard village, if you ask me.$B$BSince you helped him, it is only fair that you help me, too. The books I\'ve bought from the recent traveling merchants describe giants of stone created by nature magic. Their bodies are full of energized minerals, ideal for my weapon! The lush forests of northern Feralas are the place they call home. Get me some sizable samples from their bodies, please.','Sindri Thunderforge needs samples of mountain giants for his creation. He specifically mentioned the ones living in Feralas.','Brok is so full of himself. The pout he\'s showing when proven wrong is priceless, I\'m telling you!','That\'s marvelous, just look at all the energy emanating from it! Haha, I can\'t lose with this at my disposal!$B$B<Sindri is gazing into the chunks of stone and quickly forgets about you.>',41001,10,0,0,0,0,0,0, 0,0,0,0,0,0,0,0, 0,0, 0,33600,5600,471,350,0,0,0,0,0,0,0,0,0, 0,0,0,0,0,0,0,0, 0,0,0,0,0,0,0,0, 0,0,'');

replace into creature_questrelation		(id, quest) values (61757, 41141);
replace into creature_involvedrelation	(id, quest) values (61757, 41141);
update quest_template set requiredraces = 589		 where entry = 41141;
update quest_template set type = 1					 where entry = 41141;

replace into item_template (entry, display_id, name, class, quality, flags, buy_count, allowable_class, allowable_race, item_level, stackable, spellcooldown_1, spellcategorycooldown_1, spellcooldown_2, spellcategorycooldown_2, bonding, description, page_text, material) values
(41001,20657,'Glowing Mineral',12,1,2048,1,-1,-1,1,10,-1,-1,-1,-1,4,'',0,3);

replace into creature_loot_template values
(5357 ,41001,-100,0,1,1,0),
(14604,41001,-100,0,1,1,0);

-- Why Not Both?
delete from quest_template where entry = 41142;
replace into quest_template (prevquestid, entry, method, zoneorsort, questlevel, minlevel, questflags, specialflags, title, details, objectives, requestitemstext, offerrewardtext, reqitemid1, reqitemcount1, reqitemid2, reqitemcount2, reqitemid3, reqitemcount3, reqitemid4, reqitemcount4, reqcreatureorgoid1, reqcreatureorgocount1, reqcreatureorgoid2, reqcreatureorgocount2, reqcreatureorgoid3, reqcreatureorgocount3, reqcreatureorgoid4, reqcreatureorgocount4, srcitemid, srcitemcount, reworreqmoney, RewMoneyMaxLevel, rewxp, rewrepfaction1, rewrepvalue1,  rewrepfaction2, rewrepvalue2, rewrepfaction3, rewrepvalue3, rewrepfaction4, rewrepvalue4, rewspell, rewspellcast, completeemote, rewitemid1, rewitemcount1, rewitemid2, rewitemcount2, rewitemid3, rewitemcount3, rewitemid4, rewitemcount4, rewchoiceitemid1, rewchoiceitemcount1, rewchoiceitemid2, rewchoiceitemcount2, rewchoiceitemid3, rewchoiceitemcount3, rewchoiceitemid4, rewchoiceitemcount4,requiredminrepfaction,requiredminrepvalue,objectivetext1) values (41141,41142,2,47,50,40,0,0,'Why Not Both?','Although I love me boys, I wish I could whack \'em over their heads with me hammer when I see \'em like this. If they\'d stop their bickerin\', they\'d be able te achieve so much more.$B$BI\'m not the lass to sugarcoat \'em, maybe their father would\'ve, but that disappointment of a man is long gone. We will make our own weapon te remind both of \'em, what real dwarven smithin\' looks like. They were on the right track, but they sadly lack vision. We will combine both of their ideas.$B$BYour adventurer friends tell the wildest stories about the most mind-bogglin\' creatures. In the white ravines of Maraudon in Desolace lives the giant Landslide, made of pure marbled stone. Rumors say deep within the Hateforge Quarry of the Burning Steppes, the acid pools are so potent, a bein\' manifested itself from them!$B$BTe smith a truly powerful weapon, bring me pieces of both of their bodies.','Obtain the Heart of Landslide from the depths of Maraudon, and the Essence of Corrosis from Hateforge Quarry for Frig Thunderforge at Aerie Peak','Let\'s bring me boys back down to earth.','Incredible materials, both of \'em. Ye did great work. Here, have some coin for your troubles.$B$BBrok and Sindri have expertise, they\'re me sons after all! They have te get past their differences one day and reflect on what the other does and they themselves don\'t.$B$BBrok is te emotional in his work, if he gets a sudden idea, he rushes off te try it out only te see it could\'ve never had worked te begin with. Sindri is too strict on himself - doesn\'t trust his skills - that\'s why he always follows anythin\' he does by the book. And that in turn shortens his horizon.$B$BEnough sentimental chatter, let\'s put them in their place!',41002,1,41003,1,0,0,0,0, 0,0,0,0,0,0,0,0, 0,0, 0,47600,6800,471,200,0,0,0,0,0,0,0,0,0, 0,0,0,0,0,0,0,0, 0,0,0,0,0,0,0,0, 0,0,'');

replace into creature_questrelation		(id, quest) values (61758, 41142);
replace into creature_involvedrelation	(id, quest) values (61758, 41142);
update quest_template set requiredraces = 589		 where entry = 41142;
update quest_template set type = 81					 where entry = 41142;

replace into item_template (entry, display_id, name, class, quality, flags, buy_count, allowable_class, allowable_race, item_level, stackable, spellcooldown_1, spellcategorycooldown_1, spellcooldown_2, spellcategorycooldown_2, bonding, description, page_text, material) values
(41002,15709,'Heart of Landslide',12,1,2048,1,-1,-1,1,1,-1,-1,-1,-1,4,'',0,3),
(41003,20657,'Essence of Corrosis',12,1,2048,1,-1,-1,1,1,-1,-1,-1,-1,4,'',0,3);

replace into creature_loot_template values
(12203,41002,-100,0,1,1,0),
(60829,41003,-100,0,1,1,0);

-- Thunderforge Mastery
delete from quest_template where entry = 41143;
replace into quest_template (prevquestid, entry, method, zoneorsort, questlevel, minlevel, questflags, specialflags, title, details, objectives, requestitemstext, offerrewardtext, reqitemid1, reqitemcount1, reqitemid2, reqitemcount2, reqitemid3, reqitemcount3, reqitemid4, reqitemcount4, reqcreatureorgoid1, reqcreatureorgocount1, reqcreatureorgoid2, reqcreatureorgocount2, reqcreatureorgoid3, reqcreatureorgocount3, reqcreatureorgoid4, reqcreatureorgocount4, srcitemid, srcitemcount, reworreqmoney, RewMoneyMaxLevel, rewxp, rewrepfaction1, rewrepvalue1,  rewrepfaction2, rewrepvalue2, rewrepfaction3, rewrepvalue3, rewrepfaction4, rewrepvalue4, rewspell, rewspellcast, completeemote, rewitemid1, rewitemcount1, rewitemid2, rewitemcount2, rewitemid3, rewitemcount3, rewitemid4, rewitemcount4, rewchoiceitemid1, rewchoiceitemcount1, rewchoiceitemid2, rewchoiceitemcount2, rewchoiceitemid3, rewchoiceitemcount3, rewchoiceitemid4, rewchoiceitemcount4,requiredminrepfaction,requiredminrepvalue,objectivetext1) values (41142,41143,2,47,50,40,0,0,'Thunderforge Mastery','Alright, the weapons are ready. Just look at \'em with that smirk on their faces, pah! A smith can be proud, sure, but stayin\' humble is equally important. That\'s a lesson they will now get taught.$B$BJust stay and watch the lecture, it\'s gonna be a blast.','Witness the Thunderforge lecture.','Just say the word.','That didn\'t go as bad as I thought. Guess it\'s finally time for both of \'em to grow up and become real blacksmiths. Don\'t get me wrong, they still got lots of improvin\' te do, but there\'s no need te walk the path of blacksmithing alone. They got me, they got themselves. I love me boys with all me heart, so don\'t ye think I\'ll be lettin\' em do this on their own. Besides, me forge wouldn\'t stand long if I left \'em alone!$B$B<Frig\'s hearty laughter fills the forge.>$B$BSince ye did most of the work, ye can keep the weapon I made, a true Thunderforge masterpiece!',0,0,0,0,0,0,0,0, 60052,1,0,0,0,0,0,0, 0,0, 0,7200,1200,471,200,0,0,0,0,0,0,0,0,0, 0,0,0,0,0,0,0,0, 0,0,0,0,0,0,0,0, 0,0,'Lesson in humility');

replace into creature_questrelation		(id, quest) values (61758, 41143);
replace into creature_involvedrelation	(id, quest) values (61758, 41143);
update quest_template set requiredraces = 589		 where entry = 41143;

REPLACE INTO creature_template VALUES
(60052, 328, 0, 0, 0, 0, 'quest_41143_dummy_triger', NULL, 0, 1, 1, 0, 0, 0, 0, 0, 35, 0, 1, 1.14286, 1, 20, 5, 0, 0, 1, 0, 0, 0, 0, 1, 0, 0, 0, 0, 0, 0, 0, 0, 0, 0, 0, 0, 0, 0, 0, 0, 0, 0, 0, 0, 0, 0, 0, 0, 0, 0, 0, 0, 0, 0, 0, NULL, 0, 0, '', 0, 3, 0, 0, 3, 0, 0, 0, 0, 0, 0, 0, '');

update creature_template set script_name = 'npc_frig_thunderforge' where entry = 61758;

REPLACE INTO `broadcast_text` (`entry`, `male_text`, `female_text`, `chat_type`, `sound_id`, `language_id`, `emote_id1`, `emote_id2`, `emote_id3`, `emote_delay1`, `emote_delay2`, `emote_delay3`) VALUES
(30141, 'Okay, boys. Listen up. I got yer weapons and to be frank with ye, I am disappointed. Not only did ye use this stranger for yer own benefit, but also misused the art of blacksmithing te bolster yer own little egos.', NULL, 0, 0, 0, 0, 0, 0, 0, 0, 0),
(30142, 'Brok. Yer axe is as brittle as Sindri\'s confidence. Etched ore alone won\'t make a sturdy metal. Ye have to combine it with different materials or it\'s gonna end up like this. I bet I could break it if I sat my arse on it! Put more thought into yer work.', NULL, 0, 0, 0, 0, 0, 0, 0, 0, 0),
(30143, 'Yer mace is well made in all the ways theory teaches us. But it lacks any soul. A blacksmith breathes life into their creations. Not ye, though. This thing has as much to say as Brok after his tenth ale. If ye don\'t learn to feel yer craft, ye not gonna craft weapons worthy of the Thunderforge name.', NULL, 0, 0, 0, 0, 0, 0, 0, 0, 0),
(30144, 'One last word: Start listenin\' te eachother. Yer brothers, fer Khardros\' sake! If ye stop thinking yer better than the other, ye\'d be able to smith a weapon like this lance here and impress me fer once in your life. Now get yer hammers and start swingin\'!', NULL, 0, 0, 0, 0, 0, 0, 0, 0, 0),
(30145, 'Yes, mother...', NULL, 0, 0, 0, 0, 0, 0, 0, 0, 0),
(30146, 'I\'m all ears, Frig.', NULL, 0, 0, 0, 0, 0, 0, 0, 0, 0);