REPLACE INTO creature_template VALUES
(61720, 7341, 0, 0, 0, 0, 'Tantaz Coppermud', 'Journeyman Miner', 0, 10, 10, 198, 198, 0, 0, 455, 1682, 17, 1, 1.14286, 1, 18, 5, 0, 0, 1, 13, 17, 0, 62, 1, 2000, 2000, 1, 0, 0, 0, 0, 0, 0, 0, 15.048, 20.691, 100, 7, 0, 0, 0, 0, 0, 0, 0, 0, 0, 0, 0, 0, 0, 0, 0, 0, 0, NULL, 9, 17, 'EventAI', 0, 3, 0, 0, 3, 0, 0, 0, 0, 0, 0, 0, ''),
(61721, 7340, 0, 0, 0, 0, 'Daxx Rightblast', 'Trade Supplies', 0, 15, 15, 328, 328, 0, 0, 660, 1682, 5, 1, 1.14286, 1, 20, 5, 0, 0, 1, 21, 27, 0, 74, 1, 2000, 2000, 1, 0, 0, 0, 0, 0, 0, 0, 21.2784, 29.2578, 100, 7, 0, 0, 0, 0, 0, 0, 0, 0, 0, 0, 0, 0, 0, 0, 0, 0, 0, NULL, 0, 0, 'EventAI', 0, 3, 0, 0, 3, 0, 0, 0, 0, 0, 0, 0, ''),
(61722, 7342, 0, 0, 0, 0, 'Sazzlix', 'Stable Master', 0, 35, 35, 1342, 1342, 0, 0, 1373, 1682, 8192, 1, 1.14286, 1, 18, 5, 0, 0, 1, 51, 65, 0, 138, 1, 1000, 2000, 1, 0, 0, 0, 0, 0, 0, 0, 51.128, 70.301, 100, 7, 0, 0, 0, 0, 0, 0, 0, 0, 0, 0, 0, 0, 0, 0, 0, 0, 0, NULL, 0, 0, 'EventAI', 0, 3, 0, 0, 3, 0, 0, 0, 0, 0, 10, 0, ''),
(61723, 7185, 0, 0, 0, 0, 'Blackstone Bruiser', NULL, 0, 55, 55, 7842, 7842, 0, 0, 4500, 1682, 0, 1, 1.42857, 1, 20, 5, 0, 1, 1, 310, 400, 0, 248, 1, 2000, 2000, 1, 36864, 0, 0, 0, 0, 0, 0, 58.872, 80.949, 100, 7, 0, 0, 0, 0, 0, 0, 0, 0, 0, 0, 0, 0, 0, 0, 0, 0, 0, NULL, 0, 0, 'EventAI', 0, 3, 0, 0, 3, 0, 0, 0, 0, 0, 525312, 0, ''),
(61724, 7188, 0, 0, 0, 0, 'Brax Goldgrasp', 'Innkeeper', 0, 25, 25, 1002, 1002, 0, 0, 1200, 1682, 131, 1, 1.14286, 1, 18, 5, 0, 0, 1, 42, 53, 0, 122, 1, 2000, 2000, 1, 37376, 0, 0, 0, 0, 0, 0, 45.144, 62.073, 100, 7, 0, 0, 0, 0, 0, 0, 0, 0, 0, 0, 0, 0, 0, 0, 0, 0, 0, NULL, 0, 0, 'EventAI', 0, 3, 0, 0, 3, 0, 0, 0, 0, 0, 0, 0, ''),
(61725, 7164, 0, 0, 0, 0, 'Foreman Pipelatch', NULL, 0, 20, 20, 629, 629, 0, 0, 852, 1682, 3, 1, 1.14286, 1, 20, 5, 0, 0, 1, 26, 22, 0, 90, 1, 2000, 2000, 1, 0, 0, 0, 0, 0, 0, 0, 30.096, 41.382, 100, 7, 0, 0, 0, 0, 0, 0, 0, 0, 0, 0, 0, 0, 0, 0, 0, 0, 0, NULL, 0, 0, 'EventAI', 0, 3, 0, 0, 3, 0, 0, 0, 0, 0, 0, 0, ''),
(61726, 18551, 0, 0, 0, 0, 'Kana Togglebend', 'First Aid', 0, 15, 15, 328, 328, 0, 0, 660, 1682, 17, 1, 1.14286, 1, 20, 5, 0, 0, 1, 21, 27, 0, 74, 1, 2000, 2000, 1, 0, 0, 0, 0, 0, 0, 0, 21.2784, 29.2578, 100, 7, 0, 0, 0, 0, 0, 0, 0, 0, 0, 0, 0, 0, 0, 0, 0, 0, 0, NULL, 0, 0, 'EventAI', 0, 3, 0, 0, 3, 0, 0, 0, 0, 0, 0, 0, ''),
(61727, 7130, 0, 0, 0, 0, 'Rankle', 'Cooking Supplies', 0, 15, 15, 328, 328, 0, 0, 660, 1682, 4, 1, 1.14286, 1, 20, 5, 0, 0, 1, 21, 27, 0, 74, 1, 2000, 2000, 1, 0, 0, 0, 0, 0, 0, 0, 21.2784, 29.2578, 100, 7, 0, 0, 0, 0, 0, 0, 0, 0, 0, 0, 0, 0, 0, 0, 0, 0, 0, NULL, 0, 0, 'EventAI', 0, 3, 0, 0, 3, 0, 0, 0, 0, 0, 0, 0, ''),
(61728, 7164, 0, 0, 0, 0, 'Shazzlan', 'Cook', 0, 20, 20, 629, 629, 0, 0, 852, 1682, 19, 1, 1.14286, 1, 20, 5, 0, 0, 1, 26, 22, 0, 90, 1, 2000, 2000, 1, 0, 0, 0, 0, 0, 0, 0, 30.096, 41.382, 100, 7, 0, 0, 0, 0, 0, 0, 0, 0, 0, 0, 0, 0, 0, 0, 0, 0, 0, NULL, 0, 0, 'EventAI', 0, 3, 0, 0, 3, 0, 0, 0, 0, 0, 0, 0, ''),
(61729, 7058, 0, 0, 0, 0, 'Taxxlo Rustgate', 'Supreme Overseer', 0, 61, 61, 9302, 9302, 0, 0, 2103, 1682, 3, 1, 1.14286, 1, 20, 5, 0, 1, 1, 708, 937, 0, 278, 1, 2000, 2000, 1, 0, 0, 0, 0, 0, 0, 0, 172.1, 240.07, 100, 7, 0, 0, 0, 0, 0, 0, 0, 0, 0, 0, 0, 0, 0, 0, 0, 0, 0, NULL, 0, 0, 'EventAI', 0, 3, 0, 0, 3, 0, 0, 0, 0, 0, 0, 0, ''),
(61730, 7168, 0, 0, 0, 0, 'Supplymaster Maxlo', NULL, 0, 40, 40, 1752, 1752, 0, 0, 1890, 1682, 3, 1, 1.14286, 1, 18, 5, 0, 0, 1, 61, 78, 0, 156, 1, 2000, 2000, 1, 0, 0, 0, 0, 0, 0, 0, 56.672, 77.924, 100, 7, 0, 0, 0, 0, 0, 0, 0, 0, 0, 0, 0, 0, 0, 0, 0, 0, 0, NULL, 0, 0, 'EventAI', 0, 3, 0, 0, 3, 0, 0, 0, 0, 0, 0, 0, ''),
(61731, 7172, 0, 0, 0, 0, 'Sindor Packfuse', 'Fisher', 0, 20, 20, 629, 629, 0, 0, 852, 1682, 16, 1, 1.14286, 1, 20, 5, 0, 0, 1, 26, 22, 0, 90, 1, 2000, 2000, 1, 0, 0, 0, 0, 0, 0, 0, 30.096, 41.382, 100, 7, 0, 0, 0, 0, 0, 0, 0, 0, 0, 0, 0, 0, 0, 0, 0, 0, 0, NULL, 0, 0, 'EventAI', 0, 3, 0, 0, 3, 0, 0, 0, 0, 0, 0, 0, ''),
(61732, 7170, 0, 0, 0, 0, 'Gox Borelight', 'Fishing Supplies', 0, 15, 15, 328, 328, 0, 0, 660, 1682, 5, 1, 1.14286, 1, 20, 5, 0, 0, 1, 21, 27, 0, 74, 1, 2000, 2000, 1, 0, 0, 0, 0, 0, 0, 0, 21.2784, 29.2578, 100, 7, 0, 0, 0, 0, 0, 0, 0, 0, 0, 0, 0, 0, 0, 0, 0, 0, 0, NULL, 0, 0, 'EventAI', 0, 3, 0, 0, 3, 0, 0, 0, 0, 0, 0, 0, ''),
(61733, 7192, 0, 0, 0, 0, 'Supervisor Ozzick', NULL, 0, 35, 35, 1342, 1342, 0, 0, 1373, 1682, 3, 1, 1.14286, 1, 18, 5, 0, 0, 1, 51, 65, 0, 138, 1, 1000, 2000, 1, 0, 0, 0, 0, 0, 0, 0, 51.128, 70.301, 100, 7, 0, 0, 0, 0, 0, 0, 0, 0, 0, 0, 0, 0, 0, 0, 0, 0, 0, NULL, 0, 0, 'EventAI', 0, 3, 0, 0, 3, 0, 0, 0, 0, 0, 0, 0, ''),
(61734, 7051, 0, 0, 0, 0, 'Black Ash Digger', NULL, 0, 5, 5, 102, 102, 0, 0, 20, 1682, 0, 1, 1.14286, 1, 18, 5, 0, 0, 1, 6, 8, 0, 52, 1, 2000, 2000, 1, 0, 0, 0, 0, 0, 9, 0, 8.624, 11.858, 100, 7, 0, 0, 0, 0, 0, 0, 0, 0, 0, 0, 0, 0, 0, 0, 0, 0, 0, NULL, 0, 0, 'EventAI', 0, 3, 0, 0, 3, 0, 0, 0, 0, 0, 0, 0, ''),
(61735, 7181, 0, 0, 0, 0, 'Blackstone Slave', NULL, 0, 5, 5, 102, 102, 0, 0, 20, 1682, 0, 1, 1.14286, 1, 18, 5, 0, 0, 1, 6, 8, 0, 52, 1, 2000, 2000, 1, 0, 0, 0, 0, 0, 9, 0, 8.624, 11.858, 100, 7, 0, 0, 0, 0, 0, 0, 0, 0, 0, 0, 0, 0, 0, 0, 0, 0, 0, NULL, 0, 0, 'EventAI', 0, 3, 0, 0, 3, 0, 0, 0, 0, 0, 0, 0, ''),
(61736, 7157, 0, 0, 0, 0, 'Blackstone Miner', NULL, 0, 5, 5, 102, 102, 0, 0, 20, 1682, 0, 1, 1.14286, 1, 18, 5, 0, 0, 1, 6, 8, 0, 52, 1, 2000, 2000, 1, 0, 0, 0, 0, 0, 9, 0, 8.624, 11.858, 100, 7, 0, 0, 0, 0, 0, 0, 0, 0, 0, 0, 0, 0, 0, 0, 0, 0, 0, NULL, 0, 0, 'EventAI', 0, 3, 0, 0, 3, 0, 0, 0, 0, 0, 0, 0, ''),
(61737, 7179, 0, 0, 0, 0, 'Overseer Kizzcrack', NULL, 0, 40, 40, 1752, 1752, 0, 0, 1890, 1682, 3, 1, 1.14286, 1, 18, 5, 0, 0, 1, 61, 78, 0, 156, 1, 2000, 2000, 1, 0, 0, 0, 0, 0, 0, 0, 56.672, 77.924, 100, 7, 0, 0, 0, 0, 0, 0, 0, 0, 0, 0, 0, 0, 0, 0, 0, 0, 0, NULL, 0, 0, 'EventAI', 0, 3, 0, 0, 3, 0, 0, 0, 0, 0, 0, 0, ''),
(61738, 7338, 0, 0, 0, 0, 'Tinkerer Ozzlo', 'Journeyman Engineer', 0, 20, 20, 629, 629, 0, 0, 852, 1682, 19, 1, 1.14286, 1, 20, 5, 0, 0, 1, 26, 22, 0, 90, 1, 2000, 2000, 1, 0, 0, 0, 0, 0, 0, 0, 30.096, 41.382, 100, 7, 0, 0, 0, 0, 0, 0, 0, 0, 0, 0, 0, 0, 0, 0, 0, 0, 0, NULL, 0, 0, 'EventAI', 0, 3, 0, 0, 3, 0, 0, 0, 0, 0, 0, 0, ''),
(61739, 8630, 0, 0, 0, 0, 'Sasha Linelight', 'Journeyman Herbalist', 0, 20, 20, 629, 629, 0, 0, 852, 1682, 17, 1, 1.14286, 1, 20, 5, 0, 0, 1, 26, 22, 0, 90, 1, 2000, 2000, 1, 0, 0, 0, 0, 0, 0, 0, 30.096, 41.382, 100, 7, 0, 0, 0, 0, 0, 0, 0, 0, 0, 0, 0, 0, 0, 0, 0, 0, 0, NULL, 0, 0, 'EventAI', 0, 3, 0, 0, 3, 0, 0, 0, 0, 0, 0, 0, ''),
(61740, 7131, 0, 0, 0, 0, 'Yox Rackgadg', 'Journeyman Alchemy', 0, 20, 20, 629, 629, 0, 0, 852, 1682, 17, 1, 1.14286, 1, 20, 5, 0, 0, 1, 26, 22, 0, 90, 1, 2000, 2000, 1, 0, 0, 0, 0, 0, 0, 0, 30.096, 41.382, 100, 7, 0, 0, 0, 0, 0, 0, 0, 0, 0, 0, 0, 0, 0, 0, 0, 0, 0, NULL, 0, 0, 'EventAI', 0, 3, 0, 0, 3, 0, 0, 0, 0, 0, 0, 0, '');

set @equip_template = 20457; set @weapon_1 = 6233; set @weapon_2 = 0; set @weapon_3 = 0; set @creature = 61739;
replace into creature_equip_template values (@equip_template, @weapon_1, @weapon_2, @weapon_3);
update creature_template set equipment_id = @equip_template where entry = @creature;

set @equip_template = 20456; set @weapon_1 = 1911; set @weapon_2 = 0; set @weapon_3 = 0; set @creature = 61738;
replace into creature_equip_template values (@equip_template, @weapon_1, @weapon_2, @weapon_3);
update creature_template set equipment_id = @equip_template where entry = @creature;

set @equip_template = 20455; set @weapon_1 = 2901; set @weapon_2 = 0; set @weapon_3 = 0; set @creature = 61736;
replace into creature_equip_template values (@equip_template, @weapon_1, @weapon_2, @weapon_3);
update creature_template set equipment_id = @equip_template where entry = @creature;

set @equip_template = 20454; set @weapon_1 = 2901; set @weapon_2 = 0; set @weapon_3 = 0; set @creature = 61734;
replace into creature_equip_template values (@equip_template, @weapon_1, @weapon_2, @weapon_3);
update creature_template set equipment_id = @equip_template where entry = @creature;

set @equip_template = 20453; set @weapon_1 = 3852; set @weapon_2 = 0; set @weapon_3 = 0; set @creature = 61729;
replace into creature_equip_template values (@equip_template, @weapon_1, @weapon_2, @weapon_3);
update creature_template set equipment_id = @equip_template where entry = @creature;

set @equip_template = 20452; set @weapon_1 = 5197; set @weapon_2 = 0; set @weapon_3 = 0; set @creature = 61728;
replace into creature_equip_template values (@equip_template, @weapon_1, @weapon_2, @weapon_3);
update creature_template set equipment_id = @equip_template where entry = @creature;

set @equip_template = 20451; set @weapon_1 = 1292; set @weapon_2 = 0; set @weapon_3 = 0; set @creature = 61727;
replace into creature_equip_template values (@equip_template, @weapon_1, @weapon_2, @weapon_3);
update creature_template set equipment_id = @equip_template where entry = @creature;

set @equip_template = 20450; set @weapon_1 = 80709; set @weapon_2 = 0; set @weapon_3 = 0; set @creature = 61726;
replace into creature_equip_template values (@equip_template, @weapon_1, @weapon_2, @weapon_3);
update creature_template set equipment_id = @equip_template where entry = @creature;

set @equip_template = 20449; set @weapon_1 = 7945; set @weapon_2 = 0; set @weapon_3 = 0; set @creature = 61725;
replace into creature_equip_template values (@equip_template, @weapon_1, @weapon_2, @weapon_3);
update creature_template set equipment_id = @equip_template where entry = @creature;

set @equip_template = 20448; set @weapon_1 = 12742; set @weapon_2 = 0; set @weapon_3 = 0; set @creature = 61724;
replace into creature_equip_template values (@equip_template, @weapon_1, @weapon_2, @weapon_3);
update creature_template set equipment_id = @equip_template where entry = @creature;

set @equip_template = 20447; set @weapon_1 = 2844; set @weapon_2 = 19763; set @weapon_3 = 0; set @creature = 61723;
replace into creature_equip_template values (@equip_template, @weapon_1, @weapon_2, @weapon_3);
update creature_template set equipment_id = @equip_template where entry = @creature;

set @gossip_menu_id = 41558; set @magic_number = 61740;
replace into gossip_menu (entry, text_id, condition_id) VALUES (@gossip_menu_id, @magic_number, '0'); 
replace into broadcast_text (entry, Male_Text) values (@magic_number, 'If supplies are low, you gotta improvise! Some herbs here, some body parts there - as long as you can advertise it, someone WILL buy it.');
replace into npc_text (ID, BroadcastTextID0) values (@magic_number, @magic_number);
update creature_template set gossip_menu_id = @gossip_menu_id where entry = @magic_number;

set @gossip_menu_id = 41557; set @magic_number = 61739;
replace into gossip_menu (entry, text_id, condition_id) VALUES (@gossip_menu_id, @magic_number, '0'); 
replace into broadcast_text (entry, Male_Text) values (@magic_number, 'If you want to know how to gather some of the more sturdy herbs out there, ya gotta pay me. I ain\'t doing anything for free under these conditions!');
replace into npc_text (ID, BroadcastTextID0) values (@magic_number, @magic_number);
update creature_template set gossip_menu_id = @gossip_menu_id where entry = @magic_number;

set @gossip_menu_id = 41556; set @magic_number = 61738;
replace into gossip_menu (entry, text_id, condition_id) VALUES (@gossip_menu_id, @magic_number, '0'); 
replace into broadcast_text (entry, Male_Text) values (@magic_number, 'The good thing about us goblins having only four fingers is that most people won\'t notice if one or two are missing. Neat, isn\'t it?');
replace into npc_text (ID, BroadcastTextID0) values (@magic_number, @magic_number);
update creature_template set gossip_menu_id = @gossip_menu_id where entry = @magic_number;

set @gossip_menu_id = 41555; set @magic_number = 61737;
replace into gossip_menu (entry, text_id, condition_id) VALUES (@gossip_menu_id, @magic_number, '0'); 
replace into broadcast_text (entry, Male_Text) values (@magic_number, 'So many lazy workers around here. Such standards and practices would never stand in the Venture Co. I can\'t believe the Durotar Labor Union would even allow such good conditions.');
replace into npc_text (ID, BroadcastTextID0) values (@magic_number, @magic_number);
update creature_template set gossip_menu_id = @gossip_menu_id where entry = @magic_number;

set @gossip_menu_id = 41554; set @magic_number = 61733;
replace into gossip_menu (entry, text_id, condition_id) VALUES (@gossip_menu_id, @magic_number, '0'); 
replace into broadcast_text (entry, Male_Text) values (@magic_number, 'Our work quotas and schedules are being pushed up due to a manpower shortage. All of our workers are now grinding even longer shifts to pick up the slack from all those that keep quitting!');
replace into npc_text (ID, BroadcastTextID0) values (@magic_number, @magic_number);
update creature_template set gossip_menu_id = @gossip_menu_id where entry = @magic_number;

set @gossip_menu_id = 41553; set @magic_number = 61732;
replace into gossip_menu (entry, text_id, condition_id) VALUES (@gossip_menu_id, @magic_number, '0'); 
replace into broadcast_text (entry, Male_Text) values (@magic_number, 'If you wanna start catching those big, profitable fish you\'re going to need all the help you can get. Check out my wares and you can find what you\'re looking for.');
replace into npc_text (ID, BroadcastTextID0) values (@magic_number, @magic_number);
update creature_template set gossip_menu_id = @gossip_menu_id where entry = @magic_number;

set @gossip_menu_id = 41552; set @magic_number = 61730;
replace into gossip_menu (entry, text_id, condition_id) VALUES (@gossip_menu_id, @magic_number, '0'); 
replace into broadcast_text (entry, Male_Text) values (@magic_number, 'What now, Did Taxxlo send you?$B$B<Maxlo lets out a sigh of breath.>$B$BFor a brother, he sure is a bit overbearing. I\'m in charge of the supply around here, and whilst we have excess, it can all evaporate rather quickly if we get reckless.');
replace into npc_text (ID, BroadcastTextID0) values (@magic_number, @magic_number);
update creature_template set gossip_menu_id = @gossip_menu_id where entry = @magic_number;

set @gossip_menu_id = 41551; set @magic_number = 61729;
replace into gossip_menu (entry, text_id, condition_id) VALUES (@gossip_menu_id, @magic_number, '0'); 
replace into broadcast_text (entry, Male_Text) values (@magic_number, 'Pah, just look at them. Standing around, twiddling their thumbs. How is a good and honest goblin like myself gonna make some marginable profit with conditions like these? A group of armless gnomes is more productive than this bunch. Heck, even a group of gnomes WITH arms would do better.$N$NBlastentom is a cretin and amateur if he believes me to return with a positive business report. Now scram or I\'ll have the enforcers keep an extra keen eye on your... work habits.');
replace into npc_text (ID, BroadcastTextID0) values (@magic_number, @magic_number);
update creature_template set gossip_menu_id = @gossip_menu_id where entry = @magic_number;

set @gossip_menu_id = 41550; set @magic_number = 61728;
replace into gossip_menu (entry, text_id, condition_id) VALUES (@gossip_menu_id, @magic_number, '0'); 
replace into broadcast_text (entry, Male_Text) values (@magic_number, 'You looking to spice your life up? Those coal miners down there eat nothing but dirt. We here in the tower eat like kings. You learn a thing or two from me, and who knows, maybe you can eat like a king too.');
replace into npc_text (ID, BroadcastTextID0) values (@magic_number, @magic_number);
update creature_template set gossip_menu_id = @gossip_menu_id where entry = @magic_number;

set @gossip_menu_id = 41549; set @magic_number = 61726;
replace into gossip_menu (entry, text_id, condition_id) VALUES (@gossip_menu_id, @magic_number, '0'); 
replace into broadcast_text (entry, Male_Text) values (@magic_number, 'You really have to be careful out here! It\'s like all of nature itself is trying to kill an upstanding and working goblin from making a few copper. If you like I can show you how to make some bandages. They can really help out in the wild when some nasty critter gives you some vile wound.$B$BTrust me it\'s really worth the money.');
replace into npc_text (ID, BroadcastTextID0) values (@magic_number, @magic_number);
update creature_template set gossip_menu_id = @gossip_menu_id where entry = @magic_number;

set @gossip_menu_id = 41548; set @magic_number = 61725;
replace into gossip_menu (entry, text_id, condition_id) VALUES (@gossip_menu_id, @magic_number, '0'); 
replace into broadcast_text (entry, Male_Text) values (@magic_number, 'What do you want? Do you know how much work needs to be done around here?! Unless you have got something important to tell me or some good news, get out of here.');
replace into npc_text (ID, BroadcastTextID0) values (@magic_number, @magic_number);
update creature_template set gossip_menu_id = @gossip_menu_id where entry = @magic_number;

set @gossip_menu_id = 41547; set @magic_number = 61724;
replace into gossip_menu (entry, text_id, condition_id) VALUES (@gossip_menu_id, @magic_number, '0'); 
replace into broadcast_text (entry, Male_Text) values (@magic_number, 'Welcome to Rustgate Ridge. I am going to assume you are friends of our supreme overseer himself, as he does not allow just anyone to reside within his tower.$B$BIf you are waiting to meet with him, I would suggest taking a seat and finding something warm to eat. His schedule has made him quite busy as of late. That and he has a very large temper.');
replace into npc_text (ID, BroadcastTextID0) values (@magic_number, @magic_number);
update creature_template set gossip_menu_id = @gossip_menu_id where entry = @magic_number;

set @gossip_menu_id = 41546; set @magic_number = 61721;
replace into gossip_menu (entry, text_id, condition_id) VALUES (@gossip_menu_id, @magic_number, '0'); 
replace into broadcast_text (entry, Male_Text) values (@magic_number, 'You looking for a good deal? If so, you\'ve come to the right place, all of my wares are priced to perfection.');
replace into npc_text (ID, BroadcastTextID0) values (@magic_number, @magic_number);
update creature_template set gossip_menu_id = @gossip_menu_id where entry = @magic_number;

set @gossip_menu_id = 41545; set @magic_number = 61720;
replace into gossip_menu (entry, text_id, condition_id) VALUES (@gossip_menu_id, @magic_number, '0'); 
replace into broadcast_text (entry, Male_Text) values (@magic_number, 'The only way to make it big as a goblin is by mining. You can very well make it, and become rich!');
replace into npc_text (ID, BroadcastTextID0) values (@magic_number, @magic_number);
update creature_template set gossip_menu_id = @gossip_menu_id where entry = @magic_number;

-- Creature's trainer list: Yox Rackgadge.
REPLACE INTO `npc_trainer` (`entry`, `spell`, `spellcost`, `reqskill`, `reqskillvalue`, `reqlevel`) VALUES (61740, 2275, 10, 0, 0, 5);
REPLACE INTO `npc_trainer` (`entry`, `spell`, `spellcost`, `reqskill`, `reqskillvalue`, `reqlevel`) VALUES (61740, 2339, 100, 171, 25, 0);
REPLACE INTO `npc_trainer` (`entry`, `spell`, `spellcost`, `reqskill`, `reqskillvalue`, `reqlevel`) VALUES (61740, 2340, 135, 171, 40, 0);
REPLACE INTO `npc_trainer` (`entry`, `spell`, `spellcost`, `reqskill`, `reqskillvalue`, `reqlevel`) VALUES (61740, 2341, 250, 171, 55, 0);
REPLACE INTO `npc_trainer` (`entry`, `spell`, `spellcost`, `reqskill`, `reqskillvalue`, `reqlevel`) VALUES (61740, 3179, 450, 171, 90, 0);
REPLACE INTO `npc_trainer` (`entry`, `spell`, `spellcost`, `reqskill`, `reqskillvalue`, `reqlevel`) VALUES (61740, 3181, 1350, 171, 120, 0);
REPLACE INTO `npc_trainer` (`entry`, `spell`, `spellcost`, `reqskill`, `reqskillvalue`, `reqlevel`) VALUES (61740, 3184, 50, 171, 15, 0);
REPLACE INTO `npc_trainer` (`entry`, `spell`, `spellcost`, `reqskill`, `reqskillvalue`, `reqlevel`) VALUES (61740, 3185, 1350, 171, 125, 0);
REPLACE INTO `npc_trainer` (`entry`, `spell`, `spellcost`, `reqskill`, `reqskillvalue`, `reqlevel`) VALUES (61740, 3186, 1800, 171, 130, 0);
REPLACE INTO `npc_trainer` (`entry`, `spell`, `spellcost`, `reqskill`, `reqskillvalue`, `reqlevel`) VALUES (61740, 3458, 3600, 171, 110, 0);
REPLACE INTO `npc_trainer` (`entry`, `spell`, `spellcost`, `reqskill`, `reqskillvalue`, `reqlevel`) VALUES (61740, 7180, 405, 171, 90, 0);
REPLACE INTO `npc_trainer` (`entry`, `spell`, `spellcost`, `reqskill`, `reqskillvalue`, `reqlevel`) VALUES (61740, 7838, 225, 171, 80, 0);
REPLACE INTO `npc_trainer` (`entry`, `spell`, `spellcost`, `reqskill`, `reqskillvalue`, `reqlevel`) VALUES (61740, 7839, 900, 171, 130, 0);
REPLACE INTO `npc_trainer` (`entry`, `spell`, `spellcost`, `reqskill`, `reqskillvalue`, `reqlevel`) VALUES (61740, 7842, 900, 171, 100, 0);
REPLACE INTO `npc_trainer` (`entry`, `spell`, `spellcost`, `reqskill`, `reqskillvalue`, `reqlevel`) VALUES (61740, 7846, 2700, 171, 140, 0);
REPLACE INTO `npc_trainer` (`entry`, `spell`, `spellcost`, `reqskill`, `reqskillvalue`, `reqlevel`) VALUES (61740, 11536, 225, 171, 50, 0);
-- Creature's trainer list: Sasha Linelight.
REPLACE INTO `npc_trainer` (`entry`, `spell`, `spellcost`, `reqskill`, `reqskillvalue`, `reqlevel`) VALUES (61739, 2372, 10, 0, 0, 0);
-- Creature's trainer list: Tinkerer Ozzlo.
REPLACE INTO `npc_trainer` (`entry`, `spell`, `spellcost`, `reqskill`, `reqskillvalue`, `reqlevel`) VALUES (61738, 3984, 115, 202, 30, 0);
REPLACE INTO `npc_trainer` (`entry`, `spell`, `spellcost`, `reqskill`, `reqskillvalue`, `reqlevel`) VALUES (61738, 3985, 130, 202, 30, 0);
REPLACE INTO `npc_trainer` (`entry`, `spell`, `spellcost`, `reqskill`, `reqskillvalue`, `reqlevel`) VALUES (61738, 3986, 150, 202, 50, 0);
REPLACE INTO `npc_trainer` (`entry`, `spell`, `spellcost`, `reqskill`, `reqskillvalue`, `reqlevel`) VALUES (61738, 3987, 150, 202, 50, 0);
REPLACE INTO `npc_trainer` (`entry`, `spell`, `spellcost`, `reqskill`, `reqskillvalue`, `reqlevel`) VALUES (61738, 3988, 200, 202, 60, 0);
REPLACE INTO `npc_trainer` (`entry`, `spell`, `spellcost`, `reqskill`, `reqskillvalue`, `reqlevel`) VALUES (61738, 3991, 225, 202, 65, 0);
REPLACE INTO `npc_trainer` (`entry`, `spell`, `spellcost`, `reqskill`, `reqskillvalue`, `reqlevel`) VALUES (61738, 3992, 250, 202, 75, 0);
REPLACE INTO `npc_trainer` (`entry`, `spell`, `spellcost`, `reqskill`, `reqskillvalue`, `reqlevel`) VALUES (61738, 3993, 250, 202, 75, 0);
REPLACE INTO `npc_trainer` (`entry`, `spell`, `spellcost`, `reqskill`, `reqskillvalue`, `reqlevel`) VALUES (61738, 3994, 250, 202, 75, 0);
REPLACE INTO `npc_trainer` (`entry`, `spell`, `spellcost`, `reqskill`, `reqskillvalue`, `reqlevel`) VALUES (61738, 4039, 10, 0, 0, 5);
REPLACE INTO `npc_trainer` (`entry`, `spell`, `spellcost`, `reqskill`, `reqskillvalue`, `reqlevel`) VALUES (61738, 7431, 150, 202, 50, 0);
-- Creature's trainer list: Sindor Packfuse.
REPLACE INTO `npc_trainer` (`entry`, `spell`, `spellcost`, `reqskill`, `reqskillvalue`, `reqlevel`) VALUES (61731, 7733, 100, 0, 0, 5);
-- Creature's trainer list: Shazzlan.
REPLACE INTO `npc_trainer` (`entry`, `spell`, `spellcost`, `reqskill`, `reqskillvalue`, `reqlevel`) VALUES (61728, 2551, 100, 0, 0, 5);
REPLACE INTO `npc_trainer` (`entry`, `spell`, `spellcost`, `reqskill`, `reqskillvalue`, `reqlevel`) VALUES (61728, 2559, 50, 185, 10, 0);
REPLACE INTO `npc_trainer` (`entry`, `spell`, `spellcost`, `reqskill`, `reqskillvalue`, `reqlevel`) VALUES (61728, 2561, 100, 185, 50, 0);
REPLACE INTO `npc_trainer` (`entry`, `spell`, `spellcost`, `reqskill`, `reqskillvalue`, `reqlevel`) VALUES (61728, 2562, 200, 185, 75, 0);
REPLACE INTO `npc_trainer` (`entry`, `spell`, `spellcost`, `reqskill`, `reqskillvalue`, `reqlevel`) VALUES (61728, 2563, 150, 185, 80, 0);
REPLACE INTO `npc_trainer` (`entry`, `spell`, `spellcost`, `reqskill`, `reqskillvalue`, `reqlevel`) VALUES (61728, 3412, 500, 185, 50, 10);
REPLACE INTO `npc_trainer` (`entry`, `spell`, `spellcost`, `reqskill`, `reqskillvalue`, `reqlevel`) VALUES (61728, 6502, 100, 185, 50, 0);
REPLACE INTO `npc_trainer` (`entry`, `spell`, `spellcost`, `reqskill`, `reqskillvalue`, `reqlevel`) VALUES (61728, 6503, 300, 185, 125, 0);
REPLACE INTO `npc_trainer` (`entry`, `spell`, `spellcost`, `reqskill`, `reqskillvalue`, `reqlevel`) VALUES (61728, 21176, 4000, 185, 200, 0);
-- Creature's trainer list: Kana Togglebend.
REPLACE INTO `npc_trainer` (`entry`, `spell`, `spellcost`, `reqskill`, `reqskillvalue`, `reqlevel`) VALUES (61726, 3279, 100, 0, 0, 0);
REPLACE INTO `npc_trainer` (`entry`, `spell`, `spellcost`, `reqskill`, `reqskillvalue`, `reqlevel`) VALUES (61726, 3280, 500, 129, 50, 0);
REPLACE INTO `npc_trainer` (`entry`, `spell`, `spellcost`, `reqskill`, `reqskillvalue`, `reqlevel`) VALUES (61726, 3281, 100, 129, 40, 0);
REPLACE INTO `npc_trainer` (`entry`, `spell`, `spellcost`, `reqskill`, `reqskillvalue`, `reqlevel`) VALUES (61726, 3282, 250, 129, 80, 0);
REPLACE INTO `npc_trainer` (`entry`, `spell`, `spellcost`, `reqskill`, `reqskillvalue`, `reqlevel`) VALUES (61726, 3283, 1000, 129, 115, 0);
REPLACE INTO `npc_trainer` (`entry`, `spell`, `spellcost`, `reqskill`, `reqskillvalue`, `reqlevel`) VALUES (61726, 7930, 5000, 129, 150, 0);
REPLACE INTO `npc_trainer` (`entry`, `spell`, `spellcost`, `reqskill`, `reqskillvalue`, `reqlevel`) VALUES (61726, 7936, 250, 129, 80, 0);
-- Creature's trainer list: Daxx Rightblast.
REPLACE INTO `npc_trainer` (`entry`, `spell`, `spellcost`, `reqskill`, `reqskillvalue`, `reqlevel`) VALUES (61720, 2581, 10, 0, 0, 0);
REPLACE INTO `npc_trainer` (`entry`, `spell`, `spellcost`, `reqskill`, `reqskillvalue`, `reqlevel`) VALUES (61720, 2582, 500, 186, 50, 10);
REPLACE INTO `npc_trainer` (`entry`, `spell`, `spellcost`, `reqskill`, `reqskillvalue`, `reqlevel`) VALUES (61720, 3313, 50, 186, 65, 0);
REPLACE INTO `npc_trainer` (`entry`, `spell`, `spellcost`, `reqskill`, `reqskillvalue`, `reqlevel`) VALUES (61720, 3314, 200, 186, 65, 0);
REPLACE INTO `npc_trainer` (`entry`, `spell`, `spellcost`, `reqskill`, `reqskillvalue`, `reqlevel`) VALUES (61720, 3315, 2250, 186, 155, 0);
REPLACE INTO `npc_trainer` (`entry`, `spell`, `spellcost`, `reqskill`, `reqskillvalue`, `reqlevel`) VALUES (61720, 3316, 450, 186, 125, 0);
REPLACE INTO `npc_trainer` (`entry`, `spell`, `spellcost`, `reqskill`, `reqskillvalue`, `reqlevel`) VALUES (61720, 3317, 180, 186, 75, 0);
REPLACE INTO `npc_trainer` (`entry`, `spell`, `spellcost`, `reqskill`, `reqskillvalue`, `reqlevel`) VALUES (61720, 3568, 4500, 186, 125, 20);
REPLACE INTO `npc_trainer` (`entry`, `spell`, `spellcost`, `reqskill`, `reqskillvalue`, `reqlevel`) VALUES (61720, 3596, 2250, 186, 165, 0);
REPLACE INTO `npc_trainer` (`entry`, `spell`, `spellcost`, `reqskill`, `reqskillvalue`, `reqlevel`) VALUES (61720, 10099, 4500, 186, 175, 0);
REPLACE INTO `npc_trainer` (`entry`, `spell`, `spellcost`, `reqskill`, `reqskillvalue`, `reqlevel`) VALUES (61720, 10100, 9000, 186, 230, 0);
REPLACE INTO `npc_trainer` (`entry`, `spell`, `spellcost`, `reqskill`, `reqskillvalue`, `reqlevel`) VALUES (61720, 10249, 50000, 186, 200, 35);
REPLACE INTO `npc_trainer` (`entry`, `spell`, `spellcost`, `reqskill`, `reqskillvalue`, `reqlevel`) VALUES (61720, 16154, 18000, 186, 250, 0);

-- Creature's vendor list: Gox Borelight.
REPLACE INTO `npc_vendor` (`entry`, `slot`, `item`, `maxcount`, `incrtime`, `itemflags`, `condition_id`) VALUES (61732, 154, 6256, 0, 0, 0, 0);
REPLACE INTO `npc_vendor` (`entry`, `slot`, `item`, `maxcount`, `incrtime`, `itemflags`, `condition_id`) VALUES (61732, 5, 6325, 0, 0, 0, 0);
REPLACE INTO `npc_vendor` (`entry`, `slot`, `item`, `maxcount`, `incrtime`, `itemflags`, `condition_id`) VALUES (61732, 6, 6326, 0, 0, 0, 0);
REPLACE INTO `npc_vendor` (`entry`, `slot`, `item`, `maxcount`, `incrtime`, `itemflags`, `condition_id`) VALUES (61732, 155, 6365, 1, 43200, 0, 0);
REPLACE INTO `npc_vendor` (`entry`, `slot`, `item`, `maxcount`, `incrtime`, `itemflags`, `condition_id`) VALUES (61732, 156, 6529, 0, 0, 0, 0);
REPLACE INTO `npc_vendor` (`entry`, `slot`, `item`, `maxcount`, `incrtime`, `itemflags`, `condition_id`) VALUES (61732, 157, 6530, 0, 0, 0, 0);
REPLACE INTO `npc_vendor` (`entry`, `slot`, `item`, `maxcount`, `incrtime`, `itemflags`, `condition_id`) VALUES (61732, 158, 6532, 0, 0, 0, 0);
REPLACE INTO `npc_vendor` (`entry`, `slot`, `item`, `maxcount`, `incrtime`, `itemflags`, `condition_id`) VALUES (61732, 159, 6533, 2, 7200, 0, 0);
-- Creature's vendor list: Rankle.
REPLACE INTO `npc_vendor` (`entry`, `slot`, `item`, `maxcount`, `incrtime`, `itemflags`, `condition_id`) VALUES (61727, 1, 159, 0, 0, 0, 0);
REPLACE INTO `npc_vendor` (`entry`, `slot`, `item`, `maxcount`, `incrtime`, `itemflags`, `condition_id`) VALUES (61727, 2, 2678, 0, 0, 0, 0);
REPLACE INTO `npc_vendor` (`entry`, `slot`, `item`, `maxcount`, `incrtime`, `itemflags`, `condition_id`) VALUES (61727, 3, 2692, 0, 0, 0, 0);
REPLACE INTO `npc_vendor` (`entry`, `slot`, `item`, `maxcount`, `incrtime`, `itemflags`, `condition_id`) VALUES (61727, 4, 3713, 0, 0, 0, 0);
REPLACE INTO `npc_vendor` (`entry`, `slot`, `item`, `maxcount`, `incrtime`, `itemflags`, `condition_id`) VALUES (61727, 5, 21099, 0, 0, 0, 0);
REPLACE INTO `npc_vendor` (`entry`, `slot`, `item`, `maxcount`, `incrtime`, `itemflags`, `condition_id`) VALUES (61727, 6, 21219, 0, 0, 0, 0);
-- Creature's vendor list: Tantaz Coppermud.
REPLACE INTO `npc_vendor` (`entry`, `slot`, `item`, `maxcount`, `incrtime`, `itemflags`, `condition_id`) VALUES (61720, 1, 7005, 0, 0, 0, 0);
REPLACE INTO `npc_vendor` (`entry`, `slot`, `item`, `maxcount`, `incrtime`, `itemflags`, `condition_id`) VALUES (61720, 14, 6530, 0, 0, 0, 0);
REPLACE INTO `npc_vendor` (`entry`, `slot`, `item`, `maxcount`, `incrtime`, `itemflags`, `condition_id`) VALUES (61720, 13, 6529, 0, 0, 0, 0);
REPLACE INTO `npc_vendor` (`entry`, `slot`, `item`, `maxcount`, `incrtime`, `itemflags`, `condition_id`) VALUES (61720, 16, 6260, 0, 0, 0, 0);
REPLACE INTO `npc_vendor` (`entry`, `slot`, `item`, `maxcount`, `incrtime`, `itemflags`, `condition_id`) VALUES (61720, 4, 6256, 0, 0, 0, 0);
REPLACE INTO `npc_vendor` (`entry`, `slot`, `item`, `maxcount`, `incrtime`, `itemflags`, `condition_id`) VALUES (61720, 5, 6217, 0, 0, 0, 0);
REPLACE INTO `npc_vendor` (`entry`, `slot`, `item`, `maxcount`, `incrtime`, `itemflags`, `condition_id`) VALUES (61720, 0, 6183, 0, 0, 0, 0);
REPLACE INTO `npc_vendor` (`entry`, `slot`, `item`, `maxcount`, `incrtime`, `itemflags`, `condition_id`) VALUES (61720, 2, 5956, 0, 0, 0, 0);
REPLACE INTO `npc_vendor` (`entry`, `slot`, `item`, `maxcount`, `incrtime`, `itemflags`, `condition_id`) VALUES (61720, 12, 4289, 0, 0, 0, 0);
REPLACE INTO `npc_vendor` (`entry`, `slot`, `item`, `maxcount`, `incrtime`, `itemflags`, `condition_id`) VALUES (61720, 6, 3371, 0, 0, 0, 0);
REPLACE INTO `npc_vendor` (`entry`, `slot`, `item`, `maxcount`, `incrtime`, `itemflags`, `condition_id`) VALUES (61720, 3, 2901, 0, 0, 0, 0);
REPLACE INTO `npc_vendor` (`entry`, `slot`, `item`, `maxcount`, `incrtime`, `itemflags`, `condition_id`) VALUES (61720, 11, 2880, 0, 0, 0, 0);
REPLACE INTO `npc_vendor` (`entry`, `slot`, `item`, `maxcount`, `incrtime`, `itemflags`, `condition_id`) VALUES (61720, 10, 2692, 0, 0, 0, 0);
REPLACE INTO `npc_vendor` (`entry`, `slot`, `item`, `maxcount`, `incrtime`, `itemflags`, `condition_id`) VALUES (61720, 9, 2678, 0, 0, 0, 0);
REPLACE INTO `npc_vendor` (`entry`, `slot`, `item`, `maxcount`, `incrtime`, `itemflags`, `condition_id`) VALUES (61720, 15, 2605, 0, 0, 0, 0);
REPLACE INTO `npc_vendor` (`entry`, `slot`, `item`, `maxcount`, `incrtime`, `itemflags`, `condition_id`) VALUES (61720, 17, 2604, 0, 0, 0, 0);
REPLACE INTO `npc_vendor` (`entry`, `slot`, `item`, `maxcount`, `incrtime`, `itemflags`, `condition_id`) VALUES (61720, 18, 2324, 0, 0, 0, 0);
REPLACE INTO `npc_vendor` (`entry`, `slot`, `item`, `maxcount`, `incrtime`, `itemflags`, `condition_id`) VALUES (61720, 8, 2321, 0, 0, 0, 0);
REPLACE INTO `npc_vendor` (`entry`, `slot`, `item`, `maxcount`, `incrtime`, `itemflags`, `condition_id`) VALUES (61720, 7, 2320, 0, 0, 0, 0);

-- NPC Fixes for Blackstone.
update creature_template set faction = 32 where entry in (61656,61657); -- NPC Ashfeather Buzzard and NPC Ashfeather Swooper change faction to 32.
update creature_template set scale = 0.7 where entry in (61681); -- Young Muckreef Crawler change scale to 0.7.
update creature_template set scale = 0.8 where entry in (61680); -- Muckreef Crawler change scale to 0.8.

set @equip_template = 20458; set @weapon_1 = 3269; set @weapon_2 = 0; set @weapon_3 = 0; set @creature = 61669;
replace into creature_equip_template values (@equip_template, @weapon_1, @weapon_2, @weapon_3);
update creature_template set equipment_id = @equip_template where entry = @creature; -- NPC Mudpaw Overseer add weapon 3269.

-- Сhange gossip text for Taxxlo Rustgate to the following : "Pah, just look at them. Standing around, twiddling their thumbs. How is a good and honest goblin like myself gonna make some marginable profit with conditions like these? A group of armless gnomes is more productive than this bunch. Heck, even a group of gnomes WITH arms would do better.$B$BBlastentom is a cretin and amateur if he believes me to return with a positive business report. Now scram or I’m giving you a headstart straight down myself for wasting my time AND money. "
update broadcast_text set male_text = 'Pah, just look at them. Standing around, twiddling their thumbs. How is a good and honest goblin like myself gonna make some marginable profit with conditions like these? A group of armless gnomes is more productive than this bunch. Heck, even a group of gnomes WITH arms would do better.$B$BBlastentom is a cretin and amateur if he believes me to return with a positive business report. Now scram or I\'m giving you a headstart straight down myself for wasting my time AND money.' where entry = 61729;