REPLACE INTO creature_template VALUES
(61741, 7176, 0, 0, 0, 0, 'Balnack Copperlight', 'Robotics Engineer', 0, 15, 15, 328, 328, 0, 0, 660, 1682, 3, 1, 1.14286, 1, 20, 5, 0, 0, 1, 21, 27, 0, 74, 1, 2000, 2000, 1, 0, 0, 0, 0, 0, 0, 0, 21.2784, 29.2578, 100, 7, 0, 0, 0, 0, 0, 0, 0, 0, 0, 0, 0, 0, 0, 0, 0, 0, 0, NULL, 0, 0, 'EventAI', 0, 3, 0, 0, 3, 0, 0, 0, 0, 0, 0, 0, ''),
(61742, 7187, 0, 0, 0, 0, 'Mazin Forkblast', 'Weapon and Shield Merchant', 0, 15, 15, 328, 328, 0, 0, 660, 1682, 5, 1, 1.14286, 1, 20, 5, 0, 0, 1, 21, 27, 0, 74, 1, 2000, 2000, 1, 0, 0, 0, 0, 0, 0, 0, 21.2784, 29.2578, 100, 7, 0, 0, 0, 0, 0, 0, 0, 0, 0, 0, 0, 0, 0, 0, 0, 0, 0, NULL, 0, 0, 'EventAI', 0, 3, 0, 0, 3, 0, 0, 0, 0, 0, 0, 0, ''),
(61743, 10742, 0, 0, 0, 0, 'Hazlor Torkfuse', 'General Goods', 0, 25, 25, 1002, 1002, 0, 0, 1200, 1682, 4, 1, 1.14286, 1, 18, 5, 0, 0, 1, 42, 53, 0, 122, 1, 2000, 2000, 1, 37376, 0, 0, 0, 0, 0, 0, 45.144, 62.073, 100, 7, 0, 0, 0, 0, 0, 0, 0, 0, 0, 0, 0, 0, 0, 0, 0, 0, 0, NULL, 0, 0, 'EventAI', 0, 3, 0, 0, 3, 0, 0, 0, 0, 0, 0, 0, ''),
(61744, 7100, 0, 0, 0, 0, 'Pumpworker Fizzlo', NULL, 0, 8, 8, 170, 170, 0, 0, 406, 1682, 3, 1, 1.14286, 1, 20, 5, 0, 0, 1, 11, 15, 0, 60, 1, 2000, 2000, 1, 0, 0, 0, 0, 0, 0, 0, 15.2064, 20.9088, 100, 7, 0, 0, 0, 0, 0, 0, 0, 0, 0, 0, 0, 0, 0, 0, 0, 0, 0, NULL, 0, 0, 'EventAI', 0, 3, 0, 0, 3, 0, 0, 0, 0, 0, 0, 0, ''),
(61745, 7180, 0, 0, 0, 0, 'Pumpworker Kanzal', NULL, 0, 7, 7, 137, 137, 0, 0, 239, 1682, 0, 1, 1.14286, 1, 18, 5, 0, 0, 1, 10, 12, 0, 56, 1, 2000, 2000, 1, 0, 0, 0, 0, 0, 0, 0, 13.4464, 18.4888, 100, 7, 0, 0, 0, 0, 0, 0, 0, 0, 0, 0, 0, 0, 0, 0, 0, 0, 0, NULL, 0, 0, 'EventAI', 0, 3, 0, 0, 3, 0, 0, 0, 0, 0, 0, 0, ''),
(61746, 7209, 0, 0, 0, 0, 'Pumpmaster Galvax', NULL, 0, 15, 15, 328, 328, 0, 0, 660, 1682, 3, 1, 1.14286, 1, 20, 5, 0, 0, 1, 21, 27, 0, 74, 1, 2000, 2000, 1, 0, 0, 0, 0, 0, 0, 0, 21.2784, 29.2578, 100, 7, 0, 0, 0, 0, 0, 0, 0, 0, 0, 0, 0, 0, 0, 0, 0, 0, 0, NULL, 0, 0, 'EventAI', 0, 3, 0, 0, 3, 0, 0, 0, 0, 0, 0, 0, ''),
(61747, 16096, 0, 0, 0, 0, 'Bruiser Yevo', NULL, 0, 30, 30, 1179, 1179, 0, 0, 1240, 1682, 3, 1, 1.14286, 1, 18, 5, 0, 0, 1, 47, 60, 0, 134, 1, 2000, 2000, 1, 0, 0, 0, 0, 0, 0, 0, 53.8384, 74.0278, 100, 7, 0, 0, 0, 0, 0, 0, 0, 0, 0, 0, 0, 0, 0, 0, 0, 0, 0, NULL, 0, 0, 'EventAI', 0, 3, 0, 0, 3, 0, 0, 0, 0, 0, 0, 0, ''),
(61748, 7168, 0, 0, 0, 0, 'Gazzik', 'Tinkerer', 0, 55, 55, 3643, 3643, 0, 0, 3272, 1682, 3, 1, 1.14286, 1, 20, 5, 0, 0, 1, 94, 118, 0, 254, 1, 2000, 2000, 1, 0, 0, 0, 0, 0, 0, 0, 71.2272, 97.9374, 100, 7, 0, 0, 0, 0, 0, 0, 0, 0, 0, 0, 0, 0, 0, 0, 0, 0, 0, NULL, 0, 0, 'EventAI', 0, 3, 0, 0, 3, 0, 0, 0, 0, 0, 0, 0, ''),
(61749, 7178, 0, 0, 0, 0, 'Fanzo Edgeline', 'Gazzik\'s Helper', 0, 22, 22, 573, 573, 0, 0, 922, 1682, 3, 1, 1.14286, 1, 18, 5, 0, 0, 1, 70, 86, 0, 98, 1, 2000, 2000, 1, 0, 0, 0, 0, 0, 0, 0, 35.6224, 48.9808, 100, 7, 0, 0, 0, 0, 0, 0, 0, 0, 0, 0, 0, 0, 0, 0, 0, 0, 0, NULL, 0, 0, 'EventAI', 0, 3, 0, 0, 3, 0, 0, 0, 0, 0, 0, 0, ''),
(61750, 7160, 0, 0, 0, 0, 'Gereno Topside', 'Engineering Supplies', 0, 24, 24, 664, 664, 0, 0, 1026, 1682, 4, 1, 1.14286, 1, 18, 5, 0, 0, 1, 36, 46, 0, 106, 1, 2000, 2000, 1, 0, 0, 0, 0, 0, 0, 0, 35.6224, 48.9808, 100, 7, 0, 0, 0, 0, 0, 0, 0, 0, 0, 0, 0, 0, 0, 0, 0, 0, 0, NULL, 0, 0, 'EventAI', 0, 3, 0, 0, 3, 0, 0, 0, 0, 0, 0, 0, ''),
(61751, 7183, 0, 0, 0, 0, 'Kango Boltblast', 'Guns and Ammo', 0, 15, 15, 328, 328, 0, 0, 660, 1682, 16388, 1, 1.14286, 1, 20, 5, 0, 0, 1, 21, 27, 0, 74, 1, 2000, 2000, 1, 0, 0, 0, 0, 0, 0, 0, 21.2784, 29.2578, 100, 7, 0, 0, 0, 0, 0, 0, 0, 0, 0, 0, 0, 0, 0, 0, 0, 0, 0, NULL, 0, 0, 'EventAI', 0, 3, 0, 0, 3, 0, 0, 0, 0, 0, 0, 0, ''),
(61752, 7342, 0, 0, 0, 0, 'Bruiser Rakklan', NULL, 0, 55, 55, 3643, 3643, 0, 0, 3272, 1682, 0, 1, 1.14286, 1, 20, 5, 0, 0, 1, 94, 118, 0, 254, 1, 2000, 2000, 1, 36864, 0, 0, 0, 0, 0, 0, 71.2272, 97.9374, 100, 7, 0, 0, 0, 0, 0, 0, 0, 0, 0, 0, 0, 0, 0, 0, 0, 0, 0, NULL, 0, 0, 'EventAI', 0, 3, 0, 0, 3, 0, 0, 0, 0, 0, 525312, 0, ''),
(61753, 7212, 0, 0, 0, 0, 'Technician Spux', NULL, 0, 13, 13, 314, 314, 0, 0, 511, 1682, 0, 1, 1.14286, 1, 20, 5, 40, 0, 1, 21, 27, 0, 76, 1, 2000, 2000, 1, 0, 0, 0, 0, 0, 0, 0, 27.2272, 37.4374, 100, 7, 0, 0, 0, 0, 0, 0, 0, 0, 0, 0, 0, 0, 0, 0, 0, 0, 0, NULL, 0, 0, 'EventAI', 0, 3, 0, 0, 3, 0, 0, 0, 0, 0, 0, 0, ''),
(61754, 7053, 0, 0, 0, 0, 'Dazlon Brassdigger', 'Hangmans Plunder Crew', 0, 16, 16, 356, 356, 0, 0, 713, 1682, 3, 1, 1.14286, 1, 18, 5, 0, 0, 1, 60, 74, 0, 76, 1, 3000, 2000, 1, 0, 0, 0, 0, 0, 0, 0, 28.6704, 39.4218, 100, 7, 0, 0, 0, 0, 0, 0, 0, 0, 0, 0, 0, 0, 0, 0, 0, 0, 0, NULL, 0, 0, 'EventAI', 0, 3, 0, 0, 3, 0, 0, 0, 0, 0, 0, 0, ''),
(61755, 15300, 0, 0, 0, 0, 'Ranala Greedvolt', 'Hangmans Plunder Crew', 0, 15, 15, 328, 328, 0, 0, 660, 1682, 3, 1, 1.14286, 1, 20, 5, 0, 0, 1, 21, 27, 0, 74, 1, 2000, 2000, 1, 0, 0, 0, 0, 0, 0, 0, 21.2784, 29.2578, 100, 7, 0, 0, 0, 0, 0, 0, 0, 0, 0, 0, 0, 0, 0, 0, 0, 0, 0, NULL, 0, 0, 'EventAI', 0, 3, 0, 0, 3, 0, 0, 0, 0, 0, 0, 0, '');

set @equip_template = 20466; set @weapon_1 = 1906; set @weapon_2 = 0; set @weapon_3 = 0; set @creature = 61755;
replace into creature_equip_template values (@equip_template, @weapon_1, @weapon_2, @weapon_3);
update creature_template set equipment_id = @equip_template where entry = @creature;

set @equip_template = 20465; set @weapon_1 = 1829; set @weapon_2 = 0; set @weapon_3 = 0; set @creature = 61754;
replace into creature_equip_template values (@equip_template, @weapon_1, @weapon_2, @weapon_3);
update creature_template set equipment_id = @equip_template where entry = @creature;

set @equip_template = 20464; set @weapon_1 = 1682; set @weapon_2 = 0; set @weapon_3 = 0; set @creature = 61753;
replace into creature_equip_template values (@equip_template, @weapon_1, @weapon_2, @weapon_3);
update creature_template set equipment_id = @equip_template where entry = @creature;

set @equip_template = 20463; set @weapon_1 = 1990; set @weapon_2 = 0; set @weapon_3 = 0; set @creature = 61752;
replace into creature_equip_template values (@equip_template, @weapon_1, @weapon_2, @weapon_3);
update creature_template set equipment_id = @equip_template where entry = @creature;

set @equip_template = 20462; set @weapon_1 = 4994; set @weapon_2 = 0; set @weapon_3 = 0; set @creature = 61748;
replace into creature_equip_template values (@equip_template, @weapon_1, @weapon_2, @weapon_3);
update creature_template set equipment_id = @equip_template where entry = @creature;

set @equip_template = 20461; set @weapon_1 = 920; set @weapon_2 = 11585; set @weapon_3 = 0; set @creature = 61747;
replace into creature_equip_template values (@equip_template, @weapon_1, @weapon_2, @weapon_3);
update creature_template set equipment_id = @equip_template where entry = @creature;

set @equip_template = 20460; set @weapon_1 = 6982; set @weapon_2 = 0; set @weapon_3 = 0; set @creature = 61745;
replace into creature_equip_template values (@equip_template, @weapon_1, @weapon_2, @weapon_3);
update creature_template set equipment_id = @equip_template where entry = @creature;

set @equip_template = 20459; set @weapon_1 = 6982; set @weapon_2 = 0; set @weapon_3 = 0; set @creature = 61744;
replace into creature_equip_template values (@equip_template, @weapon_1, @weapon_2, @weapon_3);
update creature_template set equipment_id = @equip_template where entry = @creature;

set @gossip_menu_id = 41567; set @magic_number = 61755;
replace into gossip_menu (entry, text_id, condition_id) VALUES (@gossip_menu_id, @magic_number, '0'); 
replace into broadcast_text (entry, Male_Text) values (@magic_number, 'You might think I\'m lucky to be standing here, but the truth is I had quite a lot of gold on that ship, all dragged to the bottom of the ocean... I might rather be dead at this point.');
replace into npc_text (ID, BroadcastTextID0) values (@magic_number, @magic_number);
update creature_template set gossip_menu_id = @gossip_menu_id where entry = @magic_number;

set @gossip_menu_id = 41566; set @magic_number = 61754;
replace into gossip_menu (entry, text_id, condition_id) VALUES (@gossip_menu_id, @magic_number, '0'); 
replace into broadcast_text (entry, Male_Text) values (@magic_number, 'What a catastrophe, how are we ever going to earn some coin now?');
replace into npc_text (ID, BroadcastTextID0) values (@magic_number, @magic_number);
update creature_template set gossip_menu_id = @gossip_menu_id where entry = @magic_number;

set @gossip_menu_id = 41565; set @magic_number = 61749;
replace into gossip_menu (entry, text_id, condition_id) VALUES (@gossip_menu_id, @magic_number, '0'); 
replace into broadcast_text (entry, Male_Text) values (@magic_number, 'You wouldn\'t happen to have some spare screws would you?');
replace into npc_text (ID, BroadcastTextID0) values (@magic_number, @magic_number);
update creature_template set gossip_menu_id = @gossip_menu_id where entry = @magic_number;

set @gossip_menu_id = 41564; set @magic_number = 61748;
replace into gossip_menu (entry, text_id, condition_id) VALUES (@gossip_menu_id, @magic_number, '0'); 
replace into broadcast_text (entry, Male_Text) values (@magic_number, 'Well, hello there.$B$BWelcome to my Workshop. I do all sorts of tinkering projects around here, when I get the spare time, that is. Most of my work these days is dedicated to fixing up some things from Rustgate Ridge.$B$BThey can\'t even seem to keep a shredder operational around there. Rusted bolts, torn wiring, cracked frames, it\'s a real mess.');
replace into npc_text (ID, BroadcastTextID0) values (@magic_number, @magic_number);
update creature_template set gossip_menu_id = @gossip_menu_id where entry = @magic_number;

set @gossip_menu_id = 41563; set @magic_number = 61747;
replace into gossip_menu (entry, text_id, condition_id) VALUES (@gossip_menu_id, @magic_number, '0'); 
replace into broadcast_text (entry, Male_Text) values (@magic_number, 'Not much foot traffic gets up around here.$B$BYou wouldn\'t happen to be one of those Venture Co. lurking around are you?');
replace into npc_text (ID, BroadcastTextID0) values (@magic_number, @magic_number);
update creature_template set gossip_menu_id = @gossip_menu_id where entry = @magic_number;

set @gossip_menu_id = 41562; set @magic_number = 61746;
replace into gossip_menu (entry, text_id, condition_id) VALUES (@gossip_menu_id, @magic_number, '0'); 
replace into broadcast_text (entry, Male_Text) values (@magic_number, 'Let me guess, you\'re here from Rustgate Ridge asking about the water shortages?');
replace into npc_text (ID, BroadcastTextID0) values (@magic_number, @magic_number);
update creature_template set gossip_menu_id = @gossip_menu_id where entry = @magic_number;

set @gossip_menu_id = 41561; set @magic_number = 61744;
replace into gossip_menu (entry, text_id, condition_id) VALUES (@gossip_menu_id, @magic_number, '0'); 
replace into broadcast_text (entry, Male_Text) values (@magic_number, 'I have an important job here. Supplying water on Blackstone is about as important as it gets. If this pump was to ever stop working, or if I left my post, it\'d be utter chaos. No active pumps means no drinking water for Rustgate and his goons.$B$BYou\'d think I\'d be paid a little more.');
replace into npc_text (ID, BroadcastTextID0) values (@magic_number, @magic_number);
update creature_template set gossip_menu_id = @gossip_menu_id where entry = @magic_number;

set @gossip_menu_id = 41560; set @magic_number = 61742;
replace into gossip_menu (entry, text_id, condition_id) VALUES (@gossip_menu_id, @magic_number, '0'); 
replace into broadcast_text (entry, Male_Text) values (@magic_number, 'If you\'re looking for a good weapon, or some decent protection, you have come to the right place.');
replace into npc_text (ID, BroadcastTextID0) values (@magic_number, @magic_number);
update creature_template set gossip_menu_id = @gossip_menu_id where entry = @magic_number;

set @gossip_menu_id = 41559; set @magic_number = 61741;
replace into gossip_menu (entry, text_id, condition_id) VALUES (@gossip_menu_id, @magic_number, '0'); 
replace into broadcast_text (entry, Male_Text) values (@magic_number, 'I really do have my work cut out for me!$B$BA batch of miscalculated fuses and faulty wires has sent all of the robots into chaos here!');
replace into npc_text (ID, BroadcastTextID0) values (@magic_number, @magic_number);
update creature_template set gossip_menu_id = @gossip_menu_id where entry = @magic_number;


-- Creature's vendor list: Gereno Topside. 
REPLACE INTO `npc_vendor` (`entry`, `slot`, `item`, `maxcount`, `incrtime`, `itemflags`, `condition_id`) VALUES (61751, 0, 2509, 0, 0, 0, 0);
REPLACE INTO `npc_vendor` (`entry`, `slot`, `item`, `maxcount`, `incrtime`, `itemflags`, `condition_id`) VALUES (61751, 0, 2511, 0, 0, 0, 0);
REPLACE INTO `npc_vendor` (`entry`, `slot`, `item`, `maxcount`, `incrtime`, `itemflags`, `condition_id`) VALUES (61751, 0, 2516, 0, 0, 0, 0);
REPLACE INTO `npc_vendor` (`entry`, `slot`, `item`, `maxcount`, `incrtime`, `itemflags`, `condition_id`) VALUES (61751, 0, 2519, 0, 0, 0, 0);
REPLACE INTO `npc_vendor` (`entry`, `slot`, `item`, `maxcount`, `incrtime`, `itemflags`, `condition_id`) VALUES (61751, 0, 3024, 0, 0, 0, 0);
REPLACE INTO `npc_vendor` (`entry`, `slot`, `item`, `maxcount`, `incrtime`, `itemflags`, `condition_id`) VALUES (61751, 0, 5441, 0, 0, 0, 0);
-- Creature's vendor list: Gereno Topside.
REPLACE INTO `npc_vendor` (`entry`, `slot`, `item`, `maxcount`, `incrtime`, `itemflags`, `condition_id`) VALUES (61750, 3146, 2880, 0, 0, 0, 0);
REPLACE INTO `npc_vendor` (`entry`, `slot`, `item`, `maxcount`, `incrtime`, `itemflags`, `condition_id`) VALUES (61750, 3143, 2901, 0, 0, 0, 0);
REPLACE INTO `npc_vendor` (`entry`, `slot`, `item`, `maxcount`, `incrtime`, `itemflags`, `condition_id`) VALUES (61750, 3147, 3466, 0, 0, 0, 0);
REPLACE INTO `npc_vendor` (`entry`, `slot`, `item`, `maxcount`, `incrtime`, `itemflags`, `condition_id`) VALUES (61750, 3151, 4357, 3, 10800, 0, 0);
REPLACE INTO `npc_vendor` (`entry`, `slot`, `item`, `maxcount`, `incrtime`, `itemflags`, `condition_id`) VALUES (61750, 0, 4361, 2, 10800, 0, 0);
REPLACE INTO `npc_vendor` (`entry`, `slot`, `item`, `maxcount`, `incrtime`, `itemflags`, `condition_id`) VALUES (61750, 3150, 4363, 1, 10800, 0, 0);
REPLACE INTO `npc_vendor` (`entry`, `slot`, `item`, `maxcount`, `incrtime`, `itemflags`, `condition_id`) VALUES (61750, 3152, 4364, 2, 10800, 0, 0);
REPLACE INTO `npc_vendor` (`entry`, `slot`, `item`, `maxcount`, `incrtime`, `itemflags`, `condition_id`) VALUES (61750, 0, 4371, 2, 10800, 0, 0);
REPLACE INTO `npc_vendor` (`entry`, `slot`, `item`, `maxcount`, `incrtime`, `itemflags`, `condition_id`) VALUES (61750, 0, 4382, 1, 10800, 0, 0);
REPLACE INTO `npc_vendor` (`entry`, `slot`, `item`, `maxcount`, `incrtime`, `itemflags`, `condition_id`) VALUES (61750, 0, 4389, 1, 10800, 0, 0);
REPLACE INTO `npc_vendor` (`entry`, `slot`, `item`, `maxcount`, `incrtime`, `itemflags`, `condition_id`) VALUES (61750, 3144, 4399, 0, 0, 0, 0);
REPLACE INTO `npc_vendor` (`entry`, `slot`, `item`, `maxcount`, `incrtime`, `itemflags`, `condition_id`) VALUES (61750, 3145, 4400, 0, 0, 0, 0);
REPLACE INTO `npc_vendor` (`entry`, `slot`, `item`, `maxcount`, `incrtime`, `itemflags`, `condition_id`) VALUES (61750, 0, 4404, 3, 10800, 0, 0);
REPLACE INTO `npc_vendor` (`entry`, `slot`, `item`, `maxcount`, `incrtime`, `itemflags`, `condition_id`) VALUES (61750, 3142, 5956, 0, 0, 0, 0);
REPLACE INTO `npc_vendor` (`entry`, `slot`, `item`, `maxcount`, `incrtime`, `itemflags`, `condition_id`) VALUES (61750, 3149, 10647, 0, 0, 0, 0);
REPLACE INTO `npc_vendor` (`entry`, `slot`, `item`, `maxcount`, `incrtime`, `itemflags`, `condition_id`) VALUES (61750, 3148, 10648, 0, 0, 0, 0);
-- Creature's vendor list: Hazlor Torkfuse.
REPLACE INTO `npc_vendor` (`entry`, `slot`, `item`, `maxcount`, `incrtime`, `itemflags`, `condition_id`) VALUES (61743, 0, 159, 0, 0, 0, 0);
REPLACE INTO `npc_vendor` (`entry`, `slot`, `item`, `maxcount`, `incrtime`, `itemflags`, `condition_id`) VALUES (61743, 0, 1179, 0, 0, 0, 0);
REPLACE INTO `npc_vendor` (`entry`, `slot`, `item`, `maxcount`, `incrtime`, `itemflags`, `condition_id`) VALUES (61743, 0, 1205, 0, 0, 0, 0);
REPLACE INTO `npc_vendor` (`entry`, `slot`, `item`, `maxcount`, `incrtime`, `itemflags`, `condition_id`) VALUES (61743, 0, 2515, 0, 0, 0, 0);
REPLACE INTO `npc_vendor` (`entry`, `slot`, `item`, `maxcount`, `incrtime`, `itemflags`, `condition_id`) VALUES (61743, 0, 2519, 0, 0, 0, 0);
REPLACE INTO `npc_vendor` (`entry`, `slot`, `item`, `maxcount`, `incrtime`, `itemflags`, `condition_id`) VALUES (61743, 0, 2946, 0, 0, 0, 0);
REPLACE INTO `npc_vendor` (`entry`, `slot`, `item`, `maxcount`, `incrtime`, `itemflags`, `condition_id`) VALUES (61743, 0, 3030, 0, 0, 0, 0);
REPLACE INTO `npc_vendor` (`entry`, `slot`, `item`, `maxcount`, `incrtime`, `itemflags`, `condition_id`) VALUES (61743, 0, 3033, 0, 0, 0, 0);
REPLACE INTO `npc_vendor` (`entry`, `slot`, `item`, `maxcount`, `incrtime`, `itemflags`, `condition_id`) VALUES (61743, 0, 3107, 0, 0, 0, 0);
REPLACE INTO `npc_vendor` (`entry`, `slot`, `item`, `maxcount`, `incrtime`, `itemflags`, `condition_id`) VALUES (61743, 0, 3108, 0, 0, 0, 0);
REPLACE INTO `npc_vendor` (`entry`, `slot`, `item`, `maxcount`, `incrtime`, `itemflags`, `condition_id`) VALUES (61743, 0, 3131, 0, 0, 0, 0);
REPLACE INTO `npc_vendor` (`entry`, `slot`, `item`, `maxcount`, `incrtime`, `itemflags`, `condition_id`) VALUES (61743, 0, 3135, 0, 0, 0, 0);
REPLACE INTO `npc_vendor` (`entry`, `slot`, `item`, `maxcount`, `incrtime`, `itemflags`, `condition_id`) VALUES (61743, 0, 3137, 0, 0, 0, 0);
REPLACE INTO `npc_vendor` (`entry`, `slot`, `item`, `maxcount`, `incrtime`, `itemflags`, `condition_id`) VALUES (61743, 0, 4470, 0, 0, 0, 0);
REPLACE INTO `npc_vendor` (`entry`, `slot`, `item`, `maxcount`, `incrtime`, `itemflags`, `condition_id`) VALUES (61743, 0, 4471, 0, 0, 0, 0);
REPLACE INTO `npc_vendor` (`entry`, `slot`, `item`, `maxcount`, `incrtime`, `itemflags`, `condition_id`) VALUES (61743, 0, 4497, 0, 0, 0, 0);
REPLACE INTO `npc_vendor` (`entry`, `slot`, `item`, `maxcount`, `incrtime`, `itemflags`, `condition_id`) VALUES (61743, 0, 4498, 0, 0, 0, 0);
REPLACE INTO `npc_vendor` (`entry`, `slot`, `item`, `maxcount`, `incrtime`, `itemflags`, `condition_id`) VALUES (61743, 0, 6183, 0, 0, 0, 0);
-- Creature's vendor list: Mazin Forkblast.
REPLACE INTO `npc_vendor` (`entry`, `item`, `maxcount`, `incrtime`, `itemflags`, `condition_id`) VALUES (61742, 3111, 0, 0, 0, 0);
REPLACE INTO `npc_vendor` (`entry`, `item`, `maxcount`, `incrtime`, `itemflags`, `condition_id`) VALUES (61742, 2947, 0, 0, 0, 0);
REPLACE INTO `npc_vendor` (`entry`, `item`, `maxcount`, `incrtime`, `itemflags`, `condition_id`) VALUES (61742, 2512, 0, 0, 0, 0);
REPLACE INTO `npc_vendor` (`entry`, `item`, `maxcount`, `incrtime`, `itemflags`, `condition_id`) VALUES (61742, 5439, 0, 0, 0, 0);
REPLACE INTO `npc_vendor` (`entry`, `item`, `maxcount`, `incrtime`, `itemflags`, `condition_id`) VALUES (61742, 2946, 0, 0, 0, 0);
REPLACE INTO `npc_vendor` (`entry`, `item`, `maxcount`, `incrtime`, `itemflags`, `condition_id`) VALUES (61742, 852, 0, 0, 0, 0);
REPLACE INTO `npc_vendor` (`entry`, `item`, `maxcount`, `incrtime`, `itemflags`, `condition_id`) VALUES (61742, 1196, 0, 0, 0, 0);
REPLACE INTO `npc_vendor` (`entry`, `item`, `maxcount`, `incrtime`, `itemflags`, `condition_id`) VALUES (61742, 1198, 0, 0, 0, 0);
REPLACE INTO `npc_vendor` (`entry`, `item`, `maxcount`, `incrtime`, `itemflags`, `condition_id`) VALUES (61742, 851, 0, 0, 0, 0);
REPLACE INTO `npc_vendor` (`entry`, `item`, `maxcount`, `incrtime`, `itemflags`, `condition_id`) VALUES (61742, 1197, 0, 0, 0, 0);
REPLACE INTO `npc_vendor` (`entry`, `item`, `maxcount`, `incrtime`, `itemflags`, `condition_id`) VALUES (61742, 15906, 0, 0, 0, 0);
REPLACE INTO `npc_vendor` (`entry`, `item`, `maxcount`, `incrtime`, `itemflags`, `condition_id`) VALUES (61742, 11362, 0, 0, 0, 0);
REPLACE INTO `npc_vendor` (`entry`, `item`, `maxcount`, `incrtime`, `itemflags`, `condition_id`) VALUES (61742, 15905, 0, 0, 0, 0);
REPLACE INTO `npc_vendor` (`entry`, `item`, `maxcount`, `incrtime`, `itemflags`, `condition_id`) VALUES (61742, 2515, 0, 0, 0, 0);
REPLACE INTO `npc_vendor` (`entry`, `item`, `maxcount`, `incrtime`, `itemflags`, `condition_id`) VALUES (61742, 17186, 0, 0, 0, 0);
REPLACE INTO `npc_vendor` (`entry`, `item`, `maxcount`, `incrtime`, `itemflags`, `condition_id`) VALUES (61742, 1201, 0, 0, 0, 0);
REPLACE INTO `npc_vendor` (`entry`, `item`, `maxcount`, `incrtime`, `itemflags`, `condition_id`) VALUES (61742, 17184, 0, 0, 0, 0);
REPLACE INTO `npc_vendor` (`entry`, `item`, `maxcount`, `incrtime`, `itemflags`, `condition_id`) VALUES (61742, 2129, 0, 0, 0, 0);