-- Move office spawns from Stormwind to Booty Bay.
REPLACE INTO `gameobject` VALUES ( 5016777, 2003250, 0, -14372, 400.647, 6.62754, 1.89161, 0, 0, 0.810968, 0.585091, 300, 300, 100, 1, 0, 0);
UPDATE `creature` SET `position_x` = -14371.929688, `position_y` = 400.468018, `position_z` = 6.621083, `orientation` = 1.886607 WHERE `guid` = 68758;
UPDATE `creature` SET `position_x` = -14373.310547, `position_y` = 404.224548, `position_z` = 6.627298, `orientation` = 5.087107 WHERE `guid` = 68760;
REPLACE INTO `gameobject` VALUES ( 5016778, 1000310, 0, -14372.5, 402.13, 7.81787, 1.95336, 0, 0, 0.828644, 0.559775, 300, 300, 100, 1, 0, 0);
REPLACE INTO `gameobject` VALUES ( 5016779, 2011108, 0, -14374.9, 401.602, 6.62626, 2.00049, 0, 0, 0.841603, 0.540096, 300, 300, 100, 1, 0, 0);
INSERT INTO `gameobject_template` (`entry`, `type`, `displayId`, `name`, `faction`, `flags`, `size`, `data0`, `data1`, `data2`, `data3`, `data4`, `data5`, `data6`, `data7`, `data8`, `data9`, `data10`, `data11`, `data12`, `data13`, `data14`, `data15`, `data16`, `data17`, `data18`, `data19`, `data20`, `data21`, `data22`, `data23`, `mingold`, `maxgold`, `phase_quest_id`, `script_name`) VALUES (2011108, 5, 24164, 'World GENERIC HUMAN PASSIVE DOODADS Desks FancyDesk01.mdx', 0, 0, 0.7, 0, 0, 0, 0, 0, 0, 0, 0, 0, 0, 0, 0, 0, 0, 0, 0, 0, 0, 0, 0, 0, 0, 0, 0, 0, 0, 0, '');
UPDATE `creature` SET `position_x` = -14374.115234, `position_y` = 400.048889, `position_z` = 6.625940, `orientation` = 1.996566 WHERE `guid` = 68776;
UPDATE `creature` SET `position_x` = -14374.159180, `position_y` = 406.165771, `position_z` = 6.626400, `orientation` = 5.126378 WHERE `guid` = 2575032;
UPDATE `creature` SET `position_x` = -14375.484375, `position_y` = 403.170258, `position_z` = 6.626400, `orientation` = 5.122447 WHERE `guid` = 2575031;
UPDATE `creature` SET `position_x` = -14381.883789, `position_y` = 407.434998, `position_z` = 6.612381, `orientation` = 5.899986 WHERE `guid` = 68764;
UPDATE `creature` SET `position_x` = -14379.764648, `position_y` = 406.903259, `position_z` = 6.625149, `orientation` = 2.887984 WHERE `guid` = 2575035;
REPLACE INTO `creature` VALUES (2579086,51245,0,0,0,0,-14379.6,408.522,6.62723,3.50665,120,120,0,100,100,0,0,0);
REPLACE INTO `creature` VALUES (2579087,51245,0,0,0,0,-14380.7,405.877,6.62074,2.18326,120,120,0,100,100,0,0,0);
REPLACE INTO `gameobject` VALUES ( 5016780, 2000072, 0, -14374.7, 401.164, 7.84085, 1.91208, 0, 0, 0.816914, 0.576759, 300, 300, 100, 1, 0, 0);
UPDATE `creature` SET `position_x` = -14363.819336, `position_y` = 414.539429, `position_z` = 6.626275, `orientation` = 0.314597 WHERE `guid` = 2575026;
UPDATE `creature` SET `position_x` = -14361.325195, `position_y` = 415.423676, `position_z` = 6.626275, `orientation` = 3.448335 WHERE `guid` = 2575028;
DELETE FROM creature WHERE guid=2575024;
DELETE FROM creature_addon WHERE guid=2575024;
DELETE FROM creature_movement WHERE id=2575024;
DELETE FROM game_event_creature WHERE guid=2575024;
DELETE FROM game_event_creature_data WHERE guid=2575024;
DELETE FROM creature_battleground WHERE guid=2575024;
DELETE FROM creature WHERE guid=68759;
DELETE FROM creature_addon WHERE guid=68759;
DELETE FROM creature_movement WHERE id=68759;
DELETE FROM game_event_creature WHERE guid=68759;
DELETE FROM game_event_creature_data WHERE guid=68759;
DELETE FROM creature_battleground WHERE guid=68759;
DELETE FROM creature WHERE guid=2575023;
DELETE FROM creature_addon WHERE guid=2575023;
DELETE FROM creature_movement WHERE id=2575023;
DELETE FROM game_event_creature WHERE guid=2575023;
DELETE FROM game_event_creature_data WHERE guid=2575023;
DELETE FROM creature_battleground WHERE guid=2575023;
DELETE FROM creature WHERE guid=2575021;
DELETE FROM creature_addon WHERE guid=2575021;
DELETE FROM creature_movement WHERE id=2575021;
DELETE FROM game_event_creature WHERE guid=2575021;
DELETE FROM game_event_creature_data WHERE guid=2575021;
DELETE FROM creature_battleground WHERE guid=2575021;
DELETE FROM creature WHERE guid=2575022;
DELETE FROM creature_addon WHERE guid=2575022;
DELETE FROM creature_movement WHERE id=2575022;
DELETE FROM game_event_creature WHERE guid=2575022;
DELETE FROM game_event_creature_data WHERE guid=2575022;
DELETE FROM creature_battleground WHERE guid=2575022;
DELETE FROM creature WHERE guid=2575020;
DELETE FROM creature_addon WHERE guid=2575020;
DELETE FROM creature_movement WHERE id=2575020;
DELETE FROM game_event_creature WHERE guid=2575020;
DELETE FROM game_event_creature_data WHERE guid=2575020;
DELETE FROM creature_battleground WHERE guid=2575020;
DELETE FROM creature WHERE guid=2575017;
DELETE FROM creature_addon WHERE guid=2575017;
DELETE FROM creature_movement WHERE id=2575017;
DELETE FROM game_event_creature WHERE guid=2575017;
DELETE FROM game_event_creature_data WHERE guid=2575017;
DELETE FROM creature_battleground WHERE guid=2575017;
REPLACE INTO `gameobject` VALUES ( 5016781, 2010953, 0, -14388.2, 407.428, 6.70918, 3.44834, 0, 0, 0.988262, -0.152771, 300, 300, 100, 1, 0, 0);
REPLACE INTO `gameobject` VALUES ( 5016782, 2005110, 0, -14373.1, 396.83, 8.25582, 1.91601, 0, 0, 0.818045, 0.575155, 300, 300, 100, 1, 0, 0);
REPLACE INTO `gameobject` VALUES ( 5016783, 2010955, 0, -14370.4, 404.917, 6.62636, 1.89087, 0, 0, 0.810751, 0.585391, 300, 300, 100, 1, 0, 0);
DELETE FROM gameobject WHERE guid = '5012437';
DELETE FROM game_event_gameobject WHERE guid = '5012437';
DELETE FROM gameobject_battleground WHERE guid = '5012437';
DELETE FROM gameobject WHERE guid = '5013578';
DELETE FROM game_event_gameobject WHERE guid = '5013578';
DELETE FROM gameobject_battleground WHERE guid = '5013578';
DELETE FROM gameobject WHERE guid = '5013579';
DELETE FROM game_event_gameobject WHERE guid = '5013579';
DELETE FROM gameobject_battleground WHERE guid = '5013579';
DELETE FROM gameobject WHERE guid = '5013584';
DELETE FROM game_event_gameobject WHERE guid = '5013584';
DELETE FROM gameobject_battleground WHERE guid = '5013584';
DELETE FROM gameobject WHERE guid = '5013582';
DELETE FROM game_event_gameobject WHERE guid = '5013582';
DELETE FROM gameobject_battleground WHERE guid = '5013582';
REPLACE INTO `object_scaling` (`fullGuid`, `scale`) VALUES (17370417402936593616, 0.300000);
REPLACE INTO `gameobject` VALUES ( 5016784, 2005110, 0, -14372.8, 402.856, 7.81829, 1.84297, 0, 0, 0.796499, 0.60464, 300, 300, 100, 1, 0, 0);
DELETE FROM gameobject WHERE guid = '5013585';
DELETE FROM game_event_gameobject WHERE guid = '5013585';
DELETE FROM gameobject_battleground WHERE guid = '5013585';
DELETE FROM gameobject WHERE guid = '5013580';
DELETE FROM game_event_gameobject WHERE guid = '5013580';
DELETE FROM gameobject_battleground WHERE guid = '5013580';
DELETE FROM gameobject WHERE guid = '5013640';
DELETE FROM game_event_gameobject WHERE guid = '5013640';
DELETE FROM gameobject_battleground WHERE guid = '5013640';
DELETE FROM gameobject WHERE guid = '5013583';
DELETE FROM game_event_gameobject WHERE guid = '5013583';
DELETE FROM gameobject_battleground WHERE guid = '5013583';
INSERT INTO `page_text` (`entry`, `text`, `next_page`) VALUES (10032, 'Due to excessive regulations recently introduced by the Stormwind City treasury, Shell Co has been forced to relocate its offices to the free trade port of Booty Bay.\r\n\r\nIf you are displeased by this development, please express your feelings to the visionless bureaucrats at Stormwind Keep that have conspired to keep you from attaining the wealth you deserve!', 0);
INSERT INTO `gameobject_template` (`entry`, `type`, `displayId`, `name`, `faction`, `flags`, `size`, `data0`, `data1`, `data2`, `data3`, `data4`, `data5`, `data6`, `data7`, `data8`, `data9`, `data10`, `data11`, `data12`, `data13`, `data14`, `data15`, `data16`, `data17`, `data18`, `data19`, `data20`, `data21`, `data22`, `data23`, `mingold`, `maxgold`, `phase_quest_id`, `script_name`) VALUES (2011109, 9, 25430, 'Shell Co has relocated!', 0, 0, 1, 10032, 7, 5, 0, 0, 0, 0, 0, 0, 0, 0, 0, 0, 0, 0, 0, 0, 0, 0, 0, 0, 0, 0, 0, 0, 0, 0, '');
UPDATE `gameobject` SET `id`=2011109 WHERE `guid`=5012438;

-- Events list for Distraught Investor
DELETE FROM `creature_ai_events` WHERE `creature_id`=52120;
INSERT INTO `creature_ai_events` (`id`, `creature_id`, `condition_id`, `event_type`, `event_inverse_phase_mask`, `event_chance`, `event_flags`, `event_param1`, `event_param2`, `event_param3`, `event_param4`, `action1_script`, `action2_script`, `action3_script`, `comment`) VALUES (5212001, 52120, 0, 1, 0, 100, 1, 30000, 30000, 120000, 300000, 5212001, 0, 0, 'Distraught Investor - Say Text OOC');
DELETE FROM `creature_ai_scripts` WHERE `id`=5212001;
INSERT INTO `creature_ai_scripts` (`id`, `delay`, `priority`, `command`, `datalong`, `datalong2`, `datalong3`, `datalong4`, `target_param1`, `target_param2`, `target_type`, `data_flags`, `dataint`, `dataint2`, `dataint3`, `dataint4`, `x`, `y`, `z`, `o`, `condition_id`, `comments`) VALUES
(5212001, 0, 0, 39, 5212001, 0, 0, 0, 0, 0, 0, 0, 100, 0, 0, 0, 0, 0, 0, 0, 0, 'Distraught Investor - Start Script');
DELETE FROM `generic_scripts` WHERE `id`=5212001;
INSERT INTO `generic_scripts` (`id`, `delay`, `priority`, `command`, `datalong`, `datalong2`, `datalong3`, `datalong4`, `target_param1`, `target_param2`, `target_type`, `data_flags`, `dataint`, `dataint2`, `dataint3`, `dataint4`, `x`, `y`, `z`, `o`, `condition_id`, `comments`) VALUES
(5212001, 0, 0, 0, 0, 0, 0, 0, 0, 0, 0, 0, 47041, 0, 0, 0, 0, 0, 0, 0, 0, 'Distraught Investor - Say Text'),
(5212001, 4, 0, 0, 0, 0, 0, 0, 0, 0, 0, 0, 47042, 0, 0, 0, 0, 0, 0, 0, 0, 'Distraught Investor - Say Text'),
(5212001, 8, 0, 0, 0, 0, 0, 0, 0, 0, 0, 0, 47043, 0, 0, 0, 0, 0, 0, 0, 0, 'Distraught Investor - Say Text'),
(5212001, 13, 0, 0, 0, 0, 0, 0, 0, 0, 0, 0, 47044, 0, 0, 0, 0, 0, 0, 0, 0, 'Distraught Investor - Say Text'),
(5212001, 15, 0, 1, 18, 0, 0, 0, 0, 0, 0, 0, 0, 0, 0, 0, 0, 0, 0, 0, 0, 'Distraught Investor - Emote Cry');
INSERT INTO `creature_template` (`entry`, `display_id1`, `display_id2`, `display_id3`, `display_id4`, `mount_display_id`, `name`, `subname`, `gossip_menu_id`, `level_min`, `level_max`, `health_min`, `health_max`, `mana_min`, `mana_max`, `armor`, `faction`, `npc_flags`, `speed_walk`, `speed_run`, `scale`, `detection_range`, `call_for_help_range`, `leash_range`, `rank`, `xp_multiplier`, `dmg_min`, `dmg_max`, `dmg_school`, `attack_power`, `dmg_multiplier`, `base_attack_time`, `ranged_attack_time`, `unit_class`, `unit_flags`, `dynamic_flags`, `beast_family`, `trainer_type`, `trainer_spell`, `trainer_class`, `trainer_race`, `ranged_dmg_min`, `ranged_dmg_max`, `ranged_attack_power`, `type`, `type_flags`, `loot_id`, `pickpocket_loot_id`, `skinning_loot_id`, `holy_res`, `fire_res`, `nature_res`, `frost_res`, `shadow_res`, `arcane_res`, `spell_id1`, `spell_id2`, `spell_id3`, `spell_id4`, `spell_list_id`, `pet_spell_list_id`, `spawn_spell_id`, `auras`, `gold_min`, `gold_max`, `ai_name`, `movement_type`, `inhabit_type`, `civilian`, `racial_leader`, `regeneration`, `equipment_id`, `trainer_id`, `vendor_id`, `mechanic_immune_mask`, `school_immune_mask`, `flags_extra`, `phase_quest_id`, `script_name`) VALUES (52120, 4392, 0, 0, 0, 0, 'Distraught Investor', NULL, 0, 40, 40, 1752, 1752, 0, 0, 1890, 35, 2, 1, 1.14286, 0, 18, 5, 0, 0, 1, 61, 78, 0, 156, 1, 1000, 2000, 1, 0, 0, 0, 0, 0, 0, 0, 56.672, 77.924, 100, 7, 0, 0, 0, 0, 0, 0, 0, 0, 0, 0, 0, 0, 0, 0, 0, 0, 0, NULL, 0, 0, 'EventAI', 0, 3, 1, 0, 3, 0, 0, 0, 0, 0, 524298, 0, '');
INSERT INTO `broadcast_text` (`entry`, `male_text`, `female_text`, `chat_type`, `sound_id`, `language_id`, `emote_id1`, `emote_id2`, `emote_id3`, `emote_delay1`, `emote_delay2`, `emote_delay3`) VALUES (47041, 'No!', NULL, 0, 0, 0, 5, 0, 0, 0, 0, 0);
INSERT INTO `broadcast_text` (`entry`, `male_text`, `female_text`, `chat_type`, `sound_id`, `language_id`, `emote_id1`, `emote_id2`, `emote_id3`, `emote_delay1`, `emote_delay2`, `emote_delay3`) VALUES (47042, 'God!', NULL, 0, 0, 0, 5, 0, 0, 0, 0, 0);
INSERT INTO `broadcast_text` (`entry`, `male_text`, `female_text`, `chat_type`, `sound_id`, `language_id`, `emote_id1`, `emote_id2`, `emote_id3`, `emote_delay1`, `emote_delay2`, `emote_delay3`) VALUES (47043, 'No, god, please, no!', NULL, 0, 0, 0, 1, 0, 0, 0, 0, 0);
INSERT INTO `broadcast_text` (`entry`, `male_text`, `female_text`, `chat_type`, `sound_id`, `language_id`, `emote_id1`, `emote_id2`, `emote_id3`, `emote_delay1`, `emote_delay2`, `emote_delay3`) VALUES (47044, 'NO! NO! NOOOOO!', NULL, 0, 0, 0, 5, 0, 0, 0, 0, 0);
INSERT INTO `creature` (`guid`, `id`, `id2`, `id3`, `id4`, `map`, `position_x`, `position_y`, `position_z`, `orientation`, `spawntimesecsmin`, `spawntimesecsmax`, `wander_distance`, `health_percent`, `mana_percent`, `movement_type`, `spawn_flags`, `visibility_mod`) VALUES (1054630, 52120, 0, 0, 0, 0, -8658.77, 667.103, 100.618, 0.799865, 120, 120, 0, 100, 100, 0, 0, 0);

-- Gossip for Suicidal Investor
INSERT INTO `broadcast_text` (`entry`, `male_text`, `female_text`, `chat_type`, `sound_id`, `language_id`, `emote_id1`, `emote_id2`, `emote_id3`, `emote_delay1`, `emote_delay2`, `emote_delay3`) VALUES (47045, NULL, 'I have lost the will to live. Let the wild beasts take me.\r\n\r\nWhat do you mean there are no beasts in the city? What else do you call the monsters in government!\r\n\r\nI could have been rich beyond my wildest dreams, but they took it from me! It\'s a conspiracy to keep us poor forever.', 0, 0, 0, 0, 0, 0, 0, 0, 0);
INSERT INTO `npc_text` (`ID`, `BroadcastTextID0`, `Probability0`, `BroadcastTextID1`, `Probability1`, `BroadcastTextID2`, `Probability2`, `BroadcastTextID3`, `Probability3`, `BroadcastTextID4`, `Probability4`, `BroadcastTextID5`, `Probability5`, `BroadcastTextID6`, `Probability6`, `BroadcastTextID7`, `Probability7`) VALUES (52121, 47045, 1, 0, 0, 0, 0, 0, 0, 0, 0, 0, 0, 0, 0, 0, 0);
INSERT INTO `gossip_menu` (`entry`, `text_id`, `script_id`, `condition_id`) VALUES (52121, 52121, 0, 0);
INSERT INTO `creature_template` (`entry`, `display_id1`, `display_id2`, `display_id3`, `display_id4`, `mount_display_id`, `name`, `subname`, `gossip_menu_id`, `level_min`, `level_max`, `health_min`, `health_max`, `mana_min`, `mana_max`, `armor`, `faction`, `npc_flags`, `speed_walk`, `speed_run`, `scale`, `detection_range`, `call_for_help_range`, `leash_range`, `rank`, `xp_multiplier`, `dmg_min`, `dmg_max`, `dmg_school`, `attack_power`, `dmg_multiplier`, `base_attack_time`, `ranged_attack_time`, `unit_class`, `unit_flags`, `dynamic_flags`, `beast_family`, `trainer_type`, `trainer_spell`, `trainer_class`, `trainer_race`, `ranged_dmg_min`, `ranged_dmg_max`, `ranged_attack_power`, `type`, `type_flags`, `loot_id`, `pickpocket_loot_id`, `skinning_loot_id`, `holy_res`, `fire_res`, `nature_res`, `frost_res`, `shadow_res`, `arcane_res`, `spell_id1`, `spell_id2`, `spell_id3`, `spell_id4`, `spell_list_id`, `pet_spell_list_id`, `spawn_spell_id`, `auras`, `gold_min`, `gold_max`, `ai_name`, `movement_type`, `inhabit_type`, `civilian`, `racial_leader`, `regeneration`, `equipment_id`, `trainer_id`, `vendor_id`, `mechanic_immune_mask`, `school_immune_mask`, `flags_extra`, `phase_quest_id`, `script_name`) VALUES (52121, 3377, 0, 0, 0, 0, 'Suicidal Investor', NULL, 52121, 25, 25, 1040, 1640, 0, 0, 1009, 35, 1, 1.05, 1.14286, 0, 18, 5, 0, 0, 1, 31, 40, 0, 106, 1, 1500, 2000, 1, 4608, 0, 0, 0, 0, 0, 0, 38.72, 53.24, 100, 7, 0, 0, 0, 0, 0, 0, 0, 0, 0, 0, 0, 0, 0, 0, 0, 0, 0, NULL, 0, 0, '', 0, 3, 1, 0, 3, 0, 0, 0, 0, 0, 524298, 0, '');
INSERT INTO `creature` (`guid`, `id`, `id2`, `id3`, `id4`, `map`, `position_x`, `position_y`, `position_z`, `orientation`, `spawntimesecsmin`, `spawntimesecsmax`, `wander_distance`, `health_percent`, `mana_percent`, `movement_type`, `spawn_flags`, `visibility_mod`) VALUES (1054631, 52121, 0, 0, 0, 0, -8654.13, 667.468, 101.76, 5.43764, 120, 120, 0, 100, 100, 0, 0, 0);
INSERT INTO `creature_addon` (`guid`, `display_id`, `mount_display_id`, `equipment_id`, `stand_state`, `sheath_state`, `emote_state`, `auras`) VALUES (1054631, 0, -1, -1, 7, 1, 0, NULL);

-- Quest for Shell Co Lobbyist
INSERT INTO `creature_template` (`entry`, `display_id1`, `display_id2`, `display_id3`, `display_id4`, `mount_display_id`, `name`, `subname`, `gossip_menu_id`, `level_min`, `level_max`, `health_min`, `health_max`, `mana_min`, `mana_max`, `armor`, `faction`, `npc_flags`, `speed_walk`, `speed_run`, `scale`, `detection_range`, `call_for_help_range`, `leash_range`, `rank`, `xp_multiplier`, `dmg_min`, `dmg_max`, `dmg_school`, `attack_power`, `dmg_multiplier`, `base_attack_time`, `ranged_attack_time`, `unit_class`, `unit_flags`, `dynamic_flags`, `beast_family`, `trainer_type`, `trainer_spell`, `trainer_class`, `trainer_race`, `ranged_dmg_min`, `ranged_dmg_max`, `ranged_attack_power`, `type`, `type_flags`, `loot_id`, `pickpocket_loot_id`, `skinning_loot_id`, `holy_res`, `fire_res`, `nature_res`, `frost_res`, `shadow_res`, `arcane_res`, `spell_id1`, `spell_id2`, `spell_id3`, `spell_id4`, `spell_list_id`, `pet_spell_list_id`, `spawn_spell_id`, `auras`, `gold_min`, `gold_max`, `ai_name`, `movement_type`, `inhabit_type`, `civilian`, `racial_leader`, `regeneration`, `equipment_id`, `trainer_id`, `vendor_id`, `mechanic_immune_mask`, `school_immune_mask`, `flags_extra`, `phase_quest_id`, `script_name`) VALUES (52122, 7993, 0, 0, 0, 0, 'Shell Co Lobbyist', NULL, 0, 50, 50, 2768, 2768, 0, 0, 2999, 35, 2, 1, 1.14286, 0, 18, 5, 0, 0, 1, 77, 92, 0, 226, 1, 2000, 2000, 1, 36864, 0, 0, 0, 0, 0, 0, 61.9, 83.6, 100, 7, 0, 0, 0, 0, 0, 0, 0, 0, 0, 0, 0, 0, 0, 0, 0, 0, 0, NULL, 0, 0, '', 0, 3, 0, 0, 3, 0, 0, 0, 0, 0, 524298, 0, '');
INSERT INTO `creature` (`guid`, `id`, `id2`, `id3`, `id4`, `map`, `position_x`, `position_y`, `position_z`, `orientation`, `spawntimesecsmin`, `spawntimesecsmax`, `wander_distance`, `health_percent`, `mana_percent`, `movement_type`, `spawn_flags`, `visibility_mod`) VALUES (1054632, 52122, 0, 0, 0, 0, -8663.07, 674.227, 100.206, 3.79729, 120, 120, 0, 100, 100, 0, 0, 0);
INSERT INTO `quest_template` (`entry`, `Method`, `ZoneOrSort`, `MinLevel`, `MaxLevel`, `QuestLevel`, `Type`, `RequiredClasses`, `RequiredRaces`, `RequiredSkill`, `RequiredSkillValue`, `RequiredCondition`, `RepObjectiveFaction`, `RepObjectiveValue`, `RequiredMinRepFaction`, `RequiredMinRepValue`, `RequiredMaxRepFaction`, `RequiredMaxRepValue`, `SuggestedPlayers`, `LimitTime`, `QuestFlags`, `SpecialFlags`, `PrevQuestId`, `NextQuestId`, `ExclusiveGroup`, `NextQuestInChain`, `SrcItemId`, `SrcItemCount`, `SrcSpell`, `Title`, `Details`, `Objectives`, `OfferRewardText`, `RequestItemsText`, `EndText`, `ObjectiveText1`, `ObjectiveText2`, `ObjectiveText3`, `ObjectiveText4`, `ReqItemId1`, `ReqItemId2`, `ReqItemId3`, `ReqItemId4`, `ReqItemCount1`, `ReqItemCount2`, `ReqItemCount3`, `ReqItemCount4`, `ReqSourceId1`, `ReqSourceId2`, `ReqSourceId3`, `ReqSourceId4`, `ReqSourceCount1`, `ReqSourceCount2`, `ReqSourceCount3`, `ReqSourceCount4`, `ReqCreatureOrGOId1`, `ReqCreatureOrGOId2`, `ReqCreatureOrGOId3`, `ReqCreatureOrGOId4`, `ReqCreatureOrGOCount1`, `ReqCreatureOrGOCount2`, `ReqCreatureOrGOCount3`, `ReqCreatureOrGOCount4`, `ReqSpellCast1`, `ReqSpellCast2`, `ReqSpellCast3`, `ReqSpellCast4`, `RewChoiceItemId1`, `RewChoiceItemId2`, `RewChoiceItemId3`, `RewChoiceItemId4`, `RewChoiceItemId5`, `RewChoiceItemId6`, `RewChoiceItemCount1`, `RewChoiceItemCount2`, `RewChoiceItemCount3`, `RewChoiceItemCount4`, `RewChoiceItemCount5`, `RewChoiceItemCount6`, `RewItemId1`, `RewItemId2`, `RewItemId3`, `RewItemId4`, `RewItemCount1`, `RewItemCount2`, `RewItemCount3`, `RewItemCount4`, `RewRepFaction1`, `RewRepFaction2`, `RewRepFaction3`, `RewRepFaction4`, `RewRepFaction5`, `RewRepValue1`, `RewRepValue2`, `RewRepValue3`, `RewRepValue4`, `RewRepValue5`, `RewXP`, `RewOrReqMoney`, `RewMoneyMaxLevel`, `RewSpell`, `RewSpellCast`, `RewMailTemplateId`, `RewMailDelaySecs`, `RewMailMoney`, `PointMapId`, `PointX`, `PointY`, `PointOpt`, `DetailsEmote1`, `DetailsEmote2`, `DetailsEmote3`, `DetailsEmote4`, `DetailsEmoteDelay1`, `DetailsEmoteDelay2`, `DetailsEmoteDelay3`, `DetailsEmoteDelay4`, `IncompleteEmote`, `CompleteEmote`, `OfferRewardEmote1`, `OfferRewardEmote2`, `OfferRewardEmote3`, `OfferRewardEmote4`, `OfferRewardEmoteDelay1`, `OfferRewardEmoteDelay2`, `OfferRewardEmoteDelay3`, `OfferRewardEmoteDelay4`, `StartScript`, `CompleteScript`) VALUES (39986, 2, 1519, 30, 0, 30, 0, 0, 589, 0, 0, 0, 0, 0, 0, 0, 0, 0, 0, 0, 0, 0, 0, 0, 0, 39987, 0, 0, 0, 'Excessive Regulations', 'Can you believe what the tyranical buerocrats in charge of Stormwind have done? They have declared that Shellcoin investments are subject to taxation! It\'s an outrage!\r\n\r\nWe can\'t possibly continue to operate in this city under these rules. Something has to be done! Will you help us change their minds?\r\n\r\nGo to Stormwind Keep and speak to the legislators there. Help nudge them in the right direction by giving them a taste of the prosperity Shellcoin provides.', 'Convince Lord Baurles K. Wishock to oppose new taxation laws.', 'I see your point now, $n. Perhaps Shellcoin does not need to be taxed.', 'I suppose I could change my mind, under the right circumstances.', NULL, NULL, NULL, NULL, NULL, 0, 0, 0, 0, 0, 0, 0, 0, 0, 0, 0, 0, 0, 0, 0, 0, 0, 0, 0, 0, 0, 0, 0, 0, 0, 0, 0, 0, 0, 0, 0, 0, 0, 0, 0, 0, 0, 0, 0, 0, 0, 0, 0, 0, 0, 0, 0, 0, 0, 0, 0, 0, 0, 0, 0, 0, 0, 0, 500, -50000, 0, 0, 0, 0, 0, 0, 0, 0, 0, 0, 1, 0, 0, 0, 0, 0, 0, 0, 0, 2, 1, 0, 0, 0, 0, 0, 0, 0, 0, 0);
INSERT INTO `quest_template` (`entry`, `Method`, `ZoneOrSort`, `MinLevel`, `MaxLevel`, `QuestLevel`, `Type`, `RequiredClasses`, `RequiredRaces`, `RequiredSkill`, `RequiredSkillValue`, `RequiredCondition`, `RepObjectiveFaction`, `RepObjectiveValue`, `RequiredMinRepFaction`, `RequiredMinRepValue`, `RequiredMaxRepFaction`, `RequiredMaxRepValue`, `SuggestedPlayers`, `LimitTime`, `QuestFlags`, `SpecialFlags`, `PrevQuestId`, `NextQuestId`, `ExclusiveGroup`, `NextQuestInChain`, `SrcItemId`, `SrcItemCount`, `SrcSpell`, `Title`, `Details`, `Objectives`, `OfferRewardText`, `RequestItemsText`, `EndText`, `ObjectiveText1`, `ObjectiveText2`, `ObjectiveText3`, `ObjectiveText4`, `ReqItemId1`, `ReqItemId2`, `ReqItemId3`, `ReqItemId4`, `ReqItemCount1`, `ReqItemCount2`, `ReqItemCount3`, `ReqItemCount4`, `ReqSourceId1`, `ReqSourceId2`, `ReqSourceId3`, `ReqSourceId4`, `ReqSourceCount1`, `ReqSourceCount2`, `ReqSourceCount3`, `ReqSourceCount4`, `ReqCreatureOrGOId1`, `ReqCreatureOrGOId2`, `ReqCreatureOrGOId3`, `ReqCreatureOrGOId4`, `ReqCreatureOrGOCount1`, `ReqCreatureOrGOCount2`, `ReqCreatureOrGOCount3`, `ReqCreatureOrGOCount4`, `ReqSpellCast1`, `ReqSpellCast2`, `ReqSpellCast3`, `ReqSpellCast4`, `RewChoiceItemId1`, `RewChoiceItemId2`, `RewChoiceItemId3`, `RewChoiceItemId4`, `RewChoiceItemId5`, `RewChoiceItemId6`, `RewChoiceItemCount1`, `RewChoiceItemCount2`, `RewChoiceItemCount3`, `RewChoiceItemCount4`, `RewChoiceItemCount5`, `RewChoiceItemCount6`, `RewItemId1`, `RewItemId2`, `RewItemId3`, `RewItemId4`, `RewItemCount1`, `RewItemCount2`, `RewItemCount3`, `RewItemCount4`, `RewRepFaction1`, `RewRepFaction2`, `RewRepFaction3`, `RewRepFaction4`, `RewRepFaction5`, `RewRepValue1`, `RewRepValue2`, `RewRepValue3`, `RewRepValue4`, `RewRepValue5`, `RewXP`, `RewOrReqMoney`, `RewMoneyMaxLevel`, `RewSpell`, `RewSpellCast`, `RewMailTemplateId`, `RewMailDelaySecs`, `RewMailMoney`, `PointMapId`, `PointX`, `PointY`, `PointOpt`, `DetailsEmote1`, `DetailsEmote2`, `DetailsEmote3`, `DetailsEmote4`, `DetailsEmoteDelay1`, `DetailsEmoteDelay2`, `DetailsEmoteDelay3`, `DetailsEmoteDelay4`, `IncompleteEmote`, `CompleteEmote`, `OfferRewardEmote1`, `OfferRewardEmote2`, `OfferRewardEmote3`, `OfferRewardEmote4`, `OfferRewardEmoteDelay1`, `OfferRewardEmoteDelay2`, `OfferRewardEmoteDelay3`, `OfferRewardEmoteDelay4`, `StartScript`, `CompleteScript`) VALUES (39987, 2, 1519, 30, 0, 30, 0, 0, 589, 0, 0, 0, 0, 0, 0, 0, 0, 0, 0, 0, 0, 0, 39986, 0, 0, 39988, 0, 0, 0, 'Excessive Regulations', 'You may have secured the House of Nobles\' support, but we cannot overturn the law by ourselves. To guarantee success at the next legislitive council, your motion must have the church\'s support as well.\r\n\r\nI hear that Bishop DeLavey is great enjoyer of expensive rum. If you were to present him with a few bottles of the stuff, he\'d agree with anything you have to say.', 'Bring 10 bottles of Rumsey Rum Light to Bishop DeLavey.', 'You have brought those for me? Why, how did you know, I do love rum!\r\n\r\nThat\'s very thoughtful of you. But let\'s keep this between us, okay, $n?\r\n\r\nThe high priestess recently introduced some silly rules about avoiding temptations and not indulging in alcohol, blah blah blah.', 'Blessed be the poor, blessed by the generous. To donate to the Church of the Holy Light is to guarantee your well being in the afterlife.\r\n\r\nHave you come to make a contribution, $n?', NULL, NULL, NULL, NULL, NULL, 20709, 0, 0, 0, 10, 0, 0, 0, 0, 0, 0, 0, 0, 0, 0, 0, 0, 0, 0, 0, 0, 0, 0, 0, 0, 0, 0, 0, 0, 0, 0, 0, 0, 0, 0, 0, 0, 0, 0, 0, 0, 0, 0, 0, 0, 0, 0, 0, 0, 0, 0, 0, 0, 0, 0, 0, 0, 0, 500, 0, 0, 0, 0, 0, 0, 0, 0, 0, 0, 0, 1, 0, 0, 0, 0, 0, 0, 0, 0, 2, 1, 0, 0, 0, 0, 0, 0, 0, 0, 0);
INSERT INTO `quest_template` (`entry`, `Method`, `ZoneOrSort`, `MinLevel`, `MaxLevel`, `QuestLevel`, `Type`, `RequiredClasses`, `RequiredRaces`, `RequiredSkill`, `RequiredSkillValue`, `RequiredCondition`, `RepObjectiveFaction`, `RepObjectiveValue`, `RequiredMinRepFaction`, `RequiredMinRepValue`, `RequiredMaxRepFaction`, `RequiredMaxRepValue`, `SuggestedPlayers`, `LimitTime`, `QuestFlags`, `SpecialFlags`, `PrevQuestId`, `NextQuestId`, `ExclusiveGroup`, `NextQuestInChain`, `SrcItemId`, `SrcItemCount`, `SrcSpell`, `Title`, `Details`, `Objectives`, `OfferRewardText`, `RequestItemsText`, `EndText`, `ObjectiveText1`, `ObjectiveText2`, `ObjectiveText3`, `ObjectiveText4`, `ReqItemId1`, `ReqItemId2`, `ReqItemId3`, `ReqItemId4`, `ReqItemCount1`, `ReqItemCount2`, `ReqItemCount3`, `ReqItemCount4`, `ReqSourceId1`, `ReqSourceId2`, `ReqSourceId3`, `ReqSourceId4`, `ReqSourceCount1`, `ReqSourceCount2`, `ReqSourceCount3`, `ReqSourceCount4`, `ReqCreatureOrGOId1`, `ReqCreatureOrGOId2`, `ReqCreatureOrGOId3`, `ReqCreatureOrGOId4`, `ReqCreatureOrGOCount1`, `ReqCreatureOrGOCount2`, `ReqCreatureOrGOCount3`, `ReqCreatureOrGOCount4`, `ReqSpellCast1`, `ReqSpellCast2`, `ReqSpellCast3`, `ReqSpellCast4`, `RewChoiceItemId1`, `RewChoiceItemId2`, `RewChoiceItemId3`, `RewChoiceItemId4`, `RewChoiceItemId5`, `RewChoiceItemId6`, `RewChoiceItemCount1`, `RewChoiceItemCount2`, `RewChoiceItemCount3`, `RewChoiceItemCount4`, `RewChoiceItemCount5`, `RewChoiceItemCount6`, `RewItemId1`, `RewItemId2`, `RewItemId3`, `RewItemId4`, `RewItemCount1`, `RewItemCount2`, `RewItemCount3`, `RewItemCount4`, `RewRepFaction1`, `RewRepFaction2`, `RewRepFaction3`, `RewRepFaction4`, `RewRepFaction5`, `RewRepValue1`, `RewRepValue2`, `RewRepValue3`, `RewRepValue4`, `RewRepValue5`, `RewXP`, `RewOrReqMoney`, `RewMoneyMaxLevel`, `RewSpell`, `RewSpellCast`, `RewMailTemplateId`, `RewMailDelaySecs`, `RewMailMoney`, `PointMapId`, `PointX`, `PointY`, `PointOpt`, `DetailsEmote1`, `DetailsEmote2`, `DetailsEmote3`, `DetailsEmote4`, `DetailsEmoteDelay1`, `DetailsEmoteDelay2`, `DetailsEmoteDelay3`, `DetailsEmoteDelay4`, `IncompleteEmote`, `CompleteEmote`, `OfferRewardEmote1`, `OfferRewardEmote2`, `OfferRewardEmote3`, `OfferRewardEmote4`, `OfferRewardEmoteDelay1`, `OfferRewardEmoteDelay2`, `OfferRewardEmoteDelay3`, `OfferRewardEmoteDelay4`, `StartScript`, `CompleteScript`) VALUES (39988, 2, 1519, 30, 0, 30, 0, 0, 589, 0, 0, 0, 0, 0, 0, 0, 0, 0, 0, 0, 0, 0, 39987, 0, 0, 39989, 0, 0, 0, 'Excessive Regulations', 'You say you\'re worried about some unholy new law? Fear not, $n, I shall speak out against it at the next legislative session. Everything for a good friend of the holy light like you! Hic!\r\n\r\nBut for the bill to pass, it would still need the royal seal of approval. Tell his highness what you told me, and that you have mine and Lord Wishock\'s support.', 'Convince Highlord Bolvar Fordragon to sign the repeal of the tax bill.', 'Why have you handed me this bag of gold? What is the meaning of this?\r\n\r\nExcessive taxation? You hope to bribe me to overturn the law?!', 'What is it you require, citizen?', NULL, NULL, NULL, NULL, NULL, 0, 0, 0, 0, 0, 0, 0, 0, 0, 0, 0, 0, 0, 0, 0, 0, 0, 0, 0, 0, 0, 0, 0, 0, 0, 0, 0, 0, 0, 0, 0, 0, 0, 0, 0, 0, 0, 0, 0, 0, 0, 0, 0, 0, 0, 0, 0, 0, 0, 0, 0, 0, 0, 0, 0, 0, 0, 0, 500, -50000, 0, 0, 0, 0, 0, 0, 0, 0, 0, 0, 7, 273, 1, 0, 0, 0, 0, 0, 0, 1, 6, 0, 0, 0, 0, 0, 0, 0, 0, 0);
INSERT INTO `quest_template` (`entry`, `Method`, `ZoneOrSort`, `MinLevel`, `MaxLevel`, `QuestLevel`, `Type`, `RequiredClasses`, `RequiredRaces`, `RequiredSkill`, `RequiredSkillValue`, `RequiredCondition`, `RepObjectiveFaction`, `RepObjectiveValue`, `RequiredMinRepFaction`, `RequiredMinRepValue`, `RequiredMaxRepFaction`, `RequiredMaxRepValue`, `SuggestedPlayers`, `LimitTime`, `QuestFlags`, `SpecialFlags`, `PrevQuestId`, `NextQuestId`, `ExclusiveGroup`, `NextQuestInChain`, `SrcItemId`, `SrcItemCount`, `SrcSpell`, `Title`, `Details`, `Objectives`, `OfferRewardText`, `RequestItemsText`, `EndText`, `ObjectiveText1`, `ObjectiveText2`, `ObjectiveText3`, `ObjectiveText4`, `ReqItemId1`, `ReqItemId2`, `ReqItemId3`, `ReqItemId4`, `ReqItemCount1`, `ReqItemCount2`, `ReqItemCount3`, `ReqItemCount4`, `ReqSourceId1`, `ReqSourceId2`, `ReqSourceId3`, `ReqSourceId4`, `ReqSourceCount1`, `ReqSourceCount2`, `ReqSourceCount3`, `ReqSourceCount4`, `ReqCreatureOrGOId1`, `ReqCreatureOrGOId2`, `ReqCreatureOrGOId3`, `ReqCreatureOrGOId4`, `ReqCreatureOrGOCount1`, `ReqCreatureOrGOCount2`, `ReqCreatureOrGOCount3`, `ReqCreatureOrGOCount4`, `ReqSpellCast1`, `ReqSpellCast2`, `ReqSpellCast3`, `ReqSpellCast4`, `RewChoiceItemId1`, `RewChoiceItemId2`, `RewChoiceItemId3`, `RewChoiceItemId4`, `RewChoiceItemId5`, `RewChoiceItemId6`, `RewChoiceItemCount1`, `RewChoiceItemCount2`, `RewChoiceItemCount3`, `RewChoiceItemCount4`, `RewChoiceItemCount5`, `RewChoiceItemCount6`, `RewItemId1`, `RewItemId2`, `RewItemId3`, `RewItemId4`, `RewItemCount1`, `RewItemCount2`, `RewItemCount3`, `RewItemCount4`, `RewRepFaction1`, `RewRepFaction2`, `RewRepFaction3`, `RewRepFaction4`, `RewRepFaction5`, `RewRepValue1`, `RewRepValue2`, `RewRepValue3`, `RewRepValue4`, `RewRepValue5`, `RewXP`, `RewOrReqMoney`, `RewMoneyMaxLevel`, `RewSpell`, `RewSpellCast`, `RewMailTemplateId`, `RewMailDelaySecs`, `RewMailMoney`, `PointMapId`, `PointX`, `PointY`, `PointOpt`, `DetailsEmote1`, `DetailsEmote2`, `DetailsEmote3`, `DetailsEmote4`, `DetailsEmoteDelay1`, `DetailsEmoteDelay2`, `DetailsEmoteDelay3`, `DetailsEmoteDelay4`, `IncompleteEmote`, `CompleteEmote`, `OfferRewardEmote1`, `OfferRewardEmote2`, `OfferRewardEmote3`, `OfferRewardEmote4`, `OfferRewardEmoteDelay1`, `OfferRewardEmoteDelay2`, `OfferRewardEmoteDelay3`, `OfferRewardEmoteDelay4`, `StartScript`, `CompleteScript`) VALUES (39989, 2, 1519, 30, 0, 30, 0, 0, 589, 0, 0, 0, 0, 0, 0, 0, 0, 0, 0, 0, 0, 0, 39988, 0, 0, 0, 0, 0, 0, 'Excessive Regulations', 'This is an outrage! I do not care what that drunkard bishop or some greedy lord promised you. The kingdom of Stormwind is not for sale! I will deal with those corrupt worms later.\r\n\r\nI shall not let the citizens of Stormwind fall victim to your pyramid scheme. Go and tell your benefactors the law is here to stay. They shall not be allowed to exploit gullible people\'s hopes and desperation any longer.\r\n\r\nNow get out of my sight.', 'Report back to the Shell Co Lobbyist.', 'The highlord said what?! This is an economic disaster. Seems like we\'ll need to relocate to some place that respects the rights of free enterprise. Stormwind is nothing but a den of misery.\r\n\r\nThank you for your help, $n. While I can\'t compensate you for your expensess in gold, I can give you something far more valuable.', '', NULL, NULL, NULL, NULL, NULL, 0, 0, 0, 0, 0, 0, 0, 0, 0, 0, 0, 0, 0, 0, 0, 0, 0, 0, 0, 0, 0, 0, 0, 0, 0, 0, 0, 0, 0, 0, 0, 0, 0, 0, 0, 0, 0, 0, 0, 0, 81118, 0, 0, 0, 1, 0, 0, 0, 0, 0, 0, 0, 0, 0, 0, 0, 0, 0, 500, 0, 0, 0, 0, 0, 0, 0, 0, 0, 0, 0, 5, 274, 25, 0, 0, 0, 0, 0, 0, 1, 1, 0, 0, 0, 0, 0, 0, 0, 39989, 0);
INSERT INTO `creature_questrelation` (`id`, `quest`) VALUES (52122, 39986);
INSERT INTO `creature_questrelation` (`id`, `quest`) VALUES (1439, 39987);
INSERT INTO `creature_questrelation` (`id`, `quest`) VALUES (4960, 39988);
INSERT INTO `creature_questrelation` (`id`, `quest`) VALUES (1748, 39989);
INSERT INTO `creature_involvedrelation` (`id`, `quest`) VALUES (1439, 39986);
INSERT INTO `creature_involvedrelation` (`id`, `quest`) VALUES (4960, 39987);
INSERT INTO `creature_involvedrelation` (`id`, `quest`) VALUES (1748, 39988);
INSERT INTO `creature_involvedrelation` (`id`, `quest`) VALUES (52122, 39989);
DELETE FROM `quest_start_scripts` WHERE `id`=39989;
INSERT INTO `quest_start_scripts` (`id`, `delay`, `priority`, `command`, `datalong`, `datalong2`, `datalong3`, `datalong4`, `target_param1`, `target_param2`, `target_type`, `data_flags`, `dataint`, `dataint2`, `dataint3`, `dataint4`, `x`, `y`, `z`, `o`, `condition_id`, `comments`) VALUES
(39989, 0, 0, 15, 10689, 0, 0, 0, 0, 0, 0, 0, 0, 0, 0, 0, 0, 0, 0, 0, 0, 'Excessive Regulations: Highlord Bolvar Fordragon - Cast Spell Knockback');

