-- The Supercutter 1500
delete from quest_template where entry = 41161;
replace into quest_template (prevquestid, entry, method, zoneorsort, questlevel, minlevel, questflags, specialflags, title, details, objectives, requestitemstext, offerrewardtext, reqitemid1, reqitemcount1, reqitemid2, reqitemcount2, reqitemid3, reqitemcount3, reqitemid4, reqitemcount4, reqcreatureorgoid1, reqcreatureorgocount1, reqcreatureorgoid2, reqcreatureorgocount2, reqcreatureorgoid3, reqcreatureorgocount3, reqcreatureorgoid4, reqcreatureorgocount4, srcitemid, srcitemcount, reworreqmoney, RewMoneyMaxLevel, rewxp, rewrepfaction1, rewrepvalue1,  rewrepfaction2, rewrepvalue2, rewrepfaction3, rewrepvalue3, rewrepfaction4, rewrepvalue4, rewspell, rewspellcast, completeemote, rewitemid1, rewitemcount1, rewitemid2, rewitemcount2, rewitemid3, rewitemcount3, rewitemid4, rewitemcount4, rewchoiceitemid1, rewchoiceitemcount1, rewchoiceitemid2, rewchoiceitemcount2, rewchoiceitemid3, rewchoiceitemcount3, rewchoiceitemid4, rewchoiceitemcount4,requiredminrepfaction,requiredminrepvalue,objectivetext1) values (0,41161,2,5536,6,3,0,0,'The Supercutter 1500','When you came here all the way from the Black Ash Coalpits, then you\'ve probably seen the big, hulking machine. Gazzik considers it his masterpiece - the Supercutter 1500! With it we harvested this island faster than any shredder could. Truly marvelous, I have to admit. Too bad some idiot decided it would be a great idea to drive the thing into the mud. Really, groundbreaking stuff, I wish I could\'ve caught that guy and strangled him for messing with our efficiancy that much.$B$B<Fanzo sighs and rubs his temples.>$B$BIt\'s not been that long, but I don\'t remember who controlled it that day. Furthermore, we weren\'t able to assess the damage yet because of this overblown work schedule. I want you to go to the crash site and look at how badly damaged it is. While you\'re there, recover the Supercutter\'s remote, so we can check it for any malfunctions.','Retrieve the Supercutter 1500\'s remote from the Supercutter 1500 north of the Black Ash Coalpits for Fanzo Edgeline at Gazzik\'s Workshop.','Seriously, this thing moves really, REALLY slowly. How can one crash it into mud?!','What? Your coworkers attacked you? Have they gone mad? You need to report this to Rustgate immediately!$B$BNevertheless, I thank you for recovering the remote. I\'ll have Gazzik take a look at its insides. Though in the end it\'s probably going to be me who\'s gonna do that.$B$B<Fanzo lets out another deep sigh.>',41030,1,0,0,0,0,0,0, 0,0,0,0,0,0,0,0, 0,0, 500,2820,470,1001,200,0,0,0,0,0,0,0,0,0, 0,0,0,0,0,0,0,0, 0,0,0,0,0,0,0,0, 0,0,'');

replace into creature_questrelation	(id, quest) 	values (61749, 41161);
replace into creature_involvedrelation  (id, quest) values (61749, 41161);
update quest_template set requiredraces = 434		 where entry = 41161;

replace into item_template (entry, display_id, name, class, quality, flags, buy_count, allowable_class, allowable_race, item_level, stackable, spellcooldown_1, spellcategorycooldown_1, spellcooldown_2, spellcategorycooldown_2, bonding, description, page_text, material) values
(41030,8622,'Supercutter 1500 Remote',12,1,2048,1,-1,-1,1,1,-1,-1,-1,-1,4,'',0,3);

REPLACE INTO gameobject_template VALUES
(2020065, 3, 5743, 'Crudely Broken Locker', 0, 4, 1, 43, 2020065, 0, 1, 0, 0, 0, 0, 0, 0, 0, 0, 0, 0, 0, 0, 0, 0, 0, 0, 0, 0, 0, 0, 0, 0, 0, '');

replace into gameobject_loot_template values
(2020065,41030,-100,0,1,1,0);

-- Clearing Nuisances
delete from quest_template where entry = 41162;
replace into quest_template (prevquestid, entry, method, zoneorsort, questlevel, minlevel, questflags, specialflags, title, details, objectives, requestitemstext, offerrewardtext, reqitemid1, reqitemcount1, reqitemid2, reqitemcount2, reqitemid3, reqitemcount3, reqitemid4, reqitemcount4, reqcreatureorgoid1, reqcreatureorgocount1, reqcreatureorgoid2, reqcreatureorgocount2, reqcreatureorgoid3, reqcreatureorgocount3, reqcreatureorgoid4, reqcreatureorgocount4, srcitemid, srcitemcount, reworreqmoney, RewMoneyMaxLevel, rewxp, rewrepfaction1, rewrepvalue1,  rewrepfaction2, rewrepvalue2, rewrepfaction3, rewrepvalue3, rewrepfaction4, rewrepvalue4, rewspell, rewspellcast, completeemote, rewitemid1, rewitemcount1, rewitemid2, rewitemcount2, rewitemid3, rewitemcount3, rewitemid4, rewitemcount4, rewchoiceitemid1, rewchoiceitemcount1, rewchoiceitemid2, rewchoiceitemcount2, rewchoiceitemid3, rewchoiceitemcount3, rewchoiceitemid4, rewchoiceitemcount4,requiredminrepfaction,requiredminrepvalue,objectivetext1) values (0,41162,2,5536,6,3,0,0,'Clearing Nuisances','You\'d think as an assistant I\'d be doing only half the work of the guy I\'m assisting, but no! While everyone is drowning in work - including myself! - Gazzik is tinkering day in day out without a care in the world. I don\'t know what kind of backhanded deal he has struck with Rustgate, but it seems to be paying off!$B$BOn top of that, our supply routes are constantly interrupted by either slobbering gnolls or the local wildlife, delaying any work progress even further.$B$BYou seem capable enough, I guess. Go back over the bridge and get rid of anything that isn\'t a goblin!','Kill Ashfeather Scavengers and Blackvenom Scorpids for Fanzo Edgeline at Hazzik\'s Workshop.','Are you done yet? The sooner you are, the quicker I can get back to worrying about other problems.','Thank you, all this work gets to my head. It is good to finally have some reliable work forces.',0,0,0,0,0,0,0,0, 61686,8,61662,8,0,0,0,0, 0,0, 500,3780,630,1001,200,0,0,0,0,0,0,0,0,0, 0,0,0,0,0,0,0,0, 1180,2,955,2,0,0,0,0, 0,0,'');

replace into creature_questrelation	(id, quest) 	values (61749, 41162);
replace into creature_involvedrelation  (id, quest) values (61749, 41162);
update quest_template set requiredraces = 434		 where entry = 41162;

-- Battletron Calamity
delete from quest_template where entry = 41163;
replace into quest_template (prevquestid, entry, method, zoneorsort, questlevel, minlevel, questflags, specialflags, title, details, objectives, requestitemstext, offerrewardtext, reqitemid1, reqitemcount1, reqitemid2, reqitemcount2, reqitemid3, reqitemcount3, reqitemid4, reqitemcount4, reqcreatureorgoid1, reqcreatureorgocount1, reqcreatureorgoid2, reqcreatureorgocount2, reqcreatureorgoid3, reqcreatureorgocount3, reqcreatureorgoid4, reqcreatureorgocount4, srcitemid, srcitemcount, reworreqmoney, RewMoneyMaxLevel, rewxp, rewrepfaction1, rewrepvalue1,  rewrepfaction2, rewrepvalue2, rewrepfaction3, rewrepvalue3, rewrepfaction4, rewrepvalue4, rewspell, rewspellcast, completeemote, rewitemid1, rewitemcount1, rewitemid2, rewitemcount2, rewitemid3, rewitemcount3, rewitemid4, rewitemcount4, rewchoiceitemid1, rewchoiceitemcount1, rewchoiceitemid2, rewchoiceitemcount2, rewchoiceitemid3, rewchoiceitemcount3, rewchoiceitemid4, rewchoiceitemcount4,requiredminrepfaction,requiredminrepvalue,objectivetext1) values (0,41163,2,5536,6,3,0,0,'Battletron Calamity','I was comissioned to make several combat robots for Taxxlo in order to fight the Venture Co. which began appearing on the island. Little did I know the very materials I was crafting these battletrons were themselves made by those we are fighting. Suffice to say that each and every one of our new combatants have fallen into a state of annoyance.$B$BTaxxlo tried to save some gold and put the entire island at risk, we were lucky they didn\'t outright turn on us. Regardless, we have to clean up this mess, and the aimless robots could still cause issues.$B$BYou can find most of them wandering just south of Rustgate Ridge to the west of here, destroy them so that they don\'t fall into the hands of our enemy.','Destroy 10 Faulty Battletron 1000\'s for Gazzik at Gazzik\'s Worshop on Blackstone Island.','So, you break those faulty bots?','Good work kid, it\'s nice having someone reliable for a change, with Taxxlo you don\'t know if you\'re going to actually get what you\'re asking for.',0,0,0,0,0,0,0,0, 61688,10,0,0,0,0,0,0, 0,0, 1000,2460,410,1001,200,0,0,0,0,0,0,0,0,0, 0,0,0,0,0,0,0,0, 0,0,0,0,0,0,0,0, 0,0,'');

replace into creature_questrelation	(id, quest) 	values (61748, 41163);
replace into creature_involvedrelation  (id, quest) values (61748, 41163);
update quest_template set requiredraces = 434		 where entry = 41163;

-- Salvaging Convoys
delete from quest_template where entry = 41164;
replace into quest_template (prevquestid, entry, method, zoneorsort, questlevel, minlevel, questflags, specialflags, title, details, objectives, requestitemstext, offerrewardtext, reqitemid1, reqitemcount1, reqitemid2, reqitemcount2, reqitemid3, reqitemcount3, reqitemid4, reqitemcount4, reqcreatureorgoid1, reqcreatureorgocount1, reqcreatureorgoid2, reqcreatureorgocount2, reqcreatureorgoid3, reqcreatureorgocount3, reqcreatureorgoid4, reqcreatureorgocount4, srcitemid, srcitemcount, reworreqmoney, RewMoneyMaxLevel, rewxp, rewrepfaction1, rewrepvalue1,  rewrepfaction2, rewrepvalue2, rewrepfaction3, rewrepvalue3, rewrepfaction4, rewrepvalue4, rewspell, rewspellcast, completeemote, rewitemid1, rewitemcount1, rewitemid2, rewitemcount2, rewitemid3, rewitemcount3, rewitemid4, rewitemcount4, rewchoiceitemid1, rewchoiceitemcount1, rewchoiceitemid2, rewchoiceitemcount2, rewchoiceitemid3, rewchoiceitemcount3, rewchoiceitemid4, rewchoiceitemcount4,requiredminrepfaction,requiredminrepvalue,objectivetext1) values (0,41164,2,5536,7,3,0,0,'Salvaging Convoys','Are you the promising worker that\'s been cleaning up all the messes down in the coalpits? You must have something to your name, my brother usually kicks out anyone from the pits sneaking their way into his tower.$B$BI could use your abilities, frankly. In the last weeks we suffered more and more ambushes by the renegade gnolls. Their small dog brains seek violence and chaos, something I cannot understand as a logistics guy. They raided our supply convoys and stole mostly food and weapons, but left most of the tools lying around. Too advanced for them, I\'m sure.$B$BWe need those tools back as soon as possible. Vultures and hyenas have been roaming the wrecked carts, feasting on whoever couldn\'t make it back here. You can find them scattered all over the island, you can\'t miss \'em.','Retrieve Rustgate Tools from the broken convoys all over Blackstone Island. Bring them to Supplymaster Maxlo at Rustgate Ridge.','We\'re not getting new supplies from Sparkwater as often as we\'d like, so we have to salvage as much as we can.','Hm, the weather didn\'t do them any good. But nothing the workers can\'t repair. Good job out there. Keep this up and soon we may have normalcy back on this island again.',41031,13,0,0,0,0,0,0, 0,0,0,0,0,0,0,0, 0,0, 500,2520,420,1001,200,0,0,0,0,0,0,0,0,0, 0,0,0,0,0,0,0,0, 0,0,0,0,0,0,0,0, 0,0,'');

replace into creature_questrelation	(id, quest) 	values (61730, 41164);
replace into creature_involvedrelation  (id, quest) values (61730, 41164);
update quest_template set requiredraces = 434		 where entry = 41164;

replace into item_template (entry, display_id, name, class, quality, flags, buy_count, allowable_class, allowable_race, item_level, stackable, spellcooldown_1, spellcategorycooldown_1, spellcooldown_2, spellcategorycooldown_2, bonding, description, page_text, material) values
(41031,73435,'Rustgate Tool',12,1,2048,1,-1,-1,1,13,-1,-1,-1,-1,4,'',0,1);

REPLACE INTO gameobject_template VALUES
(2020066, 3, 1210, 'Bucket of Tools', 0, 4, 1, 43, 2020066, 0, 1, 0, 0, 0, 0, 0, 0, 0, 0, 0, 0, 0, 0, 0, 0, 0, 0, 0, 0, 0, 0, 0, 0, 0, '');

replace into gameobject_loot_template values
(2020066,41031,-100,0,1,1,0);

-- Dry As A Desert
delete from quest_template where entry = 41165;
replace into quest_template (prevquestid, entry, method, zoneorsort, questlevel, minlevel, questflags, specialflags, title, details, objectives, requestitemstext, offerrewardtext, reqitemid1, reqitemcount1, reqitemid2, reqitemcount2, reqitemid3, reqitemcount3, reqitemid4, reqitemcount4, reqcreatureorgoid1, reqcreatureorgocount1, reqcreatureorgoid2, reqcreatureorgocount2, reqcreatureorgoid3, reqcreatureorgocount3, reqcreatureorgoid4, reqcreatureorgocount4, srcitemid, srcitemcount, reworreqmoney, RewMoneyMaxLevel, rewxp, rewrepfaction1, rewrepvalue1,  rewrepfaction2, rewrepvalue2, rewrepfaction3, rewrepvalue3, rewrepfaction4, rewrepvalue4, rewspell, rewspellcast, completeemote, rewitemid1, rewitemcount1, rewitemid2, rewitemcount2, rewitemid3, rewitemcount3, rewitemid4, rewitemcount4, rewchoiceitemid1, rewchoiceitemcount1, rewchoiceitemid2, rewchoiceitemcount2, rewchoiceitemid3, rewchoiceitemcount3, rewchoiceitemid4, rewchoiceitemcount4,requiredminrepfaction,requiredminrepvalue,objectivetext1) values (0,41165,2,5536,8,3,0,0,'Dry As A Desert','What do you think the most important thing on this island is? Water, ofcourse! Taxxlo was a good answer, buddy, but even he has to admit that we cannot keep the workers going if they\'re shriveled up like a deep-fried plantain.$B$BTo the north, past the mines, you will find Blackstone\'s waterhole. Pumpmaster Galvax was ordered to send a shipment of water here to Rustgate Ridge, but this has taken longer than I\'d like it to have. Ask him what is taking so long!','Pumpmaster Galvax at The Water Hole can tell you more about the missing water delivery.','You\'re far from Rustgate, pal.','The water shipment? Yes, I know about that one, if you look up the cliff behind you, you can see where it ended up.',0,0,0,0,0,0,0,0, 0,0,0,0,0,0,0,0, 0,0, 0,660,110,1001,50,0,0,0,0,0,0,0,0,0, 0,0,0,0,0,0,0,0, 0,0,0,0,0,0,0,0, 0,0,'');

replace into creature_questrelation	(id, quest) 	values (61730, 41165);
replace into creature_involvedrelation  (id, quest) values (61746, 41165);
update quest_template set requiredraces = 434		 where entry = 41165;

-- Redistribution
delete from quest_template where entry = 41166;
replace into quest_template (prevquestid, entry, method, zoneorsort, questlevel, minlevel, questflags, specialflags, title, details, objectives, requestitemstext, offerrewardtext, reqitemid1, reqitemcount1, reqitemid2, reqitemcount2, reqitemid3, reqitemcount3, reqitemid4, reqitemcount4, reqcreatureorgoid1, reqcreatureorgocount1, reqcreatureorgoid2, reqcreatureorgocount2, reqcreatureorgoid3, reqcreatureorgocount3, reqcreatureorgoid4, reqcreatureorgocount4, srcitemid, srcitemcount, reworreqmoney, RewMoneyMaxLevel, rewxp, rewrepfaction1, rewrepvalue1,  rewrepfaction2, rewrepvalue2, rewrepfaction3, rewrepvalue3, rewrepfaction4, rewrepvalue4, rewspell, rewspellcast, completeemote, rewitemid1, rewitemcount1, rewitemid2, rewitemcount2, rewitemid3, rewitemcount3, rewitemid4, rewitemcount4, rewchoiceitemid1, rewchoiceitemcount1, rewchoiceitemid2, rewchoiceitemcount2, rewchoiceitemid3, rewchoiceitemcount3, rewchoiceitemid4, rewchoiceitemcount4,requiredminrepfaction,requiredminrepvalue,objectivetext1) values (0,41166,2,5536,7,3,0,0,'Redistribution','By any chance, did you help Copperlight down in the coalpits with his machine mayhem? He\'s been requesting some parts for additional modifications on his creations.$B$BWhat he wants is sadly not here in my storage, but Gazzik in his workshop is due to send a new shipment up to Rustgate Ridge. He can be a bit on the slacking side of things, but there is no one else like him on this island, so Taxxlo turns a blind eye to his shenanigans.$B$BHis workshop is to the southeast, across the makeshift bridge. Gazzik can tell you where the shipment is; once you have it, bring it to me.','Bring Supplymaster Maxlo at Rustgate Ridge the Crate of Rebalanced Frameworks from Gazzik\'s Workshop.','The longer you take, the more work piles on for you.','Ah, there they are. I will have them be delivered to Copperlight once another worker shows his mug around here. Thank you, $n, I will mention this on your monthly resume.',41032,1,0,0,0,0,0,0, 0,0,0,0,0,0,0,0, 0,0, 300,1680,280,1001,100,0,0,0,0,0,0,0,0,0, 0,0,0,0,0,0,0,0, 0,0,0,0,0,0,0,0, 0,0,'');

replace into creature_questrelation	(id, quest) 	values (61730, 41166);
replace into creature_involvedrelation  (id, quest) values (61730, 41166);
update quest_template set requiredraces = 434		 where entry = 41166;

replace into item_template (entry, display_id, name, class, quality, flags, buy_count, allowable_class, allowable_race, item_level, stackable, spellcooldown_1, spellcategorycooldown_1, spellcooldown_2, spellcategorycooldown_2, bonding, description, page_text, material) values
(41032,4629,'Crate of Rebalanced Frameworks',12,1,2048,1,-1,-1,1,1,-1,-1,-1,-1,4,'',0,3);

REPLACE INTO gameobject_template VALUES
(2020067, 3, 31, 'Overdue Shipment', 0, 4, 1, 43, 2020067, 0, 1, 0, 0, 0, 0, 0, 0, 0, 0, 0, 0, 0, 0, 0, 0, 0, 0, 0, 0, 0, 0, 0, 0, 0, '');

replace into gameobject_loot_template values
(2020067,41032,-100,0,1,1,0);

update creature_template set script_name = 'npc_gazzik' where entry = 61748;

REPLACE INTO `broadcast_text` (`entry`, `male_text`, `female_text`, `chat_type`, `sound_id`, `language_id`, `emote_id1`, `emote_id2`, `emote_id3`, `emote_delay1`, `emote_delay2`, `emote_delay3`) VALUES
(30147, 'I am here for the overdue shipment of frameworks.', NULL, 0, 0, 0, 0, 0, 0, 0, 0, 0),
(30148, 'Oh, those... Yes, they\'re in the warehouse. It\'s the building opposite of this one. We had to deal with... a few shortages in the workforce, so we weren\'t able to send \'em over to Rustgate.$B$BJust tell that to Maxlo and he\'s gonna understand, alright?$B$B<The goblin winks at you deviously.>', NULL, 0, 0, 0, 0, 0, 0, 0, 0, 0);

-- The Murloc Threat
delete from quest_template where entry = 41167;
replace into quest_template (prevquestid, entry, method, zoneorsort, questlevel, minlevel, questflags, specialflags, title, details, objectives, requestitemstext, offerrewardtext, reqitemid1, reqitemcount1, reqitemid2, reqitemcount2, reqitemid3, reqitemcount3, reqitemid4, reqitemcount4, reqcreatureorgoid1, reqcreatureorgocount1, reqcreatureorgoid2, reqcreatureorgocount2, reqcreatureorgoid3, reqcreatureorgocount3, reqcreatureorgoid4, reqcreatureorgocount4, srcitemid, srcitemcount, reworreqmoney, RewMoneyMaxLevel, rewxp, rewrepfaction1, rewrepvalue1,  rewrepfaction2, rewrepvalue2, rewrepfaction3, rewrepvalue3, rewrepfaction4, rewrepvalue4, rewspell, rewspellcast, completeemote, rewitemid1, rewitemcount1, rewitemid2, rewitemcount2, rewitemid3, rewitemcount3, rewitemid4, rewitemcount4, rewchoiceitemid1, rewchoiceitemcount1, rewchoiceitemid2, rewchoiceitemcount2, rewchoiceitemid3, rewchoiceitemcount3, rewchoiceitemid4, rewchoiceitemcount4,requiredminrepfaction,requiredminrepvalue,objectivetext1) values (0,41167,2,5536,6,3,0,0,'The Murloc Threat','Okay, listen up, buddy. You hate murlocs, right? Perfect. Everyone hates murlocs, those who don\'t end up as their meal real fast. And I for one don\'t want to be held responsible if any of our workers become some murloc\'s midnight snack.$B$BI want you to go down to the coast and kill as many fishy fiends as you can. I\'d rather be busy beating slobs back into working shape than to deal with those slimy creatures. And don\'t think of just pretending to kill them or I\'ll drag you to the Supreme Overseer myself. Prove to me you\'re reliable by bringing me their scales.','Hunt murlocs on the shores of Blackstone Island and present twenty of their scales to Bruiser Rakklan.','<Rakklan is threatening you by impatiently placing his bludgeon unto his hand again and again.>','Not half bad, runt. This gives me some more freetime to whip your slacking coworkers back into the pits. Much appreciated.',41033,20,0,0,0,0,0,0, 0,0,0,0,0,0,0,0, 0,0, 600,2820,470,1001,200,0,0,0,0,0,0,0,0,0, 0,0,0,0,0,0,0,0, 41034,1,41035,1,0,0,0,0, 0,0,'');

replace into creature_questrelation	(id, quest) 	values (61752, 41167);
replace into creature_involvedrelation  (id, quest) values (61752, 41167);
update quest_template set requiredraces = 434		 where entry = 41167;


replace into item_template (entry, display_id, name, class, quality, flags, buy_count, allowable_class, allowable_race, item_level, stackable, spellcooldown_1, spellcategorycooldown_1, spellcooldown_2, spellcategorycooldown_2, bonding, description, page_text, material) values
(41033,6628,'Muckfin Scale',12,1,2048,1,-1,-1,1,20,-1,-1,-1,-1,4,'',0,8);

replace into creature_loot_template values
(61683,41033,-70,0,1,1,0),
(61682,41033,-70,0,1,1,0),
(61685,41033,-70,0,1,1,0);

REPLACE INTO item_template (`entry`, `class`, `subclass`, `name`, `description`, `display_id`, `quality`, `flags`, `buy_count`, `buy_price`, `sell_price`, `inventory_type`, `allowable_class`, `allowable_race`, `item_level`, `required_level`, `required_skill`, `required_skill_rank`, `required_spell`, `required_honor_rank`, `required_city_rank`, `required_reputation_faction`, `required_reputation_rank`, `max_count`, `stackable`, `container_slots`, `stat_type1`, `stat_value1`, `stat_type2`, `stat_value2`, `stat_type3`, `stat_value3`, `stat_type4`, `stat_value4`, `stat_type5`, `stat_value5`, `stat_type6`, `stat_value6`, `stat_type7`, `stat_value7`, `stat_type8`, `stat_value8`, `stat_type9`, `stat_value9`, `stat_type10`, `stat_value10`, `delay`, `range_mod`, `ammo_type`, `dmg_min1`, `dmg_max1`, `dmg_type1`, `dmg_min2`, `dmg_max2`, `dmg_type2`, `dmg_min3`, `dmg_max3`, `dmg_type3`, `dmg_min4`, `dmg_max4`, `dmg_type4`, `dmg_min5`, `dmg_max5`, `dmg_type5`, `block`, `armor`, `holy_res`, `fire_res`, `nature_res`, `frost_res`, `shadow_res`, `arcane_res`, `spellid_1`, `spelltrigger_1`, `spellcharges_1`, `spellppmrate_1`, `spellcooldown_1`, `spellcategory_1`, `spellcategorycooldown_1`, `spellid_2`, `spelltrigger_2`, `spellcharges_2`, `spellppmrate_2`, `spellcooldown_2`, `spellcategory_2`, `spellcategorycooldown_2`, `spellid_3`, `spelltrigger_3`, `spellcharges_3`, `spellppmrate_3`, `spellcooldown_3`, `spellcategory_3`, `spellcategorycooldown_3`, `spellid_4`, `spelltrigger_4`, `spellcharges_4`, `spellppmrate_4`, `spellcooldown_4`, `spellcategory_4`, `spellcategorycooldown_4`, `spellid_5`, `spelltrigger_5`, `spellcharges_5`, `spellppmrate_5`, `spellcooldown_5`, `spellcategory_5`, `spellcategorycooldown_5`, `bonding`, `page_text`, `page_language`, `page_material`, `start_quest`, `lock_id`, `material`, `sheath`, `random_property`, `set_id`, `max_durability`, `area_bound`, `map_bound`, `duration`, `bag_family`, `disenchant_id`, `food_type`, `min_money_loot`, `max_money_loot`, `wrapped_gift`, `extra_flags`, `other_team_entry`, `script_name`) VALUES
 ('41034', '4', '0', 'Rakklan\'s Targe', '', '26060', '1', '0', '1', '192', '48', '14', '-1', '-1', '8',
 '0', '0', '0', '0', '0', '0', '0', '0', '0', '1', '0', '0', '0', '0', '0',
 '0', '0', '0', '0', '0', '0', '0', '0', '0', '0', '0', '0', '0', '0', '0', '0', '0', '0',
 '0', '0', '0', '0', '0', '0', '0', '0', '0', '0', '0', '0', '0', '0', '0', '0', '2', '112', '0', '0', '0',
 '0', '0', '0', '0', '0', '0', '0', '-1', '0', '-1', '0', '0', '0', '0', '-1', '0', '-1', '0', '0',
 '0', '0', '-1', '0', '-1', '0', '0', '0', '0', '-1', '0', '-1', '0', '0', '0', '0', '-1', '0',
 '-1', '1', '0', '0', '0', '0', '0', '0', '4', '0', '0', '40', '0', '0', '0', '0', '0', '0', '0', '0',
 '0', '0', '1', NULL);

REPLACE INTO item_template (`entry`, `class`, `subclass`, `name`, `description`, `display_id`, `quality`, `flags`, `buy_count`, `buy_price`, `sell_price`, `inventory_type`, `allowable_class`, `allowable_race`, `item_level`, `required_level`, `required_skill`, `required_skill_rank`, `required_spell`, `required_honor_rank`, `required_city_rank`, `required_reputation_faction`, `required_reputation_rank`, `max_count`, `stackable`, `container_slots`, `stat_type1`, `stat_value1`, `stat_type2`, `stat_value2`, `stat_type3`, `stat_value3`, `stat_type4`, `stat_value4`, `stat_type5`, `stat_value5`, `stat_type6`, `stat_value6`, `stat_type7`, `stat_value7`, `stat_type8`, `stat_value8`, `stat_type9`, `stat_value9`, `stat_type10`, `stat_value10`, `delay`, `range_mod`, `ammo_type`, `dmg_min1`, `dmg_max1`, `dmg_type1`, `dmg_min2`, `dmg_max2`, `dmg_type2`, `dmg_min3`, `dmg_max3`, `dmg_type3`, `dmg_min4`, `dmg_max4`, `dmg_type4`, `dmg_min5`, `dmg_max5`, `dmg_type5`, `block`, `armor`, `holy_res`, `fire_res`, `nature_res`, `frost_res`, `shadow_res`, `arcane_res`, `spellid_1`, `spelltrigger_1`, `spellcharges_1`, `spellppmrate_1`, `spellcooldown_1`, `spellcategory_1`, `spellcategorycooldown_1`, `spellid_2`, `spelltrigger_2`, `spellcharges_2`, `spellppmrate_2`, `spellcooldown_2`, `spellcategory_2`, `spellcategorycooldown_2`, `spellid_3`, `spelltrigger_3`, `spellcharges_3`, `spellppmrate_3`, `spellcooldown_3`, `spellcategory_3`, `spellcategorycooldown_3`, `spellid_4`, `spelltrigger_4`, `spellcharges_4`, `spellppmrate_4`, `spellcooldown_4`, `spellcategory_4`, `spellcategorycooldown_4`, `spellid_5`, `spelltrigger_5`, `spellcharges_5`, `spellppmrate_5`, `spellcooldown_5`, `spellcategory_5`, `spellcategorycooldown_5`, `bonding`, `page_text`, `page_language`, `page_material`, `start_quest`, `lock_id`, `material`, `sheath`, `random_property`, `set_id`, `max_durability`, `area_bound`, `map_bound`, `duration`, `bag_family`, `disenchant_id`, `food_type`, `min_money_loot`, `max_money_loot`, `wrapped_gift`, `extra_flags`, `other_team_entry`, `script_name`) VALUES
 ('41035', '4', '1', 'Dirty Trousers', '', '14374', '1', '0', '1', '116', '29', '7', '-1', '-1', '8',
 '0', '0', '0', '0', '0', '0', '0', '0', '0', '1', '0', '0', '0', '0', '0',
 '0', '0', '0', '0', '0', '0', '0', '0', '0', '0', '0', '0', '0', '0', '0', '0', '0', '0',
 '0', '0', '0', '0', '0', '0', '0', '0', '0', '0', '0', '0', '0', '0', '0', '0', '0', '11', '0', '0', '0',
 '0', '0', '0', '0', '0', '0', '0', '-1', '0', '-1', '0', '0', '0', '0', '-1', '0', '-1', '0', '0',
 '0', '0', '-1', '0', '-1', '0', '0', '0', '0', '-1', '0', '-1', '0', '0', '0', '0', '-1', '0',
 '-1', '1', '0', '0', '0', '0', '0', '0', '1', '0', '0', '30', '0', '0', '0', '0', '0', '0', '0', '0',
 '0', '0', '1', NULL);

-- Maritime Gumbo
delete from quest_template where entry = 41168;
replace into quest_template (prevquestid, entry, method, zoneorsort, questlevel, minlevel, questflags, specialflags, title, details, objectives, requestitemstext, offerrewardtext, reqitemid1, reqitemcount1, reqitemid2, reqitemcount2, reqitemid3, reqitemcount3, reqitemid4, reqitemcount4, reqcreatureorgoid1, reqcreatureorgocount1, reqcreatureorgoid2, reqcreatureorgocount2, reqcreatureorgoid3, reqcreatureorgocount3, reqcreatureorgoid4, reqcreatureorgocount4, srcitemid, srcitemcount, reworreqmoney, RewMoneyMaxLevel, rewxp, rewrepfaction1, rewrepvalue1,  rewrepfaction2, rewrepvalue2, rewrepfaction3, rewrepvalue3, rewrepfaction4, rewrepvalue4, rewspell, rewspellcast, completeemote, rewitemid1, rewitemcount1, rewitemid2, rewitemcount2, rewitemid3, rewitemcount3, rewitemid4, rewitemcount4, rewchoiceitemid1, rewchoiceitemcount1, rewchoiceitemid2, rewchoiceitemcount2, rewchoiceitemid3, rewchoiceitemcount3, rewchoiceitemid4, rewchoiceitemcount4,requiredminrepfaction,requiredminrepvalue,objectivetext1) values (0,41168,2,5536,6,3,0,0,'Maritime Gumbo','Howdy, partner! Rustgate has us living lavishly up here. Unlike those poor dirtbags down in the pits. But that\'s how things roll around here. That\'s what they call winning the lottery in life!$B$B<Shazzlan lets out a weird, nasally cackle.>$B$BHey, if you\'re already here, I could use some help, actually. You know, Rustgate has quite the... eccentric taste when it comes to his cuisine. He wants me to remake this maritime gumbo his grandmother used to make him back on Kezan. Usually not a problem, but the ingredients are not something we really have in stock up here. Oh, don\'t give me that look. I mean it, really!$B$BIf you bring me some crawler meat and makrura legs, I will teach you how to make it yourself. Could be useful if you ever need to appease the boss.','Gather the needed ingredients and bring them to Shazzlan at Rustgate Ridge.','Crawlers skitter around on the beaches east of here, makrura have been seen at the wrecks to the west.','While I\'m personally more of a meat guy, I acknowledge the charm that maritime food offers. Making these into a stomach filling gumbo should be no issue, however. Grab something to write, and watch closely! I don\'t want Rustgate to wait any longer.',2674,8,41036,6,0,0,0,0, 0,0,0,0,0,0,0,0, 0,0, 300,2220,370,1001,100,0,0,0,0,0,0,0,0,0, 30819,1,0,0,0,0,0,0, 0,0,0,0,0,0,0,0, 0,0,'');

replace into creature_questrelation	(id, quest) 	values (61728, 41168);
replace into creature_involvedrelation  (id, quest) values (61728, 41168);
update quest_template set requiredraces = 434		 where entry = 41168;

replace into item_template (entry, display_id, name, class, quality, flags, buy_count, allowable_class, allowable_race, item_level, stackable, spellcooldown_1, spellcategorycooldown_1, spellcooldown_2, spellcategorycooldown_2, bonding, description, page_text, material) values
(41036,5385,'Makrura Leg',12,1,2048,1,-1,-1,1,6,-1,-1,-1,-1,4,'',0,3);

replace into creature_loot_template values
(61678,41036,-50,0,1,1,0),
(61679,41036,-50,0,1,1,0);

-- Bearer Of Bad News
delete from quest_template where entry = 41169;
replace into quest_template (prevquestid, entry, method, zoneorsort, questlevel, minlevel, questflags, specialflags, title, details, objectives, requestitemstext, offerrewardtext, reqitemid1, reqitemcount1, reqitemid2, reqitemcount2, reqitemid3, reqitemcount3, reqitemid4, reqitemcount4, reqcreatureorgoid1, reqcreatureorgocount1, reqcreatureorgoid2, reqcreatureorgocount2, reqcreatureorgoid3, reqcreatureorgocount3, reqcreatureorgoid4, reqcreatureorgocount4, srcitemid, srcitemcount, reworreqmoney, RewMoneyMaxLevel, rewxp, rewrepfaction1, rewrepvalue1,  rewrepfaction2, rewrepvalue2, rewrepfaction3, rewrepvalue3, rewrepfaction4, rewrepvalue4, rewspell, rewspellcast, completeemote, rewitemid1, rewitemcount1, rewitemid2, rewitemcount2, rewitemid3, rewitemcount3, rewitemid4, rewitemcount4, rewchoiceitemid1, rewchoiceitemcount1, rewchoiceitemid2, rewchoiceitemcount2, rewchoiceitemid3, rewchoiceitemcount3, rewchoiceitemid4, rewchoiceitemcount4,requiredminrepfaction,requiredminrepvalue,objectivetext1) values (0,41169,2,5536,5,3,0,0,'Bearer Of Bad News','Take a look at this island. What do you see? Exactly. You see us losing money! If I told you what the reasons for us losing money are, then we\'d be staying here all night. And I for one can\'t afford that and neither can you. When Blastentom suggested the monetization of this island I was all ears, but this is one-hundred percent NOT what I signed up for!$B$BBlastentom expects a report from me about the status quo around here. I definitely don\'t want to be at the receiving end of his anger, luckily you unfortunate bugger are here to go in my stead.$B$BTake this, and bring it to Nert Blastentom at Sparkwater Port in Durotar. You surely don\'t want to swim all the way back, so catch a ride at Gazzik\'s Workshop. Prepare to pay up, this ain\'t a charity around here. If you\'re not back by tomorrow, I will file an arrest and have you executed for desertion!','Pay for a ride at Gazzik\'s Workshop and bring Rustgate\'s Business Report to Nert Blastentom at Sparkwater Port.','My, you\'re covered in ash and coal. What\'s up, fellow goblin?','<Blastentom reads the report, rivers of sweat run down his increasingly more red face.>$B$BWhat in all that is profitable is HAPPENING on that island?!',41037,1,0,0,0,0,0,0, 0,0,0,0,0,0,0,0, 41037,1, 200,720,120,1001,100,0,0,0,0,0,0,0,0,0, 0,0,0,0,0,0,0,0, 0,0,0,0,0,0,0,0, 0,0,'');

replace into creature_questrelation	(id, quest) 	values (61729, 41169);
replace into creature_involvedrelation  (id, quest) values (80178, 41169);
update quest_template set requiredraces = 434		 where entry = 41169;

replace into item_template (entry, display_id, name, class, quality, flags, buy_count, allowable_class, allowable_race, item_level, stackable, spellcooldown_1, spellcategorycooldown_1, spellcooldown_2, spellcategorycooldown_2, bonding, description, page_text, material) values
(41037,1097,'Rustgate\'s Business Report',12,1,2048,1,-1,-1,1,1,-1,-1,-1,-1,4,'',0,7);

-- Solutions On Their Way
delete from quest_template where entry = 41170;
replace into quest_template (prevquestid, entry, method, zoneorsort, questlevel, minlevel, questflags, specialflags, title, details, objectives, requestitemstext, offerrewardtext, reqitemid1, reqitemcount1, reqitemid2, reqitemcount2, reqitemid3, reqitemcount3, reqitemid4, reqitemcount4, reqcreatureorgoid1, reqcreatureorgocount1, reqcreatureorgoid2, reqcreatureorgocount2, reqcreatureorgoid3, reqcreatureorgocount3, reqcreatureorgoid4, reqcreatureorgocount4, srcitemid, srcitemcount, reworreqmoney, RewMoneyMaxLevel, rewxp, rewrepfaction1, rewrepvalue1,  rewrepfaction2, rewrepvalue2, rewrepfaction3, rewrepvalue3, rewrepfaction4, rewrepvalue4, rewspell, rewspellcast, completeemote, rewitemid1, rewitemcount1, rewitemid2, rewitemcount2, rewitemid3, rewitemcount3, rewitemid4, rewitemcount4, rewchoiceitemid1, rewchoiceitemcount1, rewchoiceitemid2, rewchoiceitemcount2, rewchoiceitemid3, rewchoiceitemcount3, rewchoiceitemid4, rewchoiceitemcount4,requiredminrepfaction,requiredminrepvalue,objectivetext1) values (41169,41170,2,5536,5,3,0,0,'Solutions On Their Way','This is a complete disaster! How could this happen in such a short span of time? Not only is this a monetary failure, but also a potential threat to our alliance with the Horde! I promised our benefactors in Orgrimmar new resources at a steady rate, but with what\'s happening on Blackstone Island, this will just be wishful thinking.$B$B$n, take the next trip back to Blackstone Island and assist Rustgate in salvaging this mess of an operation. Now go, I want to see results!','Return to Taxxlo Rustgate on Blackstone Island.','Wait, I know your ugly mug.','Blastentom is not happy with what\'s going on here? Color me surprised. For both of our sakes, get out of my tower and start cleaning this chaos up!',0,0,0,0,0,0,0,0, 0,0,0,0,0,0,0,0, 0,0, 0,720,120,1001,100,0,0,0,0,0,0,0,0,0, 0,0,0,0,0,0,0,0, 0,0,0,0,0,0,0,0, 0,0,'');

replace into creature_questrelation	(id, quest) 	values (80178, 41170);
replace into creature_involvedrelation  (id, quest) values (61729, 41170);
update quest_template set requiredraces = 434		 where entry = 41170;

-- Searching Wreckage
delete from quest_template where entry = 41171;
replace into quest_template (prevquestid, entry, method, zoneorsort, questlevel, minlevel, questflags, specialflags, title, details, objectives, requestitemstext, offerrewardtext, reqitemid1, reqitemcount1, reqitemid2, reqitemcount2, reqitemid3, reqitemcount3, reqitemid4, reqitemcount4, reqcreatureorgoid1, reqcreatureorgocount1, reqcreatureorgoid2, reqcreatureorgocount2, reqcreatureorgoid3, reqcreatureorgocount3, reqcreatureorgoid4, reqcreatureorgocount4, srcitemid, srcitemcount, reworreqmoney, RewMoneyMaxLevel, rewxp, rewrepfaction1, rewrepvalue1,  rewrepfaction2, rewrepvalue2, rewrepfaction3, rewrepvalue3, rewrepfaction4, rewrepvalue4, rewspell, rewspellcast, completeemote, rewitemid1, rewitemcount1, rewitemid2, rewitemcount2, rewitemid3, rewitemcount3, rewitemid4, rewitemcount4, rewchoiceitemid1, rewchoiceitemcount1, rewchoiceitemid2, rewchoiceitemcount2, rewchoiceitemid3, rewchoiceitemcount3, rewchoiceitemid4, rewchoiceitemcount4,requiredminrepfaction,requiredminrepvalue,objectivetext1) values (0,41171,2,5536,6,3,0,0,'Searching Wreckage','You\'re familiar with diving wreckages, I heard? Oh, you\'re surprised? Nothing escapes my ears, bugger, so don\'t think of doing something fishy around here. I\'ll have a bruiser on your back sooner than you can say ‘gold coin\'.$B$BAnother ship wrecked on the east coast, no pirate vessel, but one from Sparkwater Port itself. Numerous crates and new workers on it. We already salvaged most of the useful supplies, but weren\'t lucky to find its logbook. What? Yes, some of the goblins on ship were also lost, but if you ask me, if they can\'t survive a simple wreckage, then Blackstone ain\'t the place for them.$B$BGet me that logbook, and beware of the murlocs around there. I don\'t want to lose any more workforce in retrieving this damn thing.','Recover the Venture Co. Logbook and bring it to Taxxlo Rustgate.','The clock\'s ticking.','Now this is what I like to see. Took us only twelve attempts. Having these lists will make Maxlo more than joyous.',41038,1,0,0,0,0,0,0, 0,0,0,0,0,0,0,0, 0,0, 300,2820,470,1001,100,0,0,0,0,0,0,0,0,0, 0,0,0,0,0,0,0,0, 0,0,0,0,0,0,0,0, 0,0,'');

replace into creature_questrelation	(id, quest) 	values (61729, 41171);
replace into creature_involvedrelation  (id, quest) values (61729, 41171);
update quest_template set requiredraces = 434		 where entry = 41171;

replace into item_template (entry, display_id, name, class, quality, flags, buy_count, allowable_class, allowable_race, item_level, stackable, spellcooldown_1, spellcategorycooldown_1, spellcooldown_2, spellcategorycooldown_2, bonding, description, page_text, material) values
(41038,21032,'Venture Co. Logbook',12,1,2048,1,-1,-1,1,1,-1,-1,-1,-1,4,'',0,3);

REPLACE INTO gameobject_template VALUES
(2020068, 3, 184, 'Venture Co. Lockbox', 0, 4, 1, 43, 2020068, 0, 1, 0, 0, 0, 0, 0, 0, 0, 0, 0, 0, 0, 0, 0, 0, 0, 0, 0, 0, 0, 0, 0, 0, 0, '');

replace into gameobject_loot_template values
(2020068,41038,-100,0,1,1,0);

-- War on Venture Co.
delete from quest_template where entry = 41172;
replace into quest_template (prevquestid, entry, method, zoneorsort, questlevel, minlevel, questflags, specialflags, title, details, objectives, requestitemstext, offerrewardtext, reqitemid1, reqitemcount1, reqitemid2, reqitemcount2, reqitemid3, reqitemcount3, reqitemid4, reqitemcount4, reqcreatureorgoid1, reqcreatureorgocount1, reqcreatureorgoid2, reqcreatureorgocount2, reqcreatureorgoid3, reqcreatureorgocount3, reqcreatureorgoid4, reqcreatureorgocount4, srcitemid, srcitemcount, reworreqmoney, RewMoneyMaxLevel, rewxp, rewrepfaction1, rewrepvalue1,  rewrepfaction2, rewrepvalue2, rewrepfaction3, rewrepvalue3, rewrepfaction4, rewrepvalue4, rewspell, rewspellcast, completeemote, rewitemid1, rewitemcount1, rewitemid2, rewitemcount2, rewitemid3, rewitemcount3, rewitemid4, rewitemcount4, rewchoiceitemid1, rewchoiceitemcount1, rewchoiceitemid2, rewchoiceitemcount2, rewchoiceitemid3, rewchoiceitemcount3, rewchoiceitemid4, rewchoiceitemcount4,requiredminrepfaction,requiredminrepvalue,objectivetext1) values (41171,41172,2,5536,8,3,0,0,'War on Venture Co.','Potential is what I see in you, $n. Not many here show it. But you might be the goblin I\'m looking for.$B$BMaybe you\'ve witnessed it already or you\'re just ignorant to the issue, but we\'re having problems with the... willingness of some workers out here. Call it a strike, sabotage, revolt - I don\'t care. They\'re costing me money instead of making it and I\'m not having it. If that wasn\'t enough, their overly aggressive behaviour is a threat to the obedient workers we still have.$B$BOur bruisers got their hands full with keeping order around here, so you will be my instrument of justice. Go out and quell their uprising, immediately. Their medallions will do nicely as proof. According to reports, most of the hostile activity originates from the slum up north.','Slay Venture Co. traitors and bring their medallions to Taxxlo Rustgate.','I didn\'t become Supreme Overseer for picking flowers and warbling songs on a meadow. No, my iron grip on maintaining order is what got me this position. And I will not have my authority undermined.','Excellent. Swift, merciless, efficient. Keep this up and you\'ll make it big, trust me. Before you run off - we\'re not done here just yet.',41039,14,0,0,0,0,0,0, 0,0,0,0,0,0,0,0, 0,0, 600,3480,580,1001,200,0,0,0,0,0,0,0,0,0, 0,0,0,0,0,0,0,0, 0,0,0,0,0,0,0,0, 0,0,'');

replace into creature_questrelation	(id, quest) 	values (61729, 41172);
replace into creature_involvedrelation  (id, quest) values (61729, 41172);
update quest_template set requiredraces = 434		 where entry = 41172;

replace into item_template (entry, display_id, name, class, quality, flags, buy_count, allowable_class, allowable_race, item_level, stackable, spellcooldown_1, spellcategorycooldown_1, spellcooldown_2, spellcategorycooldown_2, bonding, description, page_text, material) values
(41039,6484,'Venture Co. Medallion',12,1,2048,1,-1,-1,1,14,-1,-1,-1,-1,4,'',0,4);

replace into creature_loot_template values
(61672,41039,-80,0,1,1,0),
(61673,41039,-80,0,1,1,0),
(61674,41039,-80,0,1,1,0);

-- New Rare Mobs for TH and their Items.
REPLACE INTO creature_template VALUES
(61789, 20512, 0, 0, 0, 0, 'Moonfeather', NULL, 0, 9, 9, 176, 176, 0, 0, 406, 14, 0, 1, 1.14286, 1.2, 20, 5, 0, 4, 1, 10, 12, 0, 60, 1, 1400, 2000, 1, 0, 0, 0, 0, 0, 0, 0, 13.856, 19.052, 100, 1, 0, 61789, 0, 14430, 0, 0, 0, 0, 0, 0, 0, 0, 0, 0, 0, 0, 0, NULL, 0, 0, 'EventAI', 0, 3, 0, 0, 3, 0, 0, 0, 0, 0, 0, 0, 0, ''),
(61790, 18031, 0, 0, 0, 0, 'Arcandir', NULL, 0, 10, 10, 198, 198, 815, 815, 512, 14, 0, 1, 0.857143, 1.2, 20, 5, 0, 4, 1, 14, 17, 0, 62, 1, 2000, 2000, 2, 0, 0, 0, 0, 0, 0, 0, 15.1624, 20.8483, 100, 4, 0, 61790, 0, 0, 0, 0, 0, 0, 0, 0, 0, 0, 0, 0, 0, 0, 0, NULL, 0, 0, 'EventAI', 0, 3, 0, 0, 3, 0, 0, 0, 0, 0, 0, 0, 0, ''),
(61791, 18194, 0, 0, 0, 0, 'Kal\'mantir the Mad', NULL, 0, 12, 12, 247, 247, 819, 819, 573, 14, 0, 1.2, 1.14286, 1.1, 20, 5, 0, 4, 1, 18, 31, 0, 66, 1, 2000, 2000, 2, 0, 0, 0, 0, 0, 0, 0, 23.8896, 32.8482, 100, 7, 0, 61791, 0, 0, 0, 0, 0, 0, 0, 0, 0, 0, 0, 0, 0, 0, 0, NULL, 13, 21, 'EventAI', 0, 3, 0, 0, 3, 0, 0, 0, 0, 0, 0, 0, 0, '');

-- Moonfeather.
replace into item_template (entry, name, description, class, subclass, material, quality, display_id, bonding, required_level, max_count, allowable_class, allowable_race, buy_price, sell_price, inventory_type, sheath, flags, extra_flags, buy_count, stackable, container_slots, dmg_min1, dmg_max1, delay, dmg_type1, ammo_type, max_durability, armor, block, bag_family, item_level, range_mod, disenchant_id, holy_res, fire_res, nature_res, frost_res, shadow_res, arcane_res, stat_type1, stat_value1, random_property, required_reputation_faction, required_reputation_rank) values (41040, 'Moonclaw', '', 2, 13, 1, 2, 23270, 2, 5, 0, -1, -1, 1224, 244, 21, 3, 0, 0, 1, 1, 0, 6, 11, 1600, 0, 0, 25, 0, 0, 0, 10, 0, 21, 0, 0, 0, 0, 0, 0, 3, 1, 0, 0, 0);
replace into item_template (entry, name, description, class, subclass, material, quality, display_id, bonding, required_level, max_count, allowable_class, allowable_race, buy_price, sell_price, inventory_type, sheath, flags, extra_flags, buy_count, stackable, container_slots, dmg_min1, dmg_max1, delay, dmg_type1, ammo_type, max_durability, armor, block, bag_family, item_level, range_mod, disenchant_id, holy_res, fire_res, nature_res, frost_res, shadow_res, arcane_res, stat_type1, stat_value1, random_property, required_reputation_faction, required_reputation_rank) values (41041, 'Moonfeather Cloak', '', 4, 1, 7, 2, 23032, 2, 5, 0, -1, -1, 533, 133, 16, 0, 0, 0, 1, 1, 0, 0, 0, 0, 0, 0, 0, 11, 0, 0, 10, 0, 21, 0, 0, 0, 0, 0, 0, 5, 1, 0, 0, 0);
-- Arcandir.
replace into item_template (entry, name, description, class, subclass, material, quality, display_id, bonding, required_level, max_count, allowable_class, allowable_race, buy_price, sell_price, inventory_type, sheath, flags, extra_flags, buy_count, stackable, container_slots, dmg_min1, dmg_max1, delay, dmg_type1, ammo_type, max_durability, armor, block, bag_family, item_level, range_mod, disenchant_id, holy_res, fire_res, nature_res, frost_res, shadow_res, arcane_res, stat_type1, stat_value1, spellid_1, spelltrigger_1, spellcharges_1, spellppmrate_1, spellcooldown_1, spellcategory_1, spellcategorycooldown_1, random_property, required_reputation_faction, required_reputation_rank) values (41042, 'Arcane-infused Branch', '', 4, 0, 1, 2, 11919, 2, 5, 0, -1, -1, 1700, 425, 23, 6, 0, 0, 1, 1, 0, 0, 0, 0, 0, 0, 0, 0, 0, 0, 10, 0, 21, 0, 0, 0, 0, 0, 0, 5, -3, 9395, 1, 0, 0, -1, 0, -1, 0, 0, 0);
replace into item_template (entry, name, description, class, subclass, material, quality, display_id, bonding, required_level, max_count, allowable_class, allowable_race, buy_price, sell_price, inventory_type, sheath, flags, extra_flags, buy_count, stackable, container_slots, dmg_min1, dmg_max1, delay, dmg_type1, ammo_type, max_durability, armor, block, bag_family, item_level, range_mod, disenchant_id, holy_res, fire_res, nature_res, frost_res, shadow_res, arcane_res, stat_type1, stat_value1, stat_type2, stat_value2, random_property, required_reputation_faction, required_reputation_rank) values (41043, 'Bark Buckler', '', 4, 6, 6, 2, 2552, 2, 5, 0, -1, -1, 1016, 204, 14, 4, 0, 0, 1, 1, 0, 0, 0, 0, 0, 0, 45, 172, 3, 0, 10, 0, 21, 0, 0, 0, 0, 0, 0, 7, 1, 6, 1, 0, 0, 0);
-- Kal'mantir the Mad.
replace into item_template (entry, name, description, class, subclass, material, quality, display_id, bonding, required_level, max_count, allowable_class, allowable_race, buy_price, sell_price, inventory_type, sheath, flags, extra_flags, buy_count, stackable, container_slots, dmg_min1, dmg_max1, delay, dmg_type1, ammo_type, max_durability, armor, block, bag_family, item_level, range_mod, disenchant_id, holy_res, fire_res, nature_res, frost_res, shadow_res, arcane_res, stat_type1, stat_value1, stat_type2, stat_value2, random_property, required_reputation_faction, required_reputation_rank) values (41044, 'Staff of Withering Power', '', 2, 10, 1, 2, 40047, 2, 7, 0, -1, -1, 2334, 466, 17, 1, 0, 0, 1, 1, 0, 18, 27, 2700, 0, 0, 50, 0, 0, 0, 1, 0, 21, 0, 0, 0, 0, 0, 0, 5, 4, 7, -2, 0, 0, 0);
replace into item_template (entry, name, description, class, subclass, material, quality, display_id, bonding, required_level, max_count, allowable_class, allowable_race, buy_price, sell_price, inventory_type, sheath, flags, extra_flags, buy_count, stackable, container_slots, dmg_min1, dmg_max1, delay, dmg_type1, ammo_type, max_durability, armor, block, bag_family, item_level, range_mod, disenchant_id, holy_res, fire_res, nature_res, frost_res, shadow_res, arcane_res, stat_type1, stat_value1, stat_type2, stat_value2, random_property, required_reputation_faction, required_reputation_rank) values (41045, 'Enchanted Scalemail', '', 4, 3, 5, 2, 8672, 2, 7, 0, -1, -1, 1420, 284, 5, 0, 0, 0, 1, 1, 0, 0, 0, 0, 0, 0, 65, 122, 0, 0, 12, 0, 21, 0, 0, 0, 0, 0, 0, 5, 2, 4, 3, 0, 0, 0);

-- Creature loot table: Kal'mantir the Mad.
REPLACE INTO `creature_loot_template` (`entry`, `item`, `ChanceOrQuestChance`, `groupid`, `mincountOrRef`, `maxcount`, `condition_id`) VALUES (61791, 41044, 50, 1, 1, 1, 0);
REPLACE INTO `creature_loot_template` (`entry`, `item`, `ChanceOrQuestChance`, `groupid`, `mincountOrRef`, `maxcount`, `condition_id`) VALUES (61791, 41045, 50, 1, 1, 1, 0);
-- Creature loot table: Arcandir.
REPLACE INTO `creature_loot_template` (`entry`, `item`, `ChanceOrQuestChance`, `groupid`, `mincountOrRef`, `maxcount`, `condition_id`) VALUES (61790, 41042, 50, 1, 1, 1, 0);
REPLACE INTO `creature_loot_template` (`entry`, `item`, `ChanceOrQuestChance`, `groupid`, `mincountOrRef`, `maxcount`, `condition_id`) VALUES (61790, 41043, 50, 1, 1, 1, 0);
REPLACE INTO `creature_loot_template` (`entry`, `item`, `ChanceOrQuestChance`, `groupid`, `mincountOrRef`, `maxcount`, `condition_id`) VALUES (61790, 2406, 0.02, 0, 1, 1, 0);
REPLACE INTO `creature_loot_template` (`entry`, `item`, `ChanceOrQuestChance`, `groupid`, `mincountOrRef`, `maxcount`, `condition_id`) VALUES (61790, 2407, 0.02, 0, 1, 1, 0);
REPLACE INTO `creature_loot_template` (`entry`, `item`, `ChanceOrQuestChance`, `groupid`, `mincountOrRef`, `maxcount`, `condition_id`) VALUES (61790, 2408, 0.02, 0, 1, 1, 0);
REPLACE INTO `creature_loot_template` (`entry`, `item`, `ChanceOrQuestChance`, `groupid`, `mincountOrRef`, `maxcount`, `condition_id`) VALUES (61790, 2452, 0.02, 0, 1, 1, 0);
REPLACE INTO `creature_loot_template` (`entry`, `item`, `ChanceOrQuestChance`, `groupid`, `mincountOrRef`, `maxcount`, `condition_id`) VALUES (61790, 2553, 0.02, 0, 1, 1, 0);
REPLACE INTO `creature_loot_template` (`entry`, `item`, `ChanceOrQuestChance`, `groupid`, `mincountOrRef`, `maxcount`, `condition_id`) VALUES (61790, 2555, 0.02, 0, 1, 1, 0);
REPLACE INTO `creature_loot_template` (`entry`, `item`, `ChanceOrQuestChance`, `groupid`, `mincountOrRef`, `maxcount`, `condition_id`) VALUES (61790, 3610, 0.02, 0, 1, 1, 0);
REPLACE INTO `creature_loot_template` (`entry`, `item`, `ChanceOrQuestChance`, `groupid`, `mincountOrRef`, `maxcount`, `condition_id`) VALUES (61790, 4408, 0.02, 0, 1, 1, 0);
REPLACE INTO `creature_loot_template` (`entry`, `item`, `ChanceOrQuestChance`, `groupid`, `mincountOrRef`, `maxcount`, `condition_id`) VALUES (61790, 6271, 0.02, 0, 1, 1, 0);
REPLACE INTO `creature_loot_template` (`entry`, `item`, `ChanceOrQuestChance`, `groupid`, `mincountOrRef`, `maxcount`, `condition_id`) VALUES (61790, 6342, 0.02, 0, 1, 1, 0);
REPLACE INTO `creature_loot_template` (`entry`, `item`, `ChanceOrQuestChance`, `groupid`, `mincountOrRef`, `maxcount`, `condition_id`) VALUES (61790, 4560, 0.1, 0, 1, 1, 0);
REPLACE INTO `creature_loot_template` (`entry`, `item`, `ChanceOrQuestChance`, `groupid`, `mincountOrRef`, `maxcount`, `condition_id`) VALUES (61790, 768, 0.12, 0, 1, 1, 0);
REPLACE INTO `creature_loot_template` (`entry`, `item`, `ChanceOrQuestChance`, `groupid`, `mincountOrRef`, `maxcount`, `condition_id`) VALUES (61790, 4563, 0.12, 0, 1, 1, 0);
REPLACE INTO `creature_loot_template` (`entry`, `item`, `ChanceOrQuestChance`, `groupid`, `mincountOrRef`, `maxcount`, `condition_id`) VALUES (61790, 4565, 0.12, 0, 1, 1, 0);
REPLACE INTO `creature_loot_template` (`entry`, `item`, `ChanceOrQuestChance`, `groupid`, `mincountOrRef`, `maxcount`, `condition_id`) VALUES (61790, 8181, 0.12, 0, 1, 1, 0);
REPLACE INTO `creature_loot_template` (`entry`, `item`, `ChanceOrQuestChance`, `groupid`, `mincountOrRef`, `maxcount`, `condition_id`) VALUES (61790, 8179, 0.14, 0, 1, 1, 0);
REPLACE INTO `creature_loot_template` (`entry`, `item`, `ChanceOrQuestChance`, `groupid`, `mincountOrRef`, `maxcount`, `condition_id`) VALUES (61790, 2598, 0.22, 0, 1, 1, 0);
REPLACE INTO `creature_loot_template` (`entry`, `item`, `ChanceOrQuestChance`, `groupid`, `mincountOrRef`, `maxcount`, `condition_id`) VALUES (61790, 3609, 0.22, 0, 1, 1, 0);
REPLACE INTO `creature_loot_template` (`entry`, `item`, `ChanceOrQuestChance`, `groupid`, `mincountOrRef`, `maxcount`, `condition_id`) VALUES (61790, 805, 0.25, 0, 1, 1, 0);
REPLACE INTO `creature_loot_template` (`entry`, `item`, `ChanceOrQuestChance`, `groupid`, `mincountOrRef`, `maxcount`, `condition_id`) VALUES (61790, 828, 0.25, 0, 1, 1, 0);
REPLACE INTO `creature_loot_template` (`entry`, `item`, `ChanceOrQuestChance`, `groupid`, `mincountOrRef`, `maxcount`, `condition_id`) VALUES (61790, 4496, 0.25, 0, 1, 1, 0);
REPLACE INTO `creature_loot_template` (`entry`, `item`, `ChanceOrQuestChance`, `groupid`, `mincountOrRef`, `maxcount`, `condition_id`) VALUES (61790, 5571, 0.25, 0, 1, 1, 0);
REPLACE INTO `creature_loot_template` (`entry`, `item`, `ChanceOrQuestChance`, `groupid`, `mincountOrRef`, `maxcount`, `condition_id`) VALUES (61790, 5572, 0.25, 0, 1, 1, 0);
REPLACE INTO `creature_loot_template` (`entry`, `item`, `ChanceOrQuestChance`, `groupid`, `mincountOrRef`, `maxcount`, `condition_id`) VALUES (61790, 3189, 0.26, 0, 1, 1, 0);
REPLACE INTO `creature_loot_template` (`entry`, `item`, `ChanceOrQuestChance`, `groupid`, `mincountOrRef`, `maxcount`, `condition_id`) VALUES (61790, 8182, 0.3, 0, 1, 1, 0);
REPLACE INTO `creature_loot_template` (`entry`, `item`, `ChanceOrQuestChance`, `groupid`, `mincountOrRef`, `maxcount`, `condition_id`) VALUES (61790, 766, 0.32, 0, 1, 1, 0);
REPLACE INTO `creature_loot_template` (`entry`, `item`, `ChanceOrQuestChance`, `groupid`, `mincountOrRef`, `maxcount`, `condition_id`) VALUES (61790, 3190, 0.32, 0, 1, 1, 0);
REPLACE INTO `creature_loot_template` (`entry`, `item`, `ChanceOrQuestChance`, `groupid`, `mincountOrRef`, `maxcount`, `condition_id`) VALUES (61790, 8177, 0.32, 0, 1, 1, 0);
REPLACE INTO `creature_loot_template` (`entry`, `item`, `ChanceOrQuestChance`, `groupid`, `mincountOrRef`, `maxcount`, `condition_id`) VALUES (61790, 767, 0.36, 0, 1, 1, 0);
REPLACE INTO `creature_loot_template` (`entry`, `item`, `ChanceOrQuestChance`, `groupid`, `mincountOrRef`, `maxcount`, `condition_id`) VALUES (61790, 818, 0.38, 0, 1, 1, 0);
REPLACE INTO `creature_loot_template` (`entry`, `item`, `ChanceOrQuestChance`, `groupid`, `mincountOrRef`, `maxcount`, `condition_id`) VALUES (61790, 30019, 0.5, 0, -30019, 1, 0);
REPLACE INTO `creature_loot_template` (`entry`, `item`, `ChanceOrQuestChance`, `groupid`, `mincountOrRef`, `maxcount`, `condition_id`) VALUES (61790, 774, 1.3, 0, 1, 1, 0);
REPLACE INTO `creature_loot_template` (`entry`, `item`, `ChanceOrQuestChance`, `groupid`, `mincountOrRef`, `maxcount`, `condition_id`) VALUES (61790, 1181, 1.34, 0, 1, 1, 0);
REPLACE INTO `creature_loot_template` (`entry`, `item`, `ChanceOrQuestChance`, `groupid`, `mincountOrRef`, `maxcount`, `condition_id`) VALUES (61790, 3013, 1.66, 0, 1, 1, 0);
REPLACE INTO `creature_loot_template` (`entry`, `item`, `ChanceOrQuestChance`, `groupid`, `mincountOrRef`, `maxcount`, `condition_id`) VALUES (61790, 118, 1.9732, 0, 1, 1, 0);
REPLACE INTO `creature_loot_template` (`entry`, `item`, `ChanceOrQuestChance`, `groupid`, `mincountOrRef`, `maxcount`, `condition_id`) VALUES (61790, 2447, 2.2074, 0, 1, 1, 0);
REPLACE INTO `creature_loot_template` (`entry`, `item`, `ChanceOrQuestChance`, `groupid`, `mincountOrRef`, `maxcount`, `condition_id`) VALUES (61790, 30017, 2.5, 0, -30017, 1, 0);
REPLACE INTO `creature_loot_template` (`entry`, `item`, `ChanceOrQuestChance`, `groupid`, `mincountOrRef`, `maxcount`, `condition_id`) VALUES (61790, 2449, 2.6421, 0, 1, 1, 0);
REPLACE INTO `creature_loot_template` (`entry`, `item`, `ChanceOrQuestChance`, `groupid`, `mincountOrRef`, `maxcount`, `condition_id`) VALUES (61790, 785, 2.6756, 0, 1, 3, 0);
REPLACE INTO `creature_loot_template` (`entry`, `item`, `ChanceOrQuestChance`, `groupid`, `mincountOrRef`, `maxcount`, `condition_id`) VALUES (61790, 765, 2.9766, 0, 1, 1, 0);
REPLACE INTO `creature_loot_template` (`entry`, `item`, `ChanceOrQuestChance`, `groupid`, `mincountOrRef`, `maxcount`, `condition_id`) VALUES (61790, 159, 3.612, 0, 1, 1, 0);
REPLACE INTO `creature_loot_template` (`entry`, `item`, `ChanceOrQuestChance`, `groupid`, `mincountOrRef`, `maxcount`, `condition_id`) VALUES (61790, 4604, 6.5886, 0, 1, 1, 0);
-- Creature loot table: Moonfeather.
REPLACE INTO `creature_loot_template` (`entry`, `item`, `ChanceOrQuestChance`, `groupid`, `mincountOrRef`, `maxcount`, `condition_id`) VALUES (61789, 41040, 50, 1, 1, 1, 0);
REPLACE INTO `creature_loot_template` (`entry`, `item`, `ChanceOrQuestChance`, `groupid`, `mincountOrRef`, `maxcount`, `condition_id`) VALUES (61789, 41041, 50, 1, 1, 1, 0);
REPLACE INTO `creature_loot_template` (`entry`, `item`, `ChanceOrQuestChance`, `groupid`, `mincountOrRef`, `maxcount`, `condition_id`) VALUES (61789, 765, 0.02, 0, 1, 1, 0);
REPLACE INTO `creature_loot_template` (`entry`, `item`, `ChanceOrQuestChance`, `groupid`, `mincountOrRef`, `maxcount`, `condition_id`) VALUES (61789, 2406, 0.02, 0, 1, 1, 0);
REPLACE INTO `creature_loot_template` (`entry`, `item`, `ChanceOrQuestChance`, `groupid`, `mincountOrRef`, `maxcount`, `condition_id`) VALUES (61789, 2407, 0.02, 0, 1, 1, 0);
REPLACE INTO `creature_loot_template` (`entry`, `item`, `ChanceOrQuestChance`, `groupid`, `mincountOrRef`, `maxcount`, `condition_id`) VALUES (61789, 2408, 0.02, 0, 1, 1, 0);
REPLACE INTO `creature_loot_template` (`entry`, `item`, `ChanceOrQuestChance`, `groupid`, `mincountOrRef`, `maxcount`, `condition_id`) VALUES (61789, 2447, 0.02, 0, 1, 1, 0);
REPLACE INTO `creature_loot_template` (`entry`, `item`, `ChanceOrQuestChance`, `groupid`, `mincountOrRef`, `maxcount`, `condition_id`) VALUES (61789, 2553, 0.02, 0, 1, 1, 0);
REPLACE INTO `creature_loot_template` (`entry`, `item`, `ChanceOrQuestChance`, `groupid`, `mincountOrRef`, `maxcount`, `condition_id`) VALUES (61789, 2555, 0.02, 0, 1, 1, 0);
REPLACE INTO `creature_loot_template` (`entry`, `item`, `ChanceOrQuestChance`, `groupid`, `mincountOrRef`, `maxcount`, `condition_id`) VALUES (61789, 3610, 0.02, 0, 1, 1, 0);
REPLACE INTO `creature_loot_template` (`entry`, `item`, `ChanceOrQuestChance`, `groupid`, `mincountOrRef`, `maxcount`, `condition_id`) VALUES (61789, 6271, 0.02, 0, 1, 1, 0);
REPLACE INTO `creature_loot_template` (`entry`, `item`, `ChanceOrQuestChance`, `groupid`, `mincountOrRef`, `maxcount`, `condition_id`) VALUES (61789, 6342, 0.02, 0, 1, 1, 0);
REPLACE INTO `creature_loot_template` (`entry`, `item`, `ChanceOrQuestChance`, `groupid`, `mincountOrRef`, `maxcount`, `condition_id`) VALUES (61789, 4408, 0.04, 0, 1, 1, 0);
REPLACE INTO `creature_loot_template` (`entry`, `item`, `ChanceOrQuestChance`, `groupid`, `mincountOrRef`, `maxcount`, `condition_id`) VALUES (61789, 7288, 0.04, 0, 1, 1, 0);
REPLACE INTO `creature_loot_template` (`entry`, `item`, `ChanceOrQuestChance`, `groupid`, `mincountOrRef`, `maxcount`, `condition_id`) VALUES (61789, 767, 0.06, 0, 1, 1, 0);
REPLACE INTO `creature_loot_template` (`entry`, `item`, `ChanceOrQuestChance`, `groupid`, `mincountOrRef`, `maxcount`, `condition_id`) VALUES (61789, 768, 0.06, 0, 1, 1, 0);
REPLACE INTO `creature_loot_template` (`entry`, `item`, `ChanceOrQuestChance`, `groupid`, `mincountOrRef`, `maxcount`, `condition_id`) VALUES (61789, 4563, 0.06, 0, 1, 1, 0);
REPLACE INTO `creature_loot_template` (`entry`, `item`, `ChanceOrQuestChance`, `groupid`, `mincountOrRef`, `maxcount`, `condition_id`) VALUES (61789, 8179, 0.08, 0, 1, 1, 0);
REPLACE INTO `creature_loot_template` (`entry`, `item`, `ChanceOrQuestChance`, `groupid`, `mincountOrRef`, `maxcount`, `condition_id`) VALUES (61789, 8181, 0.08, 0, 1, 1, 0);
REPLACE INTO `creature_loot_template` (`entry`, `item`, `ChanceOrQuestChance`, `groupid`, `mincountOrRef`, `maxcount`, `condition_id`) VALUES (61789, 3189, 0.1, 0, 1, 1, 0);
REPLACE INTO `creature_loot_template` (`entry`, `item`, `ChanceOrQuestChance`, `groupid`, `mincountOrRef`, `maxcount`, `condition_id`) VALUES (61789, 3190, 0.1, 0, 1, 1, 0);
REPLACE INTO `creature_loot_template` (`entry`, `item`, `ChanceOrQuestChance`, `groupid`, `mincountOrRef`, `maxcount`, `condition_id`) VALUES (61789, 4560, 0.1, 0, 1, 1, 0);
REPLACE INTO `creature_loot_template` (`entry`, `item`, `ChanceOrQuestChance`, `groupid`, `mincountOrRef`, `maxcount`, `condition_id`) VALUES (61789, 4565, 0.12, 0, 1, 1, 0);
REPLACE INTO `creature_loot_template` (`entry`, `item`, `ChanceOrQuestChance`, `groupid`, `mincountOrRef`, `maxcount`, `condition_id`) VALUES (61789, 2598, 0.16, 0, 1, 1, 0);
REPLACE INTO `creature_loot_template` (`entry`, `item`, `ChanceOrQuestChance`, `groupid`, `mincountOrRef`, `maxcount`, `condition_id`) VALUES (61789, 766, 0.18, 0, 1, 1, 0);
REPLACE INTO `creature_loot_template` (`entry`, `item`, `ChanceOrQuestChance`, `groupid`, `mincountOrRef`, `maxcount`, `condition_id`) VALUES (61789, 8177, 0.18, 0, 1, 1, 0);
REPLACE INTO `creature_loot_template` (`entry`, `item`, `ChanceOrQuestChance`, `groupid`, `mincountOrRef`, `maxcount`, `condition_id`) VALUES (61789, 3609, 0.24, 0, 1, 1, 0);
REPLACE INTO `creature_loot_template` (`entry`, `item`, `ChanceOrQuestChance`, `groupid`, `mincountOrRef`, `maxcount`, `condition_id`) VALUES (61789, 8182, 0.24, 0, 1, 1, 0);
REPLACE INTO `creature_loot_template` (`entry`, `item`, `ChanceOrQuestChance`, `groupid`, `mincountOrRef`, `maxcount`, `condition_id`) VALUES (61789, 805, 0.25, 0, 1, 1, 0);
REPLACE INTO `creature_loot_template` (`entry`, `item`, `ChanceOrQuestChance`, `groupid`, `mincountOrRef`, `maxcount`, `condition_id`) VALUES (61789, 828, 0.25, 0, 1, 1, 0);
REPLACE INTO `creature_loot_template` (`entry`, `item`, `ChanceOrQuestChance`, `groupid`, `mincountOrRef`, `maxcount`, `condition_id`) VALUES (61789, 4496, 0.25, 0, 1, 1, 0);
REPLACE INTO `creature_loot_template` (`entry`, `item`, `ChanceOrQuestChance`, `groupid`, `mincountOrRef`, `maxcount`, `condition_id`) VALUES (61789, 5571, 0.25, 0, 1, 1, 0);
REPLACE INTO `creature_loot_template` (`entry`, `item`, `ChanceOrQuestChance`, `groupid`, `mincountOrRef`, `maxcount`, `condition_id`) VALUES (61789, 5572, 0.25, 0, 1, 1, 0);
REPLACE INTO `creature_loot_template` (`entry`, `item`, `ChanceOrQuestChance`, `groupid`, `mincountOrRef`, `maxcount`, `condition_id`) VALUES (61789, 818, 0.42, 0, 1, 1, 0);
REPLACE INTO `creature_loot_template` (`entry`, `item`, `ChanceOrQuestChance`, `groupid`, `mincountOrRef`, `maxcount`, `condition_id`) VALUES (61789, 30019, 0.5, 0, -30019, 1, 0);
REPLACE INTO `creature_loot_template` (`entry`, `item`, `ChanceOrQuestChance`, `groupid`, `mincountOrRef`, `maxcount`, `condition_id`) VALUES (61789, 774, 1.14, 0, 1, 1, 0);
REPLACE INTO `creature_loot_template` (`entry`, `item`, `ChanceOrQuestChance`, `groupid`, `mincountOrRef`, `maxcount`, `condition_id`) VALUES (61789, 4776, 5.2829, 0, 1, 1, 0);
REPLACE INTO `creature_loot_template` (`entry`, `item`, `ChanceOrQuestChance`, `groupid`, `mincountOrRef`, `maxcount`, `condition_id`) VALUES (61789, 7097, 10.4034, 0, 1, 1, 0);
REPLACE INTO `creature_loot_template` (`entry`, `item`, `ChanceOrQuestChance`, `groupid`, `mincountOrRef`, `maxcount`, `condition_id`) VALUES (61789, 4775, 14.9369, 0, 1, 1, 0);
REPLACE INTO `creature_loot_template` (`entry`, `item`, `ChanceOrQuestChance`, `groupid`, `mincountOrRef`, `maxcount`, `condition_id`) VALUES (61789, 4757, 29.4617, 0, 1, 1, 0);
REPLACE INTO `creature_loot_template` (`entry`, `item`, `ChanceOrQuestChance`, `groupid`, `mincountOrRef`, `maxcount`, `condition_id`) VALUES (61789, 7096, 30.1861, 0, 1, 1, 0);

-- Kal'mantir the Mad
set @creature_entry = 61791;
set @description = ': Kal\'mantir the Mad';
set @spell_list_id = 180277;

set @spellid_1 = 9613; -- Shadow Bolt
set @probability_1 = 100;
set @casttarget_1 = 1;
set @castflags_1 = 4;
set @delayinitialmin_1 = 0;
set @delayinitialmax_1 = 0;
set @delayrepeatmin_1 = 3.5;
set @delayrepeatmax_1 = 3.5;

set @spellid_2 = 0;
set @probability_2 = 0;
set @casttarget_2 = 0;
set @castflags_2 = 0;
set @delayinitialmin_2 = 0;
set @delayinitialmax_2 = 0;
set @delayrepeatmin_2 = 0;
set @delayrepeatmax_2 = 0;

set @spellid_3 = 0;
set @probability_3 = 0;
set @casttarget_3 = 0;
set @castflags_3 = 0;
set @delayinitialmin_3 = 0;
set @delayinitialmax_3 = 0;
set @delayrepeatmin_3 = 0;
set @delayrepeatmax_3 = 0;

set @spellid_4 = 0;
set @probability_4 = 0;
set @casttarget_4 = 0;
set @castflags_4 = 0;
set @delayinitialmin_4 = 0;
set @delayinitialmax_4 = 0;
set @delayrepeatmin_4 = 0;
set @delayrepeatmax_4 = 0;

set @spellid_5 = 0;
set @probability_5 = 0;
set @casttarget_5 = 0;
set @castflags_5 = 0;
set @delayinitialmin_5 = 0;
set @delayinitialmax_5 = 0;
set @delayrepeatmin_5 = 0;
set @delayrepeatmax_5 = 0;

set @spellid_6 = 0;
set @probability_6 = 0;
set @casttarget_6 = 0;
set @castflags_6 = 0;
set @delayinitialmin_6 = 0;
set @delayinitialmax_6 = 0;
set @delayrepeatmin_6 = 0;
set @delayrepeatmax_6 = 0;

set @spellid_7 = 0;
set @probability_7 = 0;
set @casttarget_7 = 0;
set @castflags_7 = 0;
set @delayinitialmin_7 = 0;
set @delayinitialmax_7 = 0;
set @delayrepeatmin_7 = 0;
set @delayrepeatmax_7 = 0;

set @spellid_8 = 0;
set @probability_8 = 0;
set @casttarget_8 = 0;
set @castflags_8 = 0;
set @delayinitialmin_8 = 0;
set @delayinitialmax_8 = 0;
set @delayrepeatmin_8 = 0;
set @delayrepeatmax_8 = 0;

-- Do not touch this part:
update creature_template set spell_list_id = @spell_list_id, ai_name = '', script_name = '', spell_id1 = 0, spell_id2 = 0, spell_id3 = 0 
where entry = @creature_entry;
replace into creature_spells (entry, name, 
spellid_1, probability_1, casttarget_1, castflags_1, delayinitialmin_1, delayinitialmax_1, delayrepeatmin_1, delayrepeatmax_1, 
spellid_2, probability_2, casttarget_2, castflags_2, delayinitialmin_2, delayinitialmax_2, delayrepeatmin_2, delayrepeatmax_2, 
spellid_3, probability_3, casttarget_3, castflags_3, delayinitialmin_3, delayinitialmax_3, delayrepeatmin_3, delayrepeatmax_3, 
spellid_4, probability_4, casttarget_4, castflags_4, delayinitialmin_4, delayinitialmax_4, delayrepeatmin_4, delayrepeatmax_4, 
spellid_5, probability_5, casttarget_5, castflags_5, delayinitialmin_5, delayinitialmax_5, delayrepeatmin_5, delayrepeatmax_5, 
spellid_6, probability_6, casttarget_6, castflags_6, delayinitialmin_6, delayinitialmax_6, delayrepeatmin_6, delayrepeatmax_6, 
spellid_7, probability_7, casttarget_7, castflags_7, delayinitialmin_7, delayinitialmax_7, delayrepeatmin_7, delayrepeatmax_7, 
spellid_8, probability_8, casttarget_8, castflags_8, delayinitialmin_8, delayinitialmax_8, delayrepeatmin_8, delayrepeatmax_8) 
values (@spell_list_id, @description,
@spellid_1, @probability_1, @casttarget_1, @castflags_1, @delayinitialmin_1, @delayinitialmax_1, @delayrepeatmin_1, @delayrepeatmax_1,
@spellid_2, @probability_2, @casttarget_2, @castflags_2, @delayinitialmin_2, @delayinitialmax_2, @delayrepeatmin_2, @delayrepeatmax_2,
@spellid_3, @probability_3, @casttarget_3, @castflags_3, @delayinitialmin_3, @delayinitialmax_3, @delayrepeatmin_3, @delayrepeatmax_3,
@spellid_4, @probability_4, @casttarget_4, @castflags_4, @delayinitialmin_4, @delayinitialmax_4, @delayrepeatmin_4, @delayrepeatmax_4,
@spellid_5, @probability_5, @casttarget_5, @castflags_5, @delayinitialmin_5, @delayinitialmax_5, @delayrepeatmin_5, @delayrepeatmax_5,
@spellid_6, @probability_6, @casttarget_6, @castflags_6, @delayinitialmin_6, @delayinitialmax_6, @delayrepeatmin_6, @delayrepeatmax_6,
@spellid_7, @probability_7, @casttarget_7, @castflags_7, @delayinitialmin_7, @delayinitialmax_7, @delayrepeatmin_7, @delayrepeatmax_7,
@spellid_8, @probability_8, @casttarget_8, @castflags_8, @delayinitialmin_8, @delayinitialmax_8, @delayrepeatmin_8, @delayrepeatmax_8);

-- Arcandir
set @creature_entry = 61790;
set @description = ': Arcandir';
set @spell_list_id = 180276;

set @spellid_1 = 15736; -- Arcane Missiles
set @probability_1 = 100;
set @casttarget_1 = 1;
set @castflags_1 = 4;
set @delayinitialmin_1 = 0;
set @delayinitialmax_1 = 0;
set @delayrepeatmin_1 = 10;
set @delayrepeatmax_1 = 12;

set @spellid_2 = 0;
set @probability_2 = 0;
set @casttarget_2 = 0;
set @castflags_2 = 0;
set @delayinitialmin_2 = 0;
set @delayinitialmax_2 = 0;
set @delayrepeatmin_2 = 0;
set @delayrepeatmax_2 = 0;

set @spellid_3 = 0;
set @probability_3 = 0;
set @casttarget_3 = 0;
set @castflags_3 = 0;
set @delayinitialmin_3 = 0;
set @delayinitialmax_3 = 0;
set @delayrepeatmin_3 = 0;
set @delayrepeatmax_3 = 0;

set @spellid_4 = 0;
set @probability_4 = 0;
set @casttarget_4 = 0;
set @castflags_4 = 0;
set @delayinitialmin_4 = 0;
set @delayinitialmax_4 = 0;
set @delayrepeatmin_4 = 0;
set @delayrepeatmax_4 = 0;

set @spellid_5 = 0;
set @probability_5 = 0;
set @casttarget_5 = 0;
set @castflags_5 = 0;
set @delayinitialmin_5 = 0;
set @delayinitialmax_5 = 0;
set @delayrepeatmin_5 = 0;
set @delayrepeatmax_5 = 0;

set @spellid_6 = 0;
set @probability_6 = 0;
set @casttarget_6 = 0;
set @castflags_6 = 0;
set @delayinitialmin_6 = 0;
set @delayinitialmax_6 = 0;
set @delayrepeatmin_6 = 0;
set @delayrepeatmax_6 = 0;

set @spellid_7 = 0;
set @probability_7 = 0;
set @casttarget_7 = 0;
set @castflags_7 = 0;
set @delayinitialmin_7 = 0;
set @delayinitialmax_7 = 0;
set @delayrepeatmin_7 = 0;
set @delayrepeatmax_7 = 0;

set @spellid_8 = 0;
set @probability_8 = 0;
set @casttarget_8 = 0;
set @castflags_8 = 0;
set @delayinitialmin_8 = 0;
set @delayinitialmax_8 = 0;
set @delayrepeatmin_8 = 0;
set @delayrepeatmax_8 = 0;

-- Do not touch this part:
update creature_template set spell_list_id = @spell_list_id, ai_name = '', script_name = '', spell_id1 = 0, spell_id2 = 0, spell_id3 = 0 
where entry = @creature_entry;
replace into creature_spells (entry, name, 
spellid_1, probability_1, casttarget_1, castflags_1, delayinitialmin_1, delayinitialmax_1, delayrepeatmin_1, delayrepeatmax_1, 
spellid_2, probability_2, casttarget_2, castflags_2, delayinitialmin_2, delayinitialmax_2, delayrepeatmin_2, delayrepeatmax_2, 
spellid_3, probability_3, casttarget_3, castflags_3, delayinitialmin_3, delayinitialmax_3, delayrepeatmin_3, delayrepeatmax_3, 
spellid_4, probability_4, casttarget_4, castflags_4, delayinitialmin_4, delayinitialmax_4, delayrepeatmin_4, delayrepeatmax_4, 
spellid_5, probability_5, casttarget_5, castflags_5, delayinitialmin_5, delayinitialmax_5, delayrepeatmin_5, delayrepeatmax_5, 
spellid_6, probability_6, casttarget_6, castflags_6, delayinitialmin_6, delayinitialmax_6, delayrepeatmin_6, delayrepeatmax_6, 
spellid_7, probability_7, casttarget_7, castflags_7, delayinitialmin_7, delayinitialmax_7, delayrepeatmin_7, delayrepeatmax_7, 
spellid_8, probability_8, casttarget_8, castflags_8, delayinitialmin_8, delayinitialmax_8, delayrepeatmin_8, delayrepeatmax_8) 
values (@spell_list_id, @description,
@spellid_1, @probability_1, @casttarget_1, @castflags_1, @delayinitialmin_1, @delayinitialmax_1, @delayrepeatmin_1, @delayrepeatmax_1,
@spellid_2, @probability_2, @casttarget_2, @castflags_2, @delayinitialmin_2, @delayinitialmax_2, @delayrepeatmin_2, @delayrepeatmax_2,
@spellid_3, @probability_3, @casttarget_3, @castflags_3, @delayinitialmin_3, @delayinitialmax_3, @delayrepeatmin_3, @delayrepeatmax_3,
@spellid_4, @probability_4, @casttarget_4, @castflags_4, @delayinitialmin_4, @delayinitialmax_4, @delayrepeatmin_4, @delayrepeatmax_4,
@spellid_5, @probability_5, @casttarget_5, @castflags_5, @delayinitialmin_5, @delayinitialmax_5, @delayrepeatmin_5, @delayrepeatmax_5,
@spellid_6, @probability_6, @casttarget_6, @castflags_6, @delayinitialmin_6, @delayinitialmax_6, @delayrepeatmin_6, @delayrepeatmax_6,
@spellid_7, @probability_7, @casttarget_7, @castflags_7, @delayinitialmin_7, @delayinitialmax_7, @delayrepeatmin_7, @delayrepeatmax_7,
@spellid_8, @probability_8, @casttarget_8, @castflags_8, @delayinitialmin_8, @delayinitialmax_8, @delayrepeatmin_8, @delayrepeatmax_8);

-- Moonfeather
set @creature_entry = 61789;
set @description = ': Moonfeather';
set @spell_list_id = 180275;

set @spellid_1 = 3604; -- Tendon Rip
set @probability_1 = 100;
set @casttarget_1 = 1;
set @castflags_1 = 4;
set @delayinitialmin_1 = 0;
set @delayinitialmax_1 = 0;
set @delayrepeatmin_1 = 10;
set @delayrepeatmax_1 = 10;

set @spellid_2 = 0;
set @probability_2 = 0;
set @casttarget_2 = 0;
set @castflags_2 = 0;
set @delayinitialmin_2 = 0;
set @delayinitialmax_2 = 0;
set @delayrepeatmin_2 = 0;
set @delayrepeatmax_2 = 0;

set @spellid_3 = 0;
set @probability_3 = 0;
set @casttarget_3 = 0;
set @castflags_3 = 0;
set @delayinitialmin_3 = 0;
set @delayinitialmax_3 = 0;
set @delayrepeatmin_3 = 0;
set @delayrepeatmax_3 = 0;

set @spellid_4 = 0;
set @probability_4 = 0;
set @casttarget_4 = 0;
set @castflags_4 = 0;
set @delayinitialmin_4 = 0;
set @delayinitialmax_4 = 0;
set @delayrepeatmin_4 = 0;
set @delayrepeatmax_4 = 0;

set @spellid_5 = 0;
set @probability_5 = 0;
set @casttarget_5 = 0;
set @castflags_5 = 0;
set @delayinitialmin_5 = 0;
set @delayinitialmax_5 = 0;
set @delayrepeatmin_5 = 0;
set @delayrepeatmax_5 = 0;

set @spellid_6 = 0;
set @probability_6 = 0;
set @casttarget_6 = 0;
set @castflags_6 = 0;
set @delayinitialmin_6 = 0;
set @delayinitialmax_6 = 0;
set @delayrepeatmin_6 = 0;
set @delayrepeatmax_6 = 0;

set @spellid_7 = 0;
set @probability_7 = 0;
set @casttarget_7 = 0;
set @castflags_7 = 0;
set @delayinitialmin_7 = 0;
set @delayinitialmax_7 = 0;
set @delayrepeatmin_7 = 0;
set @delayrepeatmax_7 = 0;

set @spellid_8 = 0;
set @probability_8 = 0;
set @casttarget_8 = 0;
set @castflags_8 = 0;
set @delayinitialmin_8 = 0;
set @delayinitialmax_8 = 0;
set @delayrepeatmin_8 = 0;
set @delayrepeatmax_8 = 0;

-- Do not touch this part:
update creature_template set spell_list_id = @spell_list_id, ai_name = '', script_name = '', spell_id1 = 0, spell_id2 = 0, spell_id3 = 0 
where entry = @creature_entry;
replace into creature_spells (entry, name, 
spellid_1, probability_1, casttarget_1, castflags_1, delayinitialmin_1, delayinitialmax_1, delayrepeatmin_1, delayrepeatmax_1, 
spellid_2, probability_2, casttarget_2, castflags_2, delayinitialmin_2, delayinitialmax_2, delayrepeatmin_2, delayrepeatmax_2, 
spellid_3, probability_3, casttarget_3, castflags_3, delayinitialmin_3, delayinitialmax_3, delayrepeatmin_3, delayrepeatmax_3, 
spellid_4, probability_4, casttarget_4, castflags_4, delayinitialmin_4, delayinitialmax_4, delayrepeatmin_4, delayrepeatmax_4, 
spellid_5, probability_5, casttarget_5, castflags_5, delayinitialmin_5, delayinitialmax_5, delayrepeatmin_5, delayrepeatmax_5, 
spellid_6, probability_6, casttarget_6, castflags_6, delayinitialmin_6, delayinitialmax_6, delayrepeatmin_6, delayrepeatmax_6, 
spellid_7, probability_7, casttarget_7, castflags_7, delayinitialmin_7, delayinitialmax_7, delayrepeatmin_7, delayrepeatmax_7, 
spellid_8, probability_8, casttarget_8, castflags_8, delayinitialmin_8, delayinitialmax_8, delayrepeatmin_8, delayrepeatmax_8) 
values (@spell_list_id, @description,
@spellid_1, @probability_1, @casttarget_1, @castflags_1, @delayinitialmin_1, @delayinitialmax_1, @delayrepeatmin_1, @delayrepeatmax_1,
@spellid_2, @probability_2, @casttarget_2, @castflags_2, @delayinitialmin_2, @delayinitialmax_2, @delayrepeatmin_2, @delayrepeatmax_2,
@spellid_3, @probability_3, @casttarget_3, @castflags_3, @delayinitialmin_3, @delayinitialmax_3, @delayrepeatmin_3, @delayrepeatmax_3,
@spellid_4, @probability_4, @casttarget_4, @castflags_4, @delayinitialmin_4, @delayinitialmax_4, @delayrepeatmin_4, @delayrepeatmax_4,
@spellid_5, @probability_5, @casttarget_5, @castflags_5, @delayinitialmin_5, @delayinitialmax_5, @delayrepeatmin_5, @delayrepeatmax_5,
@spellid_6, @probability_6, @casttarget_6, @castflags_6, @delayinitialmin_6, @delayinitialmax_6, @delayrepeatmin_6, @delayrepeatmax_6,
@spellid_7, @probability_7, @casttarget_7, @castflags_7, @delayinitialmin_7, @delayinitialmax_7, @delayrepeatmin_7, @delayrepeatmax_7,
@spellid_8, @probability_8, @casttarget_8, @castflags_8, @delayinitialmin_8, @delayinitialmax_8, @delayrepeatmin_8, @delayrepeatmax_8);