long,long,str,long,float,long,long,flags,flags,float,None,flags,long,long,float,float,
1,10,"Creature\Basilisk\Basilisk.mdx",1,1.0,1,7,0x41900000,0x41400000,1.0,,0x0,0,1,0.694400012493,2.08299994469,
2,2,"Creature\BogBeast\BogBeast.mdx",1,1.0,1,-1,0x41900000,0x41400000,1.0,,0x0,0,2,0.694400012493,2.08299994469,
3,2,"Creature\Centaur\Centaur.mdx",1,1.0,1,-1,0x41900000,0x41400000,1.0,,0x0,0,3,0.694400012493,2.08299994469,
4,2,"Creature\CrystalSpider\CrystalSpider.mdx",1,1.0,1,0,0x41900000,0x41400000,1.0,,0x0,0,4,0.0,0.0,
5,2,"Creature\DarkHound\DarkHound.mdx",1,1.0,1,-1,0x41900000,0x41400000,1.0,,0x0,0,5,0.611100018024,1.66700005531,
6,9,"Creature\DragonWhelp\DragonWhelp.mdx",0,1.0,1,-1,0x41900000,0x41400000,1.0,,0x0,0,6,0.694400012493,2.08299994469,
8,0,"Creature\furbolg\Furbolg.mdx",1,1.0,1,7,0x41900000,0x41400000,1.0,,0x0,0,8,0.694400012493,2.08299994469,
9,3,"Creature\Ghost\Ghost.mdx",1,1.0,1,-1,0x41900000,0x41400000,1.0,,0x0,0,9,0.694400012493,2.08299994469,
10,0,"Creature\Gnoll\gnoll.mdx",1,1.0,1,7,0x41900000,0x41400000,1.0,,0x0,0,10,0.694400012493,2.08299994469,
11,0,"Creature\Grell\Grell.mdx",0,1.0,1,4,0x41900000,0x41400000,1.0,,0x0,0,11,0.472200006247,1.52799999714,
12,1,"Creature\Harpy\Harpy.mdx",1,1.0,1,-1,0x41900000,0x41400000,1.0,,0x0,0,12,0.694400012493,2.08299994469,
13,0,"Creature\HUFMCitizenLow\HUFMCitizenLow.mdx",1,1.0,1,1,0x41900000,0x41400000,1.0,,0x0,0,13,0.509700000286,2.03099989891,
14,0,"Creature\HUFMCitizenMid\HUFMCitizenMid.mdx",1,1.0,1,1,0x41900000,0x41400000,1.0,,0x0,0,14,0.509700000286,2.03099989891,
15,0,"Creature\HUFMMerchant\HUFMMerchant.mdx",1,1.0,1,1,0x41900000,0x41400000,1.0,,0x0,0,15,0.509700000286,2.03099989891,
16,0,"Creature\HumanThief\HumanThief.mdx",1,1.0,1,1,0x41900000,0x41400000,1.0,,0x0,0,16,0.694400012493,2.08299994469,
17,0,"Creature\HUMLBlackSmith\HUMLBlackSmith.mdx",1,1.0,1,1,0x41900000,0x41400000,1.0,,0x0,0,17,0.509700000286,2.03099989891,
18,0,"Creature\HUMLMagicSmith\HUMLMagicSmith.mdx",1,1.0,1,1,0x41900000,0x41400000,1.0,,0x0,0,18,0.509700000286,2.03099989891,
19,0,"Creature\HUMLMerchant\HUMLMerchant.mdx",1,1.0,1,1,0x41900000,0x41400000,1.0,,0x0,0,19,0.509700000286,2.03099989891,
20,0,"Creature\HUMLUpperCitizen\HUMLUpperCitizen.mdx",1,1.0,1,1,0x41900000,0x41400000,1.0,,0x0,0,20,0.509700000286,2.03099989891,
21,0,"Creature\HUMNGuardBig\HUMNGuardBig.mdx",1,1.0,1,1,0x41900000,0x41400000,1.0,,0x0,0,21,0.509700000286,2.03099989891,
22,0,"Creature\HUMSCitizenMid\HUMSCitizenMid.mdx",1,1.0,1,1,0x41900000,0x41400000,1.0,,0x0,0,22,0.509700000286,2.03099989891,
23,0,"Creature\HUMSMerchant\HUMSMerchant.mdx",1,1.0,1,1,0x41900000,0x41400000,1.0,,0x0,0,23,0.509700000286,2.03099989891,
24,2,"Creature\Infernal\Infernal.mdx",1,1.0,1,5,0x41900000,0x41400000,1.0,,0x0,10,24,0.0,0.0,
25,0,"Creature\KeeperOfTheGrove\KeeperOfTheGrove.mdx",1,1.0,1,6,0x41900000,0x41400000,1.0,,0x0,0,25,0.694400012493,2.08299994469,
26,0,"Creature\Kobold\Kobold.mdx",0,1.0,1,1,0x41900000,0x41400000,1.0,,0x0,0,26,0.694400012493,1.38900005817,
27,0,"Creature\Kodobeast\KodoBeast.mdx",3,1.0,1,1,0x41900000,0x41400000,1.0,,0x1,10,27,0.694400012493,2.08299994469,
28,2,"Creature\LavaSpider\LavaSpider.mdx",1,1.0,1,-1,0x41900000,0x41400000,1.0,,0x0,0,28,0.0,0.0,
29,0,"Creature\LostOne\LostOne.mdx",1,1.0,1,4,0x41900000,0x41400000,1.0,,0x0,0,29,0.694400012493,2.08299994469,
30,2,"Creature\MineSpider\MineSpider.mdx",1,1.0,2,-1,0x41900000,0x41400000,1.0,,0x0,0,30,0.694400012493,2.08299994469,
31,0,"Creature\Murloc\Murloc.mdx",1,1.0,1,4,0x41900000,0x41400000,1.0,,0x0,0,31,0.694400012493,1.38900005817,
32,0,"Creature\Ogre\Ogre.mdx",3,1.0,1,4,0x41900000,0x41400000,1.0,,0x0,10,32,0.75,2.36100006104,
33,8,"Creature\Ogre\OgreMage.mdx",3,1.0,1,1,0x41900000,0x41400000,1.0,,0x0,10,33,0.75,2.36100006104,
34,0,"Creature\Raptor\Raptor.mdx",1,1.0,1,5,0x41900000,0x41400000,1.0,,0x0,0,34,0.694400012493,2.08299994469,
35,2,"Creature\SeaGiant\SeaGiant.mdx",4,1.0,1,4,0x41900000,0x41400000,1.0,,0x1,11,35,0.694400012493,2.08299994469,
36,1,"Creature\SILITHID\Silithid.mdx",1,1.0,2,1,0x3F800000,0x3F800000,1.0,,0x0,0,36,0.694400012493,2.08299994469,
37,2,"Creature\Succubus\Succubus.mdx",1,1.0,1,3,0x41900000,0x41400000,1.0,,0x0,0,37,0.694400012493,2.08299994469,
38,2,"Creature\Tallstrider\TallStrider.mdx",1,1.0,1,5,0x41900000,0x41400000,1.0,,0x0,0,38,0.694400012493,2.08299994469,
39,2,"Creature\TitanFemale\TitanFemale.mdx",4,1.0,1,1,0x41900000,0x41400000,1.0,,0xA,11,39,0.694400012493,2.08299994469,
40,2,"Creature\TitanMale\TitanMale.mdx",3,1.0,1,1,0x41900000,0x41400000,1.0,,0x1,12,40,0.694400012493,2.08299994469,
41,0,"Creature\Troglodyte\Troglodyte.mdx",1,1.0,1,4,0x41900000,0x41400000,1.0,,0x0,0,41,0.694400012493,2.08299994469,
42,0,"Creature\Troll\Troll.mdx",1,1.0,1,1,0x41900000,0x41400000,1.0,,0x0,0,42,0.694400012493,2.08299994469,
43,0,"Creature\Wolf\Wolf.mdx",1,1.0,1,7,0x41100000,0x40C00000,1.0,,0x0,0,43,0.694400012493,2.08299994469,
44,0,"Creature\Worgen\Worgen.mdx",1,1.0,1,7,0x41900000,0x41400000,1.0,,0x0,0,44,1.11099994183,2.12599992752,
45,2,"Creature\Ghoul\Ghoul.mdx",1,1.0,2,1,0x41900000,0x41400000,1.0,,0x0,0,45,0.666700005531,1.86899995804,
47,0,"Creature\DragonSpawn\DragonSpawn.mdx",1,1.0,1,5,0x41900000,0x41400000,1.0,,0x0,0,47,0.694400012493,2.08299994469,
49,4,"Character\Human\Male\HumanMale.mdx",1,1.0,1,1,0x41400000,0x41200000,1.0,,0x0,0,49,0.611100018024,2.03099989891,
50,4,"Character\Human\Female\HumanFemale.mdx",1,1.0,1,1,0x41400000,0x41200000,1.0,,0x0,0,50,0.416700005531,1.9129999876,
51,4,"Character\Orc\Male\OrcMale.mdx",1,1.0,1,1,0x41600000,0x41600000,1.0,,0x0,0,51,0.75,2.36100006104,
52,4,"Character\Orc\Female\OrcFemale.mdx",1,1.0,1,1,0x41400000,0x41300000,1.0,,0x0,0,52,0.472200006247,2.05100011826,
53,4,"Character\Dwarf\Male\DwarfMale.mdx",1,1.0,1,1,0x41400000,0x41200000,1.0,,0x0,0,53,0.694400012493,1.66700005531,
54,4,"Character\Dwarf\Female\DwarfFemale.mdx",1,1.0,1,1,0x41400000,0x41200000,1.0,,0x0,0,54,0.444400012493,1.52799999714,
55,4,"Character\NightElf\Male\NightElfMale.mdx",1,1.0,1,1,0x41400000,0x41200000,1.0,,0x0,0,55,0.777800023556,2.43799996376,
56,4,"Character\NightElf\Female\NightElfFemale.mdx",1,1.0,1,1,0x41400000,0x41200000,1.0,,0x0,0,56,0.555599987507,2.25,
57,4,"Character\Scourge\Male\ScourgeMale.mdx",1,1.0,2,1,0x41400000,0x41200000,1.0,,0x0,0,57,0.694400012493,1.86099994183,
58,4,"Character\Scourge\Female\ScourgeFemale.mdx",1,1.0,2,1,0x41400000,0x41200000,1.0,,0x0,0,58,0.416700005531,1.84399998188,
59,4,"Character\Tauren\Male\TaurenMale.mdx",1,1.0,1,3,0x41B00000,0x41800000,2.0,,0x0,0,59,0.590300023556,1.65299999714,
60,4,"Character\Tauren\Female\TaurenFemale.mdx",1,1.25,1,3,0x41A00000,0x41600000,2.0,,0x0,0,60,0.666700005531,2.11100006104,
61,10,"Creature\CarrionBird\CarrionBird.mdx",0,1.0,1,1,0x41900000,0x41400000,1.0,,0x0,0,61,0.694400012493,2.08299994469,
62,8,"Creature\Hydra\Hydra.mdx",3,1.0,1,1,0x41900000,0x41400000,1.0,,0x0,10,62,0.694400012493,2.08299994469,
63,2,"Creature\Tarantula\Tarantula.mdx",1,1.0,1,1,0x41900000,0x41400000,1.0,,0x0,0,63,0.694400012493,2.08299994469,
64,2,"SoundTest.mdx",1,1.0,1,1,0x41900000,0x41400000,1.0,,0x0,0,64,0.0,0.0,
65,0,"Creature\Horse\Horse.mdx",1,1.0,1,6,0x41900000,0x41400000,1.0,,0x0,0,65,0.944400012493,2.77800011635,
66,0,"Creature\Boar\Boar.mdx",0,1.0,1,3,0x41100000,0x40C00000,1.0,,0x0,0,66,0.694400012493,2.08299994469,
67,0,"Creature\AncientProtector\AncientProtector.mdx",3,1.0,2,3,0x41900000,0x41400000,1.0,,0x1,11,67,0.694400012493,2.08299994469,
68,0,"Creature\DoomGuard\DoomGuard.mdx",1,1.0,1,3,0x41900000,0x41400000,1.0,,0x0,0,68,0.694400012493,2.08299994469,
69,3,"Creature\ElementalEarth\ElementalEarth.mdx",1,1.0,1,3,0x41900000,0x41400000,1.0,,0x0,0,69,0.694400012493,2.08299994469,
70,2,"Creature\Skeleton\Skeleton.mdx",1,1.0,1,1,0x41900000,0x41400000,1.0,,0x0,0,70,0.694400012493,2.08299994469,
71,2,"Creature\GolemHarvest\GolemHarvest.mdx",1,1.0,3,1,0x41900000,0x41400000,1.0,,0x0,0,71,0.694400012493,2.08299994469,
72,2,"Creature\GolemHarvestStage2\GolemHarvestStage2.mdx",1,1.0,3,1,0x41900000,0x41400000,1.0,,0x0,0,72,0.694400012493,2.08299994469,
73,1,"Creature\DireWolf\DireWolf.mdx",1,1.0,1,7,0x41C00000,0x41900000,1.0,,0x0,0,73,0.694400012493,2.08299994469,
74,0,"Creature\HumanMalePeasant\HumanMalePeasant.mdx",1,1.0,1,4,0x41400000,0x41200000,1.0,,0x0,0,74,0.509700000286,2.03099989891,
75,1,"Creature\WindSerpent\WindSerpent.mdx",2,1.0,1,5,0x41900000,0x41400000,1.0,,0x0,0,75,0.694400012493,2.08299994469,
76,9,"Creature\Frenzy\Frenzy.mdx",1,1.0,1,-1,0x41900000,0x41400000,1.0,,0x0,0,76,0.694400012493,1.38900005817,
77,0,"Creature\Dryad\Dryad.mdx",1,1.0,1,6,0x41900000,0x41400000,1.0,,0x0,0,77,0.694400012493,2.08299994469,
78,0,"Creature\Satyr\Satyr.mdx",1,1.0,1,3,0x41900000,0x41400000,1.0,,0x0,0,78,0.694400012493,2.08299994469,
79,0,"Creature\HumanMaleKid\HumanMaleKid.mdx",1,1.0,1,4,0x41900000,0x41400000,1.0,,0x0,0,79,0.368099987507,1.30599999428,
80,0,"Creature\HumanFemaleKid\HumanFemaleKid.mdx",1,1.0,1,4,0x41900000,0x41400000,1.0,,0x0,0,80,0.368099987507,1.19400000572,
81,3,"Creature\Slime\Slime.mdx",1,1.0,2,-1,0x41900000,0x41400000,1.0,,0x0,0,81,0.694400012493,2.08299994469,
82,0,"Creature\Tiger\Tiger.mdx",1,1.0,1,7,0x41900000,0x41400000,1.0,,0x0,0,82,0.694400012493,2.08299994469,
83,8,"Creature\bear\Bear.mdx",1,1.0,1,7,0x41900000,0x41400000,1.0,,0x0,0,83,0.694400012493,1.81400001049,
84,2,"Creature\GolemStone\GolemStone.mdx",1,1.0,3,-1,0x41900000,0x41400000,1.0,,0x0,10,84,0.694400012493,2.08299994469,
85,1,"Creature\Wyvern\Wyvern.mdx",1,1.0,1,-1,0x41900000,0x41400000,1.0,,0x0,0,85,0.694400012493,2.08299994469,
86,0,"Creature\HumanMalePeasant\HumanMalePeasantAxe.mdx",1,1.0,1,1,0x41900000,0x41400000,1.0,,0x0,0,86,0.509700000286,2.03099989891,
87,0,"Creature\HumanMalePeasant\HumanMalePeasantGold.mdx",1,1.0,1,1,0x41900000,0x41400000,1.0,,0x0,0,87,0.509700000286,2.03099989891,
88,0,"Creature\HumanMalePeasant\HumanMalePeasantPick.mdx",1,1.0,1,1,0x41900000,0x41400000,1.0,,0x0,0,88,0.509700000286,2.03099989891,
89,0,"Creature\HumanMalePeasant\HumanMalePeasantWood.mdx",1,1.0,1,1,0x41900000,0x41400000,1.0,,0x0,0,89,0.509700000286,2.03099989891,
90,9,"Creature\Hippogryph\Hippogryph.mdx",2,1.0,1,-1,0x41900000,0x41400000,1.0,,0x0,0,90,0.694400012493,2.08299994469,
91,1,"Creature\SilithidTank\SilithidTank.mdx",1,1.0,1,1,0x3F800000,0x3F800000,1.0,,0x0,0,91,0.694400012493,2.08299994469,
92,3,"Creature\Silithidwasp\SilithidWasp.mdx",1,1.0,1,-1,0x41900000,0x41400000,1.0,,0x0,0,92,0.694400012493,2.08299994469,
93,0,"Creature\HumanFemaleBlacksmith\HumanFemaleBlacksmith.mdx",1,1.0,1,1,0x41900000,0x41400000,1.0,,0x0,0,93,0.472200006247,1.94400000572,
94,0,"Creature\HumanFemaleFarmer\HumanFemaleFarmer.mdx",1,1.0,1,1,0x41900000,0x41400000,1.0,,0x0,0,94,0.416700005531,1.9129999876,
95,0,"Creature\HumanFemaleMerchantFat\HumanFemaleMerchantFat.mdx",1,1.0,1,1,0x41900000,0x41400000,1.0,,0x0,0,95,0.416700005531,1.97599995136,
96,0,"Creature\HumanFemaleMerchantThin\HumanFemaleMerchantThin.mdx",1,1.0,1,1,0x41900000,0x41400000,1.0,,0x0,0,96,0.555599987507,1.94400000572,
97,0,"Creature\HumanFemalePeasant\HumanFemalePeasant.mdx",1,1.0,1,1,0x41900000,0x41400000,1.0,,0x0,0,97,0.416700005531,1.9129999876,
98,0,"Creature\HumanFemaleWarriorHeavy\HumanFemaleWarriorHeavy.mdx",1,1.0,1,1,0x41900000,0x41400000,1.0,,0x0,0,98,0.416700005531,1.9129999876,
99,0,"Creature\HumanFemaleWarriorLight\HumanFemaleWarriorLight.mdx",1,1.0,1,1,0x41900000,0x41400000,1.0,,0x0,0,99,0.416700005531,1.9129999876,
100,0,"Creature\HumanFemaleWarriorMedium\HumanFemaleWarriorMedium.mdx",1,1.0,1,1,0x41900000,0x41400000,1.0,,0x0,0,100,0.416700005531,1.9129999876,
101,0,"Creature\HumanMaleBlacksmith\HumanMaleBlacksmith.mdx",1,1.0,1,1,0x41900000,0x41400000,1.0,,0x0,0,101,0.694400012493,2.05599999428,
102,0,"Creature\HumanMaleFarmer\HumanMaleFarmer.mdx",1,1.0,1,1,0x41900000,0x41400000,1.0,,0x0,0,102,0.555599987507,2.08299994469,
103,0,"Creature\HumanMaleNoble\HumanMaleNoble.mdx",1,1.0,1,1,0x41900000,0x41400000,1.0,,0x0,0,103,0.509700000286,2.03099989891,
104,0,"Creature\HumanMaleWarriorHeavy\HumanMaleWarriorHeavy.mdx",1,1.0,1,1,0x41900000,0x41400000,1.0,,0x0,0,104,0.611100018024,2.03099989891,
105,0,"Creature\HumanMaleWarriorMedium\HumanMaleWarriorMedium.mdx",1,1.0,1,1,0x41900000,0x41400000,1.0,,0x0,0,105,0.611100018024,2.03099989891,
106,0,"Creature\HumanMaleWizard\HumanMaleWizard.mdx",1,1.0,1,1,0x41900000,0x41400000,1.0,,0x0,0,106,0.509700000286,2.03099989891,
107,0,"Creature\HumanMaleWarriorLight\HumanMaleWarriorLight.mdx",1,1.0,1,1,0x41900000,0x41400000,1.0,,0x0,0,107,0.611100018024,2.03099989891,
108,0,"Creature\HumanMaleCaster\HumanMaleCaster.mdx",1,1.0,1,1,0x41900000,0x41400000,1.0,,0x0,0,108,0.611100018024,2.03099989891,
109,0,"Creature\HumanFemaleCaster\HumanFemaleCaster.mdx",1,1.0,1,1,0x41900000,0x41400000,1.0,,0x0,0,109,0.416700005531,1.9129999876,
110,11,"Creature\WaterElemental\WaterElemental.mdx",1,1.0,1,-1,0x41900000,0x41400000,1.0,,0x0,0,110,0.694400012493,2.08299994469,
111,0,"Creature\Chicken\Chicken.mdx",0,1.0,1,5,0x40800000,0x40400000,1.0,,0x0,0,111,0.277799993753,0.416700005531,
112,0,"Creature\OrcMaleWarriorLight\OrcMaleWarriorLight.mdx",1,1.0,1,1,0x41900000,0x41400000,1.0,,0x0,0,112,0.75,2.36100006104,
113,0,"Creature\OrcMaleMerchantLight\OrcMaleMerchantLight.mdx",1,1.0,1,1,0x41900000,0x41400000,1.0,,0x0,0,113,0.75,2.36100006104,
114,0,"Creature\Rabbit\Rabbit.mdx",0,1.0,1,7,0x40800000,0x40400000,1.0,,0x0,0,114,0.444400012493,0.444400012493,
115,0,"Creature\DwarfMaleWarriorLight\DwarfMaleWarriorLight.mdx",1,1.0,1,1,0x41900000,0x41400000,1.0,,0x0,0,115,0.694400012493,1.38900005817,
116,0,"Creature\Troll\TrollJungleCaster.mdx",1,1.0,-1,4,0x41900000,0x41400000,1.0,,0x0,0,116,0.694400012493,2.08299994469,
117,0,"Creature\Troll\TrollJungleBoss.mdx",1,1.0,-1,4,0x41900000,0x41400000,1.0,,0x0,0,117,0.694400012493,2.08299994469,
118,0,"Creature\Troll\TrollWhelp.mdx",1,1.0,-1,4,0x41900000,0x41400000,1.0,,0x0,0,118,0.694400012493,2.08299994469,
119,0,"Creature\Troll\TrollMelee.mdx",1,1.0,-1,4,0x41900000,0x41400000,1.0,,0x0,0,119,0.694400012493,2.08299994469,
120,0,"Creature\Troll\TrollForestBoss.mdx",1,1.0,-1,4,0x41900000,0x41400000,1.0,,0x0,0,120,0.694400012493,2.08299994469,
121,0,"Creature\Troll\TrollForestCaster.mdx",1,1.0,-1,4,0x41900000,0x41400000,1.0,,0x0,0,121,0.694400012493,2.08299994469,
122,0,"Creature\GnollCaster\GnollCaster.mdx",1,1.0,1,7,0x41900000,0x41400000,1.0,,0x0,0,122,0.694400012493,2.08299994469,
123,0,"Creature\GnollMelee\GnollMelee.mdx",1,1.0,-1,7,0x41900000,0x41400000,1.0,,0x0,0,123,0.833299994469,1.56400001049,
124,0,"Creature\Deer\Deer.mdx",1,1.0,-1,3,0x41900000,0x41400000,1.0,,0x0,0,124,0.555599987507,1.66700005531,
125,0,"Creature\HumanMaleMarshal\HumanMaleMarshal.mdx",1,1.0,-1,1,0x41900000,0x41400000,1.0,,0x0,0,125,0.509700000286,2.03099989891,
126,0,"Creature\HumanMaleGuard\HumanMaleGuard.mdx",1,1.0,-1,1,0x41900000,0x41400000,1.0,,0x0,0,126,0.509700000286,2.03099989891,
127,0,"Creature\HumanMalePirateCaptain\HumanMalePirateCaptain.mdx",1,1.0,-1,1,0x41900000,0x41400000,1.0,,0x0,0,127,0.611100018024,2.03099989891,
128,0,"Creature\HumanMalePirateCrewman\HumanMalePirateCrewman.mdx",1,1.0,-1,4,0x41900000,0x41400000,1.0,,0x0,0,128,0.694400012493,2.08299994469,
129,0,"Creature\HumanMalePirateSwashbuckler\HumanMalePirateSwashbuckler.mdx",1,1.0,-1,1,0x41900000,0x41400000,1.0,,0x0,0,129,0.694400012493,2.08299994469,
130,0,"Creature\Dreadlord\DreadLord.mdx",2,1.0,3,3,0x41900000,0x41400000,1.0,,0x0,10,130,0.694400012493,2.08299994469,
131,0,"Creature\Gnome\Gnome.mdx",1,1.0,-1,1,0x41900000,0x41400000,1.0,,0x0,0,131,0.694400012493,1.25,
132,8,"Creature\Crab\Crab.mdx",0,1.0,-1,1,0x40800000,0x40400000,1.0,,0x0,0,132,0.694400012493,0.972199976444,
133,9,"Creature\threshadon\Threshadon.mdx",1,1.0,-1,-1,0x41900000,0x41400000,1.0,,0x0,0,133,0.694400012493,2.08299994469,
134,0,"Creature\Squirrel\Squirrel.mdx",0,1.0,1,7,0x40800000,0x40400000,1.0,,0x0,0,134,0.0,0.0,
136,0,"Creature\Gorilla\Gorilla.mdx",0,1.0,1,4,0x41900000,0x41400000,1.0,,0x0,0,135,0.694400012493,2.08299994469,
137,10,"Creature\Crocodile\Crocodile.mdx",0,1.0,-1,5,0x41900000,0x41400000,1.0,,0x0,0,136,0.694400012493,2.08299994469,
139,0,"Creature\Felhound\FelHound.mdx",0,1.0,3,5,0x4181999A,0x412CCCCD,1.0,,0x0,0,138,0.694400012493,2.08299994469,
140,0,"Creature\Sheep\Sheep.mdx",0,1.0,1,3,0x41900000,0x41400000,1.0,,0x0,0,139,0.694400012493,1.02799999714,
141,0,"Creature\Ent\Ent.mdx",0,1.0,2,5,0x41900000,0x41400000,1.0,,0x0,0,140,0.694400012493,2.08299994469,
142,3,"Creature\Frog\Frog.mdx",0,1.0,-1,7,0x40800000,0x40400000,1.0,,0x0,0,141,0.416700005531,0.277799993753,
143,0,"Creature\Horse\Horse.mdx",1,1.0,-1,6,0x41900000,0x41400000,1.0,,0x0,0,65,0.944400012493,2.77800011635,
144,3,"Creature\Banshee\Banshee.mdx",0,1.0,-1,4,0x41900000,0x41400000,1.0,,0x0,0,142,0.694400012493,2.08299994469,
145,0,"Creature\Quillboar\QuillBoar.mdx",0,1.0,-1,3,0x41900000,0x41400000,1.0,,0x0,0,143,0.694400012493,2.08299994469,
146,0,"Creature\Wendigo\Wendigo.mdx",0,1.0,1,4,0x41900000,0x41400000,1.0,,0x0,0,144,0.694400012493,2.08299994469,
147,1,"Creature\Gryphon\Gryphon.mdx",2,1.0,1,-1,0x41900000,0x41400000,1.0,,0x0,0,145,0.694400012493,2.08299994469,
149,0,"Creature\GolemHarvestStage2\GolemHarvestStage2.mdx",0,1.0,-1,1,0x0,0x0,0.0,,0x0,0,147,0.694400012493,2.08299994469,
150,0,"Creature\TempDeathGuard\DeathGuard.mdx",1,1.0,1,1,0x41900000,0x41400000,1.0,,0x0,0,148,0.694400012493,2.08299994469,
151,0,"Creature\TempScarletCrusaderLight\ScarletCrusaderLight.mdx",1,1.0,1,1,0x41900000,0x41400000,1.0,,0x0,0,149,0.611100018024,2.03099989891,
152,0,"Creature\TempScarletCrusaderHeavy\ScarletCrusaderHeavy.mdx",1,1.0,1,1,0x41900000,0x41400000,1.0,,0x0,0,150,0.611100018024,2.03099989891,
155,0,"Creature\Cow\Cow.mdx",1,1.0,1,-1,0x41900000,0x41400000,1.0,,0x0,0,153,0.694400012493,2.08299994469,
156,0,"Creature\FleshGolem\FleshGolem.mdx",2,1.0,-1,-1,0x41900000,0x41400000,1.0,,0x0,0,154,0.694400012493,2.08299994469,
157,0,"Creature\QuirajBattleguard\BattleGuard.mdx",2,1.0,1,-1,0x0,0x0,0.0,,0x0,0,155,0.694400012493,2.08299994469,
158,0,"Creature\QuirajGladiator\QuirajGladiator.mdx",1,1.0,1,-1,0x0,0x0,0.0,,0x0,0,156,0.694400012493,2.08299994469,
159,0,"Creature\QuirajProphet\QuirajProphet.mdx",1,1.0,-1,-1,0x41900000,0x41400000,1.0,,0x0,0,157,0.0,0.0,
160,11,"Creature\FireElemental\FireElemental.mdx",1,1.0,-1,-1,0x41900000,0x41400000,1.0,,0x0,0,158,0.694400012493,2.08299994469,
161,0,"Creature\PrarieDog\PrarieDog.mdx",1,1.0,1,7,0x40800000,0x40400000,1.0,,0x0,0,159,0.277799993753,0.277799993753,
162,2,"Creature\VoidWalker\VoidWalker.mdx",1,1.0,2,1,0x41900000,0x41400000,1.0,,0x0,0,162,0.694400012493,2.08299994469,
163,0,"Creature\OrcMaleWarriorHeavy\OrcMaleWarriorHeavy.mdx",1,1.0,1,1,0x41900000,0x41400000,1.0,,0x0,0,163,0.75,2.36100006104,
164,0,"Creature\Goblin\Goblin.mdx",1,1.0,2,-1,0x41900000,0x41400000,1.0,,0x0,0,164,0.694400012493,1.38900005817,
165,0,"Creature\Rat\Rat.mdx",1,1.0,1,5,0x40800000,0x40400000,1.0,,0x0,0,165,0.555599987507,0.277799993753,
167,2,"Creature\Zombie\ZombieArm.mdx",1,1.0,2,1,0x41900000,0x41400000,1.0,,0x0,0,166,0.694400012493,2.08299994469,
168,2,"Creature\Zombie\Zombie.mdx",1,1.0,2,1,0x41900000,0x41400000,1.0,,0x0,0,167,0.694400012493,2.08299994469,
170,9,"Creature\snake\snake.mdx",1,1.0,1,1,0x41900000,0x41400000,1.0,,0x0,0,168,0.694400012493,0.280600011349,
171,3,"Creature\Wolf\Wolf_ghost.mdx",1,1.0,-1,7,0x41900000,0x41400000,1.0,,0x0,0,169,0.694400012493,2.08299994469,
172,0,"Creature\Lobstrok\Lobstrok.mdx",2,1.0,1,5,0x41900000,0x41400000,1.0,,0x0,0,170,0.694400012493,2.08299994469,
173,10,"Creature\SeaTurtle\SeaTurtle.mdx",1,1.0,1,7,0x41900000,0x41400000,1.0,,0x0,0,171,0.694400012493,2.08299994469,
174,2,"Creature\SkeletonMage\SkeletonMage.mdx",1,1.0,-1,1,0x41900000,0x41400000,1.0,,0x0,0,172,0.694400012493,2.08299994469,
175,1,"Creature\FaerieDragon\FaerieDragon.mdx",1,1.0,1,-1,0x41900000,0x41400000,1.0,,0x0,0,173,0.694400012493,2.08299994469,
176,0,"Creature\Goblin\GoblinShredder.mdx",1,1.0,-1,1,0x41900000,0x41400000,1.0,,0x0,0,174,0.694400012493,2.08299994469,
177,3,"Creature\FaerieDragon\FaerieDragon_Ghost.mdx",1,1.0,-1,-1,0x41900000,0x41400000,1.0,,0x0,0,175,0.694400012493,2.08299994469,
178,0,"Creature\cockroach\Cockroach.mdx",0,1.0,-1,1,0x40800000,0x40400000,0.20000000298,,0x0,0,176,0.416700005531,0.277799993753,
180,0,"Creature\bear\Bear.mdx",1,1.0,1,1,0x41900000,0x41400000,1.0,,0x2,12,83,0.694400012493,1.81400001049,
181,3,"Creature\Spells\StasisTotem.mdx",1,1.0,-1,-1,0x41900000,0x41400000,1.0,,0x0,0,177,0.793600022793,2.08299994469,
182,4,"Character\Gnome\Male\GnomeMale.mdx",1,1.0,1,1,0x41400000,0x41200000,1.0,,0x0,0,294,0.694400012493,1.05599999428,
183,4,"Character\Gnome\Female\GnomeFemale.mdx",1,1.0,1,1,0x41400000,0x41200000,1.0,,0x0,0,295,0.611100018024,1.0,
185,4,"Character\Troll\Male\TrollMale.mdx",1,1.0,1,1,0x41400000,0x41200000,1.0,,0x0,0,296,0.694400012493,2.08299994469,
186,4,"Character\Troll\Female\TrollFemale.mdx",1,1.0,1,1,0x41400000,0x41200000,1.0,,0x0,0,297,0.612999975681,1.83899998665,
187,8,"Creature\AncientOfLore\AncientofLore.mdx",4,1.0,-1,1,0x41900000,0x41400000,1.0,,0x2,11,178,0.694400012493,2.08299994469,
188,8,"Creature\AncientOfWar\AncientofWar.mdx",4,1.0,-1,1,0x41900000,0x41400000,1.0,,0x2,11,179,0.694400012493,2.08299994469,
190,3,"Creature\Spells\Serpent_Totem.mdx",1,1.0,-1,-1,0x41900000,0x41400000,1.0,,0x0,0,180,0.793600022793,2.87599992752,
191,0,"Creature\ThunderLizard\ThunderLizard.mdx",2,1.0,1,7,0x41900000,0x41400000,1.0,,0x0,0,181,0.694400012493,2.08299994469,
192,0,"Creature\Hyena\Hyena.mdx",1,1.0,1,7,0x41900000,0x41400000,1.0,,0x0,0,182,0.694400012493,2.08299994469,
193,9,"Creature\Shark\Shark.mdx",1,1.0,1,-1,0x41900000,0x41400000,1.0,,0x0,0,183,1.04200005531,2.08299994469,
194,0,"Creature\Stag\Stag.mdx",1,1.0,1,6,0x41900000,0x41400000,1.0,,0x0,0,184,0.694400012493,2.08299994469,
195,0,"Creature\MountedKnight\MountedKnight.mdx",1,1.0,1,6,0x41900000,0x41400000,1.0,,0x0,10,185,0.694400012493,2.08299994469,
197,0,"Creature\Gazelle\Gazelle.mdx",1,1.0,1,3,0x41900000,0x41400000,1.0,,0x0,0,186,0.694400012493,2.08299994469,
198,0,"Creature\giraffe\Giraffe.mdx",1,1.0,1,3,0x0,0x0,0.0,,0x0,0,187,0.694400012493,2.08299994469,
199,3,"Creature\SPELLS\MonsterLure01.mdx",1,1.0,-1,-1,0x41900000,0x41400000,1.0,,0x0,0,188,0.2799000144,1.10000002384,
201,0,"Creature\FelBat\FelBat.mdx",1,1.0,1,-1,0x41900000,0x41400000,1.0,,0x0,0,189,0.694400012493,2.08299994469,
202,3,"Creature\Spells\HealingTotem.mdx",1,1.0,-1,-1,0x41900000,0x41400000,1.0,,0x0,0,190,0.793600022793,2.08299994469,
203,0,"Creature\Dragon\Dragon.mdx",4,1.0,1,5,0x41F00000,0x41A00000,3.0,,0x2,12,191,0.694400012493,2.08299994469,
204,2,"Creature\TitanMale\TitanMale_Ghost.mdx",1,1.0,-1,4,0x41900000,0x41400000,1.0,,0x0,0,192,0.694400012493,2.08299994469,
205,0,"Creature\MountainGiant\MountainGiant.mdx",3,1.0,-1,1,0x41900000,0x41400000,1.0,,0x2,11,193,0.694400012493,2.08299994469,
206,0,"Creature\SeaGiant\SeaGiant.mdx",1,1.0,1,4,0x41900000,0x41400000,1.0,,0x2,12,35,0.694400012493,2.08299994469,
207,3,"Creature\Wisp\Wisp.mdx",1,1.0,-1,-1,0x41900000,0x41400000,1.0,,0x0,0,194,0.694400012493,2.08299994469,
209,1,"Creature\Hippogryph\Hippogryph.mdx",1,1.0,1,-1,0x41900000,0x41400000,1.0,,0x0,0,90,0.694400012493,2.08299994469,
210,0,"Creature\Lion\Lion.mdx",1,1.0,1,7,0x41900000,0x41400000,1.0,,0x0,0,196,0.833299994469,1.38900005817,
212,0,"Creature\Unicorn\Unicorn.mdx",1,1.0,1,6,0x41900000,0x41400000,1.0,,0x0,0,197,0.944400012493,2.77800011635,
213,0,"Creature\DruidBear\DruidBear.mdx",1,1.0,1,7,0x41900000,0x41400000,1.0,,0x0,0,83,0.694400012493,2.08299994469,
214,0,"Creature\DruidBear\DruidBearTauren.mdx",1,1.0,1,7,0x41900000,0x41400000,1.0,,0x0,0,83,0.694400012493,2.08299994469,
215,0,"Creature\Nightmare\Nightmare.mdx",1,1.0,3,6,0x41900000,0x41400000,1.0,,0x0,10,65,0.944400012493,2.77800011635,
216,0,"Creature\RidingHorse\RidingHorse.mdx",1,1.0,1,6,0x41900000,0x41400000,1.0,,0x0,0,65,0.944400012493,2.77800011635,
217,0,"Creature\DireWolf\RidingDireWolf.mdx",1,1.0,1,7,0x41C00000,0x41900000,1.0,,0x0,0,73,0.694400012493,2.08299994469,
218,1,"Creature\Scorpion\Scorpion.mdx",1,1.0,2,5,0x0,0x0,0.0,,0x0,0,198,0.694400012493,1.38900005817,
219,3,"Creature\Spells\ManaTotem.mdx",1,1.0,-1,-1,0x41900000,0x41400000,1.0,,0x0,0,199,0.793600022793,2.08299994469,
220,3,"Creature\Spells\SentryTotem.mdx",1,1.0,-1,-1,0x41900000,0x41400000,1.0,,0x0,0,200,0.793600022793,1.73899996281,
221,3,"Creature\Spells\InvisibilityTotem.mdx",1,1.0,-1,-1,0x41900000,0x41400000,1.0,,0x0,0,201,0.793600022793,2.08299994469,
222,3,"Creature\Spells\EyeOfKilrog.mdx",0,1.0,2,-1,0x41900000,0x41400000,1.0,,0x0,0,194,0.694400012493,1.38900005817,
223,0,"Creature\SeaLion\SeaLion.mdx",1,1.0,1,-1,0x41900000,0x41400000,1.0,,0x0,0,202,0.694400012493,2.08299994469,
224,1,"Creature\SeaLion\SeaLion.mdx",1,1.0,1,-1,0x41900000,0x41400000,1.0,,0x0,0,202,0.694400012493,2.08299994469,
225,0,"Creature\ForceOfNature\ForceofNature.mdx",1,1.0,1,5,0x41900000,0x41400000,1.0,,0x0,0,204,0.694400012493,2.08299994469,
227,3,"Creature\Orca\Orca.mdx",1,1.0,1,-1,0x41900000,0x41400000,1.0,,0x0,0,205,0.694400012493,2.08299994469,
229,0,"Creature\Ram\Ram.mdx",1,1.0,1,3,0x41900000,0x41400000,1.0,,0x0,0,206,0.694400012493,2.08299994469,
230,1,"Creature\Shark\HammerHead.mdx",1,1.0,1,-1,0x41900000,0x41400000,1.0,,0x0,0,207,1.04200005531,2.08299994469,
250,1,"Creature\CryptFiend\CryptFiend.mdx",1,1.0,3,1,0x41900000,0x41400000,1.0,,0x0,0,227,0.694400012493,2.08299994469,
270,3,"Creature\Object\WoodenDummy.mdx",1,1.0,-1,-1,0x41900000,0x41400000,1.0,,0x0,0,247,0.458299994469,2.08800005913,
271,3,"Creature\Object\ArcheryTarget.mdx",1,1.0,-1,-1,0x41900000,0x41400000,1.0,,0x0,0,248,2.75699996948,4.67700004578,
290,3,"Creature\Object\Cannon.mdx",1,1.0,-1,4,0x41900000,0x41400000,1.0,,0x0,0,267,0.694400012493,2.08299994469,
310,0,"Creature\HighElf\HighElfFemale_Mage.mdx",1,1.0,1,1,0x41900000,0x41400000,1.0,,0x0,0,287,0.414600014687,2.14199995995,
311,0,"Creature\HighElf\HighElfFemale_Hunter.mdx",1,1.0,1,1,0x41900000,0x41400000,1.0,,0x0,0,288,0.414600014687,2.14199995995,
312,0,"Creature\HighElf\HighElfFemale_Priest.mdx",1,1.0,1,1,0x41900000,0x41400000,1.0,,0x0,0,289,0.414600014687,2.14199995995,
313,0,"Creature\HighElf\HighElfFemale_Warrior.mdx",1,1.0,1,1,0x41900000,0x41400000,1.0,,0x0,0,290,0.414600014687,2.14199995995,
314,0,"Creature\HighElf\HighElfMale_Mage.mdx",1,1.0,1,1,0x41900000,0x41400000,1.0,,0x0,0,291,0.584800004959,2.02800011635,
315,0,"Creature\HighElf\HighElfMale_Hunter.mdx",1,1.0,1,1,0x41900000,0x41400000,1.0,,0x0,0,292,0.584800004959,2.02800011635,
316,0,"Creature\HighElf\HighElfMale_Priest.mdx",1,1.0,1,1,0x41900000,0x41400000,1.0,,0x0,0,289,0.584800004959,2.02800011635,
317,0,"Creature\HighElf\HighElfMale_Warrior.mdx",1,1.0,1,1,0x41900000,0x41400000,1.0,,0x0,0,293,0.584800004959,2.02800011635,
331,1,"Creature\FelBat\BatTaxi.mdx",1,1.0,1,-1,0x41900000,0x41400000,1.0,,0x0,0,308,0.694400012493,2.08299994469,
332,1,"Creature\NagaMale\NagaMale.mdx",1,1.0,1,1,0x3F800000,0x3F800000,1.0,,0x0,0,309,0.694400012493,2.08299994469,
351,0,"Creature\Chimera\Chimera.mdx",1,1.0,1,-1,0x41900000,0x41400000,1.0,,0x0,0,328,0.694400012493,2.08299994469,
352,0,"Creature\Serpent\Serpent.mdx",1,1.0,1,1,0x3F800000,0x3F800000,1.0,,0x0,0,329,0.694400012493,2.08299994469,
371,0,"Creature\Imp\Imp.mdx",0,1.0,1,3,0x41900000,0x41400000,1.0,,0x0,0,348,0.472200006247,1.52799999714,
372,0,"Creature\Quillboar\QuillBoarWarrior.mdx",1,1.0,1,6,0x41900000,0x41400000,1.0,,0x0,0,143,0.694400012493,2.08299994469,
373,1,"Creature\Owl\Owl.mdx",1,1.0,1,1,0x41900000,0x41400000,1.0,,0x0,0,350,0.694400012493,2.08299994469,
374,3,"Creature\Spells\WaterElementalTotem.mdx",1,1.0,-1,-1,0x41900000,0x41400000,1.0,,0x0,0,351,0.519299983978,1.31500005722,
375,3,"Creature\Spells\EarthElementalTotem.mdx",1,1.0,-1,-1,0x41900000,0x41400000,1.0,,0x0,0,352,0.519299983978,1.31500005722,
376,3,"Creature\Spells\FireElementalTotem.mdx",1,1.0,-1,-1,0x41900000,0x41400000,1.0,,0x0,0,353,0.52009999752,1.31500005722,
377,3,"Creature\Spells\AirElementalTotem.mdx",1,1.0,-1,-1,0x41900000,0x41400000,1.0,,0x0,0,354,0.519299983978,1.31500005722,
391,3,"Creature\Shade\Shade.mdx",1,1.0,3,-1,0x41900000,0x41400000,1.0,,0x0,0,368,0.694400012493,2.08299994469,
392,0,"Creature\Quillboar\QuillBoarCaster.mdx",1,1.0,1,6,0x41900000,0x41400000,1.0,,0x0,0,143,0.694400012493,2.08299994469,
393,3,"Creature\Spells\FireLightTotem.mdx",1,1.0,-1,-1,0x41900000,0x41400000,1.0,,0x0,0,370,0.52009999752,1.31500005722,
411,9,"Creature\FelBat\FelBat.mdx",1,1.0,2,-1,0x41900000,0x41400000,1.0,,0x0,0,189,0.694400012493,2.08299994469,
452,1,"Creature\Fish\Fish.mdx",1,1.0,1,-1,0x41900000,0x41400000,1.0,,0x0,0,389,0.694400012493,2.08299994469,
453,1,"Creature\StormCrow\StormCrow.mdx",1,1.0,1,-1,0x0,0x0,0.0,,0x0,0,390,0.694400012493,2.08299994469,
454,0,"Creature\TRex\trex.mdx",2,1.0,-1,5,0x41400000,0x41900000,1.0,,0x0,0,391,0.694400012493,2.08299994469,
455,2,"Creature\Zombie\ZombieSword.mdx",1,1.0,2,4,0x41400000,0x41900000,1.0,,0x0,0,392,0.694400012493,2.08299994469,
456,10,"Creature\Anubisath\Anubisath.mdx",1,1.0,3,1,0x41900000,0x41400000,1.0,,0x2,12,40,0.694400012493,2.08299994469,
457,0,"Creature\FrostSabre\RidingFrostSabre.mdx",1,1.0,1,7,0x41C00000,0x41900000,1.0,,0x0,0,196,0.694400012493,2.08299994469,
458,0,"Creature\RidingRaptor\RidingRaptor.mdx",1,1.0,1,5,0x41C00000,0x41900000,1.0,,0x0,0,34,0.694400012493,2.08299994469,
459,0,"Creature\Tallstrider\TallStrider.mdx",1,1.0,1,3,0x41C00000,0x41900000,1.0,,0x0,0,38,0.694400012493,2.08299994469,
471,0,"Creature\Centaur\CentaurKhan.mdx",1,1.0,1,6,0x41900000,0x41400000,1.0,,0x0,0,3,0.694400012493,2.08299994469,
491,2,"Creature\UndeadHorse\RidingUndeadHorse.mdx",1,1.0,3,6,0x41900000,0x41400000,1.0,,0x0,10,428,0.944400012493,2.77800011635,
492,0,"Creature\Centaur\CentaurCaster.mdx",1,1.0,1,6,0x41900000,0x41400000,1.0,,0x0,0,429,0.694400012493,2.08299994469,
511,0,"Creature\Centaur\CentaurWarrior.mdx",1,1.0,1,6,0x41900000,0x41400000,1.0,,0x0,0,3,0.694400012493,2.08299994469,
512,3,"Creature\Fish\Fish.mdx",1,1.0,-1,-1,0x41900000,0x41400000,1.0,,0x0,0,389,0.694400012493,2.08299994469,
513,3,"Creature\ElementalPoison\PoisonElemental.mdx",1,1.0,-1,-1,0x41900000,0x41400000,1.0,,0x0,0,449,0.694400012493,2.08299994469,
531,1,"Creature\NagaFemale\Siren.mdx",1,1.0,-1,-1,0x41900000,0x41400000,1.0,,0x0,0,468,0.694400012493,2.08299994469,
551,0,"Creature\FelGuard\FelGuard.mdx",1,1.0,3,1,0x41B00000,0x41800000,1.0,,0x0,10,488,0.694400012493,2.08299994469,
552,2,"Creature\UndeadHorse\UndeadHorse.mdx",1,1.0,3,6,0x41400000,0x41900000,1.0,,0x0,0,428,0.944400012493,2.77800011635,
571,9,"Creature\Drake\Drake.mdx",2,1.0,1,1,0x41900000,0x41400000,1.0,,0x0,10,508,0.694400012493,2.08299994469,
591,3,"Creature\AirElemental\AirElemental.mdx",1,1.0,-1,-1,0x41900000,0x41400000,1.0,,0x0,0,528,0.694400012493,2.08299994469,
611,1,"Creature\Parrot\Parrot.mdx",0,1.0,-1,4,0x41900000,0x41400000,1.0,,0x0,0,548,0.694400012493,2.08299994469,
631,0,"Creature\Cat\Cat.mdx",0,1.0,1,7,0x40800000,0x40400000,1.0,,0x0,0,568,0.416700005531,0.555599987507,
651,1,"Creature\Parrot\Parrot.mdx",0,1.0,1,-1,0x41900000,0x41400000,1.0,,0x0,0,548,0.694400012493,2.08299994469,
671,3,"Creature\GnomeSpidertank\GnomeSpiderTank.mdx",2,1.0,3,-1,0x3F800000,0x3F800000,1.0,,0x0,10,588,0.694400012493,2.08299994469,
691,3,"Creature\ElementalPoison\PoisonElemental.mdx",1,1.0,2,-1,0x41900000,0x41400000,1.0,,0x0,0,449,0.694400012493,2.08299994469,
692,2,"Creature\StoneKeeper\StoneKeeper.mdx",3,1.0,-1,1,0x41900000,0x41400000,1.0,,0x1,12,608,0.694400012493,2.08299994469,
711,0,"Creature\Kodobeast\KodoBeastTame.mdx",3,1.0,1,1,0x41900000,0x41400000,1.0,,0x1,10,27,0.694400012493,2.08299994469,
712,3,"Creature\Spells\LandMine01.mdx",0,1.0,-1,1,0x41900000,0x41400000,1.0,,0x0,0,629,0.884000003338,0.330900013447,
731,0,"Creature\MountedDeathKnight\MountedDeathKnight.mdx",1,1.0,-1,6,0x41900000,0x41400000,1.0,,0x0,0,648,0.694400012493,2.08299994469,
751,2,"Creature\MechaStrider\MechaStrider.mdx",1,1.0,-1,5,0x41900000,0x41400000,1.0,,0x0,0,688,0.694400012493,2.08299994469,
771,2,"Creature\GnomeSpidertank\GnomeBot.mdx",2,1.0,-1,-1,0x3F800000,0x3F800000,1.0,,0x0,10,708,0.694400012493,2.08299994469,
791,1,"Creature\Wyvern\Wyvern.mdx",2,1.0,1,-1,0x41900000,0x41400000,1.0,,0x0,0,85,0.694400012493,2.08299994469,
792,1,"Creature\Gryphon\Gryphon.mdx",2,1.0,1,-1,0x41900000,0x41400000,1.0,,0x0,0,145,0.694400012493,2.08299994469,
811,2,"Creature\GnomeSpidertank\GnomeAlertBot.mdx",0,1.0,-1,-1,0x41900000,0x41400000,1.0,,0x0,0,728,1.38900005817,4.16699981689,
831,4,"Character\Goblin\Male\GoblinMale.mdx",1,1.0,1,1,0x41400000,0x41200000,1.0,,0x0,0,1128,0.555599987507,1.38900005817,
832,4,"Character\Goblin\Female\GoblinFemale.mdx",1,1.0,1,1,0x41400000,0x41200000,1.0,,0x0,0,1129,0.555599987507,1.38900005817,
851,0,"Creature\GnomeSpidertank\GnomeBomBot.mdx",0,1.0,-1,1,0x41900000,0x41400000,1.0,,0x0,0,748,1.38900005817,4.16699981689,
852,0,"Creature\MechaStrider\GnomeMechaStrider.mdx",1,1.0,-1,5,0x41900000,0x41400000,1.0,,0x0,0,749,0.694400012493,2.08299994469,
853,2,"Creature\GnomeSpidertank\GnomePounder.mdx",2,1.0,-1,1,0x41900000,0x41400000,1.0,,0x0,10,750,0.694400012493,2.08299994469,
871,1,"Creature\SILITHIDSCARAB\SilithidScarab.mdx",1,1.0,2,-1,0x0,0x0,0.0,,0x0,0,768,1.66700005531,2.22199988365,
891,1,"Creature\Gargoyle\Gargoyle.mdx",1,1.0,3,1,0x41900000,0x41400000,1.0,,0x0,0,788,0.694400012493,2.08299994469,
892,0,"Creature\MineSpider\MineSpiderBoss.mdx",3,1.0,2,1,0x41900000,0x41400000,1.0,,0x0,11,789,0.694400012493,2.08299994469,
911,1,"Creature\Worm\Worm.mdx",1,1.0,3,1,0x41900000,0x41400000,1.0,,0x0,0,808,0.694400012493,2.08299994469,
912,0,"Creature\SkeletonNaked\SkeletonNaked.mdx",1,1.0,-1,4,0x41900000,0x41400000,1.0,,0x0,0,809,0.694400012493,2.08299994469,
931,0,"Creature\demonhunter\DemonHunter.mdx",1,1.0,1,1,0x41900000,0x41400000,1.0,,0x0,0,828,0.626399993896,2.60599994659,
932,3,"Creature\Larva\Larva.mdx",0,1.0,1,1,0x41900000,0x41400000,1.0,,0x0,0,829,0.694400012493,2.08299994469,
951,3,"Creature\Lasher\Lasher.mdx",1,1.0,2,1,0x41900000,0x41400000,1.0,,0x0,0,848,0.694400012493,2.08299994469,
971,0,"Creature\TrollDire\TrollDire.mdx",2,1.0,1,1,0x41900000,0x41400000,1.0,,0x0,0,868,0.694400012493,2.08299994469,
991,3,"Creature\Slime\SlimeLesser.mdx",0,1.0,2,-1,0x41900000,0x41400000,1.0,,0x0,0,81,0.694400012493,2.08299994469,
1011,0,"Creature\DragonSpawnCaster\DragonSpawnCaster.mdx",1,1.0,1,5,0x41900000,0x41400000,1.0,,0x0,0,908,0.694400012493,2.08299994469,
1031,0,"Creature\DragonSpawn\DragonSpawnArmored.mdx",2,1.0,1,1,0x41900000,0x41400000,1.0,,0x0,0,47,0.694400012493,2.08299994469,
1051,3,"Creature\Lich\Lich.mdx",1,1.0,3,4,0x41900000,0x41400000,1.0,,0x0,0,948,0.694400012493,2.08299994469,
1071,0,"Creature\Kodobeast\KodoBeastPack.mdx",3,1.0,-1,6,0x41900000,0x41400000,1.0,,0x1,10,27,0.694400012493,2.08299994469,
1091,3,"Creature\FlyingMachineCreature\FlyingMachineCreature.mdx",1,1.0,-1,-1,0x41900000,0x41400000,1.0,,0x0,0,1728,0.694400012493,2.08299994469,
1111,3,"Creature\SkeletalSerpent\SkeletalSerpent.mdx",1,1.0,3,1,0x41900000,0x41400000,1.0,,0x0,0,988,0.694400012493,2.08299994469,
1131,2,"Creature\GolemStone\GolemCannonStone.mdx",2,1.0,3,4,0x41900000,0x41400000,1.0,,0x0,0,1008,0.694400012493,2.08299994469,
1151,1,"Creature\Salamander\SalamanderMale.mdx",1,1.0,1,1,0x41900000,0x41400000,1.0,,0x0,0,1028,0.694400012493,2.08299994469,
1171,0,"Creature\Pterrordax\Pterrordax.mdx",1,1.0,1,5,0x41900000,0x41400000,1.0,,0x0,0,1048,0.694400012493,2.08299994469,
1191,0,"Creature\WarHorse\WarHorse.mdx",2,1.0,1,3,0x41900000,0x41400000,1.0,,0x0,10,65,0.694400012493,2.08299994469,
1211,0,"Creature\Diemetradon\Diemetradon.mdx",1,1.0,3,7,0x41900000,0x41400000,1.0,,0x0,0,1068,0.694400012493,2.08299994469,
1231,0,"Creature\DruidCat\DruidCat.mdx",1,1.0,1,7,0x41900000,0x41400000,1.0,,0x0,0,1088,0.694400012493,2.08299994469,
1232,0,"Creature\DruidCatTauren\DruidCatTauren.mdx",1,1.0,1,7,0x41900000,0x41400000,1.0,,0x0,0,1089,0.694400012493,2.08299994469,
1251,3,"Creature\FireElemental\FireElementalGreen.mdx",0,1.0,-1,-1,0x41900000,0x41400000,1.0,,0x0,0,1148,0.694400012493,2.08299994469,
1271,3,"Creature\Spells\Creature_SpellPortal.mdx",0,1.0,-1,-1,0x41900000,0x41400000,1.0,,0x0,0,1168,0.416700005531,2.36100006104,
1291,1,"Creature\Drake\OrcDrakeRider.mdx",3,1.0,1,-1,0x41900000,0x41400000,1.0,,0x0,11,1188,0.694400012493,2.08299994469,
1311,0,"Creature\ZigguratCrystal\ZigguratCrystal.mdx",2,1.0,-1,-1,0x41900000,0x41400000,1.0,,0x0,0,1208,0.694400012493,2.08299994469,
1331,0,"Creature\FrostSabre\FrostSabre.mdx",1,1.0,1,7,0x41C00000,0x41900000,1.0,,0x0,0,1248,0.694400012493,2.08299994469,
1351,2,"Creature\CryptScarab\Crypt_Scarab.mdx",0,1.0,-1,-1,0x41900000,0x41400000,1.0,,0x0,0,1268,1.66700005531,2.22199988365,
1371,0,"Creature\Ram\RidingRam.mdx",1,1.0,1,6,0x41900000,0x41400000,1.0,,0x0,0,1288,0.694400012493,2.08299994469,
1391,3,"Creature\Egg\EggCreature.mdx",0,1.0,-1,1,0x0,0x0,0.0,,0x0,0,1308,0.0,0.0,
1411,0,"Creature\DragonSpawn\DragonSpawnOverlord.mdx",3,1.0,1,5,0x41900000,0x41400000,1.0,,0x0,0,1328,0.694400012493,2.08299994469,
1431,0,"Creature\Ogre\OgreWarlord.mdx",2,1.0,1,4,0x41900000,0x41400000,1.0,,0x0,10,1348,0.75,2.36100006104,
1451,0,"Creature\FelBeast\FelBeast.mdx",2,1.0,3,1,0x41A00000,0x41600000,1.0,,0x1,11,1368,0.694400012493,2.08299994469,
1471,3,"Creature\GoblinRocketCar\GoblinRocketCar.mdx",1,1.0,-1,1,0x0,0x0,0.0,,0x0,0,1388,0.694400012493,1.38900005817,
1491,3,"Creature\Wight\Wight.mdx",2,1.0,2,4,0x41900000,0x41400000,1.0,,0x0,0,1408,0.694400012493,2.08299994469,
1492,3,"Creature\spirithealer\SpiritHealer.mdx",1,1.0,-1,-1,0x41900000,0x41400000,1.0,,0x0,0,1409,0.694400012493,2.08299994469,
1511,2,"Creature\MountedDeathKnight\RidingUndeadWarHorse.mdx",2,1.0,3,6,0x41900000,0x41400000,1.0,,0x0,10,1428,0.694400012493,2.08299994469,
1531,0,"Creature\diablo\DiabloFunSized.mdx",0,1.0,3,5,0x41200000,0x40C00000,1.0,,0x0,0,1468,0.694400012493,3.19400000572,
1532,0,"Creature\panda\PandaCub.mdx",0,1.0,1,7,0x41200000,0x40C00000,1.0,,0x0,0,1469,0.694400012493,1.81400001049,
1533,0,"Creature\zergling\ZerglingPet.mdx",0,1.0,1,5,0x41200000,0x40C00000,1.0,,0x0,0,1470,1.00499999523,2.49499988556,
1551,8,"Creature\Dragon\DragonOnyxia.mdx",4,1.0,1,5,0x41900000,0x41400000,1.0,,0x2,12,191,0.694400012493,2.08299994469,
1571,11,"Creature\Ragnaros\Ragnaros.mdx",4,1.0,-1,-1,0x41900000,0x41400000,1.0,,0x0,12,1508,0.694400012493,2.08299994469,
1591,0,"Creature\Dragon\DragonNefarian.mdx",4,1.0,3,5,0x41900000,0x41400000,1.0,,0x2,12,191,0.694400012493,2.08299994469,
1611,0,"Creature\Turkey\Turkey.mdx",0,1.0,1,5,0x40400000,0x40000000,1.0,,0x0,0,1530,0.0,0.0,
1631,0,"Creature\FelBoar\FelBoar.mdx",1,1.0,3,3,0x41900000,0x41400000,1.0,,0x0,0,1548,0.0,0.0,
1651,0,"Creature\Dragon\DragonAzurgoz.mdx",3,1.0,3,5,0x41F00000,0x41A00000,2.0,,0x2,12,191,0.694400012493,2.08299994469,
1671,3,"Creature\CrystalPortal\CrystalPortal.mdx",0,1.0,-1,-1,0x0,0x0,0.0,,0x0,0,1568,0.694400012493,2.08299994469,
1691,0,"Creature\Lord Kezzak\LordKezzak.mdx",3,1.0,3,3,0x41900000,0x41400000,1.0,,0xA,10,68,1.90699994564,5.71999979019,
1711,0,"Creature\Kodobeast\RidingKodo.mdx",1,1.0,1,6,0x41900000,0x41400000,1.0,,0x0,0,1588,0.694400012493,2.08299994469,
1731,3,"Creature\InvisibleStalker\InvisibleStalker.mdx",1,1.0,3,4,0x0,0x0,0.0,,0x0,0,1608,0.777800023556,2.43799996376,
1751,0,"Creature\Tharazun\Tharazun.mdx",2,1.0,3,1,0x41900000,0x41400000,1.0,,0x0,0,1628,0.694400012493,2.08299994469,
1752,3,"Creature\InvisibleStalker\InvisibleStalker.mdx",0,1.0,3,1,0x41900000,0x41400000,1.0,,0x0,0,1608,0.777800023556,2.43799996376,
1753,0,"Creature\ObsidianDestroyer\ObsidianDestroyer.mdx",3,1.0,3,5,0x41900000,0x41400000,1.0,,0x0,0,1648,0.694400012493,2.08299994469,
1771,0,"Creature\BoneGolem\BoneGolem.mdx",1,1.0,-1,4,0x0,0x0,0.0,,0x0,0,1668,0.694400012493,2.08299994469,
1791,0,"Creature\Imp\FireImp.mdx",0,1.0,3,5,0x0,0x0,0.0,,0x0,0,1688,0.472200006247,1.52799999714,
1811,0,"Creature\Lord Kezzak\LordKezzak.mdx",3,1.0,3,5,0x41900000,0x41400000,1.0,,0x1,11,1708,1.90699994564,5.71999979019,
1831,11,"Creature\Snowman\SnowMan.mdx",1,1.0,-1,1,0x0,0x0,0.0,,0x0,0,1748,0.694400012493,1.38900005817,
1851,0,"Creature\voidterror\VoidTerror.mdx",1,1.0,3,5,0x41900000,0x41400000,1.0,,0x0,0,1768,0.694400012493,2.08299994469,
1871,9,"Creature\Manafiend\ManaFiend.mdx",1,1.0,-1,-1,0x0,0x0,0.0,,0x0,0,1788,0.694400012493,2.08299994469,
1891,0,"Creature\DragonFootSoldier\DragonFootSoldier.mdx",1,1.0,-1,1,0x41900000,0x41400000,1.0,,0x0,10,1808,0.694400012493,2.08299994469,
1911,0,"Creature\DireWolf\PvPRidingDireWolf.mdx",1,1.0,1,7,0x41C00000,0x41900000,1.0,,0x0,0,1828,0.972199976444,1.94400000572,
1912,0,"Creature\FrostSabre\PVPRidingFrostSabre.mdx",1,1.0,1,7,0x41C00000,0x41900000,1.0,,0x0,0,1829,0.833299994469,1.38900005817,
1913,0,"Creature\Ram\PVPRidingRam.mdx",1,1.0,1,6,0x41900000,0x41400000,1.0,,0x0,0,1830,0.694400012493,2.08299994469,
1914,0,"Creature\Kodobeast\KodoBeastPvPT2.mdx",1,1.0,1,6,0x41900000,0x41400000,1.0,,0x0,0,1831,0.694400012493,2.08299994469,
1915,0,"Creature\MechaStrider\PvPMechaStrider.mdx",1,1.0,3,5,0x41900000,0x41400000,1.0,,0x0,0,1832,0.694400012493,2.08299994469,
1916,0,"Creature\RidingRaptor\PvPRidingRaptor.mdx",1,1.0,1,5,0x41C00000,0x41900000,1.0,,0x0,0,1833,0.694400012493,2.08299994469,
1917,0,"Creature\RidingHorse\RidingHorsePvPT2.mdx",0,1.0,1,6,0x41900000,0x41400000,1.0,,0x0,0,1834,0.944400012493,2.77800011635,
1931,0,"Creature\Drakeadon\Drakeadon.mdx",3,1.0,2,5,0x41900000,0x41400000,1.0,,0x0,0,1848,0.694400012493,2.08299994469,
1951,0,"Creature\Nightmare\Gorgon101.mdx",1,1.0,3,3,0x41900000,0x41400000,1.0,,0x0,0,1868,0.944400012493,2.77800011635,
1952,0,"Creature\WarHorse\PVPWarHorse.mdx",1,1.0,1,3,0x41900000,0x41400000,1.0,,0x0,0,1869,0.0,0.0,
1971,0,"Creature\Spells\BattleStandard_Alliance.mdx",0,1.0,-1,-1,0x41900000,0x41400000,1.0,,0x0,0,1888,0.0,0.0,
1972,0,"Creature\Spells\BattleStandard_Horde.mdx",0,1.0,-1,-1,0x0,0x0,0.0,,0x0,0,1889,0.0,0.0,
1973,0,"Creature\DragonSpawn\DragonSpawnGreater.mdx",2,1.0,1,5,0x41900000,0x41400000,1.0,,0x0,0,1890,0.694400012493,2.08299994469,
1991,0,"Creature\RIDINGHORSE\PackMule.mdx",1,1.0,1,3,0x0,0x0,0.0,,0x0,0,1908,0.944400012493,2.77800011635,
2011,0,"Creature\OrcMaleKid\OrcMaleKid.mdx",0,1.0,1,4,0x41900000,0x41400000,1.0,,0x0,0,1928,0.368099987507,1.30599999428,
2031,0,"Creature\OrcFemaleKid\OrcFemaleKid.mdx",0,1.0,1,1,0x41900000,0x41400000,1.0,,0x0,0,1948,0.368099987507,1.19400000572,
2051,0,"Creature\AncientOfLore\AncientofLore.mdx",4,1.0,3,5,0x41900000,0x41400000,1.0,,0x2,12,178,0.694400012493,2.08299994469,
2071,1,"Creature\ChineseDragon\ChineseDragon.mdx",0,1.0,1,-1,0x0,0x0,0.0,,0x0,0,1968,0.0,0.0,
2072,0,"Creature\Spells\BattleStandard_Frostwolf_A_01.mdx",0,1.0,-1,-1,0x0,0x0,0.0,,0x0,0,1969,0.0,0.0,
2073,0,"Creature\Spells\BattleStandard_Stormpike_A_01.mdx",0,1.0,-1,-1,0x41900000,0x41400000,1.0,,0x0,0,1970,0.0,0.0,
2091,0,"Creature\tigon\TigonMale.mdx",1,1.0,1,5,0x41900000,0x41400000,1.0,,0x0,0,1988,1.11099994183,2.12599992752,
2111,11,"Creature\Thunderaan\Thunderaan.mdx",0,1.0,-1,-1,0x41900000,0x41400000,1.0,,0x0,12,2008,0.694400012493,2.08299994469,
2131,0,"Creature\tigon\TigonFemale.mdx",1,1.0,1,7,0x41900000,0x41400000,1.0,,0x0,0,2028,1.11099994183,2.12599992752,
2151,0,"Creature\slith\Slith.mdx",1,1.0,-1,-1,0x0,0x0,0.0,,0x0,0,2048,0.694400012493,2.08299994469,
2171,0,"Creature\mobat\Mobat.mdx",1,1.0,1,-1,0x0,0x0,0.0,,0x0,0,2068,0.694400012493,2.08299994469,
2191,0,"Creature\Dryder\Dryder.mdx",2,1.0,-1,-1,0x0,0x0,0.0,,0x0,0,2088,0.694400012493,2.08299994469,
2192,0,"Creature\Hakkar\Hakkar.mdx",0,1.0,-1,-1,0x41900000,0x41400000,1.0,,0x0,0,2089,0.694400012493,2.08299994469,
2193,0,"Creature\Hakkar\Hakkar.mdx",0,1.0,-1,-1,0x0,0x0,0.0,,0x0,0,2089,0.694400012493,2.08299994469,
2194,1,"Creature\FelBat\BatRider.mdx",1,1.0,1,-1,0x41900000,0x41400000,1.0,,0x0,0,2090,0.694400012493,2.08299994469,
2195,0,"Creature\GnomeRocketCar\GnomeRocketCar.mdx",1,1.0,3,-1,0x0,0x0,0.0,,0x0,0,2091,5.0640001297,6.25199985504,
2196,0,"Creature\Dragon\Taerar.mdx",3,1.0,1,5,0x41F00000,0x41A00000,3.0,,0x2,12,2092,0.694400012493,2.08299994469,
2197,0,"Creature\Dragon\Lethon.mdx",3,1.0,1,5,0x41F00000,0x41A00000,5.0,,0x2,12,2093,0.694400012493,2.08299994469,
2198,0,"Creature\Murloc\BabyMurloc.mdx",0,1.0,1,5,0x40E00000,0x40A00000,1.0,,0x0,0,2094,0.694400012493,1.38900005817,
2199,0,"Creature\DruidOwlbear\DruidOwlBear.mdx",1,1.0,-1,5,0x41900000,0x41400000,1.0,,0x0,0,2095,0.75,2.36100006104,
2200,0,"Creature\DruidOwlbear\DruidOwlBearTauren.mdx",1,1.0,-1,5,0x41900000,0x41400000,1.0,,0x0,0,2096,0.75,2.36100006104,
2201,11,"Creature\SteamTonk\SteamTonk.mdx",0,1.0,3,-1,0x41900000,0x41400000,1.0,,0x0,0,2097,0.444400012493,0.444400012493,
2202,0,"Creature\Murloc\BabyMurloc.mdx",0,1.0,-1,5,0x41900000,0x41400000,1.0,,0x0,0,2094,0.694400012493,1.38900005817,
2204,1,"Creature\SilithidWaspBoss\SilithidWaspBoss.mdx",2,1.0,2,-1,0x41900000,0x41400000,1.0,,0x0,0,2099,0.0,0.0,
2205,0,"Creature\Horisath\Horisath.mdx",3,1.0,-1,1,0x41900000,0x41400000,1.0,,0x0,0,2100,0.694400012493,2.08299994469,
2206,3,"Creature\InvisibleMan\InvisibleMan.mdx",1,1.0,-1,-1,0x0,0x0,0.0,,0x0,0,2101,0.777800023556,2.43799996376,
2208,4,"Character\BloodElf\Male\BloodElfMale.mdx",1,1.0,1,1,0xC,0xA,1.0,,0x0,0,2155,0.611100018024,2.03099989891,
2209,4,"Character\BloodElf\Female\BloodElfFemale.mdx",1,1.0,1,1,0xC,0xA,1.0,,0x0,0,2156,0.611100018024,2.03099989891,
2213,1,"Creature\EyeOfKathune\EyeofKathune.mdx",4,1.0,3,-1,0x41900000,0x41400000,1.0,,0x0,12,2106,0.0,0.0,
2216,1,"Creature\SilithidTankBoss\SilithidTankBoss.mdx",2,1.0,2,-1,0x41900000,0x41400000,1.0,,0x0,0,2108,0.0,0.0,
2217,1,"Creature\SilithidTankBoss\SilithidTankBoss_Damaged.mdx",2,1.0,2,-1,0x0,0x0,0.0,,0x0,0,2109,0.0,0.0,
2218,1,"Creature\SandWorm\SandWorm.mdx",4,1.0,2,-1,0x41900000,0x41400000,1.0,,0x0,0,2110,0.611100018024,2.03099989891,
2220,1,"Creature\RidingSilithid\RidingSilithid.mdx",1,1.0,2,-1,0x41900000,0x41400000,1.0,,0x0,0,2112,0.0,0.0,
2221,0,"Creature\SlimeGiant\GiantSlime.mdx",3,1.0,2,-1,0x41900000,0x41400000,1.0,,0x0,0,81,0.0,0.0,
2222,0,"Creature\SandReaver\SandReaver.mdx",2,1.0,2,-1,0x41900000,0x41400000,1.0,,0x0,0,2113,0.0,0.0,
2223,0,"Creature\TwinEmperor\TwinEmperor.mdx",2,1.0,2,-1,0x0,0x0,0.0,,0x0,0,2114,0.0,0.0,
2224,0,"Creature\BODYOFKATHUNE\BodyofKathune.mdx",4,1.0,-1,-1,0x0,0x0,0.0,,0x0,38,2115,0.0,0.0,
2225,0,"Creature\HalfBodyofKathune\HalfBodyofKathune.mdx",4,1.0,-1,-1,0x0,0x0,0.0,,0x0,0,2116,0.0,0.0,
2226,0,"Creature\EyeStalkofKathune\EyeStalkofKathune.mdx",2,1.0,3,-1,0x41900000,0x41400000,1.0,,0x0,0,2106,0.0,0.0,
2227,0,"Creature\ClawofKathune\ClawofKathune.mdx",2,1.0,3,-1,0x41900000,0x41400000,1.0,,0x0,0,2117,0.0,0.0,
2228,0,"Creature\MouthofKathune01\MouthofKathune01.mdx",2,1.0,3,-1,0x41900000,0x41400000,1.0,,0x0,0,2118,0.0,0.0,
2229,0,"Creature\Shark\Shark.mdx",3,1.0,1,-1,0x41900000,0x41400000,1.0,,0x0,0,183,0.0,0.0,
2230,0,"Creature\PortalofKathune\PortalofKathune.mdx",3,1.0,-1,-1,0x0,0x0,0.0,,0x0,0,2119,0.0,0.0,
2231,0,"Creature\NIAN\Nian.mdx",2,1.0,3,5,0x41900000,0x41400000,1.0,,0x1,11,2120,0.0,0.0,
2232,0,"Creature\ReinDeer\ReinDeer.mdx",1,1.0,1,6,0x41900000,0x41400000,1.0,,0x0,0,2121,0.0,0.0,
2233,0,"Creature\ReinDeer\ReinDeerMount.mdx",1,1.0,1,6,0x41900000,0x41400000,1.0,,0x0,0,2122,0.0,0.0,
2234,9,"Creature\CryptLord\CryptLord.mdx",2,1.0,3,-1,0x41900000,0x41400000,1.0,,0x0,0,2123,0.0,0.0,
2236,3,"Creature\KelThuzad\KelThuzad.mdx",3,1.0,-1,-1,0x41900000,0x41400000,1.0,,0x0,0,2125,0.0,0.0,
2237,1,"Creature\Cupid\Cupid.mdx",1,1.0,1,-1,0x41900000,0x41400000,1.0,,0x0,0,2126,0.0,0.0,
2239,0,"Creature\SPELLS\ValentinesDummy.mdx",1,1.0,-1,-1,0x41900000,0x41400000,1.0,,0x0,0,2127,0.0,0.0,
2240,0,"Creature\SpiritofRedemption\SpiritOfRedemption.mdx",0,1.0,-1,-1,0x41900000,0x41400000,1.0,,0x0,0,2128,0.0,0.0,
2241,0,"Creature\FrostWurm\FrostWurm.mdx",3,1.0,-1,5,0x41900000,0x41400000,1.0,,0x0,0,2129,0.0,0.0,
2242,0,"Creature\FleshGiant\FleshGiant.mdx",3,1.0,2,4,0x41900000,0x41400000,1.0,,0x0,0,2130,0.0,0.0,
2243,1,"Creature\GiantSpider\GiantSpider.mdx",3,1.0,3,-1,0x41900000,0x41400000,1.0,,0x0,0,2131,0.0,0.0,
2244,0,"Creature\MadScientist\MadScientist.mdx",1,1.0,1,4,0x41900000,0x41400000,1.0,,0x0,0,2132,0.0,0.0,
2245,0,"Creature\UndeadBeast\UndeadBeast.mdx",3,1.0,2,5,0x41900000,0x41400000,1.0,,0x0,0,2133,0.0,0.0,
2246,0,"Creature\FungalMonster\FungalMonster.mdx",3,1.0,3,1,0x41900000,0x41400000,1.0,,0x0,0,2134,0.0,0.0,
2247,3,"Creature\SporeCreature\SporeCreature.mdx",1,1.0,2,-1,0x41900000,0x41400000,1.0,,0x0,0,2135,0.0,0.0,
2251,0,"Creature\QuestObjects\Creature_ScourgeCrystal.mdx",0,1.0,-1,-1,0x0,0x0,0.0,,0x0,0,2136,0.0,0.0,
2252,0,"Creature\QuestObjects\Creature_ScourgeCrystalDamaged.mdx",0,1.0,-1,-1,0x0,0x0,0.0,,0x0,0,2137,0.0,0.0,
2253,0,"Creature\FleshTitan\FleshTitan.mdx",1,1.0,1,1,0x41900000,0x41400000,1.0,,0x0,0,2138,0.611100018024,2.03099989891,
2254,0,"Creature\MOUNTEDDEATHKNIGHT\MountedDeathKnight_Mograine.mdx",1,1.0,-1,-1,0x41900000,0x41400000,1.0,,0x0,0,2139,0.0,0.0,
2255,0,"Creature\MOUNTEDDEATHKNIGHT\MountedDeathKnight_Blaumeux.mdx",0,1.0,-1,-1,0x0,0x0,0.0,,0x0,0,2140,0.0,0.0,
2256,0,"Creature\MOUNTEDDEATHKNIGHT\MountedDeathKnight_Zeliek.mdx",0,1.0,-1,-1,0x0,0x0,0.0,,0x0,0,2141,0.0,0.0,
2257,0,"Creature\MOUNTEDDEATHKNIGHT\MountedDeathKnight_Korthazz.mdx",0,1.0,-1,-1,0x0,0x0,0.0,,0x0,0,2142,0.0,0.0,
2258,0,"Creature\Shade\ShadeWhite.mdx",0,1.0,-1,-1,0x0,0x0,0.0,,0x0,0,2143,0.0,0.0,
2259,0,"Creature\Bear\PolarBearCub.mdx",0,1.0,-1,-1,0x41900000,0x41400000,1.0,,0x0,0,2144,0.0,0.0,
2260,0,"Creature\Cocoon\Cocoon.mdx",1,1.0,-1,-1,0x0,0x0,0.0,,0x0,0,2145,0.0,0.0,
2261,0,"Creature\Necromancer\Necromancer.mdx",1,1.0,1,1,0x41900000,0x41400000,1.0,,0x0,0,2146,0.0,0.0,
2264,0,"Creature\Pig\Pig.mdx",0,1.0,-1,-1,0x41900000,0x41400000,1.0,,0x0,0,66,0.0,0.0,
2265,0,"Creature\Turtle\Turtle.mdx",0,1.0,-1,-1,0x41900000,0x41400000,1.0,,0x0,0,171,0.0,0.0,
2268,0,"Creature\WISP\WispRed.mdx",0,1.0,-1,-1,0x0,0x0,0.0,,0x0,0,2151,0.0,0.0,
2296,3,"Creature\InvisibleStalker\InvisibleStalkerNoName.mdx",1,1.0,3,4,0x41900000,0x41400000,1.0,,0x0,0,1608,0.0,0.0,
2325,0,"Creature\RidingTurtle\RidingTurtle.mdx",1,1.0,-1,6,0x41900000,0x41400000,1.0,,0x0,0,2196,0.694400012493,2.08299994469,
2326,3,"Creature\GRYPHON\Gryphon.mdx",0,1.0,-1,-1,0x41900000,0x41400000,1.0,,0x0,0,2197,0.0,0.0,
2332,1,"Creature\AllianceRider\AllianceRider.mdx",0,1.0,-1,-1,0x41900000,0x41400000,1.0,,0x0,0,2201,0.0,0.0,
2333,1,"Creature\HordeRider\HordeRider.mdx",0,1.0,-1,-1,0x41900000,0x41400000,1.0,,0x0,0,2202,0.0,0.0,
2337,0,"Creature\Landro\Landro.mdx",0,1.0,-1,1,0x0,0x0,0.0,,0x0,0,2206,0.0,0.0,
2355,0,"Creature\Tiger\Tigercub.mdx",0,1.0,-1,7,0x0,0x0,0.25,,0x0,0,2208,0.0,0.0,
2356,0,"Creature\Hippogryph\HippogryphPet.mdx",0,1.0,-1,-1,0x0,0x0,0.0,,0x0,0,2209,0.0,0.0,
2365,1,"Creature\GRYPHON\Gryphon_Ghost.mdx",0,1.0,-1,-1,0x41900000,0x41400000,1.0,,0x0,0,2230,0.694400012493,2.08299994469,
2400,0,"Creature\BloodElfGuard\BloodElfMale_Guard.mdx",1,1.0,1,1,0x41900000,0x41400000,1.0,,0x0,0,291,0.584800004959,2.02800011635,
2401,0,"Creature\Mistfox\Mistfox.mdx",1,1.0,1,7,0x41100000,0x40C00000,1.0,,0x0,0,43,0.694400012493,2.08299994469,
2402,2,"Creature\ArcaneGolem\ArcaneGolem.mdx",1,1.0,3,-1,0x41900000,0x41400000,1.0,,0x0,10,2149,0.694400012493,2.08299994469,
2403,2,"Creature\ArcaneGolem\ArcaneGolemBroken.mdx",1,1.0,3,-1,0x41900000,0x41400000,1.0,,0x0,10,2150,0.694400012493,2.08299994469,
2404,2,"Creature\ArcaneGolem\ArcaneGolemPurple.mdx",1,1.0,3,-1,0x41900000,0x41400000,1.0,,0x0,10,2149,0.694400012493,2.08299994469,
2405,0,"Creature\TempScourgeMaleNPC\ScourgeMaleNPC.mdx",1,1.0,1,1,0x41900000,0x41400000,1.0,,0x0,0,148,0.694400012493,2.08299994469,
2406,0,"Creature\Forsakenmage\Forsakenmage.mdx",1,1.0,1,1,0x41900000,0x41400000,1.0,,0x0,0,148,0.694400012493,2.08299994469,
2407,0,"Creature\BloodelfFemaleKid\BloodelfFemaleKid.mdx",1,1.0,1,4,0x41900000,0x41400000,1.0,,0x0,0,80,0.368099987507,1.19400000572,
2408,0,"Creature\Eredar\Eredar.mdx",1,1.0,1,3,0x41900000,0x41400000,1.0,,0x0,0,5004,0.694400012493,2.08299994469,
2409,2,"Creature\EredarFemale\EredarFemale.mdx",1,1.0,1,3,0x41900000,0x41400000,1.0,,0x0,0,5000,0.694400012493,2.08299994469,
2410,0,"Creature\illidan\illidan.mdx",1,1.0,1,1,0x41900000,0x41400000,1.0,,0x0,0,5006,0.626399993896,2.60599994659,
2411,0,"Creature\kaelthas\kaelthas.mdx",1,1.0,1,1,0x41900000,0x41400000,1.0,,0x0,0,5003,0.584800004959,2.02800011635,
2412,0,"Creature\medivh\medivh.mdx",1,1.0,1,1,0x41900000,0x41400000,1.0,,0x0,0,19,0.509700000286,2.03099989891,
2413,0,"Creature\DragonSpawnArmoredDarkshade\DragonSpawnArmoredDarkshade.mdx",1,1.0,1,5,0x41900000,0x41400000,1.0,,0x0,0,47,0.694400012493,2.08299994469,
2414,0,"Creature\DragonSpawnDarkshade\DragonSpawnDarkshade.mdx",1,1.0,1,5,0x41900000,0x41400000,1.0,,0x0,0,47,0.694400012493,2.08299994469,
2415,0,"Creature\DragonSpawnCasterDarkshade\DragonSpawnCasterDarkshade.mdx",1,1.0,1,5,0x41900000,0x41400000,1.0,,0x0,0,47,0.694400012493,2.08299994469,
2416,9,"Creature\DragonWhelpDarkshade\DragonWhelpDarkshade.mdx",0,1.0,1,-1,0x41900000,0x41400000,1.0,,0x0,0,6,0.694400012493,2.08299994469,
2417,9,"Creature\DrakeDarkshade\DrakeDarkshade.mdx",2,1.0,1,1,0x41900000,0x41400000,1.0,,0x0,10,508,0.694400012493,2.08299994469,
2418,0,"Creature\DragonDarkshade\DragonDarkshade.mdx",4,1.0,1,5,0x41F00000,0x41A00000,3.0,,0x2,12,191,0.694400012493,2.08299994469,
2419,0,"Creature\Miev\Miev.mdx",1,1.0,1,1,0x41400000,0x41200000,1.0,,0x0,0,56,0.555599987507,2.25,
2420,0,"Creature\Akama\Akama.mdx",1,1.0,1,4,0x41900000,0x41400000,1.0,,0x0,0,5002,0.694400012493,2.08299994469,
2421,2,"Creature\Succubus\Succubusold.mdx",1,1.0,1,3,0x41900000,0x41400000,1.0,,0x0,0,37,0.694400012493,2.08299994469,
2422,0,"Creature\Ogre\Ogreold.mdx",3,1.0,1,4,0x41900000,0x41400000,1.0,,0x0,10,32,0.75,2.36100006104,
2423,8,"Creature\OgreMage\OgreMage.mdx",3,1.0,1,1,0x41900000,0x41400000,1.0,,0x0,10,33,0.75,2.36100006104,
2424,0,"Creature\OgreWarlord\OgreWarlord.mdx",2,1.0,1,4,0x41900000,0x41400000,1.0,,0x0,10,1348,0.75,2.36100006104,
2425,3,"Creature\Broom\Be_Broom01.mdx",1,1.0,-1,-1,0x41900000,0x41400000,1.0,,0x0,0,2174,0.694400012493,2.08299994469,
2426,0,"Creature\arthaslichking\arthaslichking.mdx",1,1.0,1,1,0x41900000,0x41400000,1.0,,0x0,0,5005,0.509700000286,2.03099989891,
2427,8,"Creature\rexxar\rexxar.mdx",3,1.0,1,1,0x41900000,0x41400000,1.0,,0x0,10,33,0.75,2.36100006104,
2428,0,"Creature\Zuljin\Zuljin.mdx",1,1.0,-1,4,0x41900000,0x41400000,1.0,,0x0,0,120,0.694400012493,2.08299994469,
2429,0,"Creature\OrcFemaleWarriorLight\OrcFemale.mdx",1,1.0,1,1,0x41400000,0x41300000,1.0,,0x0,0,52,0.472200006247,2.05100011826,
2430,0,"Creature\Pitlord\Pitlord.mdx",4,1.0,1,5,0x41F00000,0x41A00000,3.0,,0x2,12,5007,0.694400012493,2.08299994469,
2431,0,"Creature\tamamo\tamamo.mdx",1,1.0,1,7,0x41900000,0x41400000,1.0,,0x0,0,5008,0.694400012493,2.08299994469,
2432,0,"Creature\geist\geist.mdx",0,1.0,-1,4,0x41900000,0x41400000,1.0,,0x0,0,142,0.694400012493,2.08299994469,
2433,0,"Creature\bearmountalt\Bearmountalt.mdx",1,1.0,1,7,0x41900000,0x41400000,1.0,,0x0,0,83,0.694400012493,1.81400001049,
2434,0,"Creature\Chickenmount\Chickenmount.mdx",0,1.0,1,5,0x40800000,0x40400000,1.0,,0x0,0,111,0.277799993753,0.416700005531,
2435,8,"Creature\chogall\chogalldisciple.mdx",3,1.0,1,1,0x41900000,0x41400000,1.0,,0x0,10,33,0.75,2.36100006104,
2436,0,"Creature\Cenarius\Cenarius.mdx",1,1.0,1,6,0x41900000,0x41400000,1.0,,0x0,0,25,0.694400012493,2.08299994469,
2437,0,"Creature\Monkey\Monkey.mdx",0,1.0,1,4,0x41900000,0x41400000,1.0,,0x0,0,135,0.694400012493,2.08299994469,
2438,0,"Creature\Watcher\Watcher.mdx",1,1.0,1,1,0x41400000,0x41200000,1.0,,0x0,0,56,0.555599987507,2.25,
2439,1,"Creature\NagaLordMale\NagaLordMale.mdx",1,1.0,1,1,0x3F800000,0x3F800000,1.0,,0x0,0,309,0.694400012493,2.08299994469,
2440,0,"Creature\Rockflayer\Rockflayer.mdx",1,1.0,1,3,0x41900000,0x41400000,1.0,,0x0,0,5001,0.694400012493,2.08299994469,
2441,0,"Creature\DragonFootSoldierDarkShade\DragonFootSoldierDarkShade.mdx",1,1.0,-1,1,0x41900000,0x41400000,1.0,,0x0,10,1808,0.694400012493,2.08299994469,
2442,1,"Creature\LadyVashj\LadyVashj.mdx",1,1.0,-1,-1,0x41900000,0x41400000,1.0,,0x0,0,468,0.694400012493,2.08299994469,
2443,0,"Creature\HUMSGuardBig\HUMSGuardBig.mdx",1,1.0,1,1,0x41900000,0x41400000,1.0,,0x0,0,21,0.509700000286,2.03099989891,
2444,0,"Creature\HUMSGuardBig\HUMSFootmanBig.mdx",1,1.0,1,1,0x41900000,0x41400000,1.0,,0x0,0,21,0.509700000286,2.03099989891,
2445,0,"Creature\SpectralTiger\SpectralTiger.mdx",1,1.0,1,7,0x41C00000,0x41900000,1.0,,0x0,0,196,0.694400012493,2.08299994469,
2446,0,"Creature\SpectralTiger\SpectralTigerEpic.mdx",1,1.0,1,7,0x41C00000,0x41900000,1.0,,0x0,0,196,0.694400012493,2.08299994469,
2447,10,"Creature\Dragonhawk\Dragonhawk.mdx",0,1.0,1,1,0x41900000,0x41400000,1.0,,0x0,0,61,0.694400012493,2.08299994469,
2448,10,"Creature\Phoenix\Phoenix.mdx",0,1.0,1,1,0x41900000,0x41400000,1.0,,0x0,0,61,0.694400012493,2.08299994469,
2449,0,"Creature\Ravengod\Ravengod.mdx",0,1.0,1,5,0x40800000,0x40400000,1.0,,0x0,0,111,0.277799993753,0.416700005531,
2450,8,"Creature\OgreMageLord\OgreMageLord.mdx",3,1.0,1,1,0x41900000,0x41400000,1.0,,0x0,10,33,0.75,2.36100006104,
2451,0,"Creature\CrackElf\CrackElfMale.mdx",1,1.0,1,1,0x41900000,0x41400000,1.0,,0x0,0,148,0.694400012493,2.08299994469,
2452,0,"Creature\FelElfCasterFemale\FelElfCasterFemale.mdx",1,1.0,1,1,0x41900000,0x41400000,1.0,,0x0,0,287,0.414600014687,2.14199995995,
2453,0,"Creature\FelElfHunterFemale\FelElfHunterFemale.mdx",1,1.0,1,1,0x41900000,0x41400000,1.0,,0x0,0,287,0.414600014687,2.14199995995,
2454,0,"Creature\FelElfCasterMale\FelElfCasterMale.mdx",1,1.0,1,1,0x41900000,0x41400000,1.0,,0x0,0,291,0.584800004959,2.02800011635,
2455,0,"Creature\FelElfWarriorMale\FelElfWarriorMale.mdx",1,1.0,1,1,0x41900000,0x41400000,1.0,,0x0,0,291,0.584800004959,2.02800011635,
2456,0,"Creature\BloodelfMaleKid\BloodelfMaleKid.mdx",1,1.0,1,4,0x41900000,0x41400000,1.0,,0x0,0,79,0.368099987507,1.30599999428,
2457,0,"Creature\MountedDeathKnight\UnMountedDeathKnight.mdx",1,1.0,1,1,0x41900000,0x41400000,1.0,,0x0,0,5005,0.509700000286,2.03099989891,
2458,0,"Creature\felhorse\FelHorseEpic.mdx",1,1.0,3,3,0x41900000,0x41400000,1.0,,0x0,0,1868,0.944400012493,2.77800011635,
2459,0,"Creature\AntonidasHorse\AntH.mdx",1,1.0,1,6,0x41900000,0x41400000,1.0,,0x0,0,65,0.944400012493,2.77800011635,
2460,0,"Creature\FacelessOne\FacelessOne.mdx",1,1.0,1,-1,0x0,0x0,0.0,,0x0,0,2114,0.0,0.0,
2461,0,"Creature\ZebraMount\ZebraMount.mdx",1,1.0,1,6,0x41900000,0x41400000,1.0,,0x0,0,65,0.944400012493,2.77800011635,
2462,2,"Creature\FlyingNerubian\FlyingNerubian.mdx",1,1.0,1,0,0x41900000,0x41400000,1.0,,0x0,0,4,0.0,0.0,
2463,0,"Creature\pandarenmonk\Pandarenmonk.mdx",1,1.0,1,7,0x41900000,0x41400000,1.0,,0x0,0,8,0.694400012493,2.08299994469,
2464,1,"Creature\Gryphon\Gryphon_armoredmount.mdx",2,1.0,1,-1,0x41900000,0x41400000,1.0,,0x0,0,145,0.694400012493,2.08299994469,
2465,1,"Creature\Gryphon\Gryphon_mount.mdx",2,1.0,1,-1,0x41900000,0x41400000,1.0,,0x0,0,145,0.694400012493,2.08299994469,
2466,9,"Creature\DrakeMount\Drakemount.mdx",2,1.0,1,1,0x41900000,0x41400000,1.0,,0x0,10,508,0.694400012493,2.08299994469,
2467,1,"Creature\Wyvern\Wyvern_mount.mdx",1,1.0,1,-1,0x41900000,0x41400000,1.0,,0x0,0,85,0.694400012493,2.08299994469,
2468,1,"Creature\Wyvern\Wyvern_Armored.mdx",1,1.0,1,-1,0x41900000,0x41400000,1.0,,0x0,0,85,0.694400012493,2.08299994469,
2469,9,"Creature\HippogryphMount\Hippogryphmount.mdx",2,1.0,1,-1,0x41900000,0x41400000,1.0,,0x0,0,90,0.694400012493,2.08299994469,
2470,2,"Creature\GnomePounderMount\GnomePounderMount.mdx",2,1.0,-1,1,0x41900000,0x41400000,1.0,,0x0,10,750,0.694400012493,2.08299994469,
2471,3,"Creature\GnomeSpidertankMount\GnomeSpiderTankMount.mdx",2,1.0,3,-1,0x3F800000,0x3F800000,1.0,,0x0,10,588,0.694400012493,2.08299994469,
2472,3,"Creature\GoblinRocketCarMount\GoblinRocketCarMount.mdx",1,1.0,-1,1,0x0,0x0,0.0,,0x0,0,1388,0.694400012493,1.38900005817,
2473,0,"Creature\GoblinShredderMount\GoblinShredderMOUNT.mdx",1,1.0,-1,1,0x41900000,0x41400000,1.0,,0x0,0,174,0.694400012493,2.08299994469,
2474,0,"Creature\AltTam\AltTam.mdx",1,1.0,1,7,0x41900000,0x41400000,1.0,,0x0,0,5008,0.694400012493,2.08299994469,
2475,2,"Creature\draeneifemalelow\draeneifemalelow.mdx",1,1.0,1,3,0x41900000,0x41400000,1.0,,0x0,0,5000,0.694400012493,2.08299994469,
2476,1,"Creature\Eagle\Eagle.mdx",1,1.0,1,1,0x41900000,0x41400000,1.0,,0x0,0,350,0.694400012493,2.08299994469,
2477,0,"Creature\bearcub\BearCub.mdx",0,1.0,1,7,0x41200000,0x40C00000,1.0,,0x0,0,83,0.694400012493,1.81400001049,
2478,0,"Creature\MountedDemonKnight\MountedDemonKnight.mdx",1,1.0,-1,6,0x41900000,0x41400000,1.0,,0x0,0,648,0.694400012493,2.08299994469,
2479,0,"Creature\HumanMalePirateCrewman\HumanMalePirateCrewman_ghost.mdx",1,1.0,-1,4,0x41900000,0x41400000,1.0,,0x0,0,128,0.694400012493,2.08299994469,
2480,1,"Creature\Crawler\Crawler.mdx",1,1.0,2,1,0x3F800000,0x3F800000,1.0,,0x0,0,36,0.694400012493,2.08299994469,
2481,10,"Creature\Dragonhawk\DragonhawkMount.mdx",0,1.0,1,1,0x41900000,0x41400000,1.0,,0x0,0,61,0.694400012493,2.08299994469,
2482,0,"Creature\bearmount\Bearmount.mdx",1,1.0,1,7,0x41900000,0x41400000,1.0,,0x0,0,83,0.694400012493,1.81400001049,
2483,0,"Creature\northrendbearmount\Northrendbearmountblizzcon.mdx",1,1.0,1,7,0x41900000,0x41400000,1.0,,0x0,0,83,0.694400012493,1.81400001049,
2484,11,"Creature\WaterElemental\WaterElemental_Red.mdx",1,1.0,1,-1,0x41900000,0x41400000,1.0,,0x0,0,110,0.694400012493,2.08299994469,
2485,3,"Creature\Timerift\Time_Rift1.mdx",0,1.0,2,-1,0x41900000,0x41400000,1.0,,0x0,0,194,0.694400012493,1.38900005817,
2486,0,"Creature\geistalpha\geistalpha.mdx",0,1.0,-1,4,0x41900000,0x41400000,1.0,,0x0,0,5010,0.694400012493,2.08299994469,
2487,0,"Creature\Tuskarr\Tuskarrmale.mdx",1,1.0,1,1,0x41900000,0x41400000,1.0,,0x0,0,17,0.509700000286,2.03099989891,
2488,11,"Creature\Frostlord\Frostlord.mdx",0,1.0,-1,-1,0x41900000,0x41400000,1.0,,0x0,12,2008,0.694400012493,2.08299994469,
2489,0,"Creature\Frostlord\Frostlordcore.mdx",2,1.0,-1,-1,0x41900000,0x41400000,1.0,,0x0,0,1208,0.694400012493,2.08299994469,
2490,0,"Creature\Magnataur\Magnataur.mdx",2,1.0,1,7,0x41900000,0x41400000,1.0,,0x0,0,181,0.694400012493,2.08299994469,
2491,0,"Creature\SeaVrykul\SeaVrykul.mdx",1,1.0,1,1,0x41900000,0x41400000,1.0,,0x0,0,17,0.509700000286,2.03099989891,
2492,1,"Creature\EpicDruidFlightAlliance\EpicDruidFlightAlliance.mdx",1,1.0,1,1,0x41900000,0x41400000,1.0,,0x0,0,350,0.694400012493,2.08299994469,
2493,3,"Creature\Gyrocopter\Gyrocopter_01.mdx",1,1.0,-1,-1,0x41900000,0x41400000,1.0,,0x0,0,1728,0.694400012493,2.08299994469,
2494,0,"Creature\Mammoth\Mammothmount2.mdx",3,1.0,1,1,0x41900000,0x41400000,1.0,,0x1,10,27,0.694400012493,2.08299994469,
2495,3,"Creature\WhimsyshireCloudMount\WhimsyshireCloudMount.mdx",1,1.0,-1,-1,0x41900000,0x41400000,1.0,,0x0,0,528,0.694400012493,2.08299994469,
2496,0,"Creature\Kudry\Kudryavka.mdx",1,1.0,1,1,0x41900000,0x41400000,1.0,,0x0,0,13,0.509700000286,2.03099989891,
2497,0,"Creature\SpectralTiger\SpectralTigerCub.mdx",0,1.0,1,7,0x40800000,0x40400000,1.0,,0x0,0,568,0.416700005531,0.555599987507,
2498,0,"Creature\MountedDeathKnight\UnMountedDeathKnight2.mdx",1,1.0,1,1,0x41900000,0x41400000,1.0,,0x0,0,5005,0.509700000286,2.03099989891,
2499,10,"Creature\Warpstalker\Warpstalker.mdx",0,1.0,-1,5,0x41900000,0x41400000,1.0,,0x0,0,136,0.694400012493,2.08299994469,
2500,10,"Creature\warpstalkermountbc\warpstalkermountbc.mdx",0,1.0,-1,5,0x41900000,0x41400000,1.0,,0x0,0,136,0.694400012493,2.08299994469,
2501,0,"Creature\Dragonman\Dragonman.mdx",1,1.0,-1,1,0x41900000,0x41400000,1.0,,0x0,10,1808,0.694400012493,2.08299994469,
2502,0,"Creature\Dragonman\Dragonman_var1.mdx",1,1.0,-1,1,0x41900000,0x41400000,1.0,,0x0,10,1808,0.694400012493,2.08299994469,
2503,0,"Creature\FelOrcDire\FelOrcDire.mdx",2,1.0,1,1,0x41900000,0x41400000,1.0,,0x0,0,868,0.694400012493,2.08299994469,
2504,0,"Creature\FrostWurmFellfire\FrostWurmFellfire.mdx",3,1.0,-1,5,0x41900000,0x41400000,1.0,,0x0,0,2129,0.0,0.0,
2505,2,"Creature\FelReaver\FelReaver.mdx",1,1.0,3,-1,0x41900000,0x41400000,1.0,,0x0,10,2149,0.694400012493,2.08299994469,
2506,3,"Creature\FelCannon\FelCannon.mdx",1,1.0,-1,4,0x41900000,0x41400000,1.0,,0x0,0,267,0.694400012493,2.08299994469,
2507,3,"Creature\FelCannon\FelCannon_02.mdx",1,1.0,-1,4,0x41900000,0x41400000,1.0,,0x0,0,267,0.694400012493,2.08299994469,
2508,0,"Creature\DragonSpawnOverlordDarkshade\DragonSpawnOverlordDarkshade.mdx",3,1.0,1,5,0x41900000,0x41400000,1.0,,0x0,0,1328,0.694400012493,2.08299994469,
2509,0,"Creature\druidtravelalliance\DruidTravelAlliance_Low01.mdx",1,1.0,1,6,0x41900000,0x41400000,1.0,,0x0,0,184,0.694400012493,2.08299994469,
2510,0,"Creature\arthasundead\arthasundead.mdx",1,1.0,1,1,0x41900000,0x41400000,1.0,,0x0,0,5005,0.509700000286,2.03099989891,
2511,0,"Creature\Arthas\Arthas.mdx",1,1.0,1,1,0x41900000,0x41400000,1.0,,0x0,0,150,0.611100018024,2.03099989891,
2512,2,"Creature\ClockworkGnome\ClockworkGnome.mdx",0,1.0,-1,-1,0x41900000,0x41400000,1.0,,0x0,0,728,1.38900005817,4.16699981689,
2513,2,"Creature\ClockworkGnome\ClockworkGnome_A.mdx",0,1.0,-1,-1,0x41900000,0x41400000,1.0,,0x0,0,728,1.38900005817,4.16699981689,
2514,2,"Creature\ClockworkGnome\ClockworkGnome_B.mdx",0,1.0,-1,-1,0x41900000,0x41400000,1.0,,0x0,0,728,1.38900005817,4.16699981689,
2515,2,"Creature\ClockworkGnome\ClockworkGnome_C.mdx",0,1.0,-1,-1,0x41900000,0x41400000,1.0,,0x0,0,728,1.38900005817,4.16699981689,
2516,2,"Creature\ClockworkGnome\ClockworkGnome_D.mdx",0,1.0,-1,-1,0x41900000,0x41400000,1.0,,0x0,0,728,1.38900005817,4.16699981689,
2517,0,"Creature\Broommount\Broommount.mdx",0,1.0,-1,-1,0x0,0x0,0.0,,0x0,0,2151,0.0,0.0,
2518,1,"Creature\NorthrendPenguin\NorthrendPenguin.mdx",1,1.0,1,1,0x41900000,0x41400000,1.0,,0x0,0,350,0.694400012493,2.08299994469,
2519,0,"Creature\Cat\Cat_Hallowsend.mdx",0,1.0,1,7,0x40800000,0x40400000,1.0,,0x0,0,568,0.416700005531,0.555599987507,
2520,2,"Creature\VoidWalkerOutland\VoidWalker_Outland.mdx",1,1.0,2,1,0x41900000,0x41400000,1.0,,0x0,0,162,0.694400012493,2.08299994469,
2521,0,"Creature\GIGN\GIGN.mdx",1,1.0,1,1,0x41900000,0x41400000,1.0,,0x0,0,150,0.611100018024,2.03099989891,
2522,0,"Creature\azshara\azshara.mdx",1,1.0,1,3,0x41900000,0x41400000,1.0,,0x0,0,5000,0.694400012493,2.08299994469,
2523,2,"Creature\incubus_low\Incubus_Low.mdx",1,1.0,1,3,0x41900000,0x41400000,1.0,,0x0,0,2155,0.694400012493,2.08299994469,
2524,3,"Creature\FlyingMachineCreature_vehicle\flyingmachinecreature_vehicle.mdx",1,1.0,-1,-1,0x41900000,0x41400000,1.0,,0x0,0,1728,0.694400012493,2.08299994469,
2525,0,"Creature\MTMTMT\MTMTMT.mdx",1,1.0,1,-1,0x41900000,0x41400000,1.0,,0x0,0,153,0.694400012493,2.08299994469,
2526,0,"Creature\RidingTalbuk\RidingTalbuk.mdx",1,1.0,1,6,0x41900000,0x41400000,1.0,,0x0,0,1288,0.694400012493,2.08299994469,
2527,0,"Creature\RidingTalbuk\RidingTalbukEpic.mdx",1,1.0,1,6,0x41900000,0x41400000,1.0,,0x0,0,1288,0.694400012493,2.08299994469,
2528,0,"Creature\Talbuk\Talbuk.mdx",1,1.0,1,6,0x41900000,0x41400000,1.0,,0x0,0,1288,0.694400012493,2.08299994469,
2529,3,"Creature\Powersparkcreature\Powersparkcreature.mdx",1,1.0,-1,-1,0x41900000,0x41400000,1.0,,0x0,0,177,0.793600022793,2.08299994469,
2530,3,"Creature\AllianceBrassCannon\AllianceBrassCannon.mdx",1,1.0,-1,4,0x41900000,0x41400000,1.0,,0x0,0,267,0.694400012493,2.08299994469,
2531,1,"Creature\WyvernPet\WyvernPet.mdx",0,1.0,0,7,0x40800000,0x40400000,1.0,,0x0,0,568,0.416700005531,0.555599987507,
2533,0,"Creature\Kvaldir\SeaVrykulMale.mdx",1,1.0,0,3,0x41900000,0x41400000,1.0,,0x0,0,2155,0.694400012493,2.08299994469,
2536,0,"Creature\BabyLich\BabyLich.mdx",0,1.0,0,0,0x0,0x0,0.0,,0x0,0,1288,0.694400012493,2.08299994469,
2537,0,"Creature\BabyMoonkin\BabyMoonkin_NE.mdx",0,1.0,0,0,0x0,0x0,0.0,,0x0,0,1288,0.694400012493,2.08299994469,
2538,0,"Creature\BabyRagnoros\BabyRagnoros.mdx",0,1.0,0,0,0x0,0x0,0.0,,0x0,0,1288,0.694400012493,2.08299994469,
2539,0,"Creature\BabyCore\Corehoundpet.mdx",0,1.0,0,0,0x0,0x0,0.0,,0x0,0,1288,0.694400012493,2.08299994469,
