-- Special Reserve Drink
REPLACE INTO `item_template` VALUES ('83008', '0', '0', '0', 'Thunder Ale Special Reserve', '', '18117', '1', '0', '1', '1500', '375', '0', '-1', '-1', '25', '0', '0', '0', '0', '0', '0', '0', '0', '0', '20', '0', '0', '0', '0', '0', '0', '0', '0', '0', '0', '0', '0', '0', '0', '0', '0', '0', '0', '0', '0', '0', '0', '0', '0', '0', '0', '0', '0', '0', '0', '0', '0', '0', '0', '0', '0', '0', '0', '0', '0', '0', '0', '0', '0', '0', '0', '0', '11009', '0', '-1', '0', '-1', '0', '-1', '0', '0', '0', '0', '-1', '0', '-1', '0', '0', '0', '0', '-1', '0', '-1', '0', '0', '0', '0', '-1', '0', '-1', '0', '0', '0', '0', '0', '0', '0', '0', '0', '0', '0', '0', '0', '3', '0', '0', '0', '0', '0', '0', '60', '0', '0', '0', '0', '0', '0', '1', 'item_thunder_ale_drink');

-- first raid
REPLACE INTO `gameobject_template` VALUES ('1772021', '1', '5', '5740', 'Let\'s do this ! First Raid !\nLucifron and Magmadar Defeated 7/21/19.', '0', '4', '0.5', '1', '1', '0', '0', '0', '0', '0', '0', '0', '0', '0', '0', '0', '0', '0', '0', '0', '0', '0', '0', '0', '0', '0', '0', '0', '0', '');
-- ony
REPLACE INTO `gameobject_template` VALUES ('1772022', '0', '5', '477', 'Many Whelps and many wipes.\nOnyxia Defeated 11/16/19.', '0', '0', '1', '1', '1', '0', '0', '0', '0', '0', '0', '0', '0', '0', '0', '0', '0', '0', '0', '0', '0', '0', '0', '0', '0', '0', '0', '0', '0', '');
-- rag  12/15/19 - Ragnaros
REPLACE INTO `gameobject_template` VALUES ('1772023', '0', '5', '3711', 'Boldly, We Sought the Power of Ragnaros.\nRagnaros Defeated 12/15/19.', '0', '0', '0.3', '1', '1', '0', '0', '0', '0', '0', '0', '0', '0', '0', '0', '0', '0', '0', '0', '0', '0', '0', '0', '0', '0', '0', '0', '0', '0', '');
-- 6/28/20 - Nefarian
REPLACE INTO `gameobject_template` VALUES ('1772024', '0', '5', '27278', 'Who\'s the Lord now ?\nNefarian Defeated 6/28/20.', '0', '0', '0.2', '1', '1', '0', '0', '0', '0', '0', '0', '0', '0', '0', '0', '0', '0', '0', '0', '0', '0', '0', '0', '0', '0', '0', '0', '0', '0', '');
-- 2/13/21 - C'thun
REPLACE INTO `gameobject_template` VALUES ('1772025', '0', '5', '26670', 'The day Momo died 35 times and C\'Thun once.\nC\'Thun Defeated 2/13/21.', '0', '0', '0.2', '1', '1', '0', '0', '0', '0', '0', '0', '0', '0', '0', '0', '0', '0', '0', '0', '0', '0', '0', '0', '0', '0', '0', '0', '0', '0', '');


-- NPCS
REPLACE INTO `creature_template` VALUES ('73000', '0', '2102', '0', '0', '0', 'Gorxirn Deepnephew', 'Drinks', '0', '30', '30', '1002', '1002', '0', '0', '1200', '35', '6', '1', '1.14286', '0', '20', '5', '0', '0', '1', '42', '53', '0', '122', '1', '2000', '2000', '1', '4608', '0', '0', '0', '0', '0', '0', '45.144', '62.073', '100', '7', '0', '0', '0', '0', '0', '0', '0', '0', '0', '0', '0', '0', '0', '0', '0', '0', '0', '0', 'EventAI', '0', '3', '0', '0', '3', '5112', '0', '0', '0', '0', '524298', '');

REPLACE INTO `creature_template` VALUES ('73001', '0', '3948', '0', '0', '0', 'Thadorond Babagiega', 'Drinks', '0', '30', '30', '1002', '1002', '0', '0', '1200', '35', '6', '1', '1.14286', '0', '20', '5', '0', '0', '1', '42', '53', '0', '122', '1', '2000', '2000', '1', '4608', '0', '0', '0', '0', '0', '0', '45.144', '62.073', '100', '7', '0', '0', '0', '0', '0', '0', '0', '0', '0', '0', '0', '0', '0', '0', '0', '0', '0', '0', 'EventAI', '0', '3', '0', '0', '3', '5112', '0', '0', '0', '0', '524298', '');

REPLACE INTO `creature_template` VALUES ('73002', '0', '7628', '0', '0', '0', 'Junno Athenabrow', 'Drinks', '0', '30', '30', '1002', '1002', '0', '0', '1200', '35', '6', '1', '1.14286', '0', '20', '5', '0', '0', '1', '42', '53', '0', '122', '1', '2000', '2000', '1', '4608', '0', '0', '0', '0', '0', '0', '45.144', '62.073', '100', '7', '0', '0', '0', '0', '0', '0', '0', '0', '0', '0', '0', '0', '0', '0', '0', '0', '0', '0', 'EventAI', '0', '3', '0', '0', '3', '5112', '0', '0', '0', '0', '524298', '');

REPLACE INTO `creature_template` VALUES ('73003', '0', '1631', '0', '0', '0', 'Armok Noxulbrew', 'Drinks', '0', '30', '30', '1002', '1002', '0', '0', '1200', '35', '6', '1', '1.14286', '0', '20', '5', '0', '0', '1', '42', '53', '0', '122', '1', '2000', '2000', '1', '4608', '0', '0', '0', '0', '0', '0', '45.144', '62.073', '100', '7', '0', '0', '0', '0', '0', '0', '0', '0', '0', '0', '0', '0', '0', '0', '0', '0', '0', '0', 'EventAI', '0', '3', '0', '0', '3', '5112', '0', '0', '0', '0', '524298', '');

REPLACE INTO `creature_template` VALUES ('73004', '0', '3698', '0', '0', '0', 'Zeaus Battleshout', 'Drinks', '0', '30', '30', '1002', '1002', '0', '0', '1200', '35', '6', '1', '1.14286', '0', '20', '5', '0', '0', '1', '42', '53', '0', '122', '1', '2000', '2000', '1', '4608', '0', '0', '0', '0', '0', '0', '45.144', '62.073', '100', '7', '0', '0', '0', '0', '0', '0', '0', '0', '0', '0', '0', '0', '0', '0', '0', '0', '0', '0', 'EventAI', '0', '3', '0', '0', '3', '5112', '0', '0', '0', '0', '524298', '');

REPLACE INTO `creature_template` VALUES ('73005', '0', '3438', '0', '0', '0', 'Thunder Ale Patron', 'Drunk', '0', '30', '30', '1002', '1002', '0', '0', '1200', '35', '6', '1', '1.14286', '0', '20', '5', '0', '0', '1', '42', '53', '0', '122', '1', '2000', '2000', '1', '4608', '0', '0', '0', '0', '0', '0', '45.144', '62.073', '100', '7', '0', '0', '0', '0', '0', '0', '0', '0', '0', '0', '0', '0', '0', '0', '0', '0', '0', '0', 'EventAI', '0', '3', '0', '0', '3', '5112', '0', '0', '0', '0', '524288', '');

REPLACE INTO `creature_template` VALUES ('73006', '0', '3051', '0', '0', '0', 'Thunder Ale Patron', 'Drunk', '0', '30', '30', '1002', '1002', '0', '0', '1200', '35', '6', '1', '1.14286', '0', '20', '5', '0', '0', '1', '42', '53', '0', '122', '1', '2000', '2000', '1', '4608', '0', '0', '0', '0', '0', '0', '45.144', '62.073', '100', '7', '0', '0', '0', '0', '0', '0', '0', '0', '0', '0', '0', '0', '0', '0', '0', '0', '0', '0', 'EventAI', '0', '3', '0', '0', '3', '5112', '0', '0', '0', '0', '524288', '');

-- make them dance
REPLACE INTO `creature_template_addon` VALUES ('73005', '0', '0', '0', '0', '0', '10', '0', NULL);
REPLACE INTO `creature_template_addon` VALUES ('73006', '0', '0', '0', '0', '0', '10', '0', NULL);

-- add drinks to vendors
REPLACE INTO `npc_vendor` VALUES ('73000', '2723', '0', '0', '0', '0');
REPLACE INTO `npc_vendor` VALUES ('73000', '2594', '0', '0', '0', '0');
REPLACE INTO `npc_vendor` VALUES ('73000', '2593', '0', '0', '0', '0');
REPLACE INTO `npc_vendor` VALUES ('73000', '2595', '0', '0', '0', '0');
REPLACE INTO `npc_vendor` VALUES ('73000', '2596', '0', '0', '0', '0');

REPLACE INTO `npc_vendor` VALUES ('73001', '2723', '0', '0', '0', '0');
REPLACE INTO `npc_vendor` VALUES ('73001', '2594', '0', '0', '0', '0');
REPLACE INTO `npc_vendor` VALUES ('73001', '2593', '0', '0', '0', '0');
REPLACE INTO `npc_vendor` VALUES ('73001', '2595', '0', '0', '0', '0');
REPLACE INTO `npc_vendor` VALUES ('73001', '2596', '0', '0', '0', '0');

REPLACE INTO `npc_vendor` VALUES ('73002', '2723', '0', '0', '0', '0');
REPLACE INTO `npc_vendor` VALUES ('73002', '2594', '0', '0', '0', '0');
REPLACE INTO `npc_vendor` VALUES ('73002', '2593', '0', '0', '0', '0');
REPLACE INTO `npc_vendor` VALUES ('73002', '2595', '0', '0', '0', '0');
REPLACE INTO `npc_vendor` VALUES ('73002', '2596', '0', '0', '0', '0');

REPLACE INTO `npc_vendor` VALUES ('73003', '2723', '0', '0', '0', '0');
REPLACE INTO `npc_vendor` VALUES ('73003', '2594', '0', '0', '0', '0');
REPLACE INTO `npc_vendor` VALUES ('73003', '2593', '0', '0', '0', '0');
REPLACE INTO `npc_vendor` VALUES ('73003', '2595', '0', '0', '0', '0');
REPLACE INTO `npc_vendor` VALUES ('73003', '2596', '0', '0', '0', '0');

REPLACE INTO `npc_vendor` VALUES ('73004', '2723', '0', '0', '0', '0');
REPLACE INTO `npc_vendor` VALUES ('73004', '2594', '0', '0', '0', '0');
REPLACE INTO `npc_vendor` VALUES ('73004', '2593', '0', '0', '0', '0');
REPLACE INTO `npc_vendor` VALUES ('73004', '2595', '0', '0', '0', '0');
REPLACE INTO `npc_vendor` VALUES ('73004', '2596', '0', '0', '0', '0');

REPLACE INTO `npc_vendor` VALUES ('73005', '2723', '0', '0', '0', '0');
REPLACE INTO `npc_vendor` VALUES ('73005', '2594', '0', '0', '0', '0');
REPLACE INTO `npc_vendor` VALUES ('73005', '2593', '0', '0', '0', '0');
REPLACE INTO `npc_vendor` VALUES ('73005', '2595', '0', '0', '0', '0');
REPLACE INTO `npc_vendor` VALUES ('73005', '2596', '0', '0', '0', '0');

REPLACE INTO `npc_vendor` VALUES ('73006', '2723', '0', '0', '0', '0');
REPLACE INTO `npc_vendor` VALUES ('73006', '2594', '0', '0', '0', '0');
REPLACE INTO `npc_vendor` VALUES ('73006', '2593', '0', '0', '0', '0');
REPLACE INTO `npc_vendor` VALUES ('73006', '2595', '0', '0', '0', '0');
REPLACE INTO `npc_vendor` VALUES ('73006', '2596', '0', '0', '0', '0');
