
replace into gameobject_template values 

(1000307, 0, 5, 377,  'Empty Flower Planter Small', 0, 0, 0.6, 0, 0, 0, 0, 0, 0, 0, 0, 0, 0, 0, 0, 0, 0, 0, 0, 0, 0, 0, 0, 0, 0, 0, 0, 0, 0, ''),
(1000308, 0, 5, 377,  'Empty Flower Planter Big', 0, 0, 0.9, 0, 0, 0, 0, 0, 0, 0, 0, 0, 0, 0, 0, 0, 0, 0, 0, 0, 0, 0, 0, 0, 0, 0, 0, 0, 0, ''),
(1000309, 0, 5, 6405, 'Stormwind Apple Bob', 0, 0, 0.9, 0, 0, 0, 0, 0, 0, 0, 0, 0, 0, 0, 0, 0, 0, 0, 0, 0, 0, 0, 0, 0, 0, 0, 0, 0, 0, ''),
(1000310, 0, 5, 2614, 'Pile of Gold Coins', 0, 0, 0.3, 0, 0, 0, 0, 0, 0, 0, 0, 0, 0, 0, 0, 0, 0, 0, 0, 0, 0, 0, 0, 0, 0, 0, 0, 0, 0, ''),
(1000312, 0, 2, 6291, 'Quarry a coin in Stormwind Fountain!', 0, 0, 1, 1, 1, 1, 0, 0, 0, 0, 0, 0, 0, 0, 0, 0, 0, 0, 0, 0, 0, 0, 0, 0, 0, 0, 0, 0, 0, 'go_stormwind_fountain'),
(1000313, 0, 5, 214, 'Redwater Syndicate', 0, 0, 1.7, 1, 1, 0, 0, 0, 0, 0, 0, 0, 0, 0, 0, 0, 0, 0, 0, 0, 0, 0, 0, 0, 0, 0, 0, 0, 0, ''),
(1000314, 0, 2, 6291, 'Quarry a coin in Orgrimmar Waterfall!', 0, 0, 1, 1, 1, 1, 0, 0, 0, 0, 0, 0, 0, 0, 0, 0, 0, 0, 0, 0, 0, 0, 0, 0, 0, 0, 0, 0, 0, 'go_stormwind_fountain'),
(1000315, 0, 5, 296, 'Water Pump', 0, 0, 1, 0, 0, 0, 0, 0, 0, 0, 0, 0, 0, 0, 0, 0, 0, 0, 0, 0, 0, 0, 0, 0, 0, 0, 0, 0, 0, ''),
(1000316, 0, 5, 651, 'Troll Pottery', 0, 0, 1, 0, 0, 0, 0, 0, 0, 0, 0, 0, 0, 0, 0, 0, 0, 0, 0, 0, 0, 0, 0, 0, 0, 0, 0, 0, 0, ''),
(1000317, 0, 5, 5831, 'Burnt Outpost', 0, 0, 1, 0, 0, 0, 0, 0, 0, 0, 0, 0, 0, 0, 0, 0, 0, 0, 0, 0, 0, 0, 0, 0, 0, 0, 0, 0, 0, ''),
(1000318, 0, 5, 6035, 'Elf Crate', 0, 0, 1, 0, 0, 0, 0, 0, 0, 0, 0, 0, 0, 0, 0, 0, 0, 0, 0, 0, 0, 0, 0, 0, 0, 0, 0, 0, 0, ''),
(1000319, 0, 5, 6709, 'Argent Dawn Banner', 0, 0, 1, 0, 0, 0, 0, 0, 0, 0, 0, 0, 0, 0, 0, 0, 0, 0, 0, 0, 0, 0, 0, 0, 0, 0, 0, 0, 0, ''),
(1000320, 0, 2, 49, 'Plant the Blessed Seed into dirt mound.', 0, 0, 1, 1, 1, 1, 0, 0, 0, 0, 0, 0, 0, 0, 0, 0, 0, 0, 0, 0, 0, 0, 0, 0, 0, 0, 0, 0, 0, 'go_epl_tree_of_life'),
(1000321, 0, 5, 1310, 'Argent Down Yellow Aura', 0, 0, 4, 0, 0, 0, 0, 0, 0, 0, 0, 0, 0, 0, 0, 0, 0, 0, 0, 0, 0, 0, 0, 0, 0, 0, 0, 0, 0, ''),
(1000322, 0, 5, 967, 'Green Tree', 0, 0, 0.1, 0, 0, 0, 0, 0, 0, 0, 0, 0, 0, 0, 0, 0, 0, 0, 0, 0, 0, 0, 0, 0, 0, 0, 0, 0, 0, 'go_epl_growing_tree'),
(1000323, 0, 5, 967, 'Green Tree', 0, 0, 0.2, 0, 0, 0, 0, 0, 0, 0, 0, 0, 0, 0, 0, 0, 0, 0, 0, 0, 0, 0, 0, 0, 0, 0, 0, 0, 0, 'go_epl_growing_tree'),
(1000324, 0, 5, 967, 'Green Tree', 0, 0, 0.3, 0, 0, 0, 0, 0, 0, 0, 0, 0, 0, 0, 0, 0, 0, 0, 0, 0, 0, 0, 0, 0, 0, 0, 0, 0, 0, 'go_epl_growing_tree'),
(1000325, 0, 5, 967, 'Green Tree', 0, 0, 0.4, 0, 0, 0, 0, 0, 0, 0, 0, 0, 0, 0, 0, 0, 0, 0, 0, 0, 0, 0, 0, 0, 0, 0, 0, 0, 0, 'go_epl_growing_tree'),
(1000326, 0, 5, 967, 'Green Tree', 0, 0, 0.5, 0, 0, 0, 0, 0, 0, 0, 0, 0, 0, 0, 0, 0, 0, 0, 0, 0, 0, 0, 0, 0, 0, 0, 0, 0, 0, 'go_epl_growing_tree'),
(1000327, 0, 5, 967, 'Green Tree', 0, 0, 0.6, 0, 0, 0, 0, 0, 0, 0, 0, 0, 0, 0, 0, 0, 0, 0, 0, 0, 0, 0, 0, 0, 0, 0, 0, 0, 0, 'go_epl_growing_tree'),
(1000328, 0, 5, 967, 'Green Tree', 0, 0, 0.9, 0, 0, 0, 0, 0, 0, 0, 0, 0, 0, 0, 0, 0, 0, 0, 0, 0, 0, 0, 0, 0, 0, 0, 0, 0, 0, 'go_epl_growing_tree'),
(1000329, 0, 5, 967, 'Green Tree Final', 0, 0, 1, 0, 0, 0, 0, 0, 0, 0, 0, 0, 0, 0, 0, 0, 0, 0, 0, 0, 0, 0, 0, 0, 0, 0, 0, 0, 0, ''),
(1000330, 0, 5, 6671, 'Holy Wings Yellow Aura', 0, 0, 1.2, 0, 0, 0, 0, 0, 0, 0, 0, 0, 0, 0, 0, 0, 0, 0, 0, 0, 0, 0, 0, 0, 0, 0, 0, 0, 0, ''),
(1000333, 0, 2, 6424, 'Goblin Brainwashing Device', 35, 0, 0.7, 0, 0, 2, 0, 0, 0, 0, 0, 1, 0, 0, 0, 0, 0, 0, 0, 0, 0, 0, 0, 0, 0, 0, 0, 0, 0, 'go_brainwashing_device'),

-- Farm Stuff

-- 1. You get the quest: bring 3 types of special seeds with accelerated grow rate
-- 2. You travel around Azeroth, get seeds from 3 locations, bring it to NPC and get a Planter as reward.
-- 3. Optional: you get seconds quest to grow three things, with a Blue Shovel and Green Farmer;s Hat as reward.
-- 4. You spawn planter, click on it, if you have seeds: there'll be a gossip line for each, like: plant pumpkin, plant berries etc.
-- 5. You click on gossip, small sproutling appear in the box. It says to wait 10 minutes.
-- 6. Once 5 minutes is over, object becomes active and you need to water it with Refreshing Spring Water. 
-- 7. It turns into small pumpkin. You want again 10 minutes. Object becomes active and asking for watering again.
-- 8. You water it. It turns into medium pumpkin, you wait 10 minutes, water it again, it turns into grownup pumpkin.
-- 9. You loot pumpkin an get from 5-15 pumpkins

(1000334, 0, 2, 113, 'Simple Wooden Planter', 35, 0, 1.1, 0, 0, 2, 0, 0, 0, 0, 0, 1, 0, 0, 0, 0, 0, 0, 0, 0, 0, 0, 0, 0, 0, 0, 0, 0, 0, 'go_simple_wooden_planter'),
(1000335, 0, 5, 20,  'Planter Mud', 0, 0, 0.4, 0, 0, 0, 0, 0, 0, 0, 0, 0, 0, 0, 0, 0, 0, 0, 0, 0, 0, 0, 0, 0, 0, 0, 0, 0, 0, ''),

(1000336, 0, 5, 677, 'Little sproutling. Nice and healthy!', 0, 0, 0.2, 1, 1, 0, 0, 0, 0, 0, 0, 0, 0, 0, 0, 0, 0, 0, 0, 0, 0, 0, 0, 0, 0, 0, 0, 0, 0, 'go_farm_vegetable_growing_stage'),
(1000337, 0, 2, 677, 'Little sproutling. Water it!', 0, 0, 0.3, 1, 1, 1, 1, 0, 0, 0, 0, 0, 0, 0, 0, 0, 0, 0, 0, 0, 0, 0, 0, 0, 0, 0, 0, 0, 0, 'go_farm_grow_activate'),
(1000338, 0, 5, 60, 'Cute little Pumpkin. Watch what will happen...', 0, 0, 0.2, 1, 1, 0, 0, 0, 0, 0, 0, 0, 0, 0, 0, 0, 0, 0, 0, 0, 0, 0, 0, 0, 0, 0, 0, 0, 0, 'go_farm_vegetable_growing_stage'),
(1000339, 0, 2, 60, 'Cute little Pumpkin. Fertilize it with Ungoro Soil!', 0, 0, 0.2, 1, 1, 1, 1, 0, 0, 0, 0, 0, 0, 0, 0, 0, 0, 0, 0, 0, 0, 0, 0, 0, 0, 0, 0, 0, 0, 'go_farm_grow_activate'),
(1000340, 0, 5, 60, 'This pumpkin is growing!', 0, 0, 0.3, 1, 1, 0, 0, 0, 0, 0, 0, 0, 0, 0, 0, 0, 0, 0, 0, 0, 0, 0, 0, 0, 0, 0, 0, 0, 0, 'go_farm_vegetable_growing_stage'),
(1000341, 0, 2, 60, 'Medium pumpkin. Water it!', 0, 0, 0.3, 1, 1, 1, 1, 0, 0, 0, 0, 0, 0, 0, 0, 0, 0, 0, 0, 0, 0, 0, 0, 0, 0, 0, 0, 0, 0, 'go_farm_grow_activate'),
(1000342, 0, 3, 60, 'Plump juicy pumpkin. Ready for harvest!', 0, 0, 0.4, 57, 1000001, 0, 1, 0, 0, 0, 0, 0, 0, 0, 0, 0, 0, 0, 0, 0, 0, 0, 0, 0, 0, 0, 0, 0, 0, ''),

(1000343, 0, 5, 677, 'Little sproutling. Nice and healthy!', 0, 0, 0.2, 1, 1, 0, 0, 0, 0, 0, 0, 0, 0, 0, 0, 0, 0, 0, 0, 0, 0, 0, 0, 0, 0, 0, 0, 0, 0, 'go_farm_vegetable_growing_stage'),
(1000344, 0, 2, 677, 'Little sproutling. Water it!', 0, 0, 0.3, 1, 1, 1, 1, 0, 0, 0, 0, 0, 0, 0, 0, 0, 0, 0, 0, 0, 0, 0, 0, 0, 0, 0, 0, 0, 0, 'go_farm_grow_activate'),
(1000345, 0, 5, 28, 'Small Berry Bush. Watch what will happen...', 0, 0, 0.1, 1, 1, 0, 0, 0, 0, 0, 0, 0, 0, 0, 0, 0, 0, 0, 0, 0, 0, 0, 0, 0, 0, 0, 0, 0, 0, 'go_farm_vegetable_growing_stage'),
(1000346, 0, 2, 28, 'Small Berry Bush. Fertilize it with Ungoro Soil!', 0, 0, 0.1, 1, 1, 1, 1, 0, 0, 0, 0, 0, 0, 0, 0, 0, 0, 0, 0, 0, 0, 0, 0, 0, 0, 0, 0, 0, 0, 'go_farm_grow_activate'),
(1000347, 0, 5, 28, 'Your Berry Bush is growing!', 0, 0, 0.2, 1, 1, 0, 0, 0, 0, 0, 0, 0, 0, 0, 0, 0, 0, 0, 0, 0, 0, 0, 0, 0, 0, 0, 0, 0, 0, 'go_farm_vegetable_growing_stage'),
(1000348, 0, 2, 28, 'Your Berry Bush is growing! Water it!', 0, 0, 0.2, 1, 1, 1, 1, 0, 0, 0, 0, 0, 0, 0, 0, 0, 0, 0, 0, 0, 0, 0, 0, 0, 0, 0, 0, 0, 0, 'go_farm_grow_activate'),
(1000349, 0, 3, 28, 'Bush full of berries. Ready for harvest!', 0, 0, 0.3, 57, 1000001, 0, 1, 0, 0, 0, 0, 0, 0, 0, 0, 0, 0, 0, 0, 0, 0, 0, 0, 0, 0, 0, 0, 0, 0, ''),

(1000350, 0, 5, 677, 'Little sproutling. Nice and healthy!', 0, 0, 0.2, 1, 1, 0, 0, 0, 0, 0, 0, 0, 0, 0, 0, 0, 0, 0, 0, 0, 0, 0, 0, 0, 0, 0, 0, 0, 0, 'go_farm_vegetable_growing_stage'),
(1000351, 0, 2, 677, 'Little sproutling. Water it!', 0, 0, 0.3, 1, 1, 1, 1, 0, 0, 0, 0, 0, 0, 0, 0, 0, 0, 0, 0, 0, 0, 0, 0, 0, 0, 0, 0, 0, 0, 'go_farm_grow_activate'),
(1000352, 0, 5, 332, 'Small Watermelon. Watch what will happen...', 0, 0, 0.2, 1, 1, 0, 0, 0, 0, 0, 0, 0, 0, 0, 0, 0, 0, 0, 0, 0, 0, 0, 0, 0, 0, 0, 0, 0, 0, 'go_farm_vegetable_growing_stage'),
(1000353, 0, 2, 332, 'Small Watermelon. Fertilize it with Ungoro Soil!', 0, 0, 0.2, 1, 1, 1, 1, 0, 0, 0, 0, 0, 0, 0, 0, 0, 0, 0, 0, 0, 0, 0, 0, 0, 0, 0, 0, 0, 0, 'go_farm_grow_activate'),
(1000354, 0, 5, 332, 'Your Watermelon is growing!', 0, 0, 0.4, 1, 1, 0, 0, 0, 0, 0, 0, 0, 0, 0, 0, 0, 0, 0, 0, 0, 0, 0, 0, 0, 0, 0, 0, 0, 0, 'go_farm_vegetable_growing_stage'),
(1000355, 0, 2, 332, 'Your Watermelon is growing! Water it!', 0, 0, 0.4, 1, 1, 1, 1, 0, 0, 0, 0, 0, 0, 0, 0, 0, 0, 0, 0, 0, 0, 0, 0, 0, 0, 0, 0, 0, 0, 'go_farm_grow_activate'),
(1000356, 0, 3, 332, 'Awesome sweet watermelon. Ready for harvest!', 0, 0, 0.6, 57, 1000001, 0, 1, 0, 0, 0, 0, 0, 0, 0, 0, 0, 0, 0, 0, 0, 0, 0, 0, 0, 0, 0, 0, 0, 0, ''),

(1000357, 0, 5, 6397, 'Splash!', 0, 0, 0.3, 1, 1, 0, 0, 0, 0, 0, 0, 0, 0, 0, 0, 0, 0, 0, 0, 0, 0, 0, 0, 0, 0, 0, 0, 0, 0, ''),

(1000358, 0, 5, 155, 'Little mushroom. Nice and healthy!', 0, 0, 0.2, 1, 1, 0, 0, 0, 0, 0, 0, 0, 0, 0, 0, 0, 0, 0, 0, 0, 0, 0, 0, 0, 0, 0, 0, 0, 0, 'go_farm_vegetable_growing_stage'),
(1000359, 0, 2, 155, 'Little mushroom. Water it!', 0, 0, 0.3, 1, 1, 1, 1, 0, 0, 0, 0, 0, 0, 0, 0, 0, 0, 0, 0, 0, 0, 0, 0, 0, 0, 0, 0, 0, 0, 'go_farm_grow_activate'),
(1000360, 0, 5, 155, 'Small Magic Mushroom. Watch what will happen...', 0, 0, 0.2, 1, 1, 0, 0, 0, 0, 0, 0, 0, 0, 0, 0, 0, 0, 0, 0, 0, 0, 0, 0, 0, 0, 0, 0, 0, 0, 'go_farm_vegetable_growing_stage'),
(1000361, 0, 2, 155, 'Small Magic Mushroom. Fertilize it with Ungoro Soil!', 0, 0, 0.2, 1, 1, 1, 1, 0, 0, 0, 0, 0, 0, 0, 0, 0, 0, 0, 0, 0, 0, 0, 0, 0, 0, 0, 0, 0, 0, 'go_farm_grow_activate'),
(1000362, 0, 5, 155, 'Your Magic Mushroom is growing!', 0, 0, 0.4, 1, 1, 0, 0, 0, 0, 0, 0, 0, 0, 0, 0, 0, 0, 0, 0, 0, 0, 0, 0, 0, 0, 0, 0, 0, 0, 'go_farm_vegetable_growing_stage'),
(1000363, 0, 2, 155, 'Your Magic Mushroom is growing! Water it!', 0, 0, 0.4, 1, 1, 1, 1, 0, 0, 0, 0, 0, 0, 0, 0, 0, 0, 0, 0, 0, 0, 0, 0, 0, 0, 0, 0, 0, 0, 'go_farm_grow_activate'),
(1000364, 0, 3, 155, 'Delicious and completely absent of  psychedelic properties. Ready for harvest!', 0, 0, 0.6, 57, 1000001, 0, 1, 0, 0, 0, 0, 0, 0, 0, 0, 0, 0, 0, 0, 0, 0, 0, 0, 0, 0, 0, 0, 0, 0, '');

replace into item_template values

(51600, 0, 15, 0, 'Ancient Spell Locket', 'Old spell is still emanating with Arcane runes and incantation is clearly too old to read it properly.', 2612, 1, 0, 1, 5000, 5000, 0, -1, -1, 1, 0, 0, 0, 0, 0, 0, 0, 0, 0, 20, 0, 0, 0, 0, 0, 0, 0, 0, 0, 0, 0, 0, 0, 0, 0, 0, 0, 0, 0, 0, 0, 0, 0, 0, 0, 0, 0, 0, 0, 0, 0, 0, 0, 0, 0, 0, 0, 0, 0, 0, 0, 0, 0, 0, 0, 0, 0, 0, 0, 0, 0, -1, 0, -1, 0, 0, 0, 0, -1, 0, -1, 0, 0, 0, 0, -1, 0, -1, 0, 0, 0, 0, -1, 0, -1, 0, 0, 0, 0, -1, 0, -1, 1, 0, 0, 0, 0, 0, 0, 0, 0, 0, 0, 0, 0, 0, 0, 0, 0, 0, 0, 0, 1, NULL),
(51601, 0, 15, 0, 'Othmar Garithos\' Coin', 'Keep your wishes for yourself. I do not negotiate with fountains.', 9649, 1, 0, 1, 5000, 5000, 0, -1, -1, 1, 0, 0, 0, 0, 0, 0, 0, 0, 0, 20, 0, 0, 0, 0, 0, 0, 0, 0, 0, 0, 0, 0, 0, 0, 0, 0, 0, 0, 0, 0, 0, 0, 0, 0, 0, 0, 0, 0, 0, 0, 0, 0, 0, 0, 0, 0, 0, 0, 0, 0, 0, 0, 0, 0, 0, 0, 0, 0, 0, 0, 0, -1, 0, -1, 0, 0, 0, 0, -1, 0, -1, 0, 0, 0, 0, -1, 0, -1, 0, 0, 0, 0, -1, 0, -1, 0, 0, 0, 0, -1, 0, -1, 1, 0, 0, 0, 0, 0, 0, 0, 0, 0, 0, 0, 0, 0, 0, 0, 0, 0, 0, 0, 1, NULL),
(51602, 0, 15, 0, 'Nathanos Marris\' Coin', 'Only her belief in my skills allowed it, not any Halduron or Renthar with that whimsical Lor\'themar. Only her.', 9649, 1, 0, 1, 5000, 5000, 0, -1, -1, 1, 0, 0, 0, 0, 0, 0, 0, 0, 0, 20, 0, 0, 0, 0, 0, 0, 0, 0, 0, 0, 0, 0, 0, 0, 0, 0, 0, 0, 0, 0, 0, 0, 0, 0, 0, 0, 0, 0, 0, 0, 0, 0, 0, 0, 0, 0, 0, 0, 0, 0, 0, 0, 0, 0, 0, 0, 0, 0, 0, 0, 0, -1, 0, -1, 0, 0, 0, 0, -1, 0, -1, 0, 0, 0, 0, -1, 0, -1, 0, 0, 0, 0, -1, 0, -1, 0, 0, 0, 0, -1, 0, -1, 1, 0, 0, 0, 0, 0, 0, 0, 0, 0, 0, 0, 0, 0, 0, 0, 0, 0, 0, 0, 1, NULL),
(51603, 0, 15, 0, 'Arthas\' Gold Coin', 'Already, I\'ve a kingdom in my prospects, a land to rule. What to ask for? Perhaps a frozen scone...', 2624, 1, 0, 1, 5000, 5000, 0, -1, -1, 1, 0, 0, 0, 0, 0, 0, 0, 0, 0, 20, 0, 0, 0, 0, 0, 0, 0, 0, 0, 0, 0, 0, 0, 0, 0, 0, 0, 0, 0, 0, 0, 0, 0, 0, 0, 0, 0, 0, 0, 0, 0, 0, 0, 0, 0, 0, 0, 0, 0, 0, 0, 0, 0, 0, 0, 0, 0, 0, 0, 0, 0, -1, 0, -1, 0, 0, 0, 0, -1, 0, -1, 0, 0, 0, 0, -1, 0, -1, 0, 0, 0, 0, -1, 0, -1, 0, 0, 0, 0, -1, 0, -1, 1, 0, 0, 0, 0, 0, 0, 0, 0, 0, 0, 0, 0, 0, 0, 0, 0, 0, 0, 0, 1, NULL),
(51604, 0, 15, 0, 'Speedy\'s Gold Coin', 'Be sure to bring your friends over.', 2624, 1, 0, 1, 10000, 10000, 0, -1, -1, 1, 0, 0, 0, 0, 0, 0, 0, 0, 0, 20, 0, 0, 0, 0, 0, 0, 0, 0, 0, 0, 0, 0, 0, 0, 0, 0, 0, 0, 0, 0, 0, 0, 0, 0, 0, 0, 0, 0, 0, 0, 0, 0, 0, 0, 0, 0, 0, 0, 0, 0, 0, 0, 0, 0, 0, 0, 0, 0, 0, 0, 0, -1, 0, -1, 0, 0, 0, 0, -1, 0, -1, 0, 0, 0, 0, -1, 0, -1, 0, 0, 0, 0, -1, 0, -1, 0, 0, 0, 0, -1, 0, -1, 1, 0, 0, 0, 0, 0, 0, 0, 0, 0, 0, 0, 0, 0, 0, 0, 0, 0, 0, 0, 1, NULL),
(51605, 0, 15, 0, 'Vaedath\'s Silver Coin', 'Now the entire raid can use my hole!', 9649, 1, 0, 1, 5000, 5000, 0, -1, -1, 1, 0, 0, 0, 0, 0, 0, 0, 0, 0, 20, 0, 0, 0, 0, 0, 0, 0, 0, 0, 0, 0, 0, 0, 0, 0, 0, 0, 0, 0, 0, 0, 0, 0, 0, 0, 0, 0, 0, 0, 0, 0, 0, 0, 0, 0, 0, 0, 0, 0, 0, 0, 0, 0, 0, 0, 0, 0, 0, 0, 0, 0, -1, 0, -1, 0, 0, 0, 0, -1, 0, -1, 0, 0, 0, 0, -1, 0, -1, 0, 0, 0, 0, -1, 0, -1, 0, 0, 0, 0, -1, 0, -1, 1, 0, 0, 0, 0, 0, 0, 0, 0, 0, 0, 0, 0, 0, 0, 0, 0, 0, 0, 0, 1, NULL),
(51606, 0, 15, 0, 'Felicia\'s Silver Coin', 'Style is a way to say who you are without having to speak. ', 9649, 1, 0, 1, 5000, 5000, 0, -1, -1, 1, 0, 0, 0, 0, 0, 0, 0, 0, 0, 20, 0, 0, 0, 0, 0, 0, 0, 0, 0, 0, 0, 0, 0, 0, 0, 0, 0, 0, 0, 0, 0, 0, 0, 0, 0, 0, 0, 0, 0, 0, 0, 0, 0, 0, 0, 0, 0, 0, 0, 0, 0, 0, 0, 0, 0, 0, 0, 0, 0, 0, 0, -1, 0, -1, 0, 0, 0, 0, -1, 0, -1, 0, 0, 0, 0, -1, 0, -1, 0, 0, 0, 0, -1, 0, -1, 0, 0, 0, 0, -1, 0, -1, 1, 0, 0, 0, 0, 0, 0, 0, 0, 0, 0, 0, 0, 0, 0, 0, 0, 0, 0, 0, 1, NULL),
(51607, 0, 15, 0, 'Sinrek\'s Silver Coin', 'Live and let live or die trying.', 9649, 1, 0, 1, 5000, 5000, 0, -1, -1, 1, 0, 0, 0, 0, 0, 0, 0, 0, 0, 20, 0, 0, 0, 0, 0, 0, 0, 0, 0, 0, 0, 0, 0, 0, 0, 0, 0, 0, 0, 0, 0, 0, 0, 0, 0, 0, 0, 0, 0, 0, 0, 0, 0, 0, 0, 0, 0, 0, 0, 0, 0, 0, 0, 0, 0, 0, 0, 0, 0, 0, 0, -1, 0, -1, 0, 0, 0, 0, -1, 0, -1, 0, 0, 0, 0, -1, 0, -1, 0, 0, 0, 0, -1, 0, -1, 0, 0, 0, 0, -1, 0, -1, 1, 0, 0, 0, 0, 0, 0, 0, 0, 0, 0, 0, 0, 0, 0, 0, 0, 0, 0, 0, 1, NULL),
(51608, 0, 15, 0, 'King Mrgl-Mrgl\'s Coin', 'Some days, I think the murlocs don\'t appreciate everything I do for them.', 9649, 1, 0, 1, 5000, 5000, 0, -1, -1, 1, 0, 0, 0, 0, 0, 0, 0, 0, 0, 20, 0, 0, 0, 0, 0, 0, 0, 0, 0, 0, 0, 0, 0, 0, 0, 0, 0, 0, 0, 0, 0, 0, 0, 0, 0, 0, 0, 0, 0, 0, 0, 0, 0, 0, 0, 0, 0, 0, 0, 0, 0, 0, 0, 0, 0, 0, 0, 0, 0, 0, 0, -1, 0, -1, 0, 0, 0, 0, -1, 0, -1, 0, 0, 0, 0, -1, 0, -1, 0, 0, 0, 0, -1, 0, -1, 0, 0, 0, 0, -1, 0, -1, 1, 0, 0, 0, 0, 0, 0, 0, 0, 0, 0, 0, 0, 0, 0, 0, 0, 0, 0, 0, 1, NULL),
(51609, 0, 15, 0, 'Barthilas\' Copper Coin', 'I wish … I wish Patricia would always be near me!', 6244, 1, 0, 1, 5000, 5000, 0, -1, -1, 1, 0, 0, 0, 0, 0, 0, 0, 0, 0, 20, 0, 0, 0, 0, 0, 0, 0, 0, 0, 0, 0, 0, 0, 0, 0, 0, 0, 0, 0, 0, 0, 0, 0, 0, 0, 0, 0, 0, 0, 0, 0, 0, 0, 0, 0, 0, 0, 0, 0, 0, 0, 0, 0, 0, 0, 0, 0, 0, 0, 0, 0, -1, 0, -1, 0, 0, 0, 0, -1, 0, -1, 0, 0, 0, 0, -1, 0, -1, 0, 0, 0, 0, -1, 0, -1, 0, 0, 0, 0, -1, 0, -1, 1, 0, 0, 0, 0, 0, 0, 0, 0, 0, 0, 0, 0, 0, 0, 0, 0, 0, 0, 0, 1, NULL),
(51610, 0, 15, 0, 'Murky\'s Coin', 'Mrr glrrrgl mrr glrrgl glrr.', 9858, 1, 0, 1, 5000, 5000, 0, -1, -1, 1, 0, 0, 0, 0, 0, 0, 0, 0, 0, 20, 0, 0, 0, 0, 0, 0, 0, 0, 0, 0, 0, 0, 0, 0, 0, 0, 0, 0, 0, 0, 0, 0, 0, 0, 0, 0, 0, 0, 0, 0, 0, 0, 0, 0, 0, 0, 0, 0, 0, 0, 0, 0, 0, 0, 0, 0, 0, 0, 0, 0, 0, -1, 0, -1, 0, 0, 0, 0, -1, 0, -1, 0, 0, 0, 0, -1, 0, -1, 0, 0, 0, 0, -1, 0, -1, 0, 0, 0, 0, -1, 0, -1, 1, 0, 0, 0, 0, 0, 0, 0, 0, 0, 0, 0, 0, 0, 0, 0, 0, 0, 0, 0, 1, NULL),
(51611, 0, 15, 0, 'Eitrigg\'s Copper Coin', 'Whatever comes, the Horde will endure. It must!', 6244, 1, 0, 1, 5000, 5000, 0, -1, -1, 1, 0, 0, 0, 0, 0, 0, 0, 0, 0, 20, 0, 0, 0, 0, 0, 0, 0, 0, 0, 0, 0, 0, 0, 0, 0, 0, 0, 0, 0, 0, 0, 0, 0, 0, 0, 0, 0, 0, 0, 0, 0, 0, 0, 0, 0, 0, 0, 0, 0, 0, 0, 0, 0, 0, 0, 0, 0, 0, 0, 0, 0, -1, 0, -1, 0, 0, 0, 0, -1, 0, -1, 0, 0, 0, 0, -1, 0, -1, 0, 0, 0, 0, -1, 0, -1, 0, 0, 0, 0, -1, 0, -1, 1, 0, 0, 0, 0, 0, 0, 0, 0, 0, 0, 0, 0, 0, 0, 0, 0, 0, 0, 0, 1, NULL),
(51612, 0, 15, 0, 'A Peasant\'s Silver Coin', 'I\'m so forgetful! I wish I had a better memory. Wait, didn\'t I already throw a coin into here?', 9649, 1, 0, 1, 5000, 5000, 0, -1, -1, 1, 0, 0, 0, 0, 0, 0, 0, 0, 0, 20, 0, 0, 0, 0, 0, 0, 0, 0, 0, 0, 0, 0, 0, 0, 0, 0, 0, 0, 0, 0, 0, 0, 0, 0, 0, 0, 0, 0, 0, 0, 0, 0, 0, 0, 0, 0, 0, 0, 0, 0, 0, 0, 0, 0, 0, 0, 0, 0, 0, 0, 0, -1, 0, -1, 0, 0, 0, 0, -1, 0, -1, 0, 0, 0, 0, -1, 0, -1, 0, 0, 0, 0, -1, 0, -1, 0, 0, 0, 0, -1, 0, -1, 1, 0, 0, 0, 0, 0, 0, 0, 0, 0, 0, 0, 0, 0, 0, 0, 0, 0, 0, 0, 1, NULL),
(51613, 0, 15, 0, 'Kryll\'s Copper Coin', 'Boom. Now boom? I wish for a boom. Boom go! This coin must be broken, I wonder if it\'ll explode.', 6244, 1, 0, 1, 5000, 5000, 0, -1, -1, 1, 0, 0, 0, 0, 0, 0, 0, 0, 0, 20, 0, 0, 0, 0, 0, 0, 0, 0, 0, 0, 0, 0, 0, 0, 0, 0, 0, 0, 0, 0, 0, 0, 0, 0, 0, 0, 0, 0, 0, 0, 0, 0, 0, 0, 0, 0, 0, 0, 0, 0, 0, 0, 0, 0, 0, 0, 0, 0, 0, 0, 0, -1, 0, -1, 0, 0, 0, 0, -1, 0, -1, 0, 0, 0, 0, -1, 0, -1, 0, 0, 0, 0, -1, 0, -1, 0, 0, 0, 0, -1, 0, -1, 1, 0, 0, 0, 0, 0, 0, 0, 0, 0, 0, 0, 0, 0, 0, 0, 0, 0, 0, 0, 1, NULL),
(51614, 0, 15, 0, 'Medivh\'s Silver Coin', 'I know how it will all end… I only wish I knew how to lessen the burden.', 9649, 1, 0, 1, 5000, 5000, 0, -1, -1, 1, 0, 0, 0, 0, 0, 0, 0, 0, 0, 20, 0, 0, 0, 0, 0, 0, 0, 0, 0, 0, 0, 0, 0, 0, 0, 0, 0, 0, 0, 0, 0, 0, 0, 0, 0, 0, 0, 0, 0, 0, 0, 0, 0, 0, 0, 0, 0, 0, 0, 0, 0, 0, 0, 0, 0, 0, 0, 0, 0, 0, 0, -1, 0, -1, 0, 0, 0, 0, -1, 0, -1, 0, 0, 0, 0, -1, 0, -1, 0, 0, 0, 0, -1, 0, -1, 0, 0, 0, 0, -1, 0, -1, 1, 0, 0, 0, 0, 0, 0, 0, 0, 0, 0, 0, 0, 0, 0, 0, 0, 0, 0, 0, 1, NULL),
(51615, 0, 15, 0, 'Muradin Bronzebeard\'s Silver Coin', 'May the Holy Light protect us on our expedition to the frozen north.', 9649, 1, 0, 1, 5000, 5000, 0, -1, -1, 1, 0, 0, 0, 0, 0, 0, 0, 0, 0, 20, 0, 0, 0, 0, 0, 0, 0, 0, 0, 0, 0, 0, 0, 0, 0, 0, 0, 0, 0, 0, 0, 0, 0, 0, 0, 0, 0, 0, 0, 0, 0, 0, 0, 0, 0, 0, 0, 0, 0, 0, 0, 0, 0, 0, 0, 0, 0, 0, 0, 0, 0, -1, 0, -1, 0, 0, 0, 0, -1, 0, -1, 0, 0, 0, 0, -1, 0, -1, 0, 0, 0, 0, -1, 0, -1, 0, 0, 0, 0, -1, 0, -1, 1, 0, 0, 0, 0, 0, 0, 0, 0, 0, 0, 0, 0, 0, 0, 0, 0, 0, 0, 0, 1, NULL),
(51616, 0, 15, 0, 'Fandral Staghelm\'s Silver Coin', 'The War of the Shifting Sands... I wish I could forget it ever happened.', 9649, 1, 0, 1, 5000, 5000, 0, -1, -1, 1, 0, 0, 0, 0, 0, 0, 0, 0, 0, 20, 0, 0, 0, 0, 0, 0, 0, 0, 0, 0, 0, 0, 0, 0, 0, 0, 0, 0, 0, 0, 0, 0, 0, 0, 0, 0, 0, 0, 0, 0, 0, 0, 0, 0, 0, 0, 0, 0, 0, 0, 0, 0, 0, 0, 0, 0, 0, 0, 0, 0, 0, -1, 0, -1, 0, 0, 0, 0, -1, 0, -1, 0, 0, 0, 0, -1, 0, -1, 0, 0, 0, 0, -1, 0, -1, 0, 0, 0, 0, -1, 0, -1, 1, 0, 0, 0, 0, 0, 0, 0, 0, 0, 0, 0, 0, 0, 0, 0, 0, 0, 0, 0, 1, NULL),
(51617, 0, 15, 0, 'Tyrande\'s Coin', 'That I might protect those I hold dear, and continue to reflect the grace and light of Elune.', 9649, 1, 0, 1, 5000, 5000, 0, -1, -1, 1, 0, 0, 0, 0, 0, 0, 0, 0, 0, 20, 0, 0, 0, 0, 0, 0, 0, 0, 0, 0, 0, 0, 0, 0, 0, 0, 0, 0, 0, 0, 0, 0, 0, 0, 0, 0, 0, 0, 0, 0, 0, 0, 0, 0, 0, 0, 0, 0, 0, 0, 0, 0, 0, 0, 0, 0, 0, 0, 0, 0, 0, -1, 0, -1, 0, 0, 0, 0, -1, 0, -1, 0, 0, 0, 0, -1, 0, -1, 0, 0, 0, 0, -1, 0, -1, 0, 0, 0, 0, -1, 0, -1, 1, 0, 0, 0, 0, 0, 0, 0, 0, 0, 0, 0, 0, 0, 0, 0, 0, 0, 0, 0, 1, NULL),
(51618, 0, 15, 0, 'Malfurion\'s Coin', 'Were we too late to stop the Nightmare?', 9649, 1, 0, 1, 5000, 5000, 0, -1, -1, 1, 0, 0, 0, 0, 0, 0, 0, 0, 0, 20, 0, 0, 0, 0, 0, 0, 0, 0, 0, 0, 0, 0, 0, 0, 0, 0, 0, 0, 0, 0, 0, 0, 0, 0, 0, 0, 0, 0, 0, 0, 0, 0, 0, 0, 0, 0, 0, 0, 0, 0, 0, 0, 0, 0, 0, 0, 0, 0, 0, 0, 0, -1, 0, -1, 0, 0, 0, 0, -1, 0, -1, 0, 0, 0, 0, -1, 0, -1, 0, 0, 0, 0, -1, 0, -1, 0, 0, 0, 0, -1, 0, -1, 1, 0, 0, 0, 0, 0, 0, 0, 0, 0, 0, 0, 0, 0, 0, 0, 0, 0, 0, 0, 1, NULL),
(51619, 0, 15, 0, 'Uther Lightbringer\'s Gold Coin', 'Young Arthas must learn patience to temper his power. I will pray that he one day learns how to lead with care rather than force.', 9649, 1, 0, 1, 5000, 5000, 0, -1, -1, 1, 0, 0, 0, 0, 0, 0, 0, 0, 0, 20, 0, 0, 0, 0, 0, 0, 0, 0, 0, 0, 0, 0, 0, 0, 0, 0, 0, 0, 0, 0, 0, 0, 0, 0, 0, 0, 0, 0, 0, 0, 0, 0, 0, 0, 0, 0, 0, 0, 0, 0, 0, 0, 0, 0, 0, 0, 0, 0, 0, 0, 0, -1, 0, -1, 0, 0, 0, 0, -1, 0, -1, 0, 0, 0, 0, -1, 0, -1, 0, 0, 0, 0, -1, 0, -1, 0, 0, 0, 0, -1, 0, -1, 1, 0, 0, 0, 0, 0, 0, 0, 0, 0, 0, 0, 0, 0, 0, 0, 0, 0, 0, 0, 1, NULL),
(51620, 0, 15, 0, 'Anduin Wrynn\'s Gold Coin', 'I wish I would grow up, it feels like I\'ve been 10 for years.', 2624, 1, 0, 1, 5000, 5000, 0, -1, -1, 1, 0, 0, 0, 0, 0, 0, 0, 0, 0, 20, 0, 0, 0, 0, 0, 0, 0, 0, 0, 0, 0, 0, 0, 0, 0, 0, 0, 0, 0, 0, 0, 0, 0, 0, 0, 0, 0, 0, 0, 0, 0, 0, 0, 0, 0, 0, 0, 0, 0, 0, 0, 0, 0, 0, 0, 0, 0, 0, 0, 0, 0, -1, 0, -1, 0, 0, 0, 0, -1, 0, -1, 0, 0, 0, 0, -1, 0, -1, 0, 0, 0, 0, -1, 0, -1, 0, 0, 0, 0, -1, 0, -1, 1, 0, 0, 0, 0, 0, 0, 0, 0, 0, 0, 0, 0, 0, 0, 0, 0, 0, 0, 0, 1, NULL),
(51621, 0, 15, 0, 'Tirion Fordring\'s Gold Coin', 'It is my wish that my dear Taelan will grow strong enough to defend the people he cares for.', 9649, 1, 0, 1, 5000, 5000, 0, -1, -1, 1, 0, 0, 0, 0, 0, 0, 0, 0, 0, 20, 0, 0, 0, 0, 0, 0, 0, 0, 0, 0, 0, 0, 0, 0, 0, 0, 0, 0, 0, 0, 0, 0, 0, 0, 0, 0, 0, 0, 0, 0, 0, 0, 0, 0, 0, 0, 0, 0, 0, 0, 0, 0, 0, 0, 0, 0, 0, 0, 0, 0, 0, -1, 0, -1, 0, 0, 0, 0, -1, 0, -1, 0, 0, 0, 0, -1, 0, -1, 0, 0, 0, 0, -1, 0, -1, 0, 0, 0, 0, -1, 0, -1, 1, 0, 0, 0, 0, 0, 0, 0, 0, 0, 0, 0, 0, 0, 0, 0, 0, 0, 0, 0, 1, NULL),
(51622, 0, 15, 0, 'Alonsus Faol\'s Copper Coin', 'One day, I hope to spread the path of the Light to the common people and teach them the value of the Three Virtues.', 6244, 1, 0, 1, 5000, 5000, 0, -1, -1, 1, 0, 0, 0, 0, 0, 0, 0, 0, 0, 20, 0, 0, 0, 0, 0, 0, 0, 0, 0, 0, 0, 0, 0, 0, 0, 0, 0, 0, 0, 0, 0, 0, 0, 0, 0, 0, 0, 0, 0, 0, 0, 0, 0, 0, 0, 0, 0, 0, 0, 0, 0, 0, 0, 0, 0, 0, 0, 0, 0, 0, 0, -1, 0, -1, 0, 0, 0, 0, -1, 0, -1, 0, 0, 0, 0, -1, 0, -1, 0, 0, 0, 0, -1, 0, -1, 0, 0, 0, 0, -1, 0, -1, 1, 0, 0, 0, 0, 0, 0, 0, 0, 0, 0, 0, 0, 0, 0, 0, 0, 0, 0, 0, 1, NULL),
(51623, 0, 15, 0, 'Antonidas\' Silver Coin', 'Grant me the strength to accept the things that I cannot change, the courage to change the things I can and the wisdom to know the difference.', 9649, 1, 0, 1, 5000, 5000, 0, -1, -1, 1, 0, 0, 0, 0, 0, 0, 0, 0, 0, 20, 0, 0, 0, 0, 0, 0, 0, 0, 0, 0, 0, 0, 0, 0, 0, 0, 0, 0, 0, 0, 0, 0, 0, 0, 0, 0, 0, 0, 0, 0, 0, 0, 0, 0, 0, 0, 0, 0, 0, 0, 0, 0, 0, 0, 0, 0, 0, 0, 0, 0, 0, -1, 0, -1, 0, 0, 0, 0, -1, 0, -1, 0, 0, 0, 0, -1, 0, -1, 0, 0, 0, 0, -1, 0, -1, 0, 0, 0, 0, -1, 0, -1, 1, 0, 0, 0, 0, 0, 0, 0, 0, 0, 0, 0, 0, 0, 0, 0, 0, 0, 0, 0, 1, NULL),
(51624, 0, 15, 0, 'Lady Katrana Prestor\'s Gold Coin', 'Listen, little wishing fountain. You\'ll give me all your power if you know what\'s good for you.', 2624, 1, 0, 1, 10000, 10000, 0, -1, -1, 1, 0, 0, 0, 0, 0, 0, 0, 0, 0, 20, 0, 0, 0, 0, 0, 0, 0, 0, 0, 0, 0, 0, 0, 0, 0, 0, 0, 0, 0, 0, 0, 0, 0, 0, 0, 0, 0, 0, 0, 0, 0, 0, 0, 0, 0, 0, 0, 0, 0, 0, 0, 0, 0, 0, 0, 0, 0, 0, 0, 0, 0, -1, 0, -1, 0, 0, 0, 0, -1, 0, -1, 0, 0, 0, 0, -1, 0, -1, 0, 0, 0, 0, -1, 0, -1, 0, 0, 0, 0, -1, 0, -1, 1, 0, 0, 0, 0, 0, 0, 0, 0, 0, 0, 0, 0, 0, 0, 0, 0, 0, 0, 0, 1, NULL),
(51625, 0, 15, 0, 'Princess Calia Menethil\'s Copper Coin', 'I hope that handsome nobleman Lord Prestor notices me! He\'s so dreamy!', 6244, 1, 0, 1, 5000, 5000, 0, -1, -1, 1, 0, 0, 0, 0, 0, 0, 0, 0, 0, 20, 0, 0, 0, 0, 0, 0, 0, 0, 0, 0, 0, 0, 0, 0, 0, 0, 0, 0, 0, 0, 0, 0, 0, 0, 0, 0, 0, 0, 0, 0, 0, 0, 0, 0, 0, 0, 0, 0, 0, 0, 0, 0, 0, 0, 0, 0, 0, 0, 0, 0, 0, -1, 0, -1, 0, 0, 0, 0, -1, 0, -1, 0, 0, 0, 0, -1, 0, -1, 0, 0, 0, 0, -1, 0, -1, 0, 0, 0, 0, -1, 0, -1, 1, 0, 0, 0, 0, 0, 0, 0, 0, 0, 0, 0, 0, 0, 0, 0, 0, 0, 0, 0, 1, NULL),
(51626, 0, 15, 0, 'Private Marcus Jonathan\'s Copper Coin', 'I wish to grow a glorious, bushy mustache someday.', 6244, 1, 0, 1, 5000, 5000, 0, -1, -1, 1, 0, 0, 0, 0, 0, 0, 0, 0, 0, 20, 0, 0, 0, 0, 0, 0, 0, 0, 0, 0, 0, 0, 0, 0, 0, 0, 0, 0, 0, 0, 0, 0, 0, 0, 0, 0, 0, 0, 0, 0, 0, 0, 0, 0, 0, 0, 0, 0, 0, 0, 0, 0, 0, 0, 0, 0, 0, 0, 0, 0, 0, -1, 0, -1, 0, 0, 0, 0, -1, 0, -1, 0, 0, 0, 0, -1, 0, -1, 0, 0, 0, 0, -1, 0, -1, 0, 0, 0, 0, -1, 0, -1, 1, 0, 0, 0, 0, 0, 0, 0, 0, 0, 0, 0, 0, 0, 0, 0, 0, 0, 0, 0, 1, NULL),
(51628, 0, 15, 0, 'Torta\'s Gold Coin', 'If the left continent is broken, play on the right one.', 2624, 1, 0, 1, 10000, 10000, 0, -1, -1, 1, 0, 0, 0, 0, 0, 0, 0, 0, 0, 20, 0, 0, 0, 0, 0, 0, 0, 0, 0, 0, 0, 0, 0, 0, 0, 0, 0, 0, 0, 0, 0, 0, 0, 0, 0, 0, 0, 0, 0, 0, 0, 0, 0, 0, 0, 0, 0, 0, 0, 0, 0, 0, 0, 0, 0, 0, 0, 0, 0, 0, 0, -1, 0, -1, 0, 0, 0, 0, -1, 0, -1, 0, 0, 0, 0, -1, 0, -1, 0, 0, 0, 0, -1, 0, -1, 0, 0, 0, 0, -1, 0, -1, 1, 0, 0, 0, 0, 0, 0, 0, 0, 0, 0, 0, 0, 0, 0, 0, 0, 0, 0, 0, 1, NULL),
(51627, 0, 15, 0, 'Er\'s Coin', 'Penus.', 9649, 1, 0, 1, 5000, 5000, 0, -1, -1, 1, 0, 0, 0, 0, 0, 0, 0, 0, 0, 20, 0, 0, 0, 0, 0, 0, 0, 0, 0, 0, 0, 0, 0, 0, 0, 0, 0, 0, 0, 0, 0, 0, 0, 0, 0, 0, 0, 0, 0, 0, 0, 0, 0, 0, 0, 0, 0, 0, 0, 0, 0, 0, 0, 0, 0, 0, 0, 0, 0, 0, 0, -1, 0, -1, 0, 0, 0, 0, -1, 0, -1, 0, 0, 0, 0, -1, 0, -1, 0, 0, 0, 0, -1, 0, -1, 0, 0, 0, 0, -1, 0, -1, 1, 0, 0, 0, 0, 0, 0, 0, 0, 0, 0, 0, 0, 0, 0, 0, 0, 0, 0, 0, 1, NULL),
(51629, 0, 15, 0, 'Aurelian\'s Silver Coin', 'By the power of the Lich… err, Light, burn!', 9649, 1, 0, 1, 5000, 5000, 0, -1, -1, 1, 0, 0, 0, 0, 0, 0, 0, 0, 0, 20, 0, 0, 0, 0, 0, 0, 0, 0, 0, 0, 0, 0, 0, 0, 0, 0, 0, 0, 0, 0, 0, 0, 0, 0, 0, 0, 0, 0, 0, 0, 0, 0, 0, 0, 0, 0, 0, 0, 0, 0, 0, 0, 0, 0, 0, 0, 0, 0, 0, 0, 0, -1, 0, -1, 0, 0, 0, 0, -1, 0, -1, 0, 0, 0, 0, -1, 0, -1, 0, 0, 0, 0, -1, 0, -1, 0, 0, 0, 0, -1, 0, -1, 1, 0, 0, 0, 0, 0, 0, 0, 0, 0, 0, 0, 0, 0, 0, 0, 0, 0, 0, 0, 1, NULL),
(51630, 0, 15, 0, 'Gifted\'s Silver Coin', 'I wish a certain paladin would learn how to heal finally…', 9649, 1, 0, 1, 5000, 5000, 0, -1, -1, 1, 0, 0, 0, 0, 0, 0, 0, 0, 0, 20, 0, 0, 0, 0, 0, 0, 0, 0, 0, 0, 0, 0, 0, 0, 0, 0, 0, 0, 0, 0, 0, 0, 0, 0, 0, 0, 0, 0, 0, 0, 0, 0, 0, 0, 0, 0, 0, 0, 0, 0, 0, 0, 0, 0, 0, 0, 0, 0, 0, 0, 0, -1, 0, -1, 0, 0, 0, 0, -1, 0, -1, 0, 0, 0, 0, -1, 0, -1, 0, 0, 0, 0, -1, 0, -1, 0, 0, 0, 0, -1, 0, -1, 1, 0, 0, 0, 0, 0, 0, 0, 0, 0, 0, 0, 0, 0, 0, 0, 0, 0, 0, 0, 1, NULL),
(51631, 0, 15, 0, 'Smultron\'s Silver Coin', 'I\'m rockin\'.', 9649, 1, 0, 1, 5000, 5000, 0, -1, -1, 1, 0, 0, 0, 0, 0, 0, 0, 0, 0, 20, 0, 0, 0, 0, 0, 0, 0, 0, 0, 0, 0, 0, 0, 0, 0, 0, 0, 0, 0, 0, 0, 0, 0, 0, 0, 0, 0, 0, 0, 0, 0, 0, 0, 0, 0, 0, 0, 0, 0, 0, 0, 0, 0, 0, 0, 0, 0, 0, 0, 0, 0, -1, 0, -1, 0, 0, 0, 0, -1, 0, -1, 0, 0, 0, 0, -1, 0, -1, 0, 0, 0, 0, -1, 0, -1, 0, 0, 0, 0, -1, 0, -1, 1, 0, 0, 0, 0, 0, 0, 0, 0, 0, 0, 0, 0, 0, 0, 0, 0, 0, 0, 0, 1, NULL),
(51632, 0, 15, 0, 'Momo\'s Silver Coin', 'Frostbolt it!', 9649, 1, 0, 1, 5000, 5000, 0, -1, -1, 1, 0, 0, 0, 0, 0, 0, 0, 0, 0, 20, 0, 0, 0, 0, 0, 0, 0, 0, 0, 0, 0, 0, 0, 0, 0, 0, 0, 0, 0, 0, 0, 0, 0, 0, 0, 0, 0, 0, 0, 0, 0, 0, 0, 0, 0, 0, 0, 0, 0, 0, 0, 0, 0, 0, 0, 0, 0, 0, 0, 0, 0, -1, 0, -1, 0, 0, 0, 0, -1, 0, -1, 0, 0, 0, 0, -1, 0, -1, 0, 0, 0, 0, -1, 0, -1, 0, 0, 0, 0, -1, 0, -1, 1, 0, 0, 0, 0, 0, 0, 0, 0, 0, 0, 0, 0, 0, 0, 0, 0, 0, 0, 0, 1, NULL),
(51633, 0, 15, 0, 'Chlo\'s Silver Coin', 'Can we prioritize healing of Chomper?', 9649, 1, 0, 1, 5000, 5000, 0, -1, -1, 1, 0, 0, 0, 0, 0, 0, 0, 0, 0, 20, 0, 0, 0, 0, 0, 0, 0, 0, 0, 0, 0, 0, 0, 0, 0, 0, 0, 0, 0, 0, 0, 0, 0, 0, 0, 0, 0, 0, 0, 0, 0, 0, 0, 0, 0, 0, 0, 0, 0, 0, 0, 0, 0, 0, 0, 0, 0, 0, 0, 0, 0, -1, 0, -1, 0, 0, 0, 0, -1, 0, -1, 0, 0, 0, 0, -1, 0, -1, 0, 0, 0, 0, -1, 0, -1, 0, 0, 0, 0, -1, 0, -1, 1, 0, 0, 0, 0, 0, 0, 0, 0, 0, 0, 0, 0, 0, 0, 0, 0, 0, 0, 0, 1, NULL),
(51634, 0, 15, 0, 'Marta\'s Silver Coin', 'RUSH B!', 9649, 1, 0, 1, 5000, 5000, 0, -1, -1, 1, 0, 0, 0, 0, 0, 0, 0, 0, 0, 20, 0, 0, 0, 0, 0, 0, 0, 0, 0, 0, 0, 0, 0, 0, 0, 0, 0, 0, 0, 0, 0, 0, 0, 0, 0, 0, 0, 0, 0, 0, 0, 0, 0, 0, 0, 0, 0, 0, 0, 0, 0, 0, 0, 0, 0, 0, 0, 0, 0, 0, 0, -1, 0, -1, 0, 0, 0, 0, -1, 0, -1, 0, 0, 0, 0, -1, 0, -1, 0, 0, 0, 0, -1, 0, -1, 0, 0, 0, 0, -1, 0, -1, 1, 0, 0, 0, 0, 0, 0, 0, 0, 0, 0, 0, 0, 0, 0, 0, 0, 0, 0, 0, 1, NULL),
(51635, 0, 15, 0, 'Pompa\'s Rubber Duck', 'Quack!', 17785, 1, 0, 1, 1000, 1000, 0, -1, -1, 1, 0, 0, 0, 0, 0, 0, 0, 0, 0, 20, 0, 0, 0, 0, 0, 0, 0, 0, 0, 0, 0, 0, 0, 0, 0, 0, 0, 0, 0, 0, 0, 0, 0, 0, 0, 0, 0, 0, 0, 0, 0, 0, 0, 0, 0, 0, 0, 0, 0, 0, 0, 0, 0, 0, 0, 0, 0, 0, 0, 0, 0, -1, 0, -1, 0, 0, 0, 0, -1, 0, -1, 0, 0, 0, 0, -1, 0, -1, 0, 0, 0, 0, -1, 0, -1, 0, 0, 0, 0, -1, 0, -1, 1, 0, 0, 0, 0, 0, 0, 0, 0, 0, 0, 0, 0, 0, 0, 0, 0, 0, 0, 0, 1, NULL),
(51636, 0, 15, 0, 'Chomper\'s Lost Tooth', 'That\'s big.', 2598, 1, 0, 1, 1000, 1000, 0, -1, -1, 1, 0, 0, 0, 0, 0, 0, 0, 0, 0, 20, 0, 0, 0, 0, 0, 0, 0, 0, 0, 0, 0, 0, 0, 0, 0, 0, 0, 0, 0, 0, 0, 0, 0, 0, 0, 0, 0, 0, 0, 0, 0, 0, 0, 0, 0, 0, 0, 0, 0, 0, 0, 0, 0, 0, 0, 0, 0, 0, 0, 0, 0, -1, 0, -1, 0, 0, 0, 0, -1, 0, -1, 0, 0, 0, 0, -1, 0, -1, 0, 0, 0, 0, -1, 0, -1, 0, 0, 0, 0, -1, 0, -1, 1, 0, 0, 0, 0, 0, 0, 0, 0, 0, 0, 0, 0, 0, 0, 0, 0, 0, 0, 0, 1, NULL),
(51637, 0, 15, 0, 'Inflatable Thunderfury, Blessed Blade of the Windseeker', 'Deflated.', 20195, 2, 0, 1, 3000, 3000, 0, -1, -1, 1, 0, 0, 0, 0, 0, 0, 0, 0, 0, 20, 0, 0, 0, 0, 0, 0, 0, 0, 0, 0, 0, 0, 0, 0, 0, 0, 0, 0, 0, 0, 0, 0, 0, 0, 0, 0, 0, 0, 0, 0, 0, 0, 0, 0, 0, 0, 0, 0, 0, 0, 0, 0, 0, 0, 0, 0, 0, 0, 0, 0, 0, -1, 0, -1, 0, 0, 0, 0, -1, 0, -1, 0, 0, 0, 0, -1, 0, -1, 0, 0, 0, 0, -1, 0, -1, 0, 0, 0, 0, -1, 0, -1, 1, 0, 0, 0, 0, 0, 0, 0, 0, 0, 0, 0, 0, 0, 0, 0, 0, 0, 0, 0, 1, NULL),
(51638, 0, 15, 0, 'King Llane\'s Silver Coin', 'I\'m sure we\'ll see the best of the outcome and laugh together at the end of this nuisance, Garona. Mark my words!', 9649, 2, 0, 1, 3000, 3000, 0, -1, -1, 1, 0, 0, 0, 0, 0, 0, 0, 0, 0, 20, 0, 0, 0, 0, 0, 0, 0, 0, 0, 0, 0, 0, 0, 0, 0, 0, 0, 0, 0, 0, 0, 0, 0, 0, 0, 0, 0, 0, 0, 0, 0, 0, 0, 0, 0, 0, 0, 0, 0, 0, 0, 0, 0, 0, 0, 0, 0, 0, 0, 0, 0, -1, 0, -1, 0, 0, 0, 0, -1, 0, -1, 0, 0, 0, 0, -1, 0, -1, 0, 0, 0, 0, -1, 0, -1, 0, 0, 0, 0, -1, 0, -1, 1, 0, 0, 0, 0, 0, 0, 0, 0, 0, 0, 0, 0, 0, 0, 0, 0, 0, 0, 0, 1, NULL),
(51639, 0, 15, 0, 'Smultron\'s Shades', 'I wear my goggles at night!', 12289, 2, 0, 1, 4000, 4000, 0, -1, -1, 1, 0, 0, 0, 0, 0, 0, 0, 0, 0, 20, 0, 0, 0, 0, 0, 0, 0, 0, 0, 0, 0, 0, 0, 0, 0, 0, 0, 0, 0, 0, 0, 0, 0, 0, 0, 0, 0, 0, 0, 0, 0, 0, 0, 0, 0, 0, 0, 0, 0, 0, 0, 0, 0, 0, 0, 0, 0, 0, 0, 0, 0, -1, 0, -1, 0, 0, 0, 0, -1, 0, -1, 0, 0, 0, 0, -1, 0, -1, 0, 0, 0, 0, -1, 0, -1, 0, 0, 0, 0, -1, 0, -1, 1, 0, 0, 0, 0, 0, 0, 0, 0, 0, 0, 0, 0, 0, 0, 0, 0, 0, 0, 0, 1, NULL),
(51640, 0, 15, 0, 'Engie\'s Coin', 'Fear in five!', 9649, 2, 0, 1, 4000, 4000, 0, -1, -1, 1, 0, 0, 0, 0, 0, 0, 0, 0, 0, 20, 0, 0, 0, 0, 0, 0, 0, 0, 0, 0, 0, 0, 0, 0, 0, 0, 0, 0, 0, 0, 0, 0, 0, 0, 0, 0, 0, 0, 0, 0, 0, 0, 0, 0, 0, 0, 0, 0, 0, 0, 0, 0, 0, 0, 0, 0, 0, 0, 0, 0, 0, -1, 0, -1, 0, 0, 0, 0, -1, 0, -1, 0, 0, 0, 0, -1, 0, -1, 0, 0, 0, 0, -1, 0, -1, 0, 0, 0, 0, -1, 0, -1, 1, 0, 0, 0, 0, 0, 0, 0, 0, 0, 0, 0, 0, 0, 0, 0, 0, 0, 0, 0, 1, NULL),
(51641, 0, 15, 0, 'Momo\'s Coin', 'WATCH OUT WATCH OUT WATCH OUT!', 9649, 2, 0, 1, 4000, 4000, 0, -1, -1, 1, 0, 0, 0, 0, 0, 0, 0, 0, 0, 20, 0, 0, 0, 0, 0, 0, 0, 0, 0, 0, 0, 0, 0, 0, 0, 0, 0, 0, 0, 0, 0, 0, 0, 0, 0, 0, 0, 0, 0, 0, 0, 0, 0, 0, 0, 0, 0, 0, 0, 0, 0, 0, 0, 0, 0, 0, 0, 0, 0, 0, 0, -1, 0, -1, 0, 0, 0, 0, -1, 0, -1, 0, 0, 0, 0, -1, 0, -1, 0, 0, 0, 0, -1, 0, -1, 0, 0, 0, 0, -1, 0, -1, 1, 0, 0, 0, 0, 0, 0, 0, 0, 0, 0, 0, 0, 0, 0, 0, 0, 0, 0, 0, 1, NULL),
(51642, 0, 15, 0, 'Herczeg\'s Silver Coin', 'The Master of the Elements, The Emperor of the Storms and The Breaker of Sheeps, and the rest of the raid.', 9649, 2, 0, 1, 4000, 4000, 0, -1, -1, 1, 0, 0, 0, 0, 0, 0, 0, 0, 0, 20, 0, 0, 0, 0, 0, 0, 0, 0, 0, 0, 0, 0, 0, 0, 0, 0, 0, 0, 0, 0, 0, 0, 0, 0, 0, 0, 0, 0, 0, 0, 0, 0, 0, 0, 0, 0, 0, 0, 0, 0, 0, 0, 0, 0, 0, 0, 0, 0, 0, 0, 0, -1, 0, -1, 0, 0, 0, 0, -1, 0, -1, 0, 0, 0, 0, -1, 0, -1, 0, 0, 0, 0, -1, 0, -1, 0, 0, 0, 0, -1, 0, -1, 1, 0, 0, 0, 0, 0, 0, 0, 0, 0, 0, 0, 0, 0, 0, 0, 0, 0, 0, 0, 1, NULL),
(51643, 0, 15, 0, 'Marta\'s Silver Coin', 'Kill all the Furbolgs.', 9649, 2, 0, 1, 4000, 4000, 0, -1, -1, 1, 0, 0, 0, 0, 0, 0, 0, 0, 0, 20, 0, 0, 0, 0, 0, 0, 0, 0, 0, 0, 0, 0, 0, 0, 0, 0, 0, 0, 0, 0, 0, 0, 0, 0, 0, 0, 0, 0, 0, 0, 0, 0, 0, 0, 0, 0, 0, 0, 0, 0, 0, 0, 0, 0, 0, 0, 0, 0, 0, 0, 0, -1, 0, -1, 0, 0, 0, 0, -1, 0, -1, 0, 0, 0, 0, -1, 0, -1, 0, 0, 0, 0, -1, 0, -1, 0, 0, 0, 0, -1, 0, -1, 1, 0, 0, 0, 0, 0, 0, 0, 0, 0, 0, 0, 0, 0, 0, 0, 0, 0, 0, 0, 1, NULL);

-- TODO: More coins!

replace into creature_template values 
(51510, 0, 6853, 0, 0, 0, 'Joshua Westfield', 'Redwater Syndicate', 342, 30, 30, 1605, 1605, 0, 0, 1200, 12, 135, 1, 1.14286, 0, 20, 5, 0, 0, 1, 42, 53, 0, 122, 1, 1000, 2000, 1, 4608, 0, 0, 0, 0, 0, 0, 45.144, 62.073, 100, 7, 0, 0, 0, 0, 0, 0, 0, 0, 0, 0, 0, 0, 0, 0, 0, 0, 0, 0, 'EventAI', 0, 3, 0, 0, 3, 0, 0, 100, 0, 0, 524298, 'npc_joshua_westfield');

update gameobject_template set script_name = 'go_epl_flying_machine' where entry = 1000295;

replace into broadcast_text (ID, MaleText) values ('90341', 'Redwater Syndicate is a guild that is looking for people to join its ranks,');
replace into npc_text (ID, BroadcastTextID0) values ('90341', '90341');

replace into broadcast_text (ID, MaleText) values ('90342', 'From glancing it over, you can tell the fine dwarven handywork and gnomish engineering at play. It is a contraption capable of transporting an individual over great distances through the great blue sky. This one specifically seems to fly north to Ardent Watch.\n\nThis machine can transport you up north to the Plaguelands for the small price of 50 silver coins.');
replace into npc_text (ID, BroadcastTextID0) values ('90342', '90342');

replace into creature_template values (51511, 0, 304, 0, 0, 0, 'Gary', '', 0, 1, 1, 64, 64, 0, 0, 20, 31, 2, 1, 0.857143, 0, 20, 5, 0, 0, 1, 2, 2, 0, 44, 1, 2000, 2000, 1, 0, 0, 0, 0, 0, 0, 0, 1.76, 2.42, 100, 8, 0, 0, 0, 0, 0, 0, 0, 0, 0, 0, 0, 0, 0, 0, 0, 0, 0, 0, '', 1, 1, 0, 0, 3, 0, 0, 0, 0, 0, 2, '');

update creature_template set scale = 2, faction = 35 where entry = 51511;

replace into broadcast_text (ID, MaleText) values ('90343', 'Elune\'s guiding light shine upon you as it shines upon the valiant defenders of this sorrowful land.');
replace into npc_text (ID, BroadcastTextID0) values ('90343', '90343');

replace into creature_template values 
(51513, 0, 2198, 0, 0, 0, 'Aspirant Shadewalker', 'Ardent Watch', 342, 30, 30, 1605, 1605, 0, 0, 1200, 12, 135, 1, 1.14286, 0, 20, 5, 0, 0, 1, 42, 53, 0, 122, 1, 1000, 2000, 1, 4608, 0, 0, 0, 0, 0, 0, 45.144, 62.073, 100, 7, 0, 0, 0, 0, 0, 0, 0, 0, 0, 0, 0, 0, 0, 0, 0, 0, 0, 0, 'EventAI', 0, 3, 0, 0, 3, 0, 0, 100, 0, 0, 524298, 'npc_aspirant_shadewalker');

REPLACE INTO creature_template VALUES (50101, 0, 1516, 0, 0, 0, 'Thomas Berkley', 'Ardent Watch Campkeeper', 0, 38, 38, 2284, 2284, 0, 0, 1709, 120, 4, 1, 1.14286, 0, 20, 5, 0, 0, 1, 55, 71, 0, 148, 1, 2000, 2000, 1, 512, 0, 0, 0, 0, 0, 0, 54.5072, 74.9474, 100, 7, 0, 0, 0, 0, 0, 0, 0, 0, 0, 0, 0, 0, 0, 0, 0, 0, 0, 0, '', 0, 3, 0, 0, 3, 0, 0, 0, 0, 0, 10, '');

update creature_template set faction = 1625 where entry = 51513;

update creature_template set subname = 'Ardent Watch Blacksmith' where entry = 50560;

update creature_template set faction = 35 where entry = 50101;


replace into broadcast_text (ID, MaleText) values ('90345', 'Ugh, you call THAT fashion? What kind of person would allow themselves to be seen in such embarrassing attire.\n\nLuckily for you, for a few fashion coins, I can trade you one of these amazing outfits. You\'ll be the best-dressed $C in town. Talk to me when you\'ve knocked some fashion-sense into your head.');
replace into npc_text (ID, BroadcastTextID0) values ('90345', '90345');

replace into creature_template values 
(51520, 0, 3061, 0, 0, 0, 'Lacy Knottley', 'Fashion House Storekeeper', 342, 30, 30, 1605, 1605, 0, 0, 1200, 12, 135, 1, 1.14286, 0, 20, 5, 0, 0, 1, 42, 53, 0, 122, 1, 1000, 2000, 1, 4608, 0, 0, 0, 0, 0, 0, 45.144, 62.073, 100, 7, 0, 0, 0, 0, 0, 0, 0, 0, 0, 0, 0, 0, 0, 0, 0, 0, 0, 0, 'EventAI', 0, 3, 0, 0, 3, 0, 0, 100, 0, 0, 524298, 'npc_dressing_room');

replace into creature_template values 
(51521, 0, 15094, 0, 0, 0, 'Lwaxana', 'Fashion House Storekeeper', 342, 30, 30, 1605, 1605, 0, 0, 1200, 12, 135, 1, 1.14286, 0, 20, 5, 0, 0, 1, 42, 53, 0, 122, 1, 1000, 2000, 1, 4608, 0, 0, 0, 0, 0, 0, 45.144, 62.073, 100, 7, 0, 0, 0, 0, 0, 0, 0, 0, 0, 0, 0, 0, 0, 0, 0, 0, 0, 0, 'EventAI', 0, 3, 0, 0, 3, 0, 0, 100, 0, 0, 524298, 'npc_dressing_room');

update creature_template set faction = 85 where entry = 51521;

delete from creature_template where entry in (50558, 50087, 50086, 50085, 50084, 50083, 50082, 50081, 50078, 50099);
delete from creature where id in (50558, 50087, 50086, 50085, 50084, 50083, 50082, 50081, 50078, 50099);

-- Lil'Foot Chlo' Pet

replace into item_template (entry, class, subclass, name, description, display_id, quality, bonding, spellid_1, spellcooldown_1) values
(51700, 15, 2, 'Cracked Raptor Egg', 'It\'s about to hatch! What could be inside?', 18047, 3, 1, 28505, 1500);
replace into creature_template (entry, display_id1, name, subname, level_min, level_max, health_min, health_max, faction, script_name, scale) values
(51523, 5291, 'Lil\'Foot', '', 1, 1, 64, 64, 35, '', 0.3);
replace into custom_pet_entry_relation (item_entry, creature_entry) values (51700, 51523);
update creature_template set script_name = 'lil_foot_pet' where entry = 51523;

-- Vanguard RP Event

replace into item_template (
entry, patch, class, subclass, name,description, display_id, quality, flags, buy_count,
buy_price, sell_price, inventory_type, allowable_class, allowable_race, item_level,
required_level, required_skill, required_skill_rank, required_spell, required_honor_rank,
required_city_rank, required_reputation_faction, required_reputation_rank, max_count, stackable,
container_slots, stat_type1, stat_value1, stat_type2, stat_value2, stat_type3, stat_value3,
stat_type4, stat_value4, stat_type5, stat_value5, stat_type6, stat_value6, stat_type7,
stat_value7, stat_type8, stat_value8, stat_type9, stat_value9, stat_type10, stat_value10,
delay, range_mod, ammo_type, dmg_min1, dmg_max1, dmg_type1, dmg_min2, dmg_max2, dmg_type2,
dmg_min3, dmg_max3, dmg_type3, dmg_min4, dmg_max4, dmg_type4, dmg_min5, dmg_max5, dmg_type5, block,
armor, holy_res, fire_res, nature_res, frost_res, shadow_res, arcane_res, spellid_1, spelltrigger_1,
spellcharges_1, spellppmrate_1, spellcooldown_1, spellcategory_1, spellcategorycooldown_1, spellid_2,
spelltrigger_2, spellcharges_2, spellppmrate_2, spellcooldown_2, spellcategory_2, spellcategorycooldown_2,
spellid_3, spelltrigger_3, spellcharges_3, spellppmrate_3, spellcooldown_3, spellcategory_3,
spellcategorycooldown_3, spellid_4, spelltrigger_4, spellcharges_4, spellppmrate_4, spellcooldown_4,
spellcategory_4, spellcategorycooldown_4, spellid_5, spelltrigger_5, spellcharges_5, spellppmrate_5,
spellcooldown_5, spellcategory_5, spellcategorycooldown_5, bonding, page_text, page_language, page_material,
start_quest, lock_id, material, sheath, random_property, set_id, max_durability, area_bound, map_bound,
duration, bag_family, disenchant_id, food_type, min_money_loot, max_money_loot, extra_flags, other_team_entry,
script_name)
values
 ('51701', '0', '0', '0', 'Blessed Seed', '', '2641', '2', '0', '1', '0', '0', '0', '-1', '-1', '0',
 '0', '0', '0', '0', '0', '0', '0', '0', '0', '1', '0', '0', '0', '0', '0',
 '0', '0', '0', '0', '0', '0', '0', '0', '0', '0', '0', '0', '0', '0', '0', '0', '0', '0',
 '0', '0', '0', '0', '0', '0', '0', '0', '0', '0', '0', '0', '0', '0', '0', '0', '0', '0', '0', '0', '0',
 '0', '0', '0', '0', '0', '0', '0', '-1', '0', '-1', '0', '0', '0', '0', '-1', '0', '-1', '0', '0',
 '0', '0', '-1', '0', '-1', '0', '0', '0', '0', '-1', '0', '-1', '0', '0', '0', '0', '-1', '0',
 '-1', '0', '0', '0', '0', '0', '0', '0', '0', '0', '0', '0', '0', '0', '0', '0', '0', '0', '0', '0',
 '0', '1', NULL);
 
 -- Er's Swaggery
 
 REPLACE INTO `item_template` VALUES (51702, 0, 0, 0, 'Glyph of Blazing Wings', 'Don a pair of fiery wings, showing off your mastery of the Healer.', 35130, 2, 0, 1, 0, 0, 0, -1, -1, 0, 0, 0, 0, 0, 0, 0, 0, 0, 0, 1, 0, 0, 0, 0, 0, 0, 0, 0, 0, 0, 0, 0, 0, 0, 0, 0, 0, 0, 0, 0, 0, 1000, 0, 0, 0, 0, 0, 0, 0, 0, 0, 0, 0, 0, 0, 0, 0, 0, 0, 0, 0, 0, 0, 0, 0, 0, 0, 31726, 0, 0, 0, 300000, 0, -1, 0, 0, 0, 0, -1, 0, -1, 0, 0, 0, 0, -1, 0, -1, 0, 0, 0, 0, -1, 0, -1, 0, 0, 0, 0, -1, 0, -1, 1, 0, 0, 0, 0, 0, 0, 0, 0, 0, 0, 0, 0, 0, 0, 0, 0, 0, 0, 0, 1, 'item_holy_wings');
 update item_template set allowable_class = 16 where entry = 51702;

replace into creature_template values 
(51525, 0, 10045, 0, 0, 0, ' ', '', 342, 1, 1, 1, 1, 0, 0, 1200, 12, 135, 1, 1.14286, 0, 20, 5, 0, 0, 1, 42, 53, 0, 122, 1, 0, 0, 1, 4608, 0, 0, 0, 0, 0, 0, 45.144, 62.073, 100, 7, 0, 0, 0, 0, 0, 0, 0, 0, 0, 0, 0, 0, 0, 0, 0, 0, 0, 0, 'EventAI', 0, 3, 0, 0, 3, 0, 0, 100, 0, 0, 0, '');

update creature_template set Movement_Type = 0 where entry = 51525;
update creature_template set npc_flags = 0 where entry = 51525;
update creature_template set faction = 35 where entry = 51525;
update creature_template set scale = 0.4 where entry = 51525;
delete from `creature_template_addon` where entry = 51525;
replace into creature_template_addon (entry, auras) values (51525, 24742);

-- Drop fixes

UPDATE `reference_loot_template` SET `ChanceOrQuestChance`='60' WHERE (`entry`='30351') AND (`item`='16856') AND (`patch_min`='0') AND (`patch_max`='10');
UPDATE `creature_loot_template` SET `ChanceOrQuestChance`='5' WHERE (`entry`='12056') AND (`item`='17010') AND (`groupid`='0');

-- Survival / Farm Stuff

replace into item_template (
entry, patch, class, subclass, name,description, display_id, quality, flags, buy_count,
buy_price, sell_price, inventory_type, allowable_class, allowable_race, item_level,
required_level, required_skill, required_skill_rank, required_spell, required_honor_rank,
required_city_rank, required_reputation_faction, required_reputation_rank, max_count, stackable,
container_slots, stat_type1, stat_value1, stat_type2, stat_value2, stat_type3, stat_value3,
stat_type4, stat_value4, stat_type5, stat_value5, stat_type6, stat_value6, stat_type7,
stat_value7, stat_type8, stat_value8, stat_type9, stat_value9, stat_type10, stat_value10,
delay, range_mod, ammo_type, dmg_min1, dmg_max1, dmg_type1, dmg_min2, dmg_max2, dmg_type2,
dmg_min3, dmg_max3, dmg_type3, dmg_min4, dmg_max4, dmg_type4, dmg_min5, dmg_max5, dmg_type5, block,
armor, holy_res, fire_res, nature_res, frost_res, shadow_res, arcane_res, spellid_1, spelltrigger_1,
spellcharges_1, spellppmrate_1, spellcooldown_1, spellcategory_1, spellcategorycooldown_1, spellid_2,
spelltrigger_2, spellcharges_2, spellppmrate_2, spellcooldown_2, spellcategory_2, spellcategorycooldown_2,
spellid_3, spelltrigger_3, spellcharges_3, spellppmrate_3, spellcooldown_3, spellcategory_3,
spellcategorycooldown_3, spellid_4, spelltrigger_4, spellcharges_4, spellppmrate_4, spellcooldown_4,
spellcategory_4, spellcategorycooldown_4, spellid_5, spelltrigger_5, spellcharges_5, spellppmrate_5,
spellcooldown_5, spellcategory_5, spellcategorycooldown_5, bonding, page_text, page_language, page_material,
start_quest, lock_id, material, sheath, random_property, set_id, max_durability, area_bound, map_bound,
duration, bag_family, disenchant_id, food_type, min_money_loot, max_money_loot, extra_flags, other_team_entry,
script_name) values
('51705', '0', '15', '0', 'Simple Wooden Planter', 'Plant a seed and wait for the harvest!', '10273', '2', '0', '0', '50000', '40000', '0', '-1', '-1', '15', '0', '142', '150', '0', '0', '0', '0', '0', '0', '1', '0', '0', '0', '0', '0', '0', '0', '0', '0', '0', '0', '0', '0', '0', '0', '0', '0', '0', '0', '0', '0', '0', '0', '0', '0', '0', '0', '0', '0', '0', '0', '0', '0', '0', '0', '0', '0', '0', '0', '0', '0', '0', '0', '0', '0', '0', '0', '31564', '0', '0', '0', '-1', '0', '1200000', '0', '0', '0', '0', '-1', '0', '-1', '0', '0', '0', '0', '-1', '0', '-1', '0', '0', '0', '0', '-1', '0', '-1', '0', '0', '0', '0', '-1', '0', '-1', '1', '0', '0', '0', '0', '0', '2', '0', '0', '0', '0', '0', '0', '0', '0', '0', '0', '0', '0', '0', '1', 'item_wooden_planter'), 

('51706', '0', '15', '0', 'Country Pumpkin Seeds', 'Can be planted in Simple Wooden Planter. Requires watering and fertilizing.', '3565', '1', '0', '0', '3000', '1500', '0', '-1', '-1', '15', '0', '51', '150', '0', '0', '0', '0', '0', '0', '20', '0', '0', '0', '0', '0', '0', '0', '0', '0', '0', '0', '0', '0', '0', '0', '0', '0', '0', '0', '0', '0', '0', '0', '0', '0', '0', '0', '0', '0', '0', '0', '0', '0', '0', '0', '0', '0', '0', '0', '0', '0', '0', '0', '0', '0', '0', '0', '4504', '0', '0', '0', '-1', '0', '1200000', '0', '0', '0', '0', '-1', '0', '-1', '0', '0', '0', '0', '-1', '0', '-1', '0', '0', '0', '0', '-1', '0', '-1', '0', '0', '0', '0', '-1', '0', '-1', '1', '0', '0', '0', '0', '0', '2', '0', '0', '0', '0', '0', '0', '0', '0', '0', '0', '0', '0', '0', '1', 'item_pumpkin_seeds'),

('51707', '0', '15', '0', 'Mountain Berries Seeds', 'Colorful berries from Hinterlands region. Can be planted in Simple Wooden Planter. Requires watering and fertilizing.', '8270', '1', '0', '0', '3000', '1500', '0', '-1', '-1', '15', '0', '51', '150', '0', '0', '0', '0', '0', '0', '20', '0', '0', '0', '0', '0', '0', '0', '0', '0', '0', '0', '0', '0', '0', '0', '0', '0', '0', '0', '0', '0', '0', '0', '0', '0', '0', '0', '0', '0', '0', '0', '0', '0', '0', '0', '0', '0', '0', '0', '0', '0', '0', '0', '0', '0', '0', '0', '4504', '0', '0', '0', '-1', '0', '1200000', '0', '0', '0', '0', '-1', '0', '-1', '0', '0', '0', '0', '-1', '0', '-1', '0', '0', '0', '0', '-1', '0', '-1', '0', '0', '0', '0', '-1', '0', '-1', '1', '0', '0', '0', '0', '0', '2', '0', '0', '0', '0', '0', '0', '0', '0', '0', '0', '0', '0', '0', '1', 'item_berry_seeds'),

('51708', '0', '15', '0', 'Stripped Melon Seeds', 'The sweetest sort ever known! Can be planted in Simple Wooden Planter. Requires watering and fertilizing.', '3237', '1', '0', '0', '3000', '1500', '0', '-1', '-1', '15', '0', '51', '150', '0', '0', '0', '0', '0', '0', '20', '0', '0', '0', '0', '0', '0', '0', '0', '0', '0', '0', '0', '0', '0', '0', '0', '0', '0', '0', '0', '0', '0', '0', '0', '0', '0', '0', '0', '0', '0', '0', '0', '0', '0', '0', '0', '0', '0', '0', '0', '0', '0', '0', '0', '0', '0', '0', '4504', '0', '0', '0', '-1', '0', '1200000', '0', '0', '0', '0', '-1', '0', '-1', '0', '0', '0', '0', '-1', '0', '-1', '0', '0', '0', '0', '-1', '0', '-1', '0', '0', '0', '0', '-1', '0', '-1', '1', '0', '0','0', '0', '0', '2', '0', '0', '0', '0', '0', '0', '0', '0', '0', '0', '0', '0', '0', '1', 'item_melon_seeds'), 

('51716', '0', '15', '0', 'Magic Mushroom Samples', 'Delicious and completely absent of  psychedelic properties.', '362', '1', '0', '0', '3000', '1500', '0', '-1', '-1', '15', '0', '51', '150', '0', '0', '0', '0', '0', '0', '20', '0', '0', '0', '0', '0', '0', '0', '0', '0', '0', '0', '0', '0', '0', '0', '0', '0', '0', '0', '0', '0', '0', '0', '0', '0', '0', '0', '0', '0', '0', '0', '0', '0', '0', '0', '0', '0', '0', '0', '0', '0', '0', '0', '0', '0', '0', '0', '4504', '0', '0', '0', '-1', '0', '1200000', '0', '0', '0', '0', '-1', '0', '-1', '0', '0', '0', '0', '-1', '0', '-1', '0', '0', '0', '0', '-1', '0', '-1', '0', '0', '0', '0', '-1', '0', '-1', '1', '0', '0','0', '0', '0', '2', '0', '0', '0', '0', '0', '0', '0', '0', '0', '0', '0', '0', '0', '1', 'item_melon_seeds'), 

('51709', '0', '15', '0', 'Farmer\'s Guidebook: Epic Pumpkins!', 'How to select and grow the best varieties of all time!', '3114', '1', '8192', '0', '2500', '1500', '0', '-1', '-1','15', '0', '0', '0', '0', '0', '0', '0', '0', '1', '1', '0', '0', '0', '0', '0', '0', '0', '0', '0', '0', '0', '0', '0', '0', '0', '0', '0', '0', '0', '0', '0', '0', '0', '0', '0', '0', '0', '0', '0', '0', '0', '0', '0', '0', '0', '0', '0', '0', '0', '0', '0', '0', '0', '0', '0', '0', '0', '0', '0', '0', '0', '-1', '0', '1200000', '0', '0', '0', '0', '-1', '0', '-1', '0', '0', '0', '0', '-1', '0', '-1', '0', '0', '0', '0', '-1', '0', '-1', '0', '0', '0', '0', '-1', '0', '-1', '1', '50100', '0', '1', '0', '0', '0', '0', '0', '0', '0', '0', '0', '0', '0', '0', '0', '0', '0', '0', '1', ''),
 
('51710', '0', '0', '0', 'Plump Country Pumpkin', 'The pumpkin is much heavier than you thought.', '3225', '1', '0', '0', '3000', '2000', '0', '-1', '-1', '15', '0', '0', '0', '0', '0', '0', '0', '0', '0', '20', '0', '0', '0', '0', '0', '0', '0', '0', '0', '0', '0', '0', '0', '0', '0', '0', '0', '0', '0', '0', '0', '0', '0', '0', '0', '0', '0', '0', '0', '0', '0', '0', '0', '0', '0', '0', '0', '0', '0', '0', '0', '0', '0', '0', '0', '0', '0', '24005', '0', '0', '0', '-1', '0', '1200000', '0', '0', '0', '0', '-1', '0', '-1', '0', '0', '0', '0', '-1', '0', '-1', '0', '0', '0', '0', '-1', '0', '-1', '0', '0', '0', '0', '-1', '0', '-1', '0', '50100', '0', '1', '0', '0', '0', '0', '0', '0', '0', '0', '0', '0', '0', '0','0', '0', '0', '0', '1', ''),

('51711', '0', '0', '0', 'Sweet Mountain Berry', 'These unassuming little berries pack a lot of power!', '20770', '1', '0', '0', '3000', '2000', '0', '-1', '-1', '15', '0', '0', '0', '0','0', '0', '0', '0', '0', '20', '0', '0', '0', '0', '0', '0', '0', '0', '0', '0', '0', '0', '0', '0', '0', '0', '0', '0', '0', '0', '0', '0', '0', '0', '0', '0', '0', '0', '0', '0', '0', '0', '0', '0', '0', '0', '0', '0', '0', '0', '0', '0', '0', '0', '0', '0', '0', '24707', '0', '0', '0', '-1', '0', '1200000', '0', '0', '0', '0', '-1', '0', '-1', '0', '0', '0', '0', '-1', '0', '-1', '0', '0', '0', '0', '-1', '0', '-1', '0', '0', '0', '0', '-1', '0', '-1', '0', '50100', '0', '1', '0', '0', '0', '0', '0', '0', '0', '0', '0', '0', '0', '0','0', '0', '0', '0', '1', ''),

('51717', '0', '0', '0', 'Magic Mushroom', 'Delicious and completely absent of  psychedelic properties.', '15853', '1', '0', '0', '3000', '2000', '0', '-1', '-1', '15', '0', '0', '0', '0','0', '0', '0', '0', '0', '20', '0', '0', '0', '0', '0', '0', '0', '0', '0', '0', '0', '0', '0', '0', '0', '0', '0', '0', '0', '0', '0', '0', '0', '0', '0', '0', '0', '0', '0', '0', '0', '0', '0', '0', '0', '0', '0', '0', '0', '0', '0', '0', '0', '0', '0', '0', '0', '24707', '0', '0', '0', '-1', '0', '1200000', '0', '0', '0', '0', '-1', '0', '-1', '0', '0', '0', '0', '-1', '0', '-1', '0', '0', '0', '0', '-1', '0', '-1', '0', '0', '0', '0', '-1', '0', '-1', '0', '50100', '0', '1', '0', '0', '0', '0', '0', '0', '0', '0', '0', '0', '0', '0','0', '0', '0', '0', '1', ''),

('51712', '0', '0', '0', 'Juicy Stripped Melon', 'So sweet and juicy!', '4781', '1', '0', '0', '3000', '2000', '0', '-1', '-1', '15', '0', '0', '0', '0','0', '0', '0', '0', '0', '20', '0', '0', '0', '0', '0', '0', '0', '0', '0', '0', '0', '0', '0', '0', '0', '0', '0', '0', '0', '0', '0', '0', '0', '0', '0', '0', '0', '0', '0', '0', '0', '0', '0', '0', '0', '0', '0', '0', '0', '0', '0', '0', '0', '0', '0', '0', '0', '24005', '0', '0', '0', '-1', '0', '1200000', '0', '0', '0', '0', '-1', '0', '-1', '0', '0', '0', '0', '-1', '0', '-1', '0', '0', '0', '0', '-1', '0', '-1', '0', '0', '0', '0', '-1', '0', '-1', '0', '50100', '0', '1', '0', '0', '0', '0', '0', '0', '0', '0', '0', '0', '0', '0','0', '0', '0', '0', '1', '');

SET @quest_entry = 60060;
SET @quest_zone = 1519;
SET @faction_id = 269;
SET @faction_count = 250;
SET @xp_or_money = 1650;
SET @quest_level = 60;
SET @min_level = 20;
SET @questgiver_id = 51530;
SET @quest_finisher = 51530;
SET @nextquest = 0;
SET @nextquestinchain = 0;
SET @prevquest = 0;
SET @reward_item_1 = 51705;
SET @reward_item_2 = 0;
SET @reward_item_3 = 0;
SET @reward_item_4 = 0;
SET @reward_item_1_count = 1;
SET @reward_item_2_count = 0;
SET @reward_item_3_count = 0;
SET @reward_item_4_count = 0;
SET @creature_to_kill_1 = 0;
SET @creature_to_kill_2 = 0;
SET @creature_to_kill_3 = 0;
SET @creature_to_kill_4 = 0;
SET @creature_to_kill_1_count = 0;
SET @creature_to_kill_2_count = 0;
SET @creature_to_kill_3_count = 0;
SET @creature_to_kill_4_count = 0;
SET @required_item_1 = 51706;
SET @required_item_2 = 51707;
SET @required_item_3 = 51708;
SET @required_item_4 = 51716;
SET @required_item_1_count = 1;
SET @required_item_2_count = 1;
SET @required_item_3_count = 1;
SET @required_item_4_count = 1;

replace into quest_template (entry, patch, Method, ZoneOrSort, MinLevel, QuestLevel, MaxLevel, Type, RequiredClasses, RequiredRaces, RequiredSkill,
RequiredSkillValue, RepObjectiveFaction, RepObjectiveValue, RequiredMinRepFaction, RequiredMinRepValue,RequiredMaxRepFaction,
RequiredMaxRepValue, SuggestedPlayers, LimitTime, QuestFlags, SpecialFlags, PrevQuestId, NextQuestId, ExclusiveGroup, NextQuestInChain,
SrcItemId, SrcItemCount, SrcSpell, Title, Details, Objectives, OfferRewardText, RequestItemsText, EndText, ObjectiveText1, ObjectiveText2,
ObjectiveText3, ObjectiveText4, ReqItemId1, ReqItemId2, ReqItemId3, ReqItemId4, ReqItemCount1, ReqItemCount2, ReqItemCount3,
ReqItemCount4, ReqSourceId1, ReqSourceId2, ReqSourceId3, ReqSourceId4, ReqSourceCount1, ReqSourceCount2, ReqSourceCount3,
ReqSourceCount4, ReqCreatureOrGOId1, ReqCreatureOrGOId2, ReqCreatureOrGOId3, ReqCreatureOrGOId4, ReqCreatureOrGOCount1,
ReqCreatureOrGOCount2, ReqCreatureOrGOCount3, ReqCreatureOrGOCount4, ReqSpellCast1, ReqSpellCast2, ReqSpellCast3,
ReqSpellCast4, RewChoiceItemId1, RewChoiceItemId2, RewChoiceItemId3, RewChoiceItemId4, RewChoiceItemId5, RewChoiceItemId6,
RewChoiceItemCount1, RewChoiceItemCount2, RewChoiceItemCount3, RewChoiceItemCount4, RewChoiceItemCount5, RewChoiceItemCount6,
RewItemId1, RewItemId2, RewItemId3, RewItemId4, RewItemCount1, RewItemCount2, RewItemCount3, RewItemCount4, RewRepFaction1,
RewRepFaction2, RewRepFaction3, RewRepFaction4, RewRepFaction5, RewRepValue1, RewRepValue2, RewRepValue3, RewRepValue4,
RewRepValue5, RewOrReqMoney, RewMoneyMaxLevel, RewSpell, RewSpellCast, RewMailTemplateId, RewMailMoney, RewMailDelaySecs,
PointMapId, PointX, PointY, PointOpt, DetailsEmote1, DetailsEmote2, DetailsEmote3, DetailsEmote4, DetailsEmoteDelay1,
DetailsEmoteDelay2, DetailsEmoteDelay3, DetailsEmoteDelay4, IncompleteEmote, CompleteEmote, OfferRewardEmote1, OfferRewardEmote2,
OfferRewardEmote3, OfferRewardEmote4, OfferRewardEmoteDelay1, OfferRewardEmoteDelay2, OfferRewardEmoteDelay3,OfferRewardEmoteDelay4,
StartScript, CompleteScript) values

(@quest_entry, '0', '2', @quest_zone, @min_level, @quest_level, '0', '0', '0', '69', '0', '0', '0', '0', '0', '0','0', '0', '0', '0', '0', '0', '0', '0', '0', '0', '0', '0', '0', 

'You Reap What You Sow', 

'Survival itself is not that hard if you know what to do. It is harder to survive when you have no food. Hunting? Yes, you could try that, alas, not always you have something to sustain you longer than just some primitive herbs before you catch something.\n\nI see you\'re pondering on the situation a bit harder than your normal hunters and trappers, so why don\'t you learn something for your own good and best chances to survive out in the wilds?\n\nBring me what I need and I\'ll teach you what to do. Here\'s the list. Please do not lose it.', 

'Find Country Pumpkin Seeds, Mountain Berries Seeds, Stripped Melon Seeds and Magic Mushrooms Samples!', 

'Great! Let\'s get you some new know-how to about thing or two.', 

'I see you\'re back. Have you managed to find everything required, yes?', 

'', '', '', '', '', '0', '0', '0', '0', '0', '0', '0', '0', '0', '0', '0', '0', '0', '0', '0', '0', '0', '0', '0', '0', '0', '0', '0', '0', '0', '0', '0', '0', '0', '0', '0', '0', '0', '0', '0', '0', '0', '0', '0', '0', '0', '0', '0', '0', '0', '0', '0', '0', @faction_id, '0', '0', '0', '0', @faction_count, '0', '0', '0', '0', '0', @xp_or_money, '0', '0', '0', '0', '0', '0', '0', '0', '0', '0', '0', '0', '0', '0', '0', '0', '0', '0', '0', '0', '0', '0', '0', '0', '0', '0','0', 0, 0);
      
update quest_template set 
rewitemid1 = @reward_item_1, rewitemcount1 = @reward_item_1_count,
rewitemid2 = @reward_item_2, rewitemcount2 = @reward_item_2_count,
rewitemid3 = @reward_item_3, rewitemcount3 = @reward_item_3_count,
rewitemid4 = @reward_item_4, rewitemcount4 = @reward_item_4_count,
ReqCreatureOrGOId2 = @creature_to_kill_2, ReqCreatureOrGOCount1 = @creature_to_kill_1_count,
ReqCreatureOrGOId2 = @creature_to_kill_2, ReqCreatureOrGOCount2 = @creature_to_kill_2_count,
ReqCreatureOrGOId3 = @creature_to_kill_3, ReqCreatureOrGOCount3 = @creature_to_kill_3_count,
ReqCreatureOrGOId4 = @creature_to_kill_4, ReqCreatureOrGOCount4 = @creature_to_kill_4_count,
reqitemid1 = @required_item_1, rewitemcount1 = @required_item_1_count,
reqitemid2 = @required_item_2, rewitemcount2 = @required_item_2_count,
reqitemid3 = @required_item_3, rewitemcount3 = @required_item_3_count,
reqitemid4 = @required_item_4, rewitemcount4 = @required_item_4_count
where entry = @quest_entry;

update quest_template set nextquestid = @nextquest where entry = @quest_entry;
update quest_template set nextquestinchain = @nextquestinchain where entry = @quest_entry;
update quest_template set prevquestid = @nextquest where entry = @quest_entry;
	  
replace into creature_questrelation (id, quest, patch_min, patch_max) values (@questgiver_id, @quest_entry,'10','10');
replace into creature_involvedrelation (id, quest, patch_min, patch_max) values (@quest_finisher, @quest_entry,'10','10'); 

-- Brainwashing Device Text

replace into broadcast_text (ID, MaleText) values ('90350', '1. Take the device in both hands.\n\n2. Put it above your head.\n\n3. Let it go.\n\n4. Enjoy the sunshine of the spotless mind.');
replace into npc_text (ID, BroadcastTextID0) values ('90350', '90350');

replace into item_template (
entry, patch, class, subclass, name,description, display_id, quality, flags, buy_count,
buy_price, sell_price, inventory_type, allowable_class, allowable_race, item_level,
required_level, required_skill, required_skill_rank, required_spell, required_honor_rank,
required_city_rank, required_reputation_faction, required_reputation_rank, max_count, stackable,
container_slots, stat_type1, stat_value1, stat_type2, stat_value2, stat_type3, stat_value3,
stat_type4, stat_value4, stat_type5, stat_value5, stat_type6, stat_value6, stat_type7,
stat_value7, stat_type8, stat_value8, stat_type9, stat_value9, stat_type10, stat_value10,
delay, range_mod, ammo_type, dmg_min1, dmg_max1, dmg_type1, dmg_min2, dmg_max2, dmg_type2,
dmg_min3, dmg_max3, dmg_type3, dmg_min4, dmg_max4, dmg_type4, dmg_min5, dmg_max5, dmg_type5, block,
armor, holy_res, fire_res, nature_res, frost_res, shadow_res, arcane_res, spellid_1, spelltrigger_1,
spellcharges_1, spellppmrate_1, spellcooldown_1, spellcategory_1, spellcategorycooldown_1, spellid_2,
spelltrigger_2, spellcharges_2, spellppmrate_2, spellcooldown_2, spellcategory_2, spellcategorycooldown_2,
spellid_3, spelltrigger_3, spellcharges_3, spellppmrate_3, spellcooldown_3, spellcategory_3,
spellcategorycooldown_3, spellid_4, spelltrigger_4, spellcharges_4, spellppmrate_4, spellcooldown_4,
spellcategory_4, spellcategorycooldown_4, spellid_5, spelltrigger_5, spellcharges_5, spellppmrate_5,
spellcooldown_5, spellcategory_5, spellcategorycooldown_5, bonding, page_text, page_language, page_material,
start_quest, lock_id, material, sheath, random_property, set_id, max_durability, area_bound, map_bound,
duration, bag_family, disenchant_id, food_type, min_money_loot, max_money_loot, extra_flags, other_team_entry,
script_name)
values
 ('51715', '0', '15', '0', 'Goblin Brainwashing Device', 'Use it on your own risk.', '7841', '3', '0', '1', '0', '0', '0', '-1', '-1', '40',
 '10', '0', '0', '0', '0', '0', '0', '0', '1', '1', '0', '0', '0', '0', '0',
 '0', '0', '0', '0', '0', '0', '0', '0', '0', '0', '0', '0', '0', '0', '0', '0', '0', '0',
 '0', '0', '0', '0', '0', '0', '0', '0', '0', '0', '0', '0', '0', '0', '0', '0', '0', '0', '0', '0', '0',
 '0', '0', '0', '14867', '0', '0', '0', '250000', '0', '-1', '0', '0', '0', '0', '-1', '0', '-1', '0', '0',
 '0', '0', '-1', '0', '-1', '0', '0', '0', '0', '-1', '0', '-1', '0', '0', '0', '0', '-1', '0',
 '-1', '1', '0', '0', '0', '0', '0', '0', '0', '0', '0', '0', '0', '0', '0', '0', '0', '0', '0', '0',
 '0', '1', 'item_brainwashing_device');

ALTER TABLE `game_weather` DROP COLUMN IF EXISTS `copy_weather_from`;
ALTER TABLE `game_weather` 
ADD COLUMN `copy_weather_from` MEDIUMINT(8) UNSIGNED NULL AFTER `zone`;

-- thunder bluff
UPDATE `game_weather` SET `copy_weather_from` = '1638' WHERE (`zone` = '215');

-- durotar and orgrimmar
delete from game_weather where zone = 14;
INSERT INTO `game_weather` (`zone`) VALUES ('14');
UPDATE `game_weather` SET `copy_weather_from` = '1637' WHERE (`zone` = '14');

-- darnassus and teldrassil
UPDATE `game_weather` SET `copy_weather_from` = '1657' WHERE (`zone` = '141');

-- stormwind and elwynn
UPDATE `game_weather` SET `copy_weather_from` = '1519' WHERE (`zone` = '12');

-- Farm Stuff again

replace into broadcast_text (ID, MaleText) values ('90351', 'Before you reap your harvest you sowing seeds and foster them with care.');
replace into npc_text (ID, BroadcastTextID0) values ('90351', '90351');

REPLACE INTO `page_text` (`entry`, `text`) VALUES (50100, 'Before you reap your harvest you sowing seeds and foster them with care.\n\nFirst and perhaps an easiest one to start with will be Pumpkins. You will need some of those Pumpkin Seeds from any Pumpkin you can procure. Nearest must be on the Hillsbrad Fields I gather.\n\nSecond would be very similar, however a bit more complicated to tend to – watermelons. To grow some you will need seeds as well and the place to find them is the same.\n\nLast thing you\'d be able to grow on your own with the same technique is the Mountain Berry seeds which are in abundance in Hinterlands. Not far from here, just north from Durnhold Keep. Be careful there, area is dense with fierce wildlife and gruesome monsters should you stride too far into the wilds.');

-- 3770 HORDE FARMER FEMALE
-- 3777 HORDE FARMER MALE

REPLACE INTO `creature_template` VALUES 

(51530, 0, 3492, 0, 0, 0, 'Mortimer Stansfield', 'Gardener', 56004, 25, 25, 1040, 1640, 0, 0, 1009, 11, 2, 1.05, 1.14286, 0, 20, 5, 0, 0, 1, 31, 40, 0, 106, 1, 1500, 2000, 1, 4608, 0, 0, 0, 0, 0, 0, 38.72, 53.24, 100, 7, 0, 240, 0, 0, 0, 0, 0, 0, 0, 0, 0, 0, 0, 0, 0, 0, 0, 0, '', 0, 3, 1, 0, 3, 50000, 0, 0, 0, 0, 524298, ''),
(51531, 0, 9263, 0, 0, 0, 'Betty', 'Gardener\'s Apprentice', 56005, 25, 25, 1040, 1640, 0, 0, 1009, 11, 1, 1.05, 1.14286, 0, 20, 5, 0, 0, 1, 31, 40, 0, 106, 1, 1500, 2000, 1, 4608, 0, 0, 0, 0, 0, 0, 38.72, 53.24, 100, 7, 0, 240, 0, 0, 0, 0, 0, 0, 0, 0, 0, 0, 0, 0, 0, 0, 0, 0, '', 0, 3, 1, 0, 3, 50000, 0, 0, 0, 0, 524298, '');


replace into gossip_menu (entry, text_id, condition_id) VALUES ('56004', '90352', '0'); 
replace into broadcast_text (ID, MaleText) values ('90352', 'If you have a garden and a library, you have everything you need.');
replace into npc_text (ID, BroadcastTextID0) values ('90352', '90352');
update gossip_menu_option set npc_option_npcflag = '1' where (menu_id = '51530') and (id = '0'); 

replace into gossip_menu (entry, text_id, condition_id) VALUES ('56005', '90353', '0'); 
replace into broadcast_text (ID, MaleText) values ('90353', 'My dream is to grow World\'s Biggest Pumpkin!/n/nWhat\'s yours?');
replace into npc_text (ID, BroadcastTextID0) values ('90353', '90353');
update gossip_menu_option set npc_option_npcflag = '1' where (menu_id = '51531') and (id = '0'); 

update creature_template set equipment_id = 50000 where entry = 51530;
replace into `creature_equip_template` (`entry`, `equipentry1`) VALUES ('50000', '3334');


