replace into creature_template values 
(91200, 0, 7179, 0, 0, 0, 'Wrix Ozzlenut', 'Shredder Mechanic', 60004, 36, 36, 1468, 1468, 0, 0, 1427, 1682, 3, 1, 1.14286, 0, 20, 5, 0, 0, 1, 51, 66, 0, 140, 1, 2000, 2000, 1, 512, 0, 0, 0, 0, 0, 0, 52.272, 71.874, 100, 7, 0, 0, 0, 0, 0, 0, 0, 0, 0, 0, 0, 0, 0, 0, 0, 0, 0, 0, '', 0, 3, 0, 0, 3, 0, 0, 0, 0, 0, 10, ''),
(91201, 0, 7164, 0, 0, 0, 'Grazzle Steamscrew', 'Woodcutting Foreman', 60003, 5, 5, 319, 319, 0, 0, 852, 1682, 16389, 1, 1.14286, 0, 20, 5, 0, 0, 1, 24, 31, 0, 90, 1, 2000, 2000, 1, 512, 0, 0, 0, 0, 0, 0, 31.856, 43.802, 100, 7, 4096, 0, 0, 0, 0, 0, 0, 0, 30, 0, 0, 0, 0, 0, 0, 0, 0, 0, '', 0, 1, 0, 0, 3, 0, 0, 0, 0, 0, 2, ''),
(91202, 0, 15765, 0, 0, 0, 'Tammix Razzfire', 'Apprentice Alchemist', 60001, 23, 23, 617, 617, 0, 0, 957, 1682, 19, 1, 1.14286, 0, 20, 5, 0, 0, 1, 28, 37, 0, 100, 1, 2000, 2000, 1, 4608, 0, 0, 2, 0, 0, 0, 36.0272, 49.5374, 100, 7, 0, 0, 0, 0, 0, 0, 0, 0, 0, 0, 0, 0, 0, 0, 0, 0, 0, 0, 'EventAI', 0, 3, 0, 0, 3, 11046, 0, 0, 0, 0, 524298, ''),
(91203, 0, 3877, 0, 0, 0, 'Rugnar', '', 9162, 35, 35, 1342, 1342, 0, 0, 1373, 125, 2, 1, 1.14286, 0, 20, 5, 0, 0, 1, 51, 65, 0, 138, 1, 2000, 2000, 1, 4608, 0, 0, 0, 0, 0, 0, 51.128, 70.301, 100, 7, 0, 0, 0, 0, 0, 0, 0, 0, 0, 0, 0, 0, 0, 0, 0, 0, 0, 0, 'EventAI', 0, 3, 0, 0, 3, 3342, 0, 0, 0, 0, 524298, ''),
(91204, 6, 1379, 0, 0, 0, 'Karnag the Drunk', 'Drunkard', 60002, 35, 35, 5568, 5568, 0, 0, 3327, 125, 3, 1, 1.14286, 0, 20, 5, 0, 0, 1, 51, 75, 0, 258, 1, 2000, 2000, 1, 514, 0, 0, 0, 0, 0, 0, 0, 0, 0, 7, 0, 0, 0, 0, 0, 0, 0, 0, 0, 0, 0, 0, 0, 0, 0, 0, 0, 0, '', 0, 3, 0, 0, 3, 15724, 0, 0, 0, 0, 2, ''),
(91205, 0, 7131, 0, 0, 0, 'Zeet Waxwrench', 'Antique Goods', 60000, 25, 25, 712, 712, 0, 0, 1009, 1682, 16389, 1, 1.14286, 0, 20, 5, 0, 0, 1, 31, 40, 0, 106, 1, 2000, 2000, 1, 0, 0, 0, 0, 0, 0, 0, 38.72, 53.24, 100, 7, 0, 0, 0, 0, 0, 0, 0, 0, 0, 0, 0, 0, 0, 0, 0, 0, 0, 0, '', 0, 3, 0, 0, 3, 0, 0, 0, 0, 0, 10, ''),
(91206, 0, 7074, 0, 0, 0, 'Fisherman Shix', 'Fishing Trainer', 9158, 35, 35, 1342, 1342, 0, 0, 1373, 125, 23, 1, 1.14286, 0, 20, 5, 0, 0, 1, 51, 65, 0, 138, 1, 2000, 2000, 1, 4608, 0, 0, 2, 0, 0, 0, 51.128, 70.301, 100, 7, 0, 0, 0, 0, 0, 0, 0, 0, 0, 0, 0, 0, 0, 0, 0, 0, 0, 0, 'EventAI', 0, 3, 0, 0, 3, 3332, 0, 0, 0, 0, 524298, ''),
(91207, 0, 10004, 0, 0, 0, 'Maleka', 'Weapon and Armor Vendor', 9191, 30, 30, 1002, 1002, 0, 0, 1200, 125, 16388, 1, 1.14286, 0, 20, 5, 0, 0, 1, 49, 68, 0, 122, 1, 2000, 2000, 1, 4608, 0, 0, 0, 0, 0, 0, 45.144, 62.073, 100, 7, 0, 0, 0, 0, 0, 0, 0, 0, 0, 0, 0, 0, 0, 0, 0, 0, 0, 0, 'EventAI', 0, 3, 0, 0, 3, 3409, 0, 0, 0, 0, 524298, ''),
(91208, 0, 7166, 0, 0, 0, 'Oilworker Razlik', '', 0, 5, 5, 319, 319, 0, 0, 852, 1682, 3, 1, 1.14286, 0, 20, 5, 0, 0, 1, 24, 31, 0, 90, 1, 2000, 2000, 1, 512, 0, 0, 0, 0, 0, 0, 31.856, 43.802, 100, 7, 4096, 0, 0, 0, 0, 0, 0, 0, 30, 0, 0, 0, 0, 0, 0, 0, 0, 0, '', 0, 1, 0, 0, 3, 0, 0, 0, 0, 0, 2, ''),
(91209, 0, 7130, 0, 0, 0, 'Bazz Eagerblast', '', 0, 5, 5, 319, 319, 0, 0, 852, 1682, 2, 1, 1.14286, 0, 20, 5, 0, 0, 1, 24, 31, 0, 90, 1, 2000, 2000, 1, 512, 0, 0, 0, 0, 0, 0, 31.856, 43.802, 100, 7, 4096, 0, 0, 0, 0, 0, 0, 0, 30, 0, 0, 0, 0, 0, 0, 0, 0, 0, '', 0, 1, 0, 0, 3, 0, 0, 0, 0, 0, 2, ''),
(91210, 0, 13050, 0, 0, 0, 'Meek Fusemix', '', 0, 5, 5, 219, 319, 0, 0, 852, 1682, 2, 1, 1.14286, 0, 20, 5, 0, 0, 1, 24, 31, 0, 90, 1, 2000, 2000, 1, 512, 0, 0, 0, 0, 0, 0, 31.856, 43.802, 100, 7, 4096, 0, 0, 0, 0, 0, 0, 0, 30, 0, 0, 0, 0, 0, 0, 0, 0, 0, '', 0, 1, 0, 0, 3, 0, 0, 0, 0, 0, 2, ''),
(91211, 0, 15300, 0, 0, 0, 'Sazzy Gearlight', '', 0, 5, 5, 219, 319, 0, 0, 852, 1682, 2, 1, 1.14286, 0, 20, 5, 0, 0, 1, 24, 31, 0, 90, 1, 2000, 2000, 1, 512, 0, 0, 0, 0, 0, 0, 31.856, 43.802, 100, 7, 4096, 0, 0, 0, 0, 0, 0, 0, 30, 0, 0, 0, 0, 0, 0, 0, 0, 0, '', 0, 1, 0, 0, 3, 0, 0, 0, 0, 0, 2, ''),
(91212, 0, 10742, 0, 0, 0, 'Rixxle Copperdrive', '', 0, 5, 5, 219, 319, 0, 0, 852, 1682, 2, 1, 1.14286, 0, 20, 5, 0, 0, 1, 24, 31, 0, 90, 1, 2000, 2000, 1, 512, 0, 0, 0, 0, 0, 0, 31.856, 43.802, 100, 7, 4096, 0, 0, 0, 0, 0, 0, 0, 30, 0, 0, 0, 0, 0, 0, 0, 0, 0, '', 0, 1, 0, 0, 3, 0, 0, 0, 0, 0, 2, ''),
(91213, 0, 16023, 0, 0, 0, 'Oil Manager Tizzleflux', '', 0, 5, 5, 219, 319, 0, 0, 852, 1682, 2, 1, 1.14286, 0, 20, 5, 0, 0, 1, 24, 31, 0, 90, 1, 2000, 2000, 1, 512, 0, 0, 0, 0, 0, 0, 31.856, 43.802, 100, 7, 4096, 0, 0, 0, 0, 0, 0, 0, 30, 0, 0, 0, 0, 0, 0, 0, 0, 0, '', 0, 1, 0, 0, 3, 0, 0, 0, 0, 0, 2, ''),
(91214, 0, 7168, 0, 0, 0, 'Technician Spuzzle', '', 0, 5, 5, 119, 319, 0, 0, 852, 1682, 2, 1, 1.14286, 0, 20, 5, 0, 0, 1, 24, 31, 0, 90, 1, 2000, 2000, 1, 512, 0, 0, 0, 0, 0, 0, 31.856, 43.802, 100, 7, 4096, 0, 0, 0, 0, 0, 0, 0, 30, 0, 0, 0, 0, 0, 0, 0, 0, 0, '', 0, 1, 0, 0, 3, 0, 0, 0, 0, 0, 2, ''),
(91215, 0, 7179, 0, 0, 0, 'Nazzle Moreflak', 'Engineering Supplies', 0, 36, 36, 1468, 1468, 0, 0, 1427, 1682, 16388, 1, 1.14286, 0, 20, 5, 0, 0, 1, 51, 66, 0, 140, 1, 2000, 2000, 1, 512, 0, 0, 0, 0, 0, 0, 52.272, 71.874, 100, 7, 0, 0, 0, 0, 0, 0, 0, 0, 0, 0, 0, 0, 0, 0, 0, 0, 0, 0, '', 0, 3, 0, 0, 3, 0, 0, 0, 0, 0, 10, ''),
(91216, 0, 18057, 0, 0, 0, 'Wuzgut', 'Lumber Distributor', 60026, 12, 12, 1468, 1468, 0, 0, 1427, 1682, 16388, 1, 1.14286, 0, 20, 5, 0, 0, 1, 51, 66, 0, 140, 1, 2000, 2000, 1, 512, 0, 0, 0, 0, 0, 0, 52.272, 71.874, 100, 7, 0, 0, 0, 0, 0, 0, 0, 0, 0, 0, 0, 0, 0, 0, 0, 0, 0, 0, '', 0, 3, 0, 0, 3, 0, 0, 0, 0, 0, 10, ''),
(91217, 0, 7200, 0, 0, 0, 'Lumberworker Pluckwrench', 'Lumber Worker', 0, 16, 16, 1468, 1468, 0, 0, 1427, 1682, 2, 1, 1.14286, 0, 20, 5, 0, 0, 1, 51, 66, 0, 140, 1, 2000, 2000, 1, 512, 0, 0, 0, 0, 0, 0, 52.272, 71.874, 100, 7, 0, 0, 0, 0, 0, 0, 0, 0, 0, 0, 0, 0, 0, 0, 0, 0, 0, 0, '', 0, 3, 0, 0, 3, 0, 0, 0, 0, 0, 10, ''),
(91218, 0, 7198, 0, 0, 0, 'Lumberworker Kazz', 'Lumber Worker', 0, 12, 12, 1468, 1468, 0, 0, 1427, 1682, 2, 1, 1.14286, 0, 20, 5, 0, 0, 1, 51, 66, 0, 140, 1, 2000, 2000, 1, 512, 0, 0, 0, 0, 0, 0, 52.272, 71.874, 100, 7, 0, 0, 0, 0, 0, 0, 0, 0, 0, 0, 0, 0, 0, 0, 0, 0, 0, 0, '', 0, 3, 0, 0, 3, 0, 0, 0, 0, 0, 10, ''),
(91219, 0, 7338, 0, 0, 0, 'Lumberworker Ruzbolt', 'Lumber Worker', 0, 12, 14, 468, 568, 0, 0, 1427, 1682, 2, 1, 1.14286, 0, 20, 5, 0, 0, 1, 51, 66, 0, 140, 1, 2000, 2000, 1, 512, 0, 0, 0, 0, 0, 0, 52.272, 71.874, 100, 7, 0, 0, 0, 0, 0, 0, 0, 0, 0, 0, 0, 0, 0, 0, 0, 0, 0, 0, '', 0, 3, 0, 0, 3, 0, 0, 0, 0, 0, 10, ''),
(91220, 0, 7188, 0, 0, 0, 'Lozzle', 'Refreshments Extraordinaire!', 60007, 12, 14, 468, 568, 0, 0, 1427, 1682, 7, 1, 1.14286, 0, 20, 5, 0, 0, 1, 51, 66, 0, 140, 1, 2000, 2000, 1, 512, 0, 0, 0, 0, 0, 0, 52.272, 71.874, 100, 7, 0, 0, 0, 0, 0, 0, 0, 0, 0, 0, 0, 0, 0, 0, 0, 0, 0, 0, '', 0, 3, 0, 0, 3, 0, 0, 0, 0, 0, 10, ''),
(91221, 0, 7157, 0, 0, 0, 'Faz', 'Moonshiner', 60009, 10, 12, 468, 568, 0, 0, 1427, 1682, 16388, 1, 1.14286, 0, 20, 5, 0, 0, 1, 51, 66, 0, 140, 1, 2000, 2000, 1, 512, 0, 0, 0, 0, 0, 0, 52.272, 71.874, 100, 7, 0, 0, 0, 0, 0, 0, 0, 0, 0, 0, 0, 0, 0, 0, 0, 0, 0, 0, '', 0, 3, 0, 0, 3, 0, 0, 0, 0, 0, 10, ''),
(91222, 0, 7237, 0, 0, 0, 'Oilworker Gullydagger', '', 0, 16, 16, 1468, 1468, 0, 0, 1427, 1682, 2, 1, 1.14286, 0, 20, 5, 0, 0, 1, 51, 66, 0, 140, 1, 2000, 2000, 1, 512, 0, 0, 0, 0, 0, 0, 52.272, 71.874, 100, 7, 0, 0, 0, 0, 0, 0, 0, 0, 0, 0, 0, 0, 0, 0, 0, 0, 0, 0, '', 0, 3, 0, 0, 3, 0, 0, 0, 0, 0, 10, ''),
(91223, 0, 7227, 0, 0, 0, 'Oilworker Brassrust', '', 0, 12, 12, 1468, 1468, 0, 0, 1427, 1682, 2, 1, 1.14286, 0, 20, 5, 0, 0, 1, 51, 66, 0, 140, 1, 2000, 2000, 1, 512, 0, 0, 0, 0, 0, 0, 52.272, 71.874, 100, 7, 0, 0, 0, 0, 0, 0, 0, 0, 0, 0, 0, 0, 0, 0, 0, 0, 0, 0, '', 0, 3, 0, 0, 3, 0, 0, 0, 0, 0, 10, ''),
(91224, 0, 7197, 0, 0, 0, 'Craneoperator Bizzrocket', '', 0, 12, 14, 468, 568, 0, 0, 1427, 1682, 2, 1, 1.14286, 0, 20, 5, 0, 0, 1, 51, 66, 0, 140, 1, 2000, 2000, 1, 512, 0, 0, 0, 0, 0, 0, 52.272, 71.874, 100, 7, 0, 0, 0, 0, 0, 0, 0, 0, 0, 0, 0, 0, 0, 0, 0, 0, 0, 0, '', 0, 3, 0, 0, 3, 4429, 0, 0, 0, 0, 10, ''),
(91225, 0, 7197, 0, 0, 0, 'Chief Shang', 'Chief Architect of Sparkwater', 60008, 16, 18, 468, 568, 0, 0, 1427, 1682, 1, 1, 1.14286, 0, 20, 5, 0, 0, 1, 51, 66, 0, 140, 1, 2000, 2000, 1, 512, 0, 0, 0, 0, 0, 0, 52.272, 71.874, 100, 7, 0, 0, 0, 0, 0, 0, 0, 0, 0, 0, 0, 0, 0, 0, 0, 0, 0, 0, '', 0, 3, 0, 0, 3, 0, 0, 0, 0, 0, 10, ''),
(91226, 0, 15549, 0, 0, 0, 'Varna Wireburn', '', 0, 16, 18, 468, 568, 0, 0, 1427, 1682, 2, 1, 1.14286, 0, 20, 5, 0, 0, 1, 51, 66, 0, 140, 1, 2000, 2000, 1, 512, 0, 0, 0, 0, 0, 0, 52.272, 71.874, 100, 7, 0, 0, 0, 0, 0, 0, 0, 0, 0, 0, 0, 0, 0, 0, 0, 0, 0, 0, '', 0, 3, 0, 0, 3, 0, 0, 0, 0, 0, 10, ''),
(91227, 0, 1390, 0, 0, 0, 'Hargosh', 'Backalley Butcher', 60010, 13, 14, 468, 568, 0, 0, 1427, 125, 7, 1, 1.14286, 0, 20, 5, 0, 0, 1, 51, 66, 0, 140, 1, 2000, 2000, 1, 512, 0, 0, 0, 0, 0, 0, 52.272, 71.874, 100, 7, 0, 0, 0, 0, 0, 0, 0, 0, 0, 0, 0, 0, 0, 0, 0, 0, 0, 0, '', 0, 3, 0, 0, 3, 3368, 0, 0, 0, 0, 10, ''),
(91228, 0, 9553, 0, 0, 0, 'Haylee Bucketblast', '', 0, 13, 14, 468, 568, 0, 0, 1427, 1682, 2, 1, 1.14286, 0, 20, 5, 0, 0, 1, 51, 66, 0, 140, 1, 2000, 2000, 1, 512, 0, 0, 0, 0, 0, 0, 52.272, 71.874, 100, 7, 0, 0, 0, 0, 0, 0, 0, 0, 0, 0, 0, 0, 0, 0, 0, 0, 0, 0, '', 0, 3, 0, 0, 3, 0, 0, 0, 0, 0, 10, ''),
(91229, 0, 7202, 0, 0, 0, 'Dockworker Shazklench', '', 60011, 13, 14, 468, 568, 0, 0, 1427, 1682, 3, 1, 1.14286, 0, 20, 5, 0, 0, 1, 51, 66, 0, 140, 1, 2000, 2000, 1, 512, 0, 0, 0, 0, 0, 0, 52.272, 71.874, 100, 7, 0, 0, 0, 0, 0, 0, 0, 0, 0, 0, 0, 0, 0, 0, 0, 0, 0, 0, '', 0, 3, 0, 0, 3, 4429, 0, 0, 0, 0, 10, ''),
(91230, 0, 7112, 0, 0, 0, 'Cannoneer Gaxbruise', '', 60012, 13, 14, 468, 568, 0, 0, 1427, 1682, 3, 1, 1.14286, 0, 20, 5, 0, 0, 1, 51, 66, 0, 140, 1, 2000, 2000, 1, 512, 0, 0, 0, 0, 0, 0, 52.272, 71.874, 100, 7, 0, 0, 0, 0, 0, 0, 0, 0, 0, 0, 0, 0, 0, 0, 0, 0, 0, 0, '', 0, 3, 0, 0, 3, 3454, 0, 0, 0, 0, 10, ''),
(91231, 0, 7192, 0, 0, 0, 'Cannoneer Dazzcrank', '', 60013, 13, 14, 468, 568, 0, 0, 1427, 1682, 3, 1, 1.14286, 0, 20, 5, 0, 0, 1, 51, 66, 0, 140, 1, 2000, 2000, 1, 512, 0, 0, 0, 0, 0, 0, 52.272, 71.874, 100, 7, 0, 0, 0, 0, 0, 0, 0, 0, 0, 0, 0, 0, 0, 0, 0, 0, 0, 0, '', 0, 3, 0, 0, 3, 3454, 0, 0, 0, 0, 10, ''),
(91232, 0, 7340, 0, 0, 0, 'Krez the Wise', 'Scroll and Book Vendor', 60014, 13, 14, 468, 568, 0, 0, 1427, 1682, 16388, 1, 1.14286, 0, 20, 5, 0, 0, 1, 51, 66, 0, 140, 1, 2000, 2000, 1, 512, 0, 0, 0, 0, 0, 0, 52.272, 71.874, 100, 7, 0, 0, 0, 0, 0, 0, 0, 0, 0, 0, 0, 0, 0, 0, 0, 0, 0, 0, '', 0, 3, 0, 0, 3, 0, 0, 0, 0, 0, 10, ''),
(91233, 0, 7110, 0, 0, 0, 'Technician Haztick', '', 0, 13, 14, 468, 568, 0, 0, 1427, 1682, 4, 1, 1.14286, 0, 20, 5, 0, 0, 1, 51, 66, 0, 140, 1, 2000, 2000, 1, 512, 0, 0, 0, 0, 0, 0, 52.272, 71.874, 100, 7, 0, 0, 0, 0, 0, 0, 0, 0, 0, 0, 0, 0, 0, 0, 0, 0, 0, 0, '', 0, 3, 0, 0, 3, 3368, 0, 0, 0, 0, 10, ''),
(91234, 0, 7109, 0, 0, 0, 'Technician Grimzlow', 'Head Technician of Sparkwater', 0, 13, 14, 468, 568, 0, 0, 1427, 1682, 2, 1, 1.14286, 0, 20, 5, 0, 0, 1, 51, 66, 0, 140, 1, 2000, 2000, 1, 512, 0, 0, 0, 0, 0, 0, 52.272, 71.874, 100, 7, 0, 0, 0, 0, 0, 0, 0, 0, 0, 0, 0, 0, 0, 0, 0, 0, 0, 0, '', 0, 3, 0, 0, 3, 3368, 0, 0, 0, 0, 10, ''),
(91235, 0, 7192, 0, 0, 0, 'Technician Balwaz', '', 0, 13, 14, 468, 568, 0, 0, 1427, 1682, 4, 1, 1.14286, 0, 20, 5, 0, 0, 1, 51, 66, 0, 140, 1, 2000, 2000, 1, 512, 0, 0, 0, 0, 0, 0, 52.272, 71.874, 100, 7, 0, 0, 0, 0, 0, 0, 0, 0, 0, 0, 0, 0, 0, 0, 0, 0, 0, 0, '', 0, 3, 0, 0, 3, 0, 0, 0, 0, 0, 10, ''),
(91236, 8, 10747, 11375, 7102, 0, 'Sparkwater Bruiser', '', 0, 55, 55, 7842, 7842, 0, 0, 20, 1682, 0, 1, 1.42857, 0, 20, 5, 0, 0, 1, 154, 222, 0, 248, 1, 2000, 2000, 1, 36864, 0, 0, 0, 0, 0, 0, 0, 0, 0, 7, 0, 0, 0, 0, 0, 0, 0, 0, 0, 0, 0, 0, 0, 0, 35021, 0, 0, 0, 'EventAI', 0, 3, 0, 0, 3, 16096, 0, 0, 0, 0, 524288, ''),
(91237, 0, 15201, 0, 0, 0, 'Tradesman Laz', '', 0, 52, 52, 2468, 2568, 0, 0, 1427, 1682, 2, 1, 1.14286, 0, 20, 5, 0, 0, 1, 51, 66, 0, 140, 1, 2000, 2000, 1, 512, 0, 0, 0, 0, 0, 0, 52.272, 71.874, 100, 7, 0, 0, 0, 0, 0, 0, 0, 0, 0, 0, 0, 0, 0, 0, 0, 0, 0, 0, '', 0, 3, 0, 0, 3, 0, 0, 0, 0, 0, 10, ''),
(91238, 0, 15765, 0, 0, 0, 'Lena Zapscrew', 'Innkeeper', 60015, 16, 16, 398, 698, 0, 0, 2753, 1682, 135, 1, 1.14286, 0, 20, 5, 0, 0, 1, 74, 96, 0, 208, 1, 1000, 2000, 1, 512, 0, 0, 0, 0, 0, 0, 62.744, 86.273, 100, 7, 0, 0, 0, 0, 0, 0, 0, 0, 0, 0, 0, 0, 0, 0, 0, 0, 0, 0, '', 0, 3, 0, 0, 3, 0, 0, 0, 0, 0, 10, ''),
(91239, 0, 7197, 0, 0, 0, 'Hangman Glix', 'Port Executioner', 60016, 7, 8, 468, 568, 0, 0, 1427, 1682, 3, 1, 1.14286, 0, 20, 5, 0, 0, 1, 51, 66, 0, 140, 1, 2000, 2000, 1, 512, 0, 0, 0, 0, 0, 0, 52.272, 71.874, 100, 7, 0, 0, 0, 0, 0, 0, 0, 0, 0, 0, 0, 0, 0, 0, 0, 0, 0, 0, '', 0, 3, 0, 0, 3, 0, 0, 0, 0, 0, 10, ''),
(91240, 0, 18057, 0, 0, 0, 'Thorg the Big', 'Bouncer', 60017, 10, 12, 1468, 1568, 0, 0, 1427, 1682, 3, 1, 1.14286, 0, 20, 5, 0, 0, 1, 51, 66, 0, 140, 1, 2000, 2000, 1, 512, 0, 0, 0, 0, 0, 0, 52.272, 71.874, 100, 7, 0, 0, 0, 0, 0, 0, 0, 0, 0, 0, 0, 0, 0, 0, 0, 0, 0, 0, '', 0, 3, 0, 0, 3, 0, 0, 0, 0, 0, 10, ''),
(91241, 0, 4083, 0, 0, 0, 'Tikku', '', 0, 10, 12, 468, 568, 0, 0, 1427, 1682, 2, 1, 1.14286, 0, 20, 5, 0, 0, 1, 51, 66, 0, 140, 1, 2000, 2000, 1, 512, 0, 0, 0, 0, 0, 0, 52.272, 71.874, 100, 7, 0, 0, 0, 0, 0, 0, 0, 0, 0, 0, 0, 0, 0, 0, 0, 0, 0, 0, '', 0, 3, 0, 0, 3, 0, 0, 0, 0, 0, 10, ''),
(91242, 0, 7179, 0, 0, 0, 'Wazzrocket', '', 0, 10, 12, 368, 568, 0, 0, 1427, 1682, 2, 1, 1.14286, 0, 20, 5, 0, 0, 1, 51, 66, 0, 140, 1, 2000, 2000, 1, 512, 0, 0, 0, 0, 0, 0, 52.272, 71.874, 100, 7, 0, 0, 0, 0, 0, 0, 0, 0, 0, 0, 0, 0, 0, 0, 0, 0, 0, 0, '', 0, 3, 0, 0, 3, 0, 0, 0, 0, 0, 10, ''),
(91243, 0, 3199, 0, 0, 0, 'Gowlfang', '', 60018, 6, 7, 246, 568, 0, 0, 1427, 1682, 3, 1, 1.14286, 0, 20, 5, 0, 0, 1, 51, 66, 0, 140, 1, 2000, 2000, 1, 512, 0, 0, 0, 0, 0, 0, 52.272, 71.874, 100, 7, 0, 0, 0, 0, 0, 0, 0, 0, 0, 0, 0, 0, 0, 0, 0, 0, 0, 0, '', 0, 3, 0, 0, 3, 0, 0, 0, 0, 0, 10, ''),
(91244, 0, 4565, 0, 0, 0, 'Targosh', '', 0, 3, 5, 146, 368, 0, 0, 1427, 125, 2, 1, 1.14286, 0, 20, 5, 0, 0, 1, 51, 66, 0, 140, 1, 2000, 2000, 1, 512, 0, 0, 0, 0, 0, 0, 52.272, 71.874, 100, 7, 0, 0, 0, 0, 0, 0, 0, 0, 0, 0, 0, 0, 0, 0, 0, 0, 0, 0, '', 0, 3, 0, 0, 3, 0, 0, 0, 0, 0, 10, ''),
(91245, 0, 4377, 0, 0, 0, 'Narena', '', 0, 5, 6, 246, 368, 0, 0, 1427, 125, 2, 1, 1.14286, 0, 20, 5, 0, 0, 1, 51, 66, 0, 140, 1, 2000, 2000, 1, 512, 0, 0, 0, 0, 0, 0, 52.272, 71.874, 100, 7, 0, 0, 0, 0, 0, 0, 0, 0, 0, 0, 0, 0, 0, 0, 0, 0, 0, 0, '', 0, 3, 0, 0, 3, 0, 0, 0, 0, 0, 10, ''),
(91246, 0, 3739, 0, 0, 0, 'Valkar', 'Fletcher', 0, 13, 13, 273, 273, 0, 0, 20, 125, 16388, 1, 1.14286, 0, 20, 5, 0, 0, 1, 13, 17, 0, 68, 1, 2000, 2000, 1, 4608, 0, 0, 0, 0, 0, 0, 21.5072, 29.5724, 100, 7, 0, 0, 0, 0, 0, 0, 0, 0, 0, 0, 0, 0, 0, 0, 0, 0, 0, 0, 'EventAI', 0, 3, 0, 0, 3, 3165, 0, 0, 0, 0, 524298, ''),
(91247, 0, 15094, 0, 0, 0, 'Karey Gozzleratch', 'Tailoring Supplies', 9177, 8, 9, 100, 400, 0, 0, 1200, 1682, 6, 1, 1.14286, 0, 20, 5, 0, 0, 1, 42, 53, 0, 122, 1, 2000, 2000, 1, 4608, 0, 0, 0, 0, 0, 0, 45.144, 62.073, 100, 7, 0, 0, 0, 0, 0, 0, 0, 0, 0, 0, 0, 0, 0, 0, 0, 0, 0, 0, 'EventAI', 0, 3, 0, 0, 3, 0, 0, 0, 0, 0, 524298, ''),
(91248, 0, 7340, 0, 0, 0, 'Wixx', 'General Goods', 0, 10, 10, 300, 300, 0, 0, 20, 1682, 6, 1, 1.14286, 0, 20, 5, 0, 0, 1, 15, 19, 0, 70, 1, 2000, 2000, 1, 4608, 0, 0, 0, 0, 0, 0, 23.0384, 31.6778, 100, 7, 0, 0, 0, 0, 0, 0, 0, 0, 0, 0, 0, 0, 0, 0, 0, 0, 0, 0, 'EventAI', 0, 3, 0, 0, 3, 3164, 0, 0, 0, 0, 524298, ''),
(91249, 0, 7185, 0, 0, 0, 'Hizzle', 'Correction\'s Officer', 60019, 13, 14, 468, 568, 0, 0, 1427, 1682, 3, 1, 1.14286, 0, 20, 5, 0, 0, 1, 51, 66, 0, 140, 1, 2000, 2000, 1, 512, 0, 0, 0, 0, 0, 0, 52.272, 71.874, 100, 7, 0, 0, 0, 0, 0, 0, 0, 0, 0, 0, 0, 0, 0, 0, 0, 0, 0, 0, '', 0, 3, 0, 0, 3, 0, 0, 0, 0, 0, 10, ''),
(91250, 0, 7172, 0, 0, 0, 'Dockmaster Nixx Oldfuse', '', 0, 13, 14, 468, 568, 0, 0, 1427, 1682, 2, 1, 1.14286, 0, 20, 5, 0, 0, 1, 51, 66, 0, 140, 1, 2000, 2000, 1, 512, 0, 0, 0, 0, 0, 0, 52.272, 71.874, 100, 7, 0, 0, 0, 0, 0, 0, 0, 0, 0, 0, 0, 0, 0, 0, 0, 0, 0, 0, '', 0, 3, 0, 0, 3, 0, 0, 0, 0, 0, 10, ''),
(91251, 0, 4547, 0, 0, 0, 'Grunt Karg', NULL, 60025, 20, 20, 484, 484, 0, 0, 852, 125, 3, 1, 1.14286, 0, 20, 5, 0, 0, 1, 24, 31, 0, 90, 1, 2000, 2000, 1, 4608, 0, 0, 0, 0, 0, 0, 31.856, 43.802, 100, 7, 0, 0, 0, 0, 0, 0, 0, 0, 0, 0, 0, 0, 0, 0, 0, 0, 0, 0, '', 0, 1, 1, 0, 3, 5911, 0, 0, 0, 0, 524298, ''),
(91252, 0, 7051, 0, 0, 0, 'Oilworker Skazjaw', '', 0, 13, 14, 468, 568, 0, 0, 1427, 1682, 2, 1, 1.14286, 0, 20, 5, 0, 0, 1, 51, 66, 0, 140, 1, 2000, 2000, 1, 512, 0, 0, 0, 0, 0, 0, 52.272, 71.874, 100, 7, 0, 0, 0, 0, 0, 0, 0, 0, 0, 0, 0, 0, 0, 0, 0, 0, 0, 0, '', 0, 3, 0, 0, 3, 0, 0, 0, 0, 0, 10, ''),
(91253, 0, 11461, 0, 0, 0, 'Lix Tinwrench', 'Known Vagrant', 60020, 7, 8, 268, 568, 0, 0, 1427, 1682, 3, 1, 1.14286, 0, 20, 5, 0, 0, 1, 51, 66, 0, 140, 1, 2000, 2000, 1, 512, 0, 0, 0, 0, 0, 0, 52.272, 71.874, 100, 7, 0, 0, 0, 0, 0, 0, 0, 0, 0, 0, 0, 0, 0, 0, 0, 0, 0, 0, '', 0, 3, 0, 0, 3, 0, 0, 0, 0, 0, 10, ''),
(91254, 0, 8569, 0, 0, 0, 'Gazztoggle Krewpipe', 'Sparkwater Associate', 0, 35, 38, 1268, 1568, 0, 0, 1427, 1682, 2, 1, 1.14286, 0, 20, 5, 0, 0, 1, 51, 66, 0, 140, 1, 2000, 2000, 1, 512, 0, 0, 0, 0, 0, 0, 52.272, 71.874, 100, 7, 0, 0, 0, 0, 0, 0, 0, 0, 0, 0, 0, 0, 0, 0, 0, 0, 0, 0, '', 0, 3, 0, 0, 3, 0, 0, 0, 0, 0, 10, ''),
(91255, 0, 7095, 0, 0, 0, 'Frix Tallycog', '', 60027, 7, 8, 268, 568, 0, 0, 1427, 1682, 3, 1, 1.14286, 0, 20, 5, 0, 0, 1, 51, 66, 0, 140, 1, 2000, 2000, 1, 512, 36, 0, 0, 0, 0, 0, 52.272, 71.874, 100, 7, 0, 0, 0, 0, 0, 0, 0, 0, 0, 0, 0, 0, 0, 0, 0, 0, 0, 0, '', 0, 3, 0, 0, 3, 0, 0, 0, 0, 0, 10, ''),
(91256, 0, 7342, 0, 0, 0, 'Razzle Longpipe', 'Razzles Radical Rarities!', 60021, 7, 8, 268, 568, 0, 0, 1427, 1682, 3, 1, 1.14286, 0, 20, 5, 0, 0, 1, 51, 66, 0, 140, 1, 2000, 2000, 1, 512, 0, 0, 0, 0, 0, 0, 52.272, 71.874, 100, 7, 0, 0, 0, 0, 0, 0, 0, 0, 0, 0, 0, 0, 0, 0, 0, 0, 0, 0, '', 0, 3, 0, 0, 3, 0, 0, 0, 0, 0, 10, ''),
(91257, 0, 7338, 0, 0, 0, 'Bizzle Cracksaw', '', 0, 5, 10, 168, 668, 0, 0, 1427, 1682, 2, 1, 1.14286, 0, 20, 5, 0, 0, 1, 51, 66, 0, 140, 1, 2000, 2000, 1, 512, 0, 0, 0, 0, 0, 0, 52.272, 71.874, 100, 7, 0, 0, 0, 0, 0, 0, 0, 0, 0, 0, 0, 0, 0, 0, 0, 0, 0, 0, '', 0, 3, 0, 0, 3, 1097, 0, 0, 0, 0, 10, ''),
(91258, 0, 10746, 0, 0, 0, 'Wendy Copperhack', '', 0, 5, 10, 168, 668, 0, 0, 1427, 1682, 2, 1, 1.14286, 0, 20, 5, 0, 0, 1, 51, 66, 0, 140, 1, 2000, 2000, 1, 512, 0, 0, 0, 0, 0, 0, 52.272, 71.874, 100, 7, 0, 0, 0, 0, 0, 0, 0, 0, 0, 0, 0, 0, 0, 0, 0, 0, 0, 0, '', 0, 3, 0, 0, 3, 1097, 0, 0, 0, 0, 10, ''),
(91259, 0, 8847, 0, 0, 0, 'Pazzle Brightwrench', 'Captain of The Brightwater', 0, 10, 13, 568, 668, 0, 0, 1427, 1682, 2, 1, 1.14286, 0, 20, 5, 0, 0, 1, 51, 66, 0, 140, 1, 2000, 2000, 1, 512, 0, 0, 0, 0, 0, 0, 52.272, 71.874, 100, 7, 0, 0, 0, 0, 0, 0, 0, 0, 0, 0, 0, 0, 0, 0, 0, 0, 0, 0, '', 0, 3, 0, 0, 3, 0, 0, 0, 0, 0, 10, 'npc_pazzle_brightwrench'),
(91260, 0, 7341, 0, 0, 0, 'Shak \'The Hack\'', '', 0, 10, 10, 568, 868, 0, 0, 1427, 1682, 2, 1, 1.14286, 0, 20, 5, 0, 0, 1, 51, 66, 0, 140, 1, 2000, 2000, 1, 512, 0, 0, 0, 0, 0, 0, 52.272, 71.874, 100, 7, 0, 0, 0, 0, 0, 0, 0, 0, 0, 0, 0, 0, 0, 0, 0, 0, 0, 0, '', 0, 3, 0, 0, 3, 1097, 0, 0, 0, 0, 10, ''),
(91261, 0, 7198, 0, 0, 0, 'Hiz Boltmuck', '', 0, 5, 10, 168, 668, 0, 0, 1427, 1682, 2, 1, 1.14286, 0, 20, 5, 0, 0, 1, 51, 66, 0, 140, 1, 2000, 2000, 1, 512, 0, 0, 0, 0, 0, 0, 52.272, 71.874, 100, 7, 0, 0, 0, 0, 0, 0, 0, 0, 0, 0, 0, 0, 0, 0, 0, 0, 0, 0, '', 0, 3, 0, 0, 3, 1097, 0, 0, 0, 0, 10, ''),
(91262, 0, 7188, 0, 0, 0, 'Wastemanager Taxx', '', 0, 5, 10, 168, 668, 0, 0, 1427, 1682, 2, 1, 1.14286, 0, 20, 5, 0, 0, 1, 51, 66, 0, 140, 1, 2000, 2000, 1, 512, 0, 0, 0, 0, 0, 0, 52.272, 71.874, 100, 7, 0, 0, 0, 0, 0, 0, 0, 0, 0, 0, 0, 0, 0, 0, 0, 0, 0, 0, '', 0, 3, 0, 0, 3, 1097, 0, 0, 0, 0, 10, ''),
(91263, 0, 9132, 0, 0, 0, 'Minx Oggbolt', '', 0, 5, 10, 168, 668, 0, 0, 1427, 1682, 2, 1, 1.14286, 0, 20, 5, 0, 0, 1, 51, 66, 0, 140, 1, 2000, 2000, 1, 512, 0, 0, 0, 0, 0, 0, 52.272, 71.874, 100, 7, 0, 0, 0, 0, 0, 0, 0, 0, 0, 0, 0, 0, 0, 0, 0, 0, 0, 0, '', 0, 3, 0, 0, 3, 1097, 0, 0, 0, 0, 10, ''),
(91264, 0, 7157, 0, 0, 0, 'Woodworker Grack', '', 0, 5, 10, 168, 668, 0, 0, 1427, 1682, 2, 1, 1.14286, 0, 20, 5, 0, 0, 1, 51, 66, 0, 140, 1, 2000, 2000, 1, 512, 0, 0, 0, 0, 0, 0, 52.272, 71.874, 100, 7, 0, 0, 0, 0, 0, 0, 0, 0, 0, 0, 0, 0, 0, 0, 0, 0, 0, 0, '', 0, 3, 0, 0, 3, 921, 0, 0, 0, 0, 10, ''),
(91265, 0, 7180, 0, 0, 0, 'Woodworker Rustlug', '', 0, 5, 10, 168, 668, 0, 0, 1427, 1682, 2, 1, 1.14286, 0, 20, 5, 0, 0, 1, 51, 66, 0, 140, 1, 2000, 2000, 1, 512, 0, 0, 0, 0, 0, 0, 52.272, 71.874, 100, 7, 0, 0, 0, 0, 0, 0, 0, 0, 0, 0, 0, 0, 0, 0, 0, 0, 0, 0, '', 0, 3, 0, 0, 3, 921, 0, 0, 0, 0, 10, ''),
(91266, 0, 13349, 0, 0, 0, 'Nazgro Wacktoggle', 'Woodcutting Foreman', 60022, 10, 13, 368, 668, 0, 0, 1427, 1682, 3, 1, 1.14286, 0, 20, 5, 0, 0, 1, 51, 66, 0, 140, 1, 2000, 2000, 1, 512, 0, 0, 0, 0, 0, 0, 52.272, 71.874, 100, 7, 0, 0, 0, 0, 0, 0, 0, 0, 0, 0, 0, 0, 0, 0, 0, 0, 0, 0, '', 0, 3, 0, 0, 3, 921, 0, 0, 0, 0, 10, ''),
(91267, 0, 7171, 0, 0, 0, 'Shredder Operator Boltratchet', '', 60023, 11, 12, 268, 668, 0, 0, 1427, 1682, 3, 1, 1.14286, 0, 20, 5, 0, 0, 1, 51, 66, 0, 140, 1, 2000, 2000, 1, 512, 0, 0, 0, 0, 0, 0, 52.272, 71.874, 100, 7, 0, 0, 0, 0, 0, 0, 0, 0, 0, 0, 0, 0, 0, 0, 0, 0, 0, 0, '', 0, 3, 0, 0, 3, 0, 0, 0, 0, 0, 10, ''),
(91268, 0, 7230, 0, 0, 0, 'Technician Fraxdust', '', 0, 5, 12, 268, 668, 0, 0, 1427, 1682, 2, 1, 1.14286, 0, 20, 5, 0, 0, 1, 51, 66, 0, 140, 1, 2000, 2000, 1, 512, 0, 0, 0, 0, 0, 0, 52.272, 71.874, 100, 7, 0, 0, 0, 0, 0, 0, 0, 0, 0, 0, 0, 0, 0, 0, 0, 0, 0, 0, '', 0, 3, 0, 0, 3, 0, 0, 0, 0, 0, 10, ''),
(91269, 0, 7171, 0, 0, 0, 'Miner Gralwax', '', 0, 5, 12, 268, 668, 0, 0, 1427, 1682, 2, 1, 1.14286, 0, 20, 5, 0, 0, 1, 51, 66, 0, 140, 1, 2000, 2000, 1, 512, 0, 0, 0, 0, 0, 0, 52.272, 71.874, 100, 7, 0, 0, 0, 0, 0, 0, 0, 0, 0, 0, 0, 0, 0, 0, 0, 0, 0, 0, '', 0, 3, 0, 0, 3, 1094, 0, 0, 0, 0, 10, ''),
(91270, 0, 7202, 0, 0, 0, 'Miner Kazzlebucket', '', 0, 5, 12, 268, 668, 0, 0, 1427, 1682, 2, 1, 1.14286, 0, 20, 5, 0, 0, 1, 51, 66, 0, 140, 1, 2000, 2000, 1, 512, 0, 0, 0, 0, 0, 0, 52.272, 71.874, 100, 7, 0, 0, 0, 0, 0, 0, 0, 0, 0, 0, 0, 0, 0, 0, 0, 0, 0, 0, '', 0, 3, 0, 0, 3, 1094, 0, 0, 0, 0, 10, ''),
(91271, 0, 7201, 0, 0, 0, 'Miner Igglesocket', '', 0, 5, 12, 268, 668, 0, 0, 1427, 1682, 2, 1, 1.14286, 0, 20, 5, 0, 0, 1, 51, 66, 0, 140, 1, 2000, 2000, 1, 512, 0, 0, 0, 0, 0, 0, 52.272, 71.874, 100, 7, 0, 0, 0, 0, 0, 0, 0, 0, 0, 0, 0, 0, 0, 0, 0, 0, 0, 0, '', 0, 3, 0, 0, 3, 1094, 0, 0, 0, 0, 10, ''),
(91272, 0, 7051, 0, 0, 0, 'Miner Axel', '', 0, 8, 12, 268, 668, 0, 0, 1427, 1682, 2, 1, 1.14286, 0, 20, 5, 0, 0, 1, 51, 66, 0, 140, 1, 2000, 2000, 1, 512, 0, 0, 0, 0, 0, 0, 52.272, 71.874, 100, 7, 0, 0, 0, 0, 0, 0, 0, 0, 0, 0, 0, 0, 0, 0, 0, 0, 0, 0, '', 0, 3, 0, 0, 3, 1094, 0, 0, 0, 0, 10, ''),
(91273, 0, 7201, 0, 0, 0, 'Miner Werrywrench', '', 0, 8, 12, 268, 668, 0, 0, 1427, 1682, 2, 1, 1.14286, 0, 20, 5, 0, 0, 1, 51, 66, 0, 140, 1, 2000, 2000, 1, 512, 0, 0, 0, 0, 0, 0, 52.272, 71.874, 100, 7, 0, 0, 0, 0, 0, 0, 0, 0, 0, 0, 0, 0, 0, 0, 0, 0, 0, 0, '', 0, 3, 0, 0, 3, 1094, 0, 0, 0, 0, 10, ''),
(91274, 0, 8477, 0, 0, 0, 'Big Fraggle', 'The Mining Boss', 60024, 8, 12, 268, 668, 0, 0, 1427, 1682, 3, 1, 1.14286, 0, 20, 5, 0, 0, 1, 51, 66, 0, 140, 1, 2000, 2000, 1, 512, 0, 0, 0, 0, 0, 0, 52.272, 71.874, 100, 7, 0, 0, 0, 0, 0, 0, 0, 0, 0, 0, 0, 0, 0, 0, 0, 0, 0, 0, '', 0, 3, 0, 0, 3, 0, 0, 0, 0, 0, 10, ''),
(91275, 0, 7181, 0, 0, 0, 'Grimm Onearm', '', 0, 8, 12, 268, 668, 0, 0, 1427, 1682, 2, 1, 1.14286, 0, 20, 5, 0, 0, 1, 51, 66, 0, 140, 1, 2000, 2000, 1, 512, 0, 0, 0, 0, 0, 0, 52.272, 71.874, 100, 7, 0, 0, 0, 0, 0, 0, 0, 0, 0, 0, 0, 0, 0, 0, 0, 0, 0, 0, '', 0, 3, 0, 0, 3, 0, 0, 0, 0, 0, 10, ''),
(91276, 0, 3855, 0, 0, 0, 'Mememgem', '', 0, 8, 12, 268, 668, 0, 0, 1427, 1682, 2, 1, 1.14286, 0, 20, 5, 0, 0, 1, 51, 66, 0, 140, 1, 2000, 2000, 1, 512, 0, 0, 0, 0, 0, 0, 52.272, 71.874, 100, 7, 0, 0, 0, 0, 0, 0, 0, 0, 0, 0, 0, 0, 0, 0, 0, 0, 0, 0, '', 0, 3, 0, 0, 3, 0, 0, 0, 0, 0, 10, ''),
(91277, 0, 3748, 0, 0, 0, 'Miner Glaktor', '', 60028, 8, 12, 268, 668, 0, 0, 1427, 125, 3, 1, 1.14286, 0, 20, 5, 0, 0, 1, 51, 66, 0, 140, 1, 2000, 2000, 1, 512, 0, 0, 0, 0, 0, 0, 52.272, 71.874, 100, 7, 0, 0, 0, 0, 0, 0, 0, 0, 0, 0, 0, 0, 0, 0, 0, 0, 0, 0, '', 0, 3, 0, 0, 3, 1094, 0, 0, 0, 0, 10, ''),
(91278, 0, 7058, 0, 0, 0, 'Jock Tossbucket', 'Banker', 0, 45, 45, 5544, 5544, 0, 0, 2725, 1682, 256, 1, 1.14286, 0, 20, 5, 0, 0, 1, 72, 93, 0, 204, 1, 2000, 2000, 1, 0, 0, 0, 0, 0, 0, 0, 61.776, 84.942, 100, 7, 0, 0, 0, 0, 0, 0, 0, 0, 0, 0, 0, 0, 0, 0, 0, 0, 0, 0, '', 0, 1, 0, 0, 3, 3496, 0, 0, 0, 0, 10, ''),
(91279, 0, 7125, 0, 0, 0, 'Woodworker Shlax', '', 0, 8, 12, 268, 668, 0, 0, 1427, 1682, 2, 1, 1.14286, 0, 20, 5, 0, 0, 1, 51, 66, 0, 140, 1, 2000, 2000, 1, 512, 0, 0, 0, 0, 0, 0, 52.272, 71.874, 100, 7, 0, 0, 0, 0, 0, 0, 0, 0, 0, 0, 0, 0, 0, 0, 0, 0, 0, 0, '', 0, 3, 0, 0, 3, 921, 0, 0, 0, 0, 10, ''),
(91280, 0, 7053, 0, 0, 0, 'Brizclang Spuckettool', 'Brightwater Crew', 60029, 10, 14, 468, 568, 0, 0, 1427, 1682, 3, 1, 1.14286, 0, 20, 5, 0, 0, 1, 51, 66, 0, 140, 1, 2000, 2000, 1, 512, 0, 0, 0, 0, 0, 0, 52.272, 71.874, 100, 7, 0, 0, 0, 0, 0, 0, 0, 0, 0, 0, 0, 0, 0, 0, 0, 0, 0, 0, '', 0, 3, 0, 0, 3, 3454, 0, 0, 0, 0, 10, ''),
(91281, 0, 15300, 0, 0, 0, 'Spanessa Fogwater', 'Brightwater Crew', 60030, 10, 14, 468, 568, 0, 0, 1427, 1682, 3, 1, 1.14286, 0, 20, 5, 0, 0, 1, 51, 66, 0, 140, 1, 2000, 2000, 1, 512, 0, 0, 0, 0, 0, 0, 52.272, 71.874, 100, 7, 0, 0, 0, 0, 0, 0, 0, 0, 0, 0, 0, 0, 0, 0, 0, 0, 0, 0, '', 0, 3, 0, 0, 3, 3454, 0, 0, 0, 0, 10, ''),
(91282, 0, 7106, 0, 0, 0, 'Shalgrig Pipeshack', 'Brightwater Crew', 0, 10, 14, 468, 568, 0, 0, 1427, 1682, 2, 1, 1.14286, 0, 20, 5, 0, 0, 1, 51, 66, 0, 140, 1, 2000, 2000, 1, 512, 0, 0, 0, 0, 0, 0, 52.272, 71.874, 100, 7, 0, 0, 0, 0, 0, 0, 0, 0, 0, 0, 0, 0, 0, 0, 0, 0, 0, 0, '', 0, 3, 0, 0, 3, 3454, 0, 0, 0, 0, 10, ''),
(91283, 0, 6761, 0, 0, 0, 'Lieutenant Azsalus', NULL, 0, 54, 54, 5847, 6030, 5340, 5461, 1742, 60, 0, 0.888888, 1.14286, 1.3, 20, 5, 0, 1, 1, 460, 593, 0, 262, 1, 2000, 2000, 8, 64, 0, 0, 0, 0, 0, 0, 65.7432, 90.3969, 100, 2, 0, 7437, 0, 7437, 0, 0, 0, 85, 0, 170, 15784, 15043, 0, 0, 0, 0, 357, 472, '', 1, 1, 0, 0, 3, 12557, 0, 0, 0, 0, 0, 'generic_spell_ai'),
(91284, 0, 10697, 0, 0, 0, 'Captain Salt Tooth', 'Bloodsail Captain', 0, 45, 45, 2859, 2917, 0, 0, 2846, 1682, 0, 1, 1.14286, 0, 20, 5, 0, 0, 1, 61, 78, 0, 204, 1, 2000, 2000, 1, 32768, 0, 0, 0, 0, 0, 0, 62.8672, 86.4424, 100, 7, 0, 1565, 1565, 0, 0, 0, 0, 0, 0, 0, 0, 12540, 744, 0, 15650, 0, 83, 114, 'EventAI', 0, 3, 0, 0, 3, 1565, 0, 0, 0, 0, 0, ''),
(91285, 6, 6821, 0, 0, 0, 'Grol the Exile', '', 60031, 25, 25, 2000, 3000, 0, 0, 7, 31, 3, 1.2, 1.14286, 1, 20, 5, 0, 0, 1, 2, 2, 0, 44, 1, 2000, 2000, 1, 0, 0, 0, 0, 0, 0, 0, 1, 1, 0, 7, 0, 0, 0, 0, 0, 0, 0, 0, 0, 0, 0, 0, 0, 0, 0, 0, 0, 0, '', 0, 3, 0, 0, 3, 0, 0, 0, 0, 0, 524288, ''),
(91286, 0, 1303, 0, 0, 0, 'Shredder Operator Kixol', '', 60032, 10, 12, 268, 668, 0, 0, 1427, 1682, 3, 1, 1.14286, 0, 20, 5, 0, 0, 1, 51, 66, 0, 140, 1, 2000, 2000, 1, 512, 0, 0, 0, 0, 0, 0, 52.272, 71.874, 100, 7, 0, 0, 0, 0, 0, 0, 0, 0, 0, 0, 0, 0, 0, 0, 0, 0, 0, 0, '', 0, 3, 0, 0, 3, 0, 0, 0, 0, 0, 10, ''),
(91287, 0, 10878, 0, 0, 0, 'Daela Evermoon', NULL, 60033, 25, 29, 1718, 1718, 2117, 2117, 2654, 69, 3, 1, 1.14286, 0, 20, 5, 0, 0, 1, 96, 125, 0, 248, 1, 2000, 2000, 2, 4096, 0, 0, 0, 0, 0, 0, 70.664, 97.163, 100, 7, 0, 0, 0, 0, 0, 0, 0, 0, 0, 0, 0, 0, 0, 0, 0, 0, 0, 0, 'EventAI', 0, 3, 0, 0, 3, 4204, 0, 0, 0, 0, 524298, ''),
(91288, 0, 2253, 0, 0, 0, 'Ardaen Evermoon', NULL, 9494, 25, 29, 1718, 1718, 2117, 2117, 2654, 69, 3, 1, 1.14286, 0, 20, 5, 0, 0, 1, 96, 125, 0, 248, 1, 2000, 2000, 2, 4096, 0, 0, 0, 0, 0, 0, 70.664, 97.163, 100, 7, 0, 0, 0, 0, 0, 0, 0, 0, 0, 0, 0, 0, 0, 0, 0, 0, 0, 0, 'EventAI', 0, 3, 0, 0, 3, 15184, 0, 0, 0, 0, 524298, ''),
(91289, 1, 14328, 0, 0, 0, 'Lord Rog', '', 60034, 42, 44, 1981, 2138, 0, 0, 4436, 31, 3, 1.2, 1.14286, 0, 20, 5, 0, 0, 1, 66, 90, 0, 194, 1, 2000, 2000, 1, 0, 0, 0, 0, 0, 0, 0, 59.0304, 81.1668, 100, 4, 0, 2736, 0, 0, 0, 0, 15, 0, 0, 0, 0, 0, 0, 0, 0, 0, 0, 0, '', 1, 3, 0, 0, 3, 0, 0, 0, 646016863, 0, 0, ''),
(91290, 0, 14773, 0, 0, 0, 'Chief Yin\'do', 'Wildtusk Chieftain', 60035, 55, 55, 4667, 4667, 0, 0, 4292, 31, 3, 1, 1.14286, 0, 20, 5, 0, 0, 1, 240, 260, 0, 122, 1, 2000, 2000, 1, 4096, 0, 0, 0, 0, 0, 0, 39.5824, 54.4258, 100, 7, 0, 0, 0, 0, 0, 0, 0, 0, 0, 0, 0, 0, 0, 0, 0, 0, 0, 0, 'EventAI', 0, 3, 0, 0, 3, 3297, 0, 0, 0, 0, 524288, ''),
(91291, 0, 3197, 0, 0, 0, 'Sagepaw', '', 0, 23, 24, 1189, 1282, 2714, 2886, 519, 65, 0, 0.95, 1.14286, 1.2, 20, 5, 0, 1, 1, 101, 130, 0, 100, 1, 1466, 2000, 8, 32768, 0, 0, 0, 0, 0, 0, 29.6792, 40.8089, 100, 7, 0, 436, 436, 0, 0, 0, 0, 0, 0, 0, 8994, 13787, 9613, 11639, 4360, 0, 102, 139, 'EventAI', 0, 3, 0, 0, 3, 436, 0, 0, 0, 0, 0, ''),
(91292, 0, 7340, 0, 0, 0, 'Tarlo Farcrack', '', 60036, 20, 25, 800, 900, 0, 0, 20, 1682, 16391, 1, 1.14286, 0, 20, 5, 0, 0, 1, 15, 19, 0, 70, 1, 2000, 2000, 1, 4608, 0, 0, 0, 0, 0, 0, 23.0384, 31.6778, 100, 7, 0, 0, 0, 0, 0, 0, 0, 0, 0, 0, 0, 0, 0, 0, 0, 0, 0, 0, 'EventAI', 0, 3, 0, 0, 3, 3164, 0, 0, 0, 0, 524298, ''),
(91293, 0, 3585, 0, 0, 0, 'Archivist Landas', NULL, 0, 30, 30, 1382, 1518, 2362, 2457, 703, 1682, 0, 1, 1.14286, 0, 20, 5, 0, 0, 1, 32, 42, 0, 132, 1, 2000, 2000, 8, 32768, 0, 0, 0, 0, 0, 0, 53.8384, 74.0278, 100, 7, 0, 2272, 2272, 0, 0, 0, 0, 50, 0, 0, 3652, 20819, 15044, 0, 22720, 0, 44, 62, 'EventAI', 1, 3, 0, 0, 3, 2272, 0, 0, 0, 0, 0, ''),
(91294, 0, 328, 0, 0, 0, 'Quest 55030 Custom Objective Trigger', NULL, 0, 1, 1, 1382, 1518, 2362, 2457, 703, 1682, 0, 1, 1.14286, 0, 31, 5, 0, 0, 1, 32, 42, 0, 132, 1, 2000, 2000, 8, 32768, 0, 0, 0, 0, 0, 0, 53.8384, 74.0278, 100, 7, 0, 2272, 2272, 0, 0, 0, 0, 50, 0, 0, 3652, 20819, 15044, 0, 22720, 0, 44, 62, 'EventAI', 1, 3, 0, 0, 3, 2272, 0, 0, 0, 0, 0, ''),
(91295, 0, 7407, 0, 0, 0, 'Ozwack Tigflint', 'Supply Officer', 0, 20, 25, 800, 900, 0, 0, 20, 1682, 16391, 1, 1.14286, 0, 20, 5, 0, 0, 1, 15, 19, 0, 70, 1, 2000, 2000, 1, 4608, 0, 0, 0, 0, 0, 0, 23.0384, 31.6778, 100, 7, 0, 0, 0, 0, 0, 0, 0, 0, 0, 0, 0, 0, 0, 0, 0, 0, 0, 0, 'EventAI', 0, 3, 0, 0, 3, 3164, 0, 0, 0, 0, 524298, ''),
(91295, 0, 7229, 3929, 3931, 3933, 'Foreman Klix', 'Venture Co.', 0, 21, 22, 531, 573, 0, 0, 905, 47, 0, 1, 1.14286, 0, 20, 5, 0, 0, 1, 33, 38, 0, 98, 1, 2000, 2000, 1, 0, 0, 0, 0, 0, 0, 0, 35.6224, 48.9808, 100, 7, 0, 91295, 3993, 0, 0, 0, 0, 0, 0, 0, 7979, 0, 0, 0, 39930, 0, 27, 40, 'EventAI', 1, 1, 0, 0, 3, 3993, 0, 0, 0, 0, 0, '');

-- Quest
update creature_template set npc_flags = 2 where entry in (91268, 91269, 91275, 91276, 91234, 91254, 91203, 91282, 5546, 91259, 91295, 91260, 91272); 
-- Gossip + Quest
update creature_template set npc_flags = 3 where entry in (91266, 91267, 91274, 91251, 91277, 91280, 91281, 91285, 91286, 91289, 91287, 91288, 91290);
-- Gossip + Vendor
update creature_template set npc_flags = 5 where entry  = 91256;
-- Gossip + Vendor + Quest
update creature_template set npc_flags = 7 where entry  = 91232;

update creature_template set loot_id = 91284 where entry = 91284;
update creature_template set loot_id = 91283 where entry = 91283;
update creature_template set loot_id = 91293 where entry = 91293;
update creature_template set equipment_id = 0 where entry = 91288;
update creature_template set equipment_id = 5112 where entry = 91259;
update creature_template set faction = 61, rank = 0 where entry = 91291;

replace into creature_template_addon values 
(91200, 0, 0, 0, 0, 0, 69, 0, NULL),
(91206, 0, 0, 0, 1, 16, 379, 0, NULL),
(91209, 0, 0, 1, 0, 0, 0, 0, NULL),
(91210, 0, 0, 1, 0, 0, 0, 0, NULL),
(91212, 0, 0, 3, 0, 0, 0, 0, NULL),
(91255, 0, 0, 7, 0, 0, 0, 0, NULL),
(91265, 0, 0, 0, 0, 0, 234, 0, NULL),
(91268, 0, 0, 0, 0, 0, 233, 0, NULL),
(91269, 0, 0, 0, 0, 0, 233, 0, NULL),
(91270, 0, 0, 0, 0, 0, 233, 0, NULL),
(91271, 0, 0, 0, 0, 0, 233, 0, NULL),
(91277, 0, 0, 0, 0, 0, 233, 0, NULL),
(91279, 0, 0, 0, 0, 0, 233, 0, NULL);

set @gossip_menu_id = 60000; set @magic_number = 91205; 
replace into gossip_menu (entry, text_id, condition_id) VALUES (@gossip_menu_id, @magic_number, '0'); replace into broadcast_text (entry, Male_Text) values (@magic_number, 'If you\'re lookin\' for odds and ends from across the south sea\'s then you\'re in luck!\n\nThere\'s no other place you can get this stuff then right here at Zeet\'s!\n\nOh, and NO REFUNDS!'); replace into npc_text (ID, BroadcastTextID0) values (@magic_number, @magic_number); update creature_template set gossip_menu_id = @gossip_menu_id where entry = @magic_number;

set @gossip_menu_id = 60001; set @magic_number = 91202; 
replace into gossip_menu (entry, text_id, condition_id) VALUES (@gossip_menu_id, @magic_number, '0'); replace into broadcast_text (entry, Male_Text) values (@magic_number, 'Hey there, if you\'re looking to produce your own potions to save a few coin, you\'ve come just to the right place!'); replace into npc_text (ID, BroadcastTextID0) values (@magic_number, @magic_number); update creature_template set gossip_menu_id = @gossip_menu_id where entry = @magic_number;

set @gossip_menu_id = 60002; set @magic_number = 91204; 
replace into gossip_menu (entry, text_id, condition_id) VALUES (@gossip_menu_id, @magic_number, '0'); replace into broadcast_text (entry, Male_Text) values (@magic_number, 'Unless you have a drink for me, you\'d best shove up whelp!'); replace into npc_text (ID, BroadcastTextID0) values (@magic_number, @magic_number); update creature_template set gossip_menu_id = @gossip_menu_id where entry = @magic_number;

set @gossip_menu_id = 60003; set @magic_number = 91201; 
replace into gossip_menu (entry, text_id, condition_id) VALUES (@gossip_menu_id, @magic_number, '0'); replace into broadcast_text (entry, Male_Text) values (@magic_number, 'Cutting wood isn\'t easy work, especially with all these lazy louts!\n\nIt\'s what good foremans like me are here for, up productivity!'); replace into npc_text (ID, BroadcastTextID0) values (@magic_number, @magic_number); update creature_template set gossip_menu_id = @gossip_menu_id where entry = @magic_number;

set @gossip_menu_id = 60004; set @magic_number = 91200; 
replace into gossip_menu (entry, text_id, condition_id) VALUES (@gossip_menu_id, @magic_number, '0'); replace into broadcast_text (entry, Male_Text) values (@magic_number, 'It\'s all about goblin precision, you think an orc could work such delicate parts?\n\nWhat\'cha need bub?'); replace into npc_text (ID, BroadcastTextID0) values (@magic_number, @magic_number); update creature_template set gossip_menu_id = @gossip_menu_id where entry = @magic_number;

set @gossip_menu_id = 60007; set @magic_number = 91220; 
replace into gossip_menu (entry, text_id, condition_id) VALUES (@gossip_menu_id, @magic_number, '0'); replace into broadcast_text (entry, Male_Text) values (@magic_number, 'Lozzle the Nozzle here! You\'re looking awfully thirsty, the sweat rolling off your face, the hot sun beating down on someone would do -just- that!\n\nWhy don\'t you grab some of my water, it\'s ice cold, and quenches the thirst, priced JUST right!\n\nNot like you\'ll find any other in town.'); replace into npc_text (ID, BroadcastTextID0) values (@magic_number, @magic_number); update creature_template set gossip_menu_id = @gossip_menu_id where entry = @magic_number;

set @gossip_menu_id = 60008; set @magic_number = 91225; 
replace into gossip_menu (entry, text_id, condition_id) VALUES (@gossip_menu_id, @magic_number, '0'); replace into broadcast_text (entry, Male_Text) values (@magic_number, 'Welcome to Sparkwater!\n\nI designed and built this place from the ground up, from the very first stone and rock into what it is now.\n\nSo, if you got any building projects, let me know, it may cost a pretty penny, but it\'s worth the gold, I\'ll tell you -THAT- much!'); replace into npc_text (ID, BroadcastTextID0) values (@magic_number, @magic_number); update creature_template set gossip_menu_id = @gossip_menu_id where entry = @magic_number;

set @gossip_menu_id = 60009; set @magic_number = 91221; 
replace into gossip_menu (entry, text_id, condition_id) VALUES (@gossip_menu_id, @magic_number, '0'); replace into broadcast_text (entry, Male_Text) values (@magic_number, 'You lookin\' for your fix bub? I got the good stuff, cheap, and home made!\m\mIt will get you drunk faster then any of that silly Dalaran wine, that\'s for sure, shows you what a goblin with his mind to a task can do.'); replace into npc_text (ID, BroadcastTextID0) values (@magic_number, @magic_number); update creature_template set gossip_menu_id = @gossip_menu_id where entry = @magic_number;

set @gossip_menu_id = 60010; set @magic_number = 91227; 
replace into gossip_menu (entry, text_id, condition_id) VALUES (@gossip_menu_id, @magic_number, '0'); replace into broadcast_text (entry, Male_Text) values (@magic_number, 'Throm ka friend, the goblins surely have a taste for fine meat, and it would seem they eat quite the filling of it.'); replace into npc_text (ID, BroadcastTextID0) values (@magic_number, @magic_number); update creature_template set gossip_menu_id = @gossip_menu_id where entry = @magic_number;

set @gossip_menu_id = 60011; set @magic_number = 91229; 
replace into gossip_menu (entry, text_id, condition_id) VALUES (@gossip_menu_id, @magic_number, '0'); replace into broadcast_text (entry, Male_Text) values (@magic_number, 'I been hearin\' the platform got overrun by the sea crawlers they better not come bother me any!'); replace into npc_text (ID, BroadcastTextID0) values (@magic_number, @magic_number); update creature_template set gossip_menu_id = @gossip_menu_id where entry = @magic_number;

set @gossip_menu_id = 60012; set @magic_number = 91230; 
replace into gossip_menu (entry, text_id, condition_id) VALUES (@gossip_menu_id, @magic_number, '0'); replace into broadcast_text (entry, Male_Text) values (@magic_number, 'My job here is to make sure the port is safe, any unknown ships come into range I fire this bad-girl at them, iron ball packed tight to the brim with gun powder will sink any vessel that is stupid enough to mess with us.'); replace into npc_text (ID, BroadcastTextID0) values (@magic_number, @magic_number); update creature_template set gossip_menu_id = @gossip_menu_id where entry = @magic_number;

set @gossip_menu_id = 60013; set @magic_number = 91231; 
replace into gossip_menu (entry, text_id, condition_id) VALUES (@gossip_menu_id, @magic_number, '0'); replace into broadcast_text (entry, Male_Text) values (@magic_number, 'Missfire Shmissfire, we\'re ordered to pack this baby full of powder when we see something!\n\nWe\'ll probably hit the eastern kingdoms!'); replace into npc_text (ID, BroadcastTextID0) values (@magic_number, @magic_number); update creature_template set gossip_menu_id = @gossip_menu_id where entry = @magic_number;

set @gossip_menu_id = 60014; set @magic_number = 91232; 
replace into gossip_menu (entry, text_id, condition_id) VALUES (@gossip_menu_id, @magic_number, '0'); replace into broadcast_text (entry, Male_Text) values (@magic_number, 'Heh, you lookin\' to get smarter huh? Well, reading some of these scrolls or books certainly could expand your knowledge, a few of them for a little while for sure!'); replace into npc_text (ID, BroadcastTextID0) values (@magic_number, @magic_number); update creature_template set gossip_menu_id = @gossip_menu_id where entry = @magic_number;

set @gossip_menu_id = 60015; set @magic_number = 91238; 
replace into gossip_menu (entry, text_id, condition_id) VALUES (@gossip_menu_id, @magic_number, '0'); replace into broadcast_text (entry, Male_Text) values (@magic_number, 'Hey! Welcome to the Sparkwater Tavern!\n\nMake yourself at home and find a table! If you need any drinks come talk to me.'); replace into npc_text (ID, BroadcastTextID0) values (@magic_number, @magic_number); update creature_template set gossip_menu_id = @gossip_menu_id where entry = @magic_number;

set @gossip_menu_id = 60016; set @magic_number = 91239; 
replace into gossip_menu (entry, text_id, condition_id) VALUES (@gossip_menu_id, @magic_number, '0'); replace into broadcast_text (entry, Male_Text) values (@magic_number, 'Whatcha want bub? No ones supposed to be executed today.'); replace into npc_text (ID, BroadcastTextID0) values (@magic_number, @magic_number); update creature_template set gossip_menu_id = @gossip_menu_id where entry = @magic_number;

set @gossip_menu_id = 60017; set @magic_number = 91240; 
replace into gossip_menu (entry, text_id, condition_id) VALUES (@gossip_menu_id, @magic_number, '0'); replace into broadcast_text (entry, Male_Text) values (@magic_number, 'Me no want smash, keep peace or Thorg be forced to smash.'); replace into npc_text (ID, BroadcastTextID0) values (@magic_number, @magic_number); update creature_template set gossip_menu_id = @gossip_menu_id where entry = @magic_number;

set @gossip_menu_id = 60018; set @magic_number = 91243; 
replace into gossip_menu (entry, text_id, condition_id) VALUES (@gossip_menu_id, @magic_number, '0'); replace into broadcast_text (entry, Male_Text) values (@magic_number, 'Yes yes? What does $r want with Gowlfang?\n\nYou think-think just cause I look dif-different you can stare?! Gowlfang comes from strong tribe of gnoll! No bad-talk!'); replace into npc_text (ID, BroadcastTextID0) values (@magic_number, @magic_number); update creature_template set gossip_menu_id = @gossip_menu_id where entry = @magic_number;

set @gossip_menu_id = 60019; set @magic_number = 91249; 
replace into gossip_menu (entry, text_id, condition_id) VALUES (@gossip_menu_id, @magic_number, '0'); replace into broadcast_text (entry, Male_Text) values (@magic_number, 'No Loitering! If you don\'t got business here then scram, unless you want to end up in the hole!'); replace into npc_text (ID, BroadcastTextID0) values (@magic_number, @magic_number); update creature_template set gossip_menu_id = @gossip_menu_id where entry = @magic_number;

set @gossip_menu_id = 60020; set @magic_number = 91253; 
replace into gossip_menu (entry, text_id, condition_id) VALUES (@gossip_menu_id, @magic_number, '0'); replace into broadcast_text (entry, Male_Text) values (@magic_number, 'Getting fired for being lazy from that stupid lumber cutting job has been the best thing ever!\n\nNo one has found me yet and I got all the time I could ever ask for, screw them!'); replace into npc_text (ID, BroadcastTextID0) values (@magic_number, @magic_number); update creature_template set gossip_menu_id = @gossip_menu_id where entry = @magic_number;

set @gossip_menu_id = 60021; set @magic_number = 91256; 
replace into gossip_menu (entry, text_id, condition_id) VALUES (@gossip_menu_id, @magic_number, '0'); replace into broadcast_text (entry, Male_Text) values (@magic_number, 'Welcome to Razzle\'s! Don\'t pay any attention to that goof Zeet in the alley, his goods are nothing more then cheap table scratch!\n\nWhat I got here are genuine rare items from across Azeroth! They\'re limited, first come, first serve and should serve any adventurer in this world well!\n\nSo, step up, get some of Razzle\'s Radical Rarities before they are gone and swiped up by another more eager, and... Heh, more Savvy then yourself!'); replace into npc_text (ID, BroadcastTextID0) values (@magic_number, @magic_number); update creature_template set gossip_menu_id = @gossip_menu_id where entry = @magic_number;

set @gossip_menu_id = 60022; set @magic_number = 91266; 
replace into gossip_menu (entry, text_id, condition_id) VALUES (@gossip_menu_id, @magic_number, '0'); replace into broadcast_text (entry, Male_Text) values (@magic_number, 'We\'re making good progress here with the woodcutting efforts in Durotar!\n\nThere may not be a big excess of tree\'s around here, but these ones are massive, and large, offer quite a lot of lumber!'); replace into npc_text (ID, BroadcastTextID0) values (@magic_number, @magic_number); update creature_template set gossip_menu_id = @gossip_menu_id where entry = @magic_number;

set @gossip_menu_id = 60023; set @magic_number = 91267; 
replace into gossip_menu (entry, text_id, condition_id) VALUES (@gossip_menu_id, @magic_number, '0'); replace into broadcast_text (entry, Male_Text) values (@magic_number, 'The damned heat is making all of the shredders break down way faster then I am used too!\n\nEven with all of my experience in using these things I haven\'t had this many problems!\n\nIt\'s that damned sun, tell Wrix to hurry up already with those repairs! Last thing I want to do is waste all this experience and be reduced to chopping with my arms, it\'s so inefficient!'); replace into npc_text (ID, BroadcastTextID0) values (@magic_number, @magic_number); update creature_template set gossip_menu_id = @gossip_menu_id where entry = @magic_number;

set @gossip_menu_id = 60024; set @magic_number = 91274; 
replace into gossip_menu (entry, text_id, condition_id) VALUES (@gossip_menu_id, @magic_number, '0'); replace into broadcast_text (entry, Male_Text) values (@magic_number, 'Always more work to be done and its up to me to make sure it gets done! We got shipments due and people to get all this stone and ore too!\n\nWithout me around, half of what you see here wouldn\'t even exist! Hey, you lookin\' for a job?'); replace into npc_text (ID, BroadcastTextID0) values (@magic_number, @magic_number); update creature_template set gossip_menu_id = @gossip_menu_id where entry = @magic_number;

set @gossip_menu_id = 60025; set @magic_number = 91251; 
replace into gossip_menu (entry, text_id, condition_id) VALUES (@gossip_menu_id, @magic_number, '0'); replace into broadcast_text (entry, Male_Text) values (@magic_number, 'We shall see soon if these Goblin\'s can embody their station as honorable members of the Horde...'); replace into npc_text (ID, BroadcastTextID0) values (@magic_number, @magic_number); update creature_template set gossip_menu_id = @gossip_menu_id where entry = @magic_number;

set @gossip_menu_id = 60026; set @magic_number = 91216; 
replace into gossip_menu (entry, text_id, condition_id) VALUES (@gossip_menu_id, @magic_number, '0'); replace into broadcast_text (entry, Male_Text) values (@magic_number, 'Wuzgut make sure no one steal lumber, you buy?'); replace into npc_text (ID, BroadcastTextID0) values (@magic_number, @magic_number); update creature_template set gossip_menu_id = @gossip_menu_id where entry = @magic_number;

set @gossip_menu_id = 60027; set @magic_number = 91255; 
replace into gossip_menu (entry, text_id, condition_id) VALUES (@gossip_menu_id, @magic_number, '0'); replace into broadcast_text (entry, Male_Text) values (@magic_number, 'The goblin\'s body is covered in various cuts, scrapes bruises and puncture wounds.'); replace into npc_text (ID, BroadcastTextID0) values (@magic_number, @magic_number); update creature_template set gossip_menu_id = @gossip_menu_id where entry = @magic_number;

set @gossip_menu_id = 60028; set @magic_number = 91277; 
replace into gossip_menu (entry, text_id, condition_id) VALUES (@gossip_menu_id, @magic_number, '0'); replace into broadcast_text (entry, Male_Text) values (@magic_number, 'Can\'t believe they hired me to just swing a pick axe! Easy work!'); replace into npc_text (ID, BroadcastTextID0) values (@magic_number, @magic_number); update creature_template set gossip_menu_id = @gossip_menu_id where entry = @magic_number;

set @gossip_menu_id = 60029; set @magic_number = 91280; 
replace into gossip_menu (entry, text_id, condition_id) VALUES (@gossip_menu_id, @magic_number, '0'); replace into broadcast_text (entry, Male_Text) values (@magic_number, 'You ever been shipwrecked before? I\'ll tell you, it isn\'t great.'); replace into npc_text (ID, BroadcastTextID0) values (@magic_number, @magic_number); update creature_template set gossip_menu_id = @gossip_menu_id where entry = @magic_number;

set @gossip_menu_id = 60030; set @magic_number = 91281; 
replace into gossip_menu (entry, text_id, condition_id) VALUES (@gossip_menu_id, @magic_number, '0'); replace into broadcast_text (entry, Male_Text) values (@magic_number, 'Waiting for the Captain to send word back, he\'s taking his time.'); replace into npc_text (ID, BroadcastTextID0) values (@magic_number, @magic_number); update creature_template set gossip_menu_id = @gossip_menu_id where entry = @magic_number;

set @gossip_menu_id = 60031; set @magic_number = 91285; 
replace into gossip_menu (entry, text_id, condition_id) VALUES (@gossip_menu_id, @magic_number, '0'); replace into broadcast_text (entry, Male_Text) values (@magic_number, 'Darkness lurks, keep your mind safe.'); replace into npc_text (ID, BroadcastTextID0) values (@magic_number, @magic_number); update creature_template set gossip_menu_id = @gossip_menu_id where entry = @magic_number;

set @gossip_menu_id = 60032; set @magic_number = 91286; 
replace into gossip_menu (entry, text_id, condition_id) VALUES (@gossip_menu_id, @magic_number, '0'); replace into broadcast_text (entry, Male_Text) values (@magic_number, 'Boltratchet looks like he\'s having a bad time, not me though, hah!'); replace into npc_text (ID, BroadcastTextID0) values (@magic_number, @magic_number); update creature_template set gossip_menu_id = @gossip_menu_id where entry = @magic_number;

set @gossip_menu_id = 60033; set @magic_number = 91287; 
replace into gossip_menu (entry, text_id, condition_id) VALUES (@gossip_menu_id, @magic_number, '0'); replace into broadcast_text (entry, Male_Text) values (@magic_number, 'Welcome, please make yourself at home.'); replace into npc_text (ID, BroadcastTextID0) values (@magic_number, @magic_number); update creature_template set gossip_menu_id = @gossip_menu_id where entry = @magic_number;

set @gossip_menu_id = 60034; set @magic_number = 91289; 
replace into gossip_menu (entry, text_id, condition_id) VALUES (@gossip_menu_id, @magic_number, '0'); replace into broadcast_text (entry, Male_Text) values (@magic_number, 'The balance of power between the elemental forces keeps shifting.\n\nThere is a disturbance within the realm of earth, I know not where the cracks originate, or how they have begun but I sense a growing disconnect with each passing minute.'); replace into npc_text (ID, BroadcastTextID0) values (@magic_number, @magic_number); update creature_template set gossip_menu_id = @gossip_menu_id where entry = @magic_number;

set @gossip_menu_id = 60035; set @magic_number = 91290; 
replace into gossip_menu (entry, text_id, condition_id) VALUES (@gossip_menu_id, @magic_number, '0'); replace into broadcast_text (entry, Male_Text) values (@magic_number, 'Ma people have remained hidden within these heights for a long time, it is only now that we have been exiled from our homeland and beaten back to the shadows.\n\nThe supplies of my tribe has dwindled greatly, but I will offer you what little I can mon, is there anything that the Wildtusk can do for you?\n\nOr, is there anything you can do for us?'); replace into npc_text (ID, BroadcastTextID0) values (@magic_number, @magic_number); update creature_template set gossip_menu_id = @gossip_menu_id where entry = @magic_number;

set @gossip_menu_id = 60036; set @magic_number = 91292; 
replace into gossip_menu (entry, text_id, condition_id) VALUES (@gossip_menu_id, @magic_number, '0'); replace into broadcast_text (entry, Male_Text) values (@magic_number, 'You heard news from Sparkwater Port?'); replace into npc_text (ID, BroadcastTextID0) values (@magic_number, @magic_number); update creature_template set gossip_menu_id = @gossip_menu_id where entry = @magic_number;

replace into npc_trainer values 
(91202, 2275, 10, 0, 0, 5, 0, 5875),
(91202, 2339, 100, 171, 25, 0, 0, 5875),
(91202, 2340, 135, 171, 40, 0, 0, 5875),
(91202, 2341, 250, 171, 55, 0, 0, 5875),
(91202, 3179, 450, 171, 90, 0, 0, 5875),
(91202, 3181, 1350, 171, 120, 0, 0, 5875),
(91202, 3184, 50, 171, 15, 0, 0, 5875),
(91202, 3185, 1350, 171, 125, 0, 0, 5875),
(91202, 3186, 1800, 171, 130, 0, 0, 5875),
(91202, 3458, 3600, 171, 110, 0, 0, 5875),
(91202, 7180, 405, 171, 90, 0, 0, 5875),
(91202, 7838, 225, 171, 80, 0, 0, 5875),
(91202, 7839, 900, 171, 130, 0, 0, 5875),
(91202, 7842, 900, 171, 100, 0, 0, 5875),
(91202, 7846, 2700, 171, 140, 0, 0, 5875),
(91202, 11536, 225, 171, 50, 0, 0, 5875),
(91206, 7733, 100, 0, 0, 5, 0, 5875),
(91206, 7734, 500, 356, 50, 0, 0, 5875);

replace into npc_vendor values 
(91201, 4470, 0, 0, 0, 0),
(91205, 81297, 0, 0, 0, 0),
(91205, 81298, 0, 0, 0, 0),
(91205, 81299, 0, 0, 0, 0),
(91205, 81300, 0, 0, 0, 0),
(91205, 81301, 0, 0, 0, 0),
(91205, 81302, 0, 0, 0, 0),
(91205, 81303, 0, 0, 0, 0),
(91205, 81304, 0, 0, 0, 0),
(91207, 2129, 0, 0, 0, 0),
(91207, 2379, 0, 0, 0, 0),
(91207, 2380, 0, 0, 0, 0),
(91207, 2381, 0, 0, 0, 0),
(91207, 2383, 0, 0, 0, 0),
(91207, 2384, 0, 0, 0, 0),
(91207, 2385, 0, 0, 0, 0),
(91207, 2488, 0, 0, 0, 0),
(91207, 2489, 0, 0, 0, 0),
(91207, 2490, 0, 0, 0, 0),
(91207, 2491, 0, 0, 0, 0),
(91207, 2492, 0, 0, 0, 0),
(91207, 2493, 0, 0, 0, 0),
(91207, 2494, 0, 0, 0, 0),
(91207, 2495, 0, 0, 0, 0),
(91207, 2506, 0, 0, 0, 0),
(91207, 2507, 0, 0, 0, 0),
(91207, 2512, 0, 0, 0, 0),
(91207, 2515, 0, 0, 0, 0),
(91207, 5439, 0, 0, 0, 0),
(91207, 11362, 0, 0, 0, 0),
(91207, 17184, 0, 0, 0, 0),
(91215, 2880, 0, 0, 0, 0),
(91215, 2901, 0, 0, 0, 0),
(91215, 3466, 0, 0, 0, 0),
(91215, 4357, 4, 10800, 0, 0),
(91215, 4361, 2, 10800, 0, 0),
(91215, 4363, 2, 10800, 0, 0),
(91215, 4364, 4, 10800, 0, 0),
(91215, 4371, 2, 10800, 0, 0),
(91215, 4382, 1, 10800, 0, 0),
(91215, 4389, 0, 0, 0, 0),
(91215, 4399, 0, 0, 0, 0),
(91215, 4400, 0, 0, 0, 0),
(91215, 4404, 3, 10800, 0, 0),
(91215, 5956, 0, 0, 0, 0),
(91215, 10647, 0, 0, 0, 0),
(91215, 10648, 0, 0, 0, 0),
(91216, 4470, 0, 0, 0, 0),
(91220, 80167, 0, 0, 0, 0),
(91220, 81297, 0, 0, 0, 0),
(91220, 81298, 0, 0, 0, 0),
(91220, 81299, 0, 0, 0, 0),
(91220, 81300, 0, 0, 0, 0),
(91220, 81301, 0, 0, 0, 0),
(91220, 81302, 0, 0, 0, 0),
(91220, 81303, 0, 0, 0, 0),
(91220, 81304, 0, 0, 0, 0),
(91221, 81296, 0, 0, 0, 0),
(91227, 117, 0, 0, 0, 0),
(91227, 2287, 0, 0, 0, 0),
(91227, 3770, 0, 0, 0, 0),
(91227, 3771, 0, 0, 0, 0),
(91227, 4599, 0, 0, 0, 0),
(91227, 8952, 0, 0, 0, 0),
(91232, 954, 1, 7200, 0, 0),
(91232, 955, 1, 7200, 0, 0),
(91232, 1181, 1, 7200, 0, 0),
(91232, 2290, 1, 7200, 0, 0),
(91232, 3013, 1, 7200, 0, 0),
(91238, 787, 0, 0, 0, 0),
(91238, 4592, 0, 0, 0, 0),
(91238, 4593, 0, 0, 0, 0),
(91238, 4594, 0, 0, 0, 0),
(91238, 8957, 0, 0, 0, 0),
(91238, 21552, 0, 0, 0, 0),
(91246, 2506, 0, 0, 0, 0),
(91246, 2507, 0, 0, 0, 0),
(91246, 2512, 0, 0, 0, 0),
(91246, 2515, 0, 0, 0, 0),
(91246, 5439, 0, 0, 0, 0),
(91246, 11362, 0, 0, 0, 0),
(91247, 2320, 0, 0, 0, 0),
(91247, 2321, 0, 0, 0, 0),
(91247, 2324, 0, 0, 0, 0),
(91247, 2325, 0, 0, 0, 0),
(91247, 2604, 0, 0, 0, 0),
(91247, 2605, 0, 0, 0, 0),
(91247, 4291, 0, 0, 0, 0),
(91247, 4340, 0, 0, 0, 0),
(91247, 4341, 0, 0, 0, 0),
(91247, 4342, 0, 0, 0, 0),
(91247, 6260, 0, 0, 0, 0),
(91247, 6261, 0, 0, 0, 0),
(91247, 6272, 1, 7200, 3, 0),
(91247, 6275, 1, 3600, 3, 0),
(91247, 8343, 0, 0, 0, 0),
(91247, 10290, 0, 0, 0, 0),
(91247, 10311, 1, 3600, 3, 0),
(91247, 14341, 0, 0, 0, 0),
(91248, 159, 0, 0, 0, 0),
(91248, 2512, 0, 0, 0, 0),
(91248, 2516, 0, 0, 0, 0),
(91248, 2947, 0, 0, 0, 0),
(91248, 3111, 0, 0, 0, 0),
(91248, 4471, 0, 0, 0, 0),
(91248, 4496, 0, 0, 0, 0),
(91248, 4498, 0, 0, 0, 0),
(91248, 5042, 0, 0, 0, 0),
(91248, 6183, 0, 0, 0, 0),
(91256, 81305, 0, 0, 0, 0),
(91256, 81306, 0, 0, 0, 0),
(91256, 81307, 0, 0, 0, 0),
(91256, 81308, 0, 0, 0, 0),
(91256, 81309, 0, 0, 0, 0),
(91256, 81310, 0, 0, 0, 0),
(91256, 81311, 0, 0, 0, 0),
(91256, 81333, 0, 0, 0, 0);

replace into item_template values 
(81291, 0, 12, 0, 'Razlik\'s Tools', 'Small, crude, and smeared with oil, most definitely of goblin make.', 2053, 1, 0, 1, 0, 0, 0, -1, -1, 0, 0, 0, 0, 0, 0, 0, 0, 0, 0, 1, 0, 0, 0, 0, 0, 0, 0, 0, 0, 0, 0, 0, 0, 0, 0, 0, 0, 0, 0, 0, 0, 0, 0, 0, 0, 0, 0, 0, 0, 0, 0, 0, 0, 0, 0, 0, 0, 0, 0, 0, 0, 0, 0, 0, 0, 0, 0, 0, 0, 0, 0, -1, 0, -1, 0, 0, 0, 0, -1, 0, -1, 0, 0, 0, 0, -1, 0, -1, 0, 0, 0, 0, -1, 0, -1, 0, 0, 0, 0, -1, 0, -1, 4, 0, 0, 0, 0, 0, 0, 1, 0, 0, 0, 0, 0, 0, 0, 0, 0, 0, 0, 0, 1, NULL),
(81292, 0, 12, 0, 'Energized Scale', '', 20893, 1, 0, 1, 0, 0, 0, -1, -1, 0, 0, 0, 0, 0, 0, 0, 0, 0, 0, 6, 0, 0, 0, 0, 0, 0, 0, 0, 0, 0, 0, 0, 0, 0, 0, 0, 0, 0, 0, 0, 0, 0, 0, 0, 0, 0, 0, 0, 0, 0, 0, 0, 0, 0, 0, 0, 0, 0, 0, 0, 0, 0, 0, 0, 0, 0, 0, 0, 0, 0, 0, -1, 0, -1, 0, 0, 0, 0, -1, 0, -1, 0, 0, 0, 0, -1, 0, -1, 0, 0, 0, 0, -1, 0, -1, 0, 0, 0, 0, -1, 0, -1, 4, 0, 0, 0, 0, 0, 0, 1, 0, 0, 0, 0, 0, 0, 0, 0, 0, 0, 0, 0, 1, NULL),
(81293, 0, 12, 0, 'Sealed Trade Goods', '', 7914, 1, 0, 1, 0, 0, 0, -1, -1, 0, 0, 0, 0, 0, 0, 0, 0, 0, 0, 5, 0, 0, 0, 0, 0, 0, 0, 0, 0, 0, 0, 0, 0, 0, 0, 0, 0, 0, 0, 0, 0, 0, 0, 0, 0, 0, 0, 0, 0, 0, 0, 0, 0, 0, 0, 0, 0, 0, 0, 0, 0, 0, 0, 0, 0, 0, 0, 0, 0, 0, 0, -1, 0, -1, 0, 0, 0, 0, -1, 0, -1, 0, 0, 0, 0, -1, 0, -1, 0, 0, 0, 0, -1, 0, -1, 0, 0, 0, 0, -1, 0, -1, 4, 0, 0, 0, 0, 0, 0, 1, 0, 0, 0, 0, 0, 0, 0, 0, 0, 0, 0, 0, 1, NULL),
(81294, 0, 4, 2, 'Technician\'s Field Gloves', '', 28339, 1, 0, 1, 448, 112, 10, -1, -1, 15, 0, 0, 0, 0, 0, 0, 0, 0, 0, 1, 0, 0, 0, 0, 0, 0, 0, 0, 0, 0, 0, 0, 0, 0, 0, 0, 0, 0, 0, 0, 0, 0, 0, 0, 0, 0, 0, 0, 0, 0, 0, 0, 0, 0, 0, 0, 0, 0, 0, 0, 34, 0, 0, 0, 0, 0, 0, 0, 0, 0, 0, -1, 0, -1, 0, 0, 0, 0, -1, 0, -1, 0, 0, 0, 0, -1, 0, -1, 0, 0, 0, 0, -1, 0, -1, 0, 0, 0, 0, -1, 0, -1, 1, 0, 0, 0, 0, 0, 8, 1, 0, 0, 20, 0, 0, 0, 0, 0, 0, 0, 0, 0, 1, NULL),
(81295, 0, 4, 3, 'Energy Resistant Belt', '', 12202, 1, 0, 1, 436, 108, 6, -1, -1, 15, 0, 0, 0, 0, 0, 0, 0, 0, 0, 1, 0, 0, 0, 0, 0, 0, 0, 0, 0, 0, 0, 0, 0, 0, 0, 0, 0, 0, 0, 0, 0, 0, 0, 0, 0, 0, 0, 0, 0, 0, 0, 0, 0, 0, 0, 0, 0, 0, 0, 0, 63, 0, 0, 1, 0, 0, 0, 0, 0, 0, 0, -1, 0, -1, 0, 0, 0, 0, -1, 0, -1, 0, 0, 0, 0, -1, 0, -1, 0, 0, 0, 0, -1, 0, -1, 0, 0, 0, 0, -1, 0, -1, 1, 0, 0, 0, 0, 0, 5, 1, 0, 0, 20, 0, 0, 0, 0, 0, 0, 0, 0, 0, 1, NULL),
(81296, 0, 0, 0, 'Sparkwater Special', 'The smell is incredibly strong, and foul.', 18079, 1, 0, 1, 150, 37, 0, -1, -1, 10, 0, 0, 0, 0, 0, 0, 0, 0, 0, 1, 0, 0, 0, 0, 0, 0, 0, 0, 0, 0, 0, 0, 0, 0, 0, 0, 0, 0, 0, 0, 0, 0, 0, 0, 0, 0, 0, 0, 0, 0, 0, 0, 0, 0, 0, 0, 0, 0, 0, 0, 0, 0, 0, 0, 0, 0, 0, 11009, 0, 0, 0, -1, 0, -1, 0, 0, 0, 0, -1, 0, -1, 0, 0, 0, 0, -1, 0, -1, 0, 0, 0, 0, -1, 0, -1, 0, 0, 0, 0, -1, 0, -1, 0, 0, 0, 0, 0, 0, 3, 1, 0, 0, 0, 0, 0, 0, 0, 0, 0, 0, 0, 0, 1, NULL),
(81297, 0, 15, 0, 'Gnomeregan Gear', 'An intricate gear of gnomish make with visible wear, and marks of damage.', 1221, 1, 0, 1, 10000, 50, 0, -1, -1, 0, 0, 0, 0, 0, 0, 0, 0, 0, 0, 1, 0, 0, 0, 0, 0, 0, 0, 0, 0, 0, 0, 0, 0, 0, 0, 0, 0, 0, 0, 0, 0, 0, 0, 0, 0, 0, 0, 0, 0, 0, 0, 0, 0, 0, 0, 0, 0, 0, 0, 0, 0, 0, 0, 0, 0, 0, 0, 0, 0, 0, 0, -1, 0, -1, 0, 0, 0, 0, -1, 0, -1, 0, 0, 0, 0, -1, 0, -1, 0, 0, 0, 0, -1, 0, -1, 0, 0, 0, 0, -1, 0, -1, 0, 0, 0, 0, 0, 0, 0, 0, 0, 0, 0, 0, 0, 0, 0, 0, 0, 0, 0, 0, 1, NULL),
(81298, 0, 15, 0, '"Genuine" Dragons Claw', 'It looks like it came from a raptor, but its large enough to swipe a gnome!', 4787, 1, 0, 1, 100000, 5000, 0, -1, -1, 0, 0, 0, 0, 0, 0, 0, 0, 0, 0, 1, 0, 0, 0, 0, 0, 0, 0, 0, 0, 0, 0, 0, 0, 0, 0, 0, 0, 0, 0, 0, 0, 0, 0, 0, 0, 0, 0, 0, 0, 0, 0, 0, 0, 0, 0, 0, 0, 0, 0, 0, 0, 0, 0, 0, 0, 0, 0, 0, 0, 0, 0, -1, 0, -1, 0, 0, 0, 0, -1, 0, -1, 0, 0, 0, 0, -1, 0, -1, 0, 0, 0, 0, -1, 0, -1, 0, 0, 0, 0, -1, 0, -1, 0, 0, 0, 0, 0, 0, 0, 1, 0, 0, 0, 0, 0, 0, 0, 0, 0, 0, 0, 0, 1, NULL),
(81299, 0, 15, 0, '"Kilroggs" Eye', 'It is simply an eye, who knows where this had come from', 7986, 1, 0, 1, 50000, 100, 0, -1, -1, 0, 0, 0, 0, 0, 0, 0, 0, 0, 0, 1, 0, 0, 0, 0, 0, 0, 0, 0, 0, 0, 0, 0, 0, 0, 0, 0, 0, 0, 0, 0, 0, 0, 0, 0, 0, 0, 0, 0, 0, 0, 0, 0, 0, 0, 0, 0, 0, 0, 0, 0, 0, 0, 0, 0, 0, 0, 0, 0, 0, 0, 0, -1, 0, -1, 0, 0, 0, 0, -1, 0, -1, 0, 0, 0, 0, -1, 0, -1, 0, 0, 0, 0, -1, 0, -1, 0, 0, 0, 0, -1, 0, -1, 0, 0, 0, 0, 0, 0, 0, 1, 0, 0, 0, 0, 0, 0, 0, 0, 0, 0, 0, 0, 1, NULL),
(81300, 0, 15, 0, 'Ancient Troll Tablet', 'The Troll language carved upon a worn stone face.', 23149, 1, 0, 1, 2000, 100, 0, -1, -1, 0, 0, 0, 0, 0, 0, 0, 0, 0, 0, 1, 0, 0, 0, 0, 0, 0, 0, 0, 0, 0, 0, 0, 0, 0, 0, 0, 0, 0, 0, 0, 0, 0, 0, 0, 0, 0, 0, 0, 0, 0, 0, 0, 0, 0, 0, 0, 0, 0, 0, 0, 0, 0, 0, 0, 0, 0, 0, 0, 0, 0, 0, -1, 0, -1, 0, 0, 0, 0, -1, 0, -1, 0, 0, 0, 0, -1, 0, -1, 0, 0, 0, 0, -1, 0, -1, 0, 0, 0, 0, -1, 0, -1, 0, 1, 14, 2, 0, 0, 4, 1, 0, 0, 0, 0, 0, 0, 0, 0, 0, 0, 0, 0, 1, NULL),
(81301, 0, 15, 0, 'Tel\'Abim Sand', 'Sand, course and fairly full of small rocks.', 2480, 0, 0, 1, 4500, 100, 0, -1, -1, 0, 0, 0, 0, 0, 0, 0, 0, 0, 0, 1, 0, 0, 0, 0, 0, 0, 0, 0, 0, 0, 0, 0, 0, 0, 0, 0, 0, 0, 0, 0, 0, 0, 0, 0, 0, 0, 0, 0, 0, 0, 0, 0, 0, 0, 0, 0, 0, 0, 0, 0, 0, 0, 0, 0, 0, 0, 0, 0, 0, 0, 0, -1, 0, -1, 0, 0, 0, 0, -1, 0, -1, 0, 0, 0, 0, -1, 0, -1, 0, 0, 0, 0, -1, 0, -1, 0, 0, 0, 0, -1, 0, -1, 0, 0, 0, 0, 0, 0, 0, 1, 0, 0, 0, 0, 0, 0, 0, 0, 0, 0, 0, 0, 1, NULL),
(81302, 0, 15, 0, 'Third War Footmans Insignia', 'An old symbol stained with dried blood. It is chipped and worn.', 40127, 0, 0, 1, 2500, 100, 0, -1, -1, 0, 0, 0, 0, 0, 0, 0, 0, 0, 0, 1, 0, 0, 0, 0, 0, 0, 0, 0, 0, 0, 0, 0, 0, 0, 0, 0, 0, 0, 0, 0, 0, 0, 0, 0, 0, 0, 0, 0, 0, 0, 0, 0, 0, 0, 0, 0, 0, 0, 0, 0, 0, 0, 0, 0, 0, 0, 0, 0, 0, 0, 0, -1, 0, -1, 0, 0, 0, 0, -1, 0, -1, 0, 0, 0, 0, -1, 0, -1, 0, 0, 0, 0, -1, 0, -1, 0, 0, 0, 0, -1, 0, -1, 0, 0, 0, 0, 0, 0, 0, 1, 0, 0, 0, 0, 0, 0, 0, 0, 0, 0, 0, 0, 1, NULL),
(81303, 0, 15, 0, '\'Shard of Elune\'', 'A small piece of glowing rock, that can supposedly grant the bearer with extreme luck, power and energy!', 20612, 0, 0, 1, 5000000, 100, 0, -1, -1, 0, 0, 0, 0, 0, 0, 0, 0, 0, 0, 1, 0, 0, 0, 0, 0, 0, 0, 0, 0, 0, 0, 0, 0, 0, 0, 0, 0, 0, 0, 0, 0, 0, 0, 0, 0, 0, 0, 0, 0, 0, 0, 0, 0, 0, 0, 0, 0, 0, 0, 0, 0, 0, 0, 0, 0, 0, 0, 0, 0, 0, 0, -1, 0, -1, 0, 0, 0, 0, -1, 0, -1, 0, 0, 0, 0, -1, 0, -1, 0, 0, 0, 0, -1, 0, -1, 0, 0, 0, 0, -1, 0, -1, 0, 0, 0, 0, 0, 0, 0, 1, 0, 0, 0, 0, 0, 0, 0, 0, 0, 0, 0, 0, 1, NULL),
(81304, 0, 4, 1, '\'Queen Azshara\'s Crown\'', 'A simple silver crown with a green jewel inlaid, it is mildly aged, and has a few chips upon the surface.', 27606, 1, 0, 1, 10000000, 2000, 1, -1, -1, 0, 0, 0, 0, 0, 0, 0, 0, 0, 0, 1, 0, 0, 0, 0, 0, 0, 0, 0, 0, 0, 0, 0, 0, 0, 0, 0, 0, 0, 0, 0, 0, 0, 0, 0, 0, 0, 0, 0, 0, 0, 0, 0, 0, 0, 0, 0, 0, 0, 0, 0, 51, 0, 0, 0, 0, 0, 0, 0, 0, 0, 0, -1, 0, -1, 0, 0, 0, 0, -1, 0, -1, 0, 0, 0, 0, -1, 0, -1, 0, 0, 0, 0, -1, 0, -1, 0, 0, 0, 0, -1, 0, -1, 0, 0, 0, 0, 0, 0, 0, 1, 0, 0, 0, 0, 0, 0, 0, 0, 0, 0, 0, 0, 1, NULL),
(81305, 0, 2, 5, 'Rusty Coghammer', 'Could use some oil.', 31265, 3, 0, 1, 248452, 62113, 17, -1, -1, 35, 30, 0, 0, 0, 0, 0, 0, 0, 0, 1, 0, 3, -10, 0, 0, 0, 0, 0, 0, 0, 0, 0, 0, 0, 0, 0, 0, 0, 0, 0, 0, 2900, 0, 0, 70, 105, 0, 0, 0, 0, 0, 0, 0, 0, 0, 0, 0, 0, 0, 0, 70, 0, 0, -5, 0, 0, 0, 14126, 2, 0, 0.9, -1, 0, -1, 0, 0, 0, 0, -1, 0, -1, 0, 0, 0, 0, -1, 0, -1, 0, 0, 0, 0, -1, 0, -1, 0, 0, 0, 0, -1, 0, -1, 1, 0, 0, 0, 0, 0, 1, 1, 0, 0, 100, 0, 0, 0, 0, 43, 0, 0, 0, 0, 1, NULL),
(81306, 0, 4, 2, 'Petrolspill Boots', 'Covered in petrol for extra slickness and tendency to catch on fire.', 11373, 3, 0, 1, 184312, 46078, 8, -1, -1, 35, 30, 0, 0, 0, 0, 0, 0, 0, 0, 1, 0, 3, 10, 7, 6, 6, -5, 0, 0, 0, 0, 0, 0, 0, 0, 0, 0, 0, 0, 0, 0, 0, 0, 0, 0, 0, 0, 0, 0, 0, 0, 0, 0, 0, 0, 0, 0, 0, 0, 0, 77, 0, -15, 0, 0, 0, 0, 0, 0, 0, 0, -1, 0, -1, 0, 0, 0, 0, -1, 0, -1, 0, 0, 0, 0, -1, 0, -1, 0, 0, 0, 0, -1, 0, -1, 0, 0, 0, 0, -1, 0, -1, 1, 0, 0, 0, 0, 0, 3, 1, 0, 0, 50, 0, 0, 0, 0, 43, 0, 0, 0, 0, 1, NULL),
(81307, 0, 2, 14, 'Cursed Tome', 'A dusty book, scrawled in a cryptic language. You can feel your mind pulse the longer you gaze.', 23171, 2, 0, 1, 0, 0, 22, -1, -1, 0, 21, 0, 0, 0, 0, 0, 0, 0, 0, 1, 0, 5, -10, 6, -10, 7, -10, 0, 0, 0, 0, 0, 0, 0, 0, 0, 0, 0, 0, 0, 0, 0, 0, 0, 0, 0, 0, 0, 0, 0, 0, 0, 0, 0, 0, 0, 0, 0, 0, 0, 0, 0, 0, 0, 0, 0, 0, 7710, 1, 0, 0, -1, 0, -1, 21589, 1, 0, 0, -1, 0, -1, 0, 0, 0, 0, -1, 0, -1, 0, 0, 0, 0, -1, 0, -1, 0, 0, 0, 0, -1, 0, -1, 1, 0, 0, 0, 0, 0, 0, 0, 0, 0, 0, 0, 0, 0, 0, 0, 0, 0, 0, 0, 1, NULL),
(81308, 0, 4, 1, 'Thunder Lizard\'s Hide', 'Filled with static electricity!', 23070, 2, 0, 1, 98212, 24553, 16, -1, -1, 28, 21, 0, 0, 0, 0, 0, 0, 0, 0, 1, 0, 5, 3, 7, 2, 0, 0, 0, 0, 0, 0, 0, 0, 0, 0, 0, 0, 0, 0, 0, 0, 0, 0, 0, 0, 0, 0, 0, 0, 0, 0, 0, 0, 0, 0, 0, 0, 0, 0, 0, 21, 0, 0, 0, 0, 0, 0, 16615, 1, 0, 0, -1, 0, -1, 0, 0, 0, 0, -1, 0, -1, 0, 0, 0, 0, -1, 0, -1, 0, 0, 0, 0, -1, 0, -1, 0, 0, 0, 0, -1, 0, -1, 1, 0, 0, 0, 0, 0, 7, 1, 0, 0, 0, 0, 0, 0, 0, 4, 0, 0, 0, 0, 1, NULL),
(81309, 0, 4, 0, 'Tinkerer\'s Mechanical Fire Flinger', 'Complex and powerful goblin machinery that can launch a fireball!', 31657, 3, 0, 1, 0, 0, 11, -1, -1, 0, 31, 202, 150, 0, 0, 0, 0, 0, 0, 1, 0, 6, -10, 0, 0, 0, 0, 0, 0, 0, 0, 0, 0, 0, 0, 0, 0, 0, 0, 0, 0, 0, 0, 0, 0, 0, 0, 0, 0, 0, 0, 0, 0, 0, 0, 0, 0, 0, 0, 0, 0, 0, 5, 0, 0, 0, 0, 9053, 0, 0, 0, 120000, 0, -1, 0, 0, 0, 0, -1, 0, -1, 0, 0, 0, 0, -1, 0, -1, 0, 0, 0, 0, -1, 0, -1, 0, 0, 0, 0, -1, 0, -1, 1, 0, 0, 0, 0, 0, 0, 1, 0, 0, 0, 0, 0, 0, 0, 0, 0, 0, 0, 0, 1, NULL),
(81310, 0, 4, 3, 'Backwater Bruiser\'s Cuirass', 'Its seen better days, most of which involved keeping order.', 28070, 3, 0, 1, 300000, 40000, 5, -1, -1, 35, 30, 0, 0, 0, 0, 0, 0, 0, 0, 1, 0, 3, 5, 4, 5, 7, 8, 6, -25, 0, 0, 0, 0, 0, 0, 0, 0, 0, 0, 0, 0, 0, 0, 0, 0, 0, 0, 0, 0, 0, 0, 0, 0, 0, 0, 0, 0, 0, 0, 0, 235, 0, 0, 0, 0, 0, 0, 21596, 1, 0, 0, -1, 0, -1, 7517, 1, 0, 0, -1, 0, -1, 0, 0, 0, 0, -1, 0, -1, 0, 0, 0, 0, -1, 0, -1, 0, 0, 0, 0, -1, 0, -1, 1, 0, 0, 0, 0, 0, 5, 1, 0, 0, 120, 0, 0, 0, 0, 43, 0, 0, 0, 0, 1, NULL),
(81311, 0, 4, 6, 'Technician\'s Servoshield', 'Spark resistant and built to last!', 20986, 2, 0, 1, 180000, 10000, 14, -1, -1, 0, 0, 0, 0, 0, 0, 0, 0, 0, 0, 1, 0, 5, 5, 3, 3, 7, 3, 0, 0, 0, 0, 0, 0, 0, 0, 0, 0, 0, 0, 0, 0, 0, 0, 0, 0, 0, 0, 0, 0, 0, 0, 0, 0, 0, 0, 0, 0, 0, 0, 11, 598, 0, 0, 10, 0, 0, 0, 7514, 1, 0, 0, -1, 0, -1, 20888, 1, 0, 0, -1, 0, -1, 0, 0, 0, 0, -1, 0, -1, 0, 0, 0, 0, -1, 0, -1, 0, 0, 0, 0, -1, 0, -1, 1, 0, 0, 0, 0, 0, 0, 4, 0, 0, 100, 0, 0, 0, 0, 0, 0, 0, 0, 0, 1, NULL),
(81312, 0, 12, 0, 'Goblin Surveying Gear', '', 7841, 1, 0, 1, 0, 0, 0, -1, -1, 0, 0, 0, 0, 0, 0, 0, 0, 0, 0, 1, 0, 0, 0, 0, 0, 0, 0, 0, 0, 0, 0, 0, 0, 0, 0, 0, 0, 0, 0, 0, 0, 0, 0, 0, 0, 0, 0, 0, 0, 0, 0, 0, 0, 0, 0, 0, 0, 0, 0, 0, 0, 0, 0, 0, 0, 0, 0, 0, 0, 0, 0, -1, 0, -1, 0, 0, 0, 0, -1, 0, -1, 0, 0, 0, 0, -1, 0, -1, 0, 0, 0, 0, -1, 0, -1, 0, 0, 0, 0, -1, 0, -1, 4, 0, 0, 0, 0, 0, 0, 1, 0, 0, 0, 0, 0, 0, 0, 0, 0, 0, 0, 0, 1, NULL),
(81313, 0, 12, 0, 'Intense Ethereal Essence', '', 34578, 1, 0, 1, 0, 0, 0, -1, -1, 0, 0, 0, 0, 0, 0, 0, 0, 0, 0, 8, 0, 0, 0, 0, 0, 0, 0, 0, 0, 0, 0, 0, 0, 0, 0, 0, 0, 0, 0, 0, 0, 0, 0, 0, 0, 0, 0, 0, 0, 0, 0, 0, 0, 0, 0, 0, 0, 0, 0, 0, 0, 0, 0, 0, 0, 0, 0, 0, 0, 0, 0, -1, 0, -1, 0, 0, 0, 0, -1, 0, -1, 0, 0, 0, 0, -1, 0, -1, 0, 0, 0, 0, -1, 0, -1, 0, 0, 0, 0, -1, 0, -1, 4, 0, 0, 0, 0, 0, 0, 1, 0, 0, 0, 0, 0, 0, 0, 0, 0, 0, 0, 0, 1, NULL),
(81314, 0, 12, 0, 'Skystormer Antler', '', 1416, 1, 0, 1, 0, 0, 0, -1, -1, 0, 0, 0, 0, 0, 0, 0, 0, 0, 0, 3, 0, 0, 0, 0, 0, 0, 0, 0, 0, 0, 0, 0, 0, 0, 0, 0, 0, 0, 0, 0, 0, 0, 0, 0, 0, 0, 0, 0, 0, 0, 0, 0, 0, 0, 0, 0, 0, 0, 0, 0, 0, 0, 0, 0, 0, 0, 0, 0, 0, 0, 0, -1, 0, -1, 0, 0, 0, 0, -1, 0, -1, 0, 0, 0, 0, -1, 0, -1, 0, 0, 0, 0, -1, 0, -1, 0, 0, 0, 0, -1, 0, -1, 4, 0, 0, 0, 0, 0, 0, 1, 0, 0, 0, 0, 0, 0, 0, 0, 0, 0, 0, 0, 1, NULL),
(81315, 0, 12, 0, 'Prototype Shredder X0-1 Schematic', '', 15274, 1, 0, 1, 0, 0, 0, -1, -1, 0, 0, 0, 0, 0, 0, 0, 0, 0, 0, 1, 0, 0, 0, 0, 0, 0, 0, 0, 0, 0, 0, 0, 0, 0, 0, 0, 0, 0, 0, 0, 0, 0, 0, 0, 0, 0, 0, 0, 0, 0, 0, 0, 0, 0, 0, 0, 0, 0, 0, 0, 0, 0, 0, 0, 0, 0, 0, 0, 0, 0, 0, -1, 0, -1, 0, 0, 0, 0, -1, 0, -1, 0, 0, 0, 0, -1, 0, -1, 0, 0, 0, 0, -1, 0, -1, 0, 0, 0, 0, -1, 0, -1, 4, 0, 0, 0, 0, 0, 0, 1, 0, 0, 0, 0, 0, 0, 0, 0, 0, 0, 0, 0, 1, NULL),
(81316, 0, 2, 1, 'Foe Chopper', '', 19252, 2, 0, 1, 10824, 2706, 17, -1, -1, 23, 0, 0, 0, 0, 0, 0, 0, 0, 0, 1, 0, 4, 3, 7, 6, 0, 0, 0, 0, 0, 0, 0, 0, 0, 0, 0, 0, 0, 0, 0, 0, 3200, 0, 0, 39, 59, 0, 0, 0, 0, 0, 0, 0, 0, 0, 0, 0, 0, 0, 0, 0, 0, 0, 0, 0, 0, 0, 0, 0, 0, 0, -1, 0, -1, 0, 0, 0, 0, -1, 0, -1, 0, 0, 0, 0, -1, 0, -1, 0, 0, 0, 0, -1, 0, -1, 0, 0, 0, 0, -1, 0, -1, 1, 0, 0, 0, 0, 0, 1, 1, 0, 0, 70, 0, 0, 0, 0, 23, 0, 0, 0, 0, 1, NULL),
(81317, 0, 4, 0, 'Shining Electro-lantern', '', 7557, 2, 0, 1, 4732, 1183, 23, -1, -1, 23, 0, 0, 0, 0, 0, 0, 0, 0, 0, 1, 0, 0, 0, 0, 0, 0, 0, 0, 0, 0, 0, 0, 0, 0, 0, 0, 0, 0, 0, 0, 0, 0, 0, 0, 0, 0, 0, 0, 0, 0, 0, 0, 0, 0, 0, 0, 0, 0, 0, 0, 0, 0, 0, 0, 0, 0, 0, 7687, 1, 0, 0, -1, 0, -1, 0, 0, 0, 0, -1, 0, -1, 0, 0, 0, 0, -1, 0, -1, 0, 0, 0, 0, -1, 0, -1, 0, 0, 0, 0, -1, 0, -1, 1, 0, 0, 0, 0, 0, 2, 1, 0, 0, 0, 0, 0, 0, 0, 23, 0, 0, 0, 0, 1, NULL),
(81318, 0, 12, 0, 'Megaflux Capacitor', '', 23475, 1, 2048, 1, 0, 0, 0, -1, -1, 0, 0, 0, 0, 0, 0, 0, 0, 0, 0, 1, 0, 0, 0, 0, 0, 0, 0, 0, 0, 0, 0, 0, 0, 0, 0, 0, 0, 0, 0, 0, 0, 0, 0, 0, 0, 0, 0, 0, 0, 0, 0, 0, 0, 0, 0, 0, 0, 0, 0, 0, 0, 0, 0, 0, 0, 0, 0, 0, 0, 0, 0, -1, 0, -1, 0, 0, 0, 0, -1, 0, -1, 0, 0, 0, 0, -1, 0, -1, 0, 0, 0, 0, -1, 0, -1, 0, 0, 0, 0, -1, 0, -1, 4, 0, 0, 0, 0, 0, 0, 1, 0, 0, 0, 0, 0, 0, 0, 0, 0, 0, 0, 0, 1, NULL),
(81319, 0, 4, 6, 'Razorblade Buckler', '', 20985, 3, 0, 1, 25328, 6332, 14, -1, -1, 36, 0, 0, 0, 0, 0, 0, 0, 0, 0, 1, 0, 3, 2, 7, 6, 0, 0, 0, 0, 0, 0, 0, 0, 0, 0, 0, 0, 0, 0, 0, 0, 0, 0, 0, 0, 0, 0, 0, 0, 0, 0, 0, 0, 0, 0, 0, 0, 0, 0, 17, 776, 0, 0, 0, 0, 0, 0, 20887, 1, 0, 0, -1, 0, -1, 0, 0, 0, 0, -1, 0, -1, 0, 0, 0, 0, -1, 0, -1, 0, 0, 0, 0, -1, 0, -1, 0, 0, 0, 0, -1, 0, -1, 1, 0, 0, 0, 0, 0, 2, 4, 0, 0, 100, 0, 0, 0, 0, 44, 0, 0, 0, 0, 1, NULL),
(81320, 0, 2, 19, 'Crackling Zapper', 'For really big bugs.', 13084, 3, 0, 1, 26952, 6738, 15, -1, -1, 36, 0, 0, 0, 0, 0, 0, 0, 0, 0, 1, 0, 0, 0, 0, 0, 0, 0, 0, 0, 0, 0, 0, 0, 0, 0, 0, 0, 0, 0, 0, 0, 1700, 100, 0, 42, 74, 3, 0, 0, 0, 0, 0, 0, 0, 0, 0, 0, 0, 0, 0, 0, 0, 0, 0, 0, 0, 0, 0, 0, 0, 0, -1, 0, -1, 0, 0, 0, 0, -1, 0, -1, 0, 0, 0, 0, -1, 0, -1, 0, 0, 0, 0, -1, 0, -1, 0, 0, 0, 0, -1, 0, -1, 1, 0, 0, 0, 0, 0, 1, 0, 0, 0, 65, 0, 0, 0, 0, 44, 0, 0, 0, 0, 1, NULL),
(81321, 0, 4, 0, 'Frix\'s Necklace', 'Has bad-luck written all over it.', 18172, 2, 0, 1, 21000, 5622, 2, -1, -1, 49, 0, 0, 0, 0, 0, 0, 0, 0, 0, 1, 0, 3, 12, 6, 6, 5, -5, 0, 0, 0, 0, 0, 0, 0, 0, 0, 0, 0, 0, 0, 0, 0, 0, 0, 0, 0, 0, 0, 0, 0, 0, 0, 0, 0, 0, 0, 0, 0, 0, 0, 0, 0, 0, 0, 0, 0, 0, 0, 0, 0, 0, -1, 0, -1, 0, 0, 0, 0, -1, 0, -1, 0, 0, 0, 0, -1, 0, -1, 0, 0, 0, 0, -1, 0, -1, 0, 0, 0, 0, -1, 0, -1, 1, 0, 0, 0, 0, 0, 4, 1, 0, 0, 0, 0, 0, 0, 0, 0, 0, 0, 0, 0, 1, NULL),
(81322, 0, 12, 0, 'Sack of Coins', '', 1183, 1, 0, 1, 0, 0, 0, -1, -1, 0, 0, 0, 0, 0, 0, 0, 0, 0, 0, 1, 0, 0, 0, 0, 0, 0, 0, 0, 0, 0, 0, 0, 0, 0, 0, 0, 0, 0, 0, 0, 0, 0, 0, 0, 0, 0, 0, 0, 0, 0, 0, 0, 0, 0, 0, 0, 0, 0, 0, 0, 0, 0, 0, 0, 0, 0, 0, 0, 0, 0, 0, -1, 0, -1, 0, 0, 0, 0, -1, 0, -1, 0, 0, 0, 0, -1, 0, -1, 0, 0, 0, 0, -1, 0, -1, 0, 0, 0, 0, -1, 0, -1, 4, 0, 0, 0, 0, 0, 0, 1, 0, 0, 0, 0, 0, 0, 0, 0, 0, 0, 0, 0, 1, NULL),
(81323, 0, 12, 0, 'Intense Ethereal Essence', '', 20794, 1, 0, 1, 0, 0, 0, -1, -1, 0, 0, 0, 0, 0, 0, 0, 0, 0, 0, 8, 0, 0, 0, 0, 0, 0, 0, 0, 0, 0, 0, 0, 0, 0, 0, 0, 0, 0, 0, 0, 0, 0, 0, 0, 0, 0, 0, 0, 0, 0, 0, 0, 0, 0, 0, 0, 0, 0, 0, 0, 0, 0, 0, 0, 0, 0, 0, 0, 0, 0, 0, -1, 0, -1, 0, 0, 0, 0, -1, 0, -1, 0, 0, 0, 0, -1, 0, -1, 0, 0, 0, 0, -1, 0, -1, 0, 0, 0, 0, -1, 0, -1, 4, 0, 0, 0, 0, 0, 0, 1, 0, 0, 0, 0, 0, 0, 0, 0, 0, 0, 0, 0, 1, NULL),
(81324, 0, 12, 0, 'Eldarath Ley-Shard', '', 3273, 1, 0, 1, 0, 0, 0, -1, -1, 0, 0, 0, 0, 0, 0, 0, 0, 0, 0, 5, 0, 0, 0, 0, 0, 0, 0, 0, 0, 0, 0, 0, 0, 0, 0, 0, 0, 0, 0, 0, 0, 0, 0, 0, 0, 0, 0, 0, 0, 0, 0, 0, 0, 0, 0, 0, 0, 0, 0, 0, 0, 0, 0, 0, 0, 0, 0, 0, 0, 0, 0, -1, 0, -1, 0, 0, 0, 0, -1, 0, -1, 0, 0, 0, 0, -1, 0, -1, 0, 0, 0, 0, -1, 0, -1, 0, 0, 0, 0, -1, 0, -1, 4, 0, 0, 0, 0, 0, 0, 1, 0, 0, 0, 0, 0, 0, 0, 0, 0, 0, 0, 0, 1, NULL),
(81325, 0, 2, 0, 'Skystormer Axe', '', 5640, 2, 0, 1, 125020, 31255, 21, -1, -1, 53, 0, 0, 0, 0, 0, 0, 0, 0, 0, 1, 0, 4, 6, 3, 3, 0, 0, 0, 0, 0, 0, 0, 0, 0, 0, 0, 0, 0, 0, 0, 0, 1600, 0, 0, 45, 70, 0, 0, 0, 0, 0, 0, 0, 0, 0, 0, 0, 0, 0, 0, 0, 0, 0, 0, 0, 0, 0, 9359, 1, 0, 0, -1, 0, -1, 0, 0, 0, 0, -1, 0, -1, 0, 0, 0, 0, -1, 0, -1, 0, 0, 0, 0, -1, 0, -1, 0, 0, 0, 0, -1, 0, -1, 1, 0, 0, 0, 0, 0, 1, 3, 0, 0, 75, 0, 0, 0, 0, 0, 0, 0, 0, 0, 1, NULL),
(81326, 0, 12, 0, 'Gazztoggle\'s Report', '', 3020, 1, 0, 1, 0, 0, 0, -1, -1, 0, 0, 0, 0, 0, 0, 0, 0, 0, 0, 1, 0, 0, 0, 0, 0, 0, 0, 0, 0, 0, 0, 0, 0, 0, 0, 0, 0, 0, 0, 0, 0, 0, 0, 0, 0, 0, 0, 0, 0, 0, 0, 0, 0, 0, 0, 0, 0, 0, 0, 0, 0, 0, 0, 0, 0, 0, 0, 0, 0, 0, 0, -1, 0, -1, 0, 0, 0, 0, -1, 0, -1, 0, 0, 0, 0, -1, 0, -1, 0, 0, 0, 0, -1, 0, -1, 0, 0, 0, 0, -1, 0, -1, 4, 80300, 0, 0, 0, 0, 0, 1, 0, 0, 0, 0, 0, 0, 0, 0, 0, 0, 0, 0, 1, NULL),
(81327, 0, 12, 0, 'Staff of Azsalus', '', 1092, 1, 0, 1, 0, 0, 0, -1, -1, 0, 0, 0, 0, 0, 0, 0, 0, 0, 0, 1, 0, 0, 0, 0, 0, 0, 0, 0, 0, 0, 0, 0, 0, 0, 0, 0, 0, 0, 0, 0, 0, 0, 0, 0, 0, 0, 0, 0, 0, 0, 0, 0, 0, 0, 0, 0, 0, 0, 0, 0, 0, 0, 0, 0, 0, 0, 0, 0, 0, 0, 0, -1, 0, -1, 0, 0, 0, 0, -1, 0, -1, 0, 0, 0, 0, -1, 0, -1, 0, 0, 0, 0, -1, 0, -1, 0, 0, 0, 0, -1, 0, -1, 4, 0, 0, 0, 0, 0, 0, 1, 0, 0, 0, 0, 0, 0, 0, 0, 0, 0, 0, 0, 1, NULL),
(81328, 0, 4, 1, 'Energyseekers Cover', '', 34715, 3, 0, 1, 45175, 11294, 1, -1, -1, 55, 0, 0, 0, 0, 0, 0, 0, 0, 0, 1, 0, 5, 19, 6, 11, 3, 5, 0, 0, 0, 0, 0, 0, 0, 0, 0, 0, 0, 0, 0, 0, 0, 0, 0, 0, 0, 0, 0, 0, 0, 0, 0, 0, 0, 0, 0, 0, 0, 0, 0, 62, 0, 0, 0, 0, 0, 0, 9395, 1, 0, 0, -1, 0, -1, 21619, 1, 0, 0, -1, 0, -1, 0, 0, 0, 0, -1, 0, -1, 0, 0, 0, 0, -1, 0, -1, 0, 0, 0, 0, -1, 0, -1, 1, 0, 0, 0, 0, 0, 7, 1, 0, 0, 50, 0, 0, 0, 0, 0, 0, 0, 0, 0, 1, NULL),
(81329, 0, 4, 4, 'Spark-Charged Cuirass', '', 27932, 3, 0, 1, 67288, 16822, 5, -1, -1, 55, 0, 0, 0, 0, 0, 0, 0, 0, 0, 1, 0, 4, 30, 7, 8, 0, 0, 0, 0, 0, 0, 0, 0, 0, 0, 0, 0, 0, 0, 0, 0, 0, 0, 0, 0, 0, 0, 0, 0, 0, 0, 0, 0, 0, 0, 0, 0, 0, 0, 0, 542, 0, 0, 0, 0, 0, 0, 9140, 1, 0, 0, -1, 0, -1, 0, 0, 0, 0, -1, 0, -1, 0, 0, 0, 0, -1, 0, -1, 0, 0, 0, 0, -1, 0, -1, 0, 0, 0, 0, -1, 0, -1, 1, 0, 0, 0, 0, 0, 0, 1, 0, 0, 135, 0, 0, 0, 0, 0, 0, 0, 0, 0, 1, NULL),
(81330, 0, 4, 3, 'Quick-Surge Gloves', '', 27041, 3, 0, 1, 51332, 12833, 10, -1, -1, 55, 0, 0, 0, 0, 0, 0, 0, 0, 0, 1, 0, 3, 14, 7, 6, 5, 4, 0, 0, 0, 0, 0, 0, 0, 0, 0, 0, 0, 0, 0, 0, 0, 0, 0, 0, 0, 0, 0, 0, 0, 0, 0, 0, 0, 0, 0, 0, 0, 0, 0, 206, 0, 0, 0, 0, 0, 0, 9331, 1, 0, 0, -1, 0, -1, 0, 0, 0, 0, -1, 0, -1, 0, 0, 0, 0, -1, 0, -1, 0, 0, 0, 0, -1, 0, -1, 0, 0, 0, 0, -1, 0, -1, 1, 0, 0, 0, 0, 0, 1, 1, 0, 0, 40, 0, 0, 0, 0, 0, 0, 0, 0, 0, 1, NULL),
(81331, 0, 12, 0, 'Rugnar\'s Letter', '', 3022, 1, 0, 1, 0, 0, 0, -1, -1, 0, 0, 0, 0, 0, 0, 0, 0, 0, 0, 1, 0, 0, 0, 0, 0, 0, 0, 0, 0, 0, 0, 0, 0, 0, 0, 0, 0, 0, 0, 0, 0, 0, 0, 0, 0, 0, 0, 0, 0, 0, 0, 0, 0, 0, 0, 0, 0, 0, 0, 0, 0, 0, 0, 0, 0, 0, 0, 0, 0, 0, 0, -1, 0, -1, 0, 0, 0, 0, -1, 0, -1, 0, 0, 0, 0, -1, 0, -1, 0, 0, 0, 0, -1, 0, -1, 0, 0, 0, 0, -1, 0, -1, 4, 80305, 0, 0, 0, 0, 0, 1, 0, 0, 0, 0, 0, 0, 0, 0, 0, 0, 0, 0, 1, NULL),
(81332, 0, 12, 0, 'Zuul\'s Note', '', 13497, 1, 0, 1, 0, 0, 0, -1, -1, 0, 0, 0, 0, 0, 0, 0, 0, 0, 0, 1, 0, 0, 0, 0, 0, 0, 0, 0, 0, 0, 0, 0, 0, 0, 0, 0, 0, 0, 0, 0, 0, 0, 0, 0, 0, 0, 0, 0, 0, 0, 0, 0, 0, 0, 0, 0, 0, 0, 0, 0, 0, 0, 0, 0, 0, 0, 0, 0, 0, 0, 0, -1, 0, -1, 0, 0, 0, 0, -1, 0, -1, 0, 0, 0, 0, -1, 0, -1, 0, 0, 0, 0, -1, 0, -1, 0, 0, 0, 0, -1, 0, -1, 4, 80308, 0, 0, 0, 0, 0, 1, 0, 0, 0, 0, 0, 0, 0, 0, 0, 0, 0, 0, 1, NULL),
(81333, 0, 4, 0, 'Goblin Essence of Knivery', 'Pure essence of the true features of a goblin condensed down', 35842, 4, 0, 1, 5000000, 10000, 12, -1, -1, 0, 55, 0, 0, 0, 0, 0, 0, 0, 0, 1, 0, 0, 5, 6, -24, 0, -24, 0, 0, 0, 0, 0, 0, 0, 0, 0, 0, 0, 0, 0, 0, 0, 0, 0, 0, 0, 0, 0, 0, 0, 0, 0, 0, 0, 0, 0, 0, 0, 0, 0, 24, 0, 0, 0, 0, 0, 24, 13669, 1, 0, 0, -1, 0, -1, 0, 0, 0, 0, -1, 0, -1, 0, 0, 0, 0, -1, 0, -1, 0, 0, 0, 0, -1, 0, -1, 0, 0, 0, 0, -1, 0, -1, 1, 0, 0, 0, 0, 0, 0, 1, 0, 0, 0, 0, 0, 0, 0, 0, 0, 0, 0, 0, 1, NULL),
(81334, 0, 12, 0, 'Salt Tooth\'s Head', 'There doesn\'t seem to be a \'salty\' tooth.', 1310, 1, 0, 1, 0, 0, 0, -1, -1, 0, 0, 0, 0, 0, 0, 0, 0, 0, 0, 1, 0, 0, 0, 0, 0, 0, 0, 0, 0, 0, 0, 0, 0, 0, 0, 0, 0, 0, 0, 0, 0, 0, 0, 0, 0, 0, 0, 0, 0, 0, 0, 0, 0, 0, 0, 0, 0, 0, 0, 0, 0, 0, 0, 0, 0, 0, 0, 0, 0, 0, 0, -1, 0, -1, 0, 0, 0, 0, -1, 0, -1, 0, 0, 0, 0, -1, 0, -1, 0, 0, 0, 0, -1, 0, -1, 0, 0, 0, 0, -1, 0, -1, 4, 0, 0, 0, 0, 0, 0, 1, 0, 0, 0, 0, 0, 0, 0, 0, 0, 0, 0, 0, 1, NULL),
(81335, 0, 12, 0, 'Mosshide Gnoll Armband', '', 10301, 1, 0, 1, 0, 0, 0, -1, -1, 0, 0, 0, 0, 0, 0, 0, 0, 0, 0, 1, 0, 0, 0, 0, 0, 0, 0, 0, 0, 0, 0, 0, 0, 0, 0, 0, 0, 0, 0, 0, 0, 0, 0, 0, 0, 0, 0, 0, 0, 0, 0, 0, 0, 0, 0, 0, 0, 0, 0, 0, 0, 0, 0, 0, 0, 0, 0, 0, 0, 0, 0, -1, 0, -1, 0, 0, 0, 0, -1, 0, -1, 0, 0, 0, 0, -1, 0, -1, 0, 0, 0, 0, -1, 0, -1, 0, 0, 0, 0, -1, 0, -1, 4, 0, 0, 0, 0, 0, 0, 1, 0, 0, 0, 0, 0, 0, 0, 0, 0, 0, 0, 0, 1, NULL),
(81336, 0, 12, 0, 'Tarlo\'s Crate ', 'It has a note attached to the top.', 11448, 1, 0, 1, 0, 0, 0, -1, -1, 0, 0, 0, 0, 0, 0, 0, 0, 0, 0, 1, 0, 0, 0, 0, 0, 0, 0, 0, 0, 0, 0, 0, 0, 0, 0, 0, 0, 0, 0, 0, 0, 0, 0, 0, 0, 0, 0, 0, 0, 0, 0, 0, 0, 0, 0, 0, 0, 0, 0, 0, 0, 0, 0, 0, 0, 0, 0, 0, 0, 0, 0, -1, 0, -1, 0, 0, 0, 0, -1, 0, -1, 0, 0, 0, 0, -1, 0, -1, 0, 0, 0, 0, -1, 0, -1, 0, 0, 0, 0, -1, 0, -1, 4, 0, 0, 0, 0, 0, 0, 1, 0, 0, 0, 0, 0, 0, 0, 0, 0, 0, 0, 0, 1, NULL),
(81337, 0, 12, 0, 'Rock Elemental Mastery: Compendium III', 'A large, and overly thick book about Rock Elementals.', 6645, 1, 0, 1, 0, 0, 0, -1, -1, 0, 0, 0, 0, 0, 0, 0, 0, 0, 0, 1, 0, 0, 0, 0, 0, 0, 0, 0, 0, 0, 0, 0, 0, 0, 0, 0, 0, 0, 0, 0, 0, 0, 0, 0, 0, 0, 0, 0, 0, 0, 0, 0, 0, 0, 0, 0, 0, 0, 0, 0, 0, 0, 0, 0, 0, 0, 0, 0, 0, 0, 0, -1, 0, -1, 0, 0, 0, 0, -1, 0, -1, 0, 0, 0, 0, -1, 0, -1, 0, 0, 0, 0, -1, 0, -1, 0, 0, 0, 0, -1, 0, -1, 4, 0, 0, 0, 0, 0, 0, 1, 0, 0, 0, 0, 0, 0, 0, 0, 0, 0, 0, 0, 1, NULL),
(81338, 0, 12, 0, 'Water-Weaving and Command', 'This large book seems incredibly aged.', 23175, 1, 0, 1, 0, 0, 0, -1, -1, 0, 0, 0, 0, 0, 0, 0, 0, 0, 0, 1, 0, 0, 0, 0, 0, 0, 0, 0, 0, 0, 0, 0, 0, 0, 0, 0, 0, 0, 0, 0, 0, 0, 0, 0, 0, 0, 0, 0, 0, 0, 0, 0, 0, 0, 0, 0, 0, 0, 0, 0, 0, 0, 0, 0, 0, 0, 0, 0, 0, 0, 0, -1, 0, -1, 0, 0, 0, 0, -1, 0, -1, 0, 0, 0, 0, -1, 0, -1, 0, 0, 0, 0, -1, 0, -1, 0, 0, 0, 0, -1, 0, -1, 4, 0, 0, 0, 0, 0, 0, 1, 0, 0, 0, 0, 0, 0, 0, 0, 0, 0, 0, 0, 1, NULL);

replace into item_template values
 ('81339', '0', '2', '7', 'Brightwater Cutlass', 'Encrusted with small jade in the golden hilt', '4788', '2', '0', '1', '168452', '42113', '13', '-1', '-1', '51',
 '0', '0', '0', '0', '0', '0', '0', '0', '0', '1', '0', '7', '7', '4', '5',
 '3', '1', '0', '0', '0', '0', '0', '0', '0', '0', '0', '0', '0', '0', '0', '0', '1500', '0',
 '0', '35', '54', '0', '0', '0', '0', '0', '0', '0', '0', '0', '0', '0', '0', '0', '0', '0', '0', '0', '0',
 '0', '0', '0', '0', '0', '0', '0', '-1', '0', '-1', '0', '0', '0', '0', '-1', '0', '-1', '0', '0',
 '0', '0', '-1', '0', '-1', '0', '0', '0', '0', '-1', '0', '-1', '0', '0', '0', '0', '-1', '0',
 '-1', '1', '0', '0', '0', '0', '0', '1', '3', '0', '0', '75', '0', '0', '0', '0', '0', '0', '0', '0',
 '0', '1', NULL);

replace into item_template values
 ('81340', '0', '15', '0', 'Greenpaw Medallion', 'A symbol of better days', '32282', '0', '0', '1', '400', '100', '0', '-1', '-1', '0',
 '0', '0', '0', '0', '0', '0', '0', '0', '0', '1', '0', '0', '0', '0', '0',
 '0', '0', '0', '0', '0', '0', '0', '0', '0', '0', '0', '0', '0', '0', '0', '0', '0', '0',
 '0', '0', '0', '0', '0', '0', '0', '0', '0', '0', '0', '0', '0', '0', '0', '0', '0', '0', '0', '0', '0',
 '0', '0', '0', '0', '0', '0', '0', '-1', '0', '-1', '0', '0', '0', '0', '-1', '0', '-1', '0', '0',
 '0', '0', '-1', '0', '-1', '0', '0', '0', '0', '-1', '0', '-1', '0', '0', '0', '0', '-1', '0',
 '-1', '0', '0', '0', '0', '0', '0', '2', '1', '0', '0', '0', '0', '0', '0', '0', '0', '0', '0', '0',
 '0', '1', NULL);
 
replace into item_template values
 ('81341', '0', '4', '3', 'Gowlfang\'s Vest', '', '26949', '2', '0', '1', '10424', '2606', '5', '-1', '-1', '0',
 '0', '0', '0', '0', '0', '0', '0', '0', '0', '1', '0', '7', '7', '3', '4',
 '6', '2', '0', '0', '0', '0', '0', '0', '0', '0', '0', '0', '0', '0', '0', '0', '0', '0',
 '0', '0', '0', '0', '0', '0', '0', '0', '0', '0', '0', '0', '0', '0', '0', '0', '0', '201', '0', '0', '5',
 '0', '0', '0', '0', '0', '0', '0', '-1', '0', '-1', '0', '0', '0', '0', '-1', '0', '-1', '0', '0',
 '0', '0', '-1', '0', '-1', '0', '0', '0', '0', '-1', '0', '-1', '0', '0', '0', '0', '-1', '0',
 '-1', '1', '0', '0', '0', '0', '0', '1', '1', '0', '0', '100', '0', '0', '0', '0', '0', '0', '0', '0',
 '0', '1', NULL);
 
replace into item_template values
 ('81342', '0', '4', '1', 'Archivist Mantle', '', '26465', '2', '0', '1', '14064', '3516', '3', '-1', '-1', '43',
 '0', '0', '0', '0', '0', '0', '0', '0', '0', '1', '0', '5', '8', '6', '2',
 '7', '2', '0', '0', '0', '0', '0', '0', '0', '0', '0', '0', '0', '0', '0', '0', '0', '0',
 '0', '0', '0', '0', '0', '0', '0', '0', '0', '0', '0', '0', '0', '0', '0', '0', '0', '39', '0', '0', '0',
 '0', '0', '0', '21625', '1', '0', '0', '-1', '0', '-1', '0', '0', '0', '0', '-1', '0', '-1', '0', '0',
 '0', '0', '-1', '0', '-1', '0', '0', '0', '0', '-1', '0', '-1', '0', '0', '0', '0', '-1', '0',
 '-1', '1', '0', '0', '0', '0', '0', '7', '1', '0', '0', '45', '0', '0', '0', '0', '0', '0', '0', '0',
 '0', '1', NULL);

replace into item_template values 
(81343, 0, 12, 0, 'Wisdom of the Sages', '', 1155, 1, 0, 1, 0, 0, 0, -1, -1, 0, 0, 0, 0, 0, 0, 0, 0, 0, 0, 1, 0, 0, 0, 0, 0, 0, 0, 0, 0, 0, 0, 0, 0, 0, 0, 0, 0, 0, 0, 0, 0, 0, 0, 0, 0, 0, 0, 0, 0, 0, 0, 0, 0, 0, 0, 0, 0, 0, 0, 0, 0, 0, 0, 0, 0, 0, 0, 0, 0, 0, 0, -1, 0, -1, 0, 0, 0, 0, -1, 0, -1, 0, 0, 0, 0, -1, 0, -1, 0, 0, 0, 0, -1, 0, -1, 0, 0, 0, 0, -1, 0, -1, 4, 0, 0, 0, 0, 0, 0, 1, 0, 0, 0, 0, 0, 0, 0, 0, 0, 0, 0, 0, 1, NULL),
(81344, 0, 12, 0, 'Klix\'s Studded Ring', '', 1006, 1, 0, 1, 0, 0, 0, -1, -1, 0, 0, 0, 0, 0, 0, 0, 0, 0, 0, 1, 0, 0, 0, 0, 0, 0, 0, 0, 0, 0, 0, 0, 0, 0, 0, 0, 0, 0, 0, 0, 0, 0, 0, 0, 0, 0, 0, 0, 0, 0, 0, 0, 0, 0, 0, 0, 0, 0, 0, 0, 0, 0, 0, 0, 0, 0, 0, 0, 0, 0, 0, -1, 0, -1, 0, 0, 0, 0, -1, 0, -1, 0, 0, 0, 0, -1, 0, -1, 0, 0, 0, 0, -1, 0, -1, 0, 0, 0, 0, -1, 0, -1, 4, 0, 0, 0, 0, 0, 0, 1, 0, 0, 0, 0, 0, 0, 0, 0, 0, 0, 0, 0, 1, NULL),
(81345, 0, 12, 0, 'Brightwater Logbook', 'Dripping wet.', 918, 1, 0, 1, 0, 0, 0, -1, -1, 0, 0, 0, 0, 0, 0, 0, 0, 0, 0, 1, 0, 0, 0, 0, 0, 0, 0, 0, 0, 0, 0, 0, 0, 0, 0, 0, 0, 0, 0, 0, 0, 0, 0, 0, 0, 0, 0, 0, 0, 0, 0, 0, 0, 0, 0, 0, 0, 0, 0, 0, 0, 0, 0, 0, 0, 0, 0, 0, 0, 0, 0, -1, 0, -1, 0, 0, 0, 0, -1, 0, -1, 0, 0, 0, 0, -1, 0, -1, 0, 0, 0, 0, -1, 0, -1, 0, 0, 0, 0, -1, 0, -1, 4, 0, 0, 0, 0, 0, 0, 1, 0, 0, 0, 0, 0, 0, 0, 0, 0, 0, 0, 0, 1, NULL),
(81346, 0, 12, 0, 'Agon Ore', '', 4690, 1, 0, 1, 0, 0, 0, -1, -1, 0, 0, 0, 0, 0, 0, 0, 0, 0, 0, 1, 0, 0, 0, 0, 0, 0, 0, 0, 0, 0, 0, 0, 0, 0, 0, 0, 0, 0, 0, 0, 0, 0, 0, 0, 0, 0, 0, 0, 0, 0, 0, 0, 0, 0, 0, 0, 0, 0, 0, 0, 0, 0, 0, 0, 0, 0, 0, 0, 0, 0, 0, -1, 0, -1, 0, 0, 0, 0, -1, 0, -1, 0, 0, 0, 0, -1, 0, -1, 0, 0, 0, 0, -1, 0, -1, 0, 0, 0, 0, -1, 0, -1, 4, 0, 0, 0, 0, 0, 0, 1, 0, 0, 0, 0, 0, 0, 0, 0, 0, 0, 0, 0, 1, NULL),
(81347, 0, 12, 0, 'Fraggle\'s Lucky Boots', '', 825, 1, 0, 1, 0, 0, 0, -1, -1, 0, 0, 0, 0, 0, 0, 0, 0, 0, 0, 1, 0, 0, 0, 0, 0, 0, 0, 0, 0, 0, 0, 0, 0, 0, 0, 0, 0, 0, 0, 0, 0, 0, 0, 0, 0, 0, 0, 0, 0, 0, 0, 0, 0, 0, 0, 0, 0, 0, 0, 0, 0, 0, 0, 0, 0, 0, 0, 0, 0, 0, 0, -1, 0, -1, 0, 0, 0, 0, -1, 0, -1, 0, 0, 0, 0, -1, 0, -1, 0, 0, 0, 0, -1, 0, -1, 0, 0, 0, 0, -1, 0, -1, 4, 0, 0, 0, 0, 0, 0, 1, 0, 0, 0, 0, 0, 0, 0, 0, 0, 0, 0, 0, 1, NULL);

update item_template set flags = 2048 where entry in (81334);
update item_template set stackable = 10 where entry = 81335;

update item_template set page_text = 80300 where entry = 81326; 
update item_template set page_text = 80305 where entry = 81331;
update item_template set page_text = 80308 where entry = 81332;
update item_template set page_text = 80310 where entry = 81300;
update item_template set page_text = 80311 where entry = 81336;

replace into `page_text` values 
(80300, 'This is Gazztoggle\'s Report from Azshara!\n\nI have suffered many set backs in my work, my assistant Frix that I was assigned has blundered almost every task I have given him, and almost lost the Surveying Gear we were given.\n\nFrix died to the local Satyrs and the Surveying Gear was recovered from their hands, I will need a new assistant as soon as possible, and one that\'s worth my time!', 80301),
(80301, 'Tests conducted with Ley-shards turned out completely worthless, the shards themselves around the Ruins of Eldarath are unstable and fizzle upon use.\n\nTests conducted with Essences from Ethereal\'s also proved to be lackluster.\n\nWhile they held energy, this energy was faint, and I mean, in the Gnome manner.', 80309),
(80309, 'Out of all the projects I took the only one that had any success was Skystormer Antler\'s from the local Thunderhead\'s, their energy was through the roof, and is definitely worth attempting for Sparkwater, I will send some test samples soon!\n\nReport from, Gazztoggle.', 0),
(80305, 'Greetings brother,\n\nI hope this letter finds you well, I am doing good in my work with the goblins of Sparkwater, I know you said my ventures were foolish but the money is great!', 80306),
(80306, 'The weather of Durotar is as hot as ever and the sun beats with great strength.\n\nI am happy to hear of your success\', and wish you good fortunes.\n\nI hope to hear from you soon, let us keep in contact.\n\nRugnar.', 0),
(80308, 'Rugnar, your words were nice to read within the overgrowth of weeds that is the Swamp of Sorrows.\n\nI have been given leave and should be departing to Orgrimmar soon, it\'s been too long since we have last seen one another, and I am looking forward to it greatly, and have many things to tell you.\n\nYour Brother Zuul', 0),
(80310, 'In prophecy the gods will abandon the unfaithful and break apart those that do not listen.\n\nThe world will change and the spirits shall become corrupted, and break within.\n\nThe rock shall wither, the wind shall fade, and the water shall parch, heed the warnings of the end for it is the elements themselves that need our aid.', 0),
(80311, 'Hey boss, sorry for the late delivery, it won\'t be late again, can promise you that! I enclosed an extra bit of money for how long it took.\n\nTARLO. ', 0);

replace into creature_loot_template values 
(639, 81315, -100, 6, 1, 1, 0, 0, 10),
(7800, 81318, -100, 6, 1, 1, 0, 0, 10),
(3130, 81292, -100, 6, 1, 1, 0, 0, 10),
(3131, 81292, -100, 6, 1, 1, 0, 0, 10),
(6125, 81312, -32, 6, 1, 1, 0, 0, 10),
(6116, 81323, -50, 6, 1, 1, 0, 0, 10),
(6117, 81323, -50, 6, 1, 1, 0, 0, 10),
(6378, 81314, -50, 6, 1, 1, 0, 0, 10),
(91283, 81327, -100, 6, 1, 1, 0, 0, 10),
(91284, 81334, -100, 6, 1, 1, 0, 0, 10),
(2319, 81337, -10, 6, 1, 1, 0, 0, 10),
(1014, 81335, -50, 6, 1, 1, 0, 0, 10),
(1012, 81335, -50, 6, 1, 1, 0, 0, 10),
(1011, 81335, -50, 6, 1, 1, 0, 0, 10),
(1010, 81335, -50, 6, 1, 1, 0, 0, 10),
(1009, 81335, -50, 6, 1, 1, 0, 0, 10),
(1008, 81335, -50, 6, 1, 1, 0, 0, 10),
(91293, 81343, -100, 1, 1, 1, 0, 0, 10),
(1007, 81335, -50, 6, 1, 1, 0, 0, 10),
(91296, 81344, -100, 1, 1, 1, 0, 0, 10),
(2893, 81346, -10, 6, 1, 1, 0, 0, 10),
(91295, 81344, -100, 6, 1, 1, 0, 0, 10),
(2894, 81346, -10, 6, 1, 1, 0, 0, 10);

replace into gameobject_template values
(1000250, 0, 3, 2891, 'Razlik\'s Tools', 0, 4, 0.7, 43, 1000250, 0, 1, 0, 0, 0, 0, 0, 0, 0, 0, 0, 0, 0, 0, 0, 0, 0, 0, 0, 0, 0, 0, 0, 0, ''),
(1000251, 0, 3, 2971, 'Eldarath Ley-Shard', 0, 4, 0.5, 43, 1000251, 0, 1, 0, 0, 0, 0, 0, 0, 0, 0, 0, 0, 0, 0, 0, 0, 0, 0, 0, 0, 0, 0, 0, 0, ''),
(1000500, 0, 2, 49, 'Pile of Glinting Muck', 0, 4, 1, 0, 3672, 0, 0, 0, 0, 0, 0, 0, 0, 0, 0, 0, 0, 0, 0, 0, 0, 0, 0, 0, 0, 0, 0, 0, 0, ''),
(1000501, 0, 3, 107, 'Water-Weaving and Command', 0, 4, 0.5, 43, 1000501, 0, 1, 0, 0, 0, 0, 0, 0, 0, 0, 0, 0, 0, 0, 0, 0, 0, 0, 0, 0, 0, 0, 0, 0, ''),
(1000502, 0, 3, 10, 'Brightwater Lockbox', 0, 4, 0.7, 43, 1000502, 0, 1, 0, 0, 0, 0, 0, 0, 0, 0, 0, 0, 0, 0, 0, 0, 0, 0, 0, 0, 0, 0, 0, 0, ''),
(1000503, 0, 3, 10, 'Sealed Trunk', 0, 4, 0.7, 43, 1000503, 0, 1, 0, 0, 0, 0, 0, 0, 0, 0, 0, 0, 0, 0, 0, 0, 0, 0, 0, 0, 0, 0, 0, 0, '');

replace into gameobject_loot_template values 
(1000250, 81291, -100, 1, 1, 1, 0, 0, 10),
(1000251, 81324, -100, 1, 1, 1, 0, 0, 10),
(1000501, 81338, -100, 1, 1, 1, 0, 0, 10),
(1000502, 81345, -100, 1, 1, 1, 0, 0, 10),
(1000503, 81347, -100, 1, 1, 1, 0, 0, 10);

replace into quest_template (prevquestid, entry, zoneorsort, questlevel, minlevel, questflags, specialflags, title, details, objectives, requestitemstext, offerrewardtext, reqitemid1, reqitemcount1, reqitemid2, reqitemcount2, reqitemid3, reqitemcount3, reqitemid4, reqitemcount4, reqcreatureorgoid1, reqcreatureorgocount1, reqcreatureorgoid2, reqcreatureorgocount2, reqcreatureorgoid3, reqcreatureorgocount3, reqcreatureorgoid4, reqcreatureorgocount4, srcitemid, srcitemcount, reworreqmoney, rewmoneymaxlevel, rewrepfaction1, rewrepvalue1,  rewrepfaction2, rewrepvalue2, rewrepfaction3, rewrepvalue3, rewrepfaction4, rewrepvalue4, rewspell, rewspellcast, completeemote, rewitemid1, rewitemcount1, rewitemid2, rewitemcount2, rewitemid3, rewitemcount3, rewitemid4, rewitemcount4, rewchoiceitemid1, rewchoiceitemcount1, rewchoiceitemid2, rewchoiceitemcount2, rewchoiceitemid3, rewchoiceitemcount3, rewchoiceitemid4, rewchoiceitemcount4) values (0,55000,14,9,7,0,0,'Razlik\'s Tools','Hey! You, yeah you!\n\nI got a problem that I need fixing and I\'ll tell ya, it\'s not sitting around waiting to work again that\'s for sure!\n\nWe\'re living paradise right now, but, you know how goblins work, eventually we\'ll be back on that oil platform, one way or another.\n\nThing is, I got a set of tools up there, from way back in the Venture Co. days, I\'m used to em see, and the last thing I want is some sea sucker knocking em off into the water to be lost forever.\n\nGo up there, find my tools, and get a few silver, whaddya say kid?','Find Razlik\'s lost tools on the Oil Platform east of the Port.','You got em yet? Or you just waitin\' around?','About time, I was gettin\' scared, thought I might\'a lost them!\n\nThey are a bit more dirty then I remember though, for muckin\' up my tools yer gonna get a silver less, no hard feelings!',81291,1,0,0,0,0,0,0,0,0,0,0,0,0,0,0,0,0,150,0,1001,150,0,0,0,0,0,0,0,0,0,0,0,0,0,0,0,0,0,0,0,0,0,0,0,0,0);

update quest_template set rewxp = 400 where entry = 55000;

replace into creature_questrelation (id, quest) values (91208, 55000);
replace into creature_involvedrelation (id, quest) values (91208, 55000);

replace into quest_template (prevquestid, entry, zoneorsort, questlevel, minlevel, questflags, specialflags, title, details, objectives, requestitemstext, offerrewardtext, reqitemid1, reqitemcount1, reqitemid2, reqitemcount2, reqitemid3, reqitemcount3, reqitemid4, reqitemcount4, reqcreatureorgoid1, reqcreatureorgocount1, reqcreatureorgoid2, reqcreatureorgocount2, reqcreatureorgoid3, reqcreatureorgocount3, reqcreatureorgoid4, reqcreatureorgocount4, srcitemid, srcitemcount, reworreqmoney, rewmoneymaxlevel, rewrepfaction1, rewrepvalue1,  rewrepfaction2, rewrepvalue2, rewrepfaction3, rewrepvalue3, rewrepfaction4, rewrepvalue4, rewspell, rewspellcast, completeemote, rewitemid1, rewitemcount1, rewitemid2, rewitemcount2, rewitemid3, rewitemcount3, rewitemid4, rewitemcount4, rewchoiceitemid1, rewchoiceitemcount1, rewchoiceitemid2, rewchoiceitemcount2, rewchoiceitemid3, rewchoiceitemcount3, rewchoiceitemid4, rewchoiceitemcount4) values (0,55001,14,9,7,0,0,'The Oil Stops Flowing','Damned, blasted, stupid, good for -NOTHING- Isn\'t this just great, it\'s one thing after another with that oil platform, and I\'m a week behind schedule!\n\nIf you don\'t call havin\' two workers get sucked into the ocean and your oil platform over run by lobsters then I don\'t know where you\'re from pal!\n\nThe oil needs to keep flowing, and if the boss finds out that this has gone on, he\'ll have my head!\n\nMaybe I could blame this on someone, but first things first, get on over there and clear some of those blasted creatures so we can kick that baby into overdrive and start catching up on all the lost work!','Kill 5 Makrura Oilclaw\'s and 5 Makrura Thresher\'s at the oil platform east of the Port.','You get rid of them yet? Time\'s tickin\' here and I need that platform up and running!','Finally, I was devising a plan but all I could come up with was flame thrower, and bomb. Big no-no\'s if ya know anything about oil safety!\n\nIt might not be -all- of em, but a few less of the seafood is good enough for me!',0,0,0,0,0,0,0,0,91194,5,91193,5,0,0,0,0,0,0,200,0,1001,200,0,0,0,0,0,0,0,0,0,0,0,0,0,0,0,0,0,0,0,0,0,0,0,0,0);

update quest_template set rewxp = 400 where entry = 55001;

replace into creature_questrelation (id, quest) values (91213, 55001);
replace into creature_involvedrelation (id, quest) values (91213, 55001);

replace into quest_template (prevquestid, entry, zoneorsort, questlevel, minlevel, questflags, specialflags, title, details, objectives, requestitemstext, offerrewardtext, reqitemid1, reqitemcount1, reqitemid2, reqitemcount2, reqitemid3, reqitemcount3, reqitemid4, reqitemcount4, reqcreatureorgoid1, reqcreatureorgocount1, reqcreatureorgoid2, reqcreatureorgocount2, reqcreatureorgoid3, reqcreatureorgocount3, reqcreatureorgoid4, reqcreatureorgocount4, srcitemid, srcitemcount, reworreqmoney, rewmoneymaxlevel, rewrepfaction1, rewrepvalue1,  rewrepfaction2, rewrepvalue2, rewrepfaction3, rewrepvalue3, rewrepfaction4, rewrepvalue4, rewspell, rewspellcast, completeemote, rewitemid1, rewitemcount1, rewitemid2, rewitemcount2, rewitemid3, rewitemcount3, rewitemid4, rewitemcount4, rewchoiceitemid1, rewchoiceitemcount1, rewchoiceitemid2, rewchoiceitemcount2, rewchoiceitemid3, rewchoiceitemcount3, rewchoiceitemid4, rewchoiceitemcount4) values (0,55002,14,6,5,0,0,'Supplies to Port!','Supplies, supplies, supplies, its all they ever want those goblins!\n\nI send them four saw blades and the next thing I know they need six! I send them tin, and then they need Iron.\n\nYou would swear they went through more materials then the Horde Warmachine!\n\nI\'ve got this shipment to run down, but I\'ve got so much other work, if you could be of assistance it would be much appreciated, $r.\n\nThe Goblins have set up a new town up to the north east along the coast, you can\'t miss it, if anything, follow the smell of the smoke.','Deliver the Sealed Trade Goods to the nearby Port Town of Sparkwater to the north-east of Razor Hill.','What, was there anything that I could help with?','Yes? Can I help you? I\'m very busy ye see! Oh- supplies from Razor Hill?\n\nIt\'s about time, we\'re going through material here faster then a kodo with a hole shot through em...\n\nOnly four saw blades?! Oh well, it\'ll do, now scram!',81293,1,0,0,0,0,0,0,0,0,0,0,0,0,0,0,81293,1,100,0,1001,100,0,0,0,0,0,0,0,0,0,0,0,0,0,0,0,0,0,0,0,0,0,0,0,0,0);

update quest_template set rewxp = 150 where entry = 55002;

replace into creature_questrelation (id, quest) values (3168, 55002);
replace into creature_involvedrelation (id, quest) values (91237, 55002);

replace into quest_template (prevquestid, entry, zoneorsort, questlevel, minlevel, questflags, specialflags, title, details, objectives, requestitemstext, offerrewardtext, reqitemid1, reqitemcount1, reqitemid2, reqitemcount2, reqitemid3, reqitemcount3, reqitemid4, reqitemcount4, reqcreatureorgoid1, reqcreatureorgocount1, reqcreatureorgoid2, reqcreatureorgocount2, reqcreatureorgoid3, reqcreatureorgocount3, reqcreatureorgoid4, reqcreatureorgocount4, srcitemid, srcitemcount, reworreqmoney, rewmoneymaxlevel, rewrepfaction1, rewrepvalue1,  rewrepfaction2, rewrepvalue2, rewrepfaction3, rewrepvalue3, rewrepfaction4, rewrepvalue4, rewspell, rewspellcast, completeemote, rewitemid1, rewitemcount1, rewitemid2, rewitemcount2, rewitemid3, rewitemcount3, rewitemid4, rewitemcount4, rewchoiceitemid1, rewchoiceitemcount1, rewchoiceitemid2, rewchoiceitemcount2, rewchoiceitemid3, rewchoiceitemcount3, rewchoiceitemid4, rewchoiceitemcount4) values (0,55003,14,10,7,0,0,'A New Power Source','As a Technician, its our job to keep everythin\' runnin\' ya see? Well, we\'ve run into a small problem, and by a small problem, I mean a big problem!\n\nThe Oil from the platform isn\'t coming in and we\'re barely making due with what we got! That and we\'re gonna run outta barrels of the juice soon.\n\nBut, I got an idea anyway. There\'s a place not far from here to the west called Thunder Ridge, and it\'s got that name for a reason.\n\nThe beasts there pack one -HELL- of a punch! Get me six of their energized scales so I can tinker with it as a power source. Now, they\'re not gonna be givin\' you their scales, so use some force!','Gather six Energized scales from Lightning Hides and Thunder Lizards at Thunder Ridge to the west.','Find those lizards yet? I said they were at Thunder Ridge!','<The goblin quickly tinkers with his acquired scales>\n\nThe energy in these babies are off the chart! My hunches were correct, maybe this will work!\n\nOh, my chances of gettin\' promoted to Head Technician just went up about fifteen percent for sure!',81292,6,0,0,0,0,0,0,0,0,0,0,0,0,0,0,0,0,300,0,1001,200,0,0,0,0,0,0,0,0,0,81294,1,0,0,0,0,0,0,0,0,0,0,0,0,0,0);

update quest_template set rewxp = 375 where entry = 55003;

replace into creature_questrelation (id, quest) values (91214, 55003);
replace into creature_involvedrelation (id, quest) values (91214, 55003);

replace into quest_template (prevquestid, entry, zoneorsort, questlevel, minlevel, questflags, specialflags, title, details, objectives, requestitemstext, offerrewardtext, reqitemid1, reqitemcount1, reqitemid2, reqitemcount2, reqitemid3, reqitemcount3, reqitemid4, reqitemcount4, reqcreatureorgoid1, reqcreatureorgocount1, reqcreatureorgoid2, reqcreatureorgocount2, reqcreatureorgoid3, reqcreatureorgocount3, reqcreatureorgoid4, reqcreatureorgocount4, srcitemid, srcitemcount, reworreqmoney, rewmoneymaxlevel, rewrepfaction1, rewrepvalue1,  rewrepfaction2, rewrepvalue2, rewrepfaction3, rewrepvalue3, rewrepfaction4, rewrepvalue4, rewspell, rewspellcast, completeemote, rewitemid1, rewitemcount1, rewitemid2, rewitemcount2, rewitemid3, rewitemcount3, rewitemid4, rewitemcount4, rewchoiceitemid1, rewchoiceitemcount1, rewchoiceitemid2, rewchoiceitemcount2, rewchoiceitemid3, rewchoiceitemcount3, rewchoiceitemid4, rewchoiceitemcount4) values (0,55004,14,7,5,0,0,'Adding a Little Sting','Hail, it is in times of peace that the body is set to engage within past-times of enjoyment, one such enjoyment for these goblins is that of eating, and eat do they ever, $r.\n\nAs much as they eat I am still competing with the others around me, and I\'m hoping to set myself apart .\n\nI have been wanting to experiment with new recipes from around the Barrens, and while I may never get tired of roasted boar meat there is more I can do to make my food even more alluring.\n\nAll around Sparkwater Port there are Scorpids and Boars, gather Chunks of Boar Meat and Scorpid Stingers from around the area, I will reward you for the effort.','Collect 5 Chunk of Boar Meat and 5 Scorpid Stinger.','Have you gathered everything I need yet?','<Hargosh takes his time preparing the food, and begins to cook with an utmost determination, the aroma and smell starts as something horrific, but begins to turn pleasant as the fire cooks, soon enough, the orc takes a bite from his creation .>\n\nMmn... Yes... Hah! This will do just the trick, the kick is strong in this, just like an orcish axe! You\'ve done me a service, here.',5466,5,769,5,0,0,0,0,0,0,0,0,0,0,0,0,0,0,175,0,1001,150,76,150,0,0,0,0,0,0,0,0,0,0,0,0,0,0,0,0,0,0,0,0,0,0,0);

update quest_template set rewxp = 375 where entry = 55004;

replace into creature_questrelation (id, quest) values (91227, 55004);
replace into creature_involvedrelation (id, quest) values (91227, 55004);

replace into quest_template (prevquestid, entry, zoneorsort, questlevel, minlevel, questflags, specialflags, title, details, objectives, requestitemstext, offerrewardtext, reqitemid1, reqitemcount1, reqitemid2, reqitemcount2, reqitemid3, reqitemcount3, reqitemid4, reqitemcount4, reqcreatureorgoid1, reqcreatureorgocount1, reqcreatureorgoid2, reqcreatureorgocount2, reqcreatureorgoid3, reqcreatureorgocount3, reqcreatureorgoid4, reqcreatureorgocount4, srcitemid, srcitemcount, reworreqmoney, rewxp, rewrepfaction1, rewrepvalue1,  rewrepfaction2, rewrepvalue2, rewrepfaction3, rewrepvalue3, rewrepfaction4, rewrepvalue4, rewspell, rewspellcast, completeemote, rewitemid1, rewitemcount1, rewitemid2, rewitemcount2, rewitemid3, rewitemcount3, rewitemid4, rewitemcount4, rewchoiceitemid1, rewchoiceitemcount1, rewchoiceitemid2, rewchoiceitemcount2, rewchoiceitemid3, rewchoiceitemcount3, rewchoiceitemid4, rewchoiceitemcount4) values (0,55005,1581,18,16,0,0,'Prototype Thievery','Sneed and I used to be close friends and colleagues back in Kezan, he was a great assistant. But it seems he wasn\'t satisfied with the silver I paid him, and he snatched MY prototype shredder schematic and ran off one night!\n\nNow that we\'re finally settling up here I had time to call in a few favors on where he ended up, he apparently got contracted by some "Edwin" guy and that\'s where the trail ran cold.\n\nTime is money, and his time ran out, find him and get back my plans, make him pay for doublecrossing me.','Bring the Prototype Shredder X0-1 Schematic to Wrix Ozzlenut.','Any luck finding him?','Nice job, he actually built the shredder you say?\n\nGuess he was always smarter than he looked, I almost gave up on you and was about to put up a bounty, you can have the bounty reward instead.',81315,1,0,0,0,0,0,0,0,0,0,0,0,0,0,0,0,0,0,1350,1001,250,0,0,0,0,0,0,0,0,0,0,0,0,0,0,0,0,0,81316,1,81317,1,0,0,0,0);

update quest_template set type = 81 where entry = 55005;
replace into creature_questrelation (id, quest) values (91200, 55005);
replace into creature_involvedrelation (id, quest) values (91200, 55005);

replace into quest_template (prevquestid, entry, zoneorsort, questlevel, minlevel, questflags, specialflags, title, details, objectives, requestitemstext, offerrewardtext, reqitemid1, reqitemcount1, reqitemid2, reqitemcount2, reqitemid3, reqitemcount3, reqitemid4, reqitemcount4, reqcreatureorgoid1, reqcreatureorgocount1, reqcreatureorgoid2, reqcreatureorgocount2, reqcreatureorgoid3, reqcreatureorgocount3, reqcreatureorgoid4, reqcreatureorgocount4, srcitemid, srcitemcount, reworreqmoney, rewxp, rewrepfaction1, rewrepvalue1,  rewrepfaction2, rewrepvalue2, rewrepfaction3, rewrepvalue3, rewrepfaction4, rewrepvalue4, rewspell, rewspellcast, completeemote, rewitemid1, rewitemcount1, rewitemid2, rewitemcount2, rewitemid3, rewitemcount3, rewitemid4, rewitemcount4, rewchoiceitemid1, rewchoiceitemcount1, rewchoiceitemid2, rewchoiceitemcount2, rewchoiceitemid3, rewchoiceitemcount3, rewchoiceitemid4, rewchoiceitemcount4) values (55003,55006,721,34,29,0,0,'Backup Capacitor','That was almost a disaster, we ran out of oil and almost used all of the power from the thunder lizard scales. What do you mean just work without power?\n\nPal, most things here don\'t have a failsafe when the tap runs dry, some things don\'t even have an off button!\n\nThis town is a ticking timebomb, it\'ll blow up sky high if the oil platform is destroyed or overrun again, and I plan to have a backup plan.\n\nYou see, I\'ve heard some whispers that the gnomes invented some sort of capacitor that can power entire rigs for hours without end in an emergency, though I also heard Gnomeregan blew up and got radiated, and the capacitor went missing after that, that explains why nobody got their grubby hands on it yet.\n\nVenture there and see if you have any luck finding it, maybe bring your friends too, who knows what lurks down there.','Bring the Megaflux Capacitor to Technician Grimzlow.','Time is ticking, and there\'s no telling when disaster might strike.','Some green gnome was using it to power a giant robot? What a waste!\n\n<Grimzlow takes the capacitor and inserts it to the machine behind him.>\n\nThere, this should work good enough, if it doesn\'t explode that is. Thanks for the hussle by the way, feel free take one of these prototypes as reward, and don\'t stick your fingers into any turning pieces if you want to keep them.',81318,1,0,0,0,0,0,0,0,0,0,0,0,0,0,0,0,0,0,2700,1001,250,0,0,0,0,0,0,0,0,0,0,0,0,0,0,0,0,0,81319,1,81320,1,0,0,0,0);

update quest_template set type = 81 where entry = 55006;
replace into creature_questrelation (id, quest) values (91234, 55006);
replace into creature_involvedrelation (id, quest) values (91234, 55006);

replace into quest_template (prevquestid, entry, zoneorsort, questlevel, minlevel, questflags, specialflags, title, details, objectives, requestitemstext, offerrewardtext, reqitemid1, reqitemcount1, reqitemid2, reqitemcount2, reqitemid3, reqitemcount3, reqitemid4, reqitemcount4, reqcreatureorgoid1, reqcreatureorgocount1, reqcreatureorgoid2, reqcreatureorgocount2, reqcreatureorgoid3, reqcreatureorgocount3, reqcreatureorgoid4, reqcreatureorgocount4, srcitemid, srcitemcount, reworreqmoney, rewxp, rewrepfaction1, rewrepvalue1,  rewrepfaction2, rewrepvalue2, rewrepfaction3, rewrepvalue3, rewrepfaction4, rewrepvalue4, rewspell, rewspellcast, completeemote, rewitemid1, rewitemcount1, rewitemid2, rewitemcount2, rewitemid3, rewitemcount3, rewitemid4, rewitemcount4, rewchoiceitemid1, rewchoiceitemcount1, rewchoiceitemid2, rewchoiceitemcount2, rewchoiceitemid3, rewchoiceitemcount3, rewchoiceitemid4, rewchoiceitemcount4) values (0,55007,14,47,45,0,0,'Searching For New Methods','The Technicians of Sparkwater are always looking for more methods to optimize and make use of energy sources across Azeroth, we have quite a few people out on the field doing just that!\n\nI got a guy that\'s located in Azshara that I\'d like you to check on, he last was located within Valormok.\n\nJust make sure he\'s doing what I paid him to do, last thing a goblin likes is wasted gold and wasted potential!','Find Gazztoggle Krewpipe in the camp of Valormok Azshara.','Have you found him yet?','Look at all this barren nothingness in Azshara!\n\nWhat do you mean theres stuff all around us? I meant as in nobody is doing any work here, all this wasted potential, such a shame that I\'m here doing this then setting up factories all over, heh.',0,0,0,0,0,0,0,0,0,0,0,0,0,0,0,0,0,0,0,750,1001,200,0,0,0,0,0,0,0,0,0,0,0,0,0,0,0,0,0,0,0,0,0,0,0,0,0);

replace into creature_questrelation (id, quest) values (91234, 55007);
replace into creature_involvedrelation (id, quest) values (91254, 55007);

replace into quest_template (prevquestid, entry, zoneorsort, questlevel, minlevel, questflags, specialflags, title, details, objectives, requestitemstext, offerrewardtext, reqitemid1, reqitemcount1, reqitemid2, reqitemcount2, reqitemid3, reqitemcount3, reqitemid4, reqitemcount4, reqcreatureorgoid1, reqcreatureorgocount1, reqcreatureorgoid2, reqcreatureorgocount2, reqcreatureorgoid3, reqcreatureorgocount3, reqcreatureorgoid4, reqcreatureorgocount4, srcitemid, srcitemcount, reworreqmoney, rewxp, rewrepfaction1, rewrepvalue1,  rewrepfaction2, rewrepvalue2, rewrepfaction3, rewrepvalue3, rewrepfaction4, rewrepvalue4, rewspell, rewspellcast, completeemote, rewitemid1, rewitemcount1, rewitemid2, rewitemcount2, rewitemid3, rewitemcount3, rewitemid4, rewitemcount4, rewchoiceitemid1, rewchoiceitemcount1, rewchoiceitemid2, rewchoiceitemcount2, rewchoiceitemid3, rewchoiceitemcount3, rewchoiceitemid4, rewchoiceitemcount4) values (55007,55008,16,47,45,0,0,'Frix\'s Folly','Oh, that\'s why you\'re here, yeah...\n\nI\'ve been knee deep in research and tinkering to try and find new methods of power and energy for Sparkwater.\n\nI\'ve ran into a few hickups, mostly with Frix. He\'s been gone for a few days now and I haven\'t heard anything from him. Worst of all I sent the guy with the only working Surveying Gear that we had!\n\nLast thing I knew was that he went southwest to the nearby elvish ruins to go take some surveys and readings around the Satyr\'s in the area. He\'s probably gotten himself killed, or worse, captured!\n\nIf you find his corpse, or remains, just try and find the Surveying Gear I sent with him!','Find Frix to the southwest by the elvish ruins.','You find that lout yet?','This dead goblin seems to fit the description of a goblin being dead in elvish ruins. He is covered in marks of struggle, bruises, and puncture wounds.\n\nYou begin your search for the Surveying Gear amongst the scattered bones and blood.',0,0,0,0,0,0,0,0,0,0,0,0,0,0,0,0,0,0,0,750,1001,100,0,0,0,0,0,0,0,0,0,0,0,0,0,0,0,0,0,0,0,0,0,0,0,0,0);

replace into creature_questrelation (id, quest) values (91254, 55008);
replace into creature_involvedrelation (id, quest) values (91255, 55008);


replace into quest_template (prevquestid, entry, zoneorsort, questlevel, minlevel, questflags, specialflags, title, details, objectives, requestitemstext, offerrewardtext, reqitemid1, reqitemcount1, reqitemid2, reqitemcount2, reqitemid3, reqitemcount3, reqitemid4, reqitemcount4, reqcreatureorgoid1, reqcreatureorgocount1, reqcreatureorgoid2, reqcreatureorgocount2, reqcreatureorgoid3, reqcreatureorgocount3, reqcreatureorgoid4, reqcreatureorgocount4, srcitemid, srcitemcount, reworreqmoney, rewxp, rewrepfaction1, rewrepvalue1,  rewrepfaction2, rewrepvalue2, rewrepfaction3, rewrepvalue3, rewrepfaction4, rewrepvalue4, rewspell, rewspellcast, completeemote, rewitemid1, rewitemcount1, rewitemid2, rewitemcount2, rewitemid3, rewitemcount3, rewitemid4, rewitemcount4, rewchoiceitemid1, rewchoiceitemcount1, rewchoiceitemid2, rewchoiceitemcount2, rewchoiceitemid3, rewchoiceitemcount3, rewchoiceitemid4, rewchoiceitemcount4) values (55008,55009,16,47,45,0,0,'Empty Handed','Upon searching the corpse of Frix Tallycog and the surrounding area there is no sign of the Surveying Gear that you were meant to retrieve, you should report your findings to Gazztoggle Krewpipe!','Return to Gazztoggle Krewpipe in Valormok with the bad news.','Hmm?','Ahh, just as I suspected, dead... Wait, he lost it?!\n\nDamn you Frix, you blasted, good for nothing, worthless...',0,0,0,0,0,0,0,0,0,0,0,0,0,0,0,0,0,0,0,750,1001,150,0,0,0,0,0,0,0,0,0,0,0,0,0,0,0,0,0,0,0,0,0,0,0,0,0);

replace into creature_questrelation (id, quest) values (91255, 55009);
replace into creature_involvedrelation (id, quest) values (91254, 55009);

replace into quest_template (prevquestid, entry, zoneorsort, questlevel, minlevel, questflags, specialflags, title, details, objectives, requestitemstext, offerrewardtext, reqitemid1, reqitemcount1, reqitemid2, reqitemcount2, reqitemid3, reqitemcount3, reqitemid4, reqitemcount4, reqcreatureorgoid1, reqcreatureorgocount1, reqcreatureorgoid2, reqcreatureorgocount2, reqcreatureorgoid3, reqcreatureorgocount3, reqcreatureorgoid4, reqcreatureorgocount4, srcitemid, srcitemcount, reworreqmoney, rewxp, rewrepfaction1, rewrepvalue1,  rewrepfaction2, rewrepvalue2, rewrepfaction3, rewrepvalue3, rewrepfaction4, rewrepvalue4, rewspell, rewspellcast, completeemote, rewitemid1, rewitemcount1, rewitemid2, rewitemcount2, rewitemid3, rewitemcount3, rewitemid4, rewitemcount4, rewchoiceitemid1, rewchoiceitemcount1, rewchoiceitemid2, rewchoiceitemcount2, rewchoiceitemid3, rewchoiceitemcount3, rewchoiceitemid4, rewchoiceitemcount4) values (55009,55010,16,47,45,0,0,'Grabbing the Gear','...Gah! We can\'t waste our time cursing the dumb lout... we have to get this fixed before the big ups in Sparkwater find out what I\'ve gone and done putting the important equipment in his hands.\n\nI\'m willing to bet the Survey Equipment is still around where he died, the Satyrs probably pried it from his hands and are still trying to figure out what the complex goblin machinery is, and I doubt they ever will.\n\nGo back there and dispatch them until you find my Goblin Surveying Gear!','Travel to Haldarr Encampment and retrieve Goblin Surveying Gear.','Have you found the Surveying Gear yet?','Did you find it? Oh...\n\nDamn I was getting ready to pack it up and start heading into exile, you really saved my hide here kid, and -big- time, here I had this from Frix before he headed out, was a necklace he wore, aparently the metal messed with the survey gear, its probably coated in bad luck, last thing I want is to keep it.',81312,1,0,0,0,0,0,0,0,0,0,0,0,0,0,0,0,0,0,4250,1001,250,0,0,0,0,0,0,0,0,0,81321,1,0,0,0,0,0,0,0,0,0,0,0,0,0,0);

replace into creature_loot_template (entry, item, chanceorquestchance, groupid, mincountorref) values (6125, 81312, -32, 6, 1);

replace into creature_questrelation (id, quest) values (91254, 55010);
replace into creature_involvedrelation (id, quest) values (91254, 55010);

update creature_template set npc_flags = 3, display_id1 = 7164 where entry = 80121; -- Nert (Horde)

replace into quest_template (prevquestid, entry, zoneorsort, questlevel, minlevel, questflags, specialflags, title, details, objectives, requestitemstext, offerrewardtext, reqitemid1, reqitemcount1, reqitemid2, reqitemcount2, reqitemid3, reqitemcount3, reqitemid4, reqitemcount4, reqcreatureorgoid1, reqcreatureorgocount1, reqcreatureorgoid2, reqcreatureorgocount2, reqcreatureorgoid3, reqcreatureorgocount3, reqcreatureorgoid4, reqcreatureorgocount4, srcitemid, srcitemcount, reworreqmoney, rewxp, rewrepfaction1, rewrepvalue1,  rewrepfaction2, rewrepvalue2, rewrepfaction3, rewrepvalue3, rewrepfaction4, rewrepvalue4, rewspell, rewspellcast, completeemote, rewitemid1, rewitemcount1, rewitemid2, rewitemcount2, rewitemid3, rewitemcount3, rewitemid4, rewitemcount4, rewchoiceitemid1, rewchoiceitemcount1, rewchoiceitemid2, rewchoiceitemcount2, rewchoiceitemid3, rewchoiceitemcount3, rewchoiceitemid4, rewchoiceitemcount4) values (0,55011,14,13,10,0,0,'Employing the Cabal','Not good pal, not good at all! And here I thought wed be safe and sound under the Hordes banner.\n\nTheres rumors coming from the Undermine that Razdunk found out our location and might come knocking out our doors! Times are desperate enough for me to seek him...\n\nTheres a crazy old goblin hiding somewhere in the Barrens, knowing him and his folk they definitely have a barrier over the blasted thing or I dont know whatever mages do to protect a place they own.\n\nTheres a slim chance you might find him in the north, when you follow the road to Ashenvale.\n\nGive him this piece of paper and this sack of coins, I hate having to pay someone before they do something for me but this is a special case! I really hope you can find him, we definitely could use his help.','Find Grimm Onearm in the Barrens.','Hey, hey, move along bub, nothing to see here!','Toss me in a dirty sack and cover me in oil, and here I thought everyone forgot about ol Grimm, Blastentom is running with the Horde now huh?',81322,1,0,0,0,0,0,0,0,0,0,0,0,0,0,0,81322,1,0,750,1001,100,0,0,0,0,0,0,0,0,0,0,0,0,0,0,0,0,0,0,0,0,0,0,0,0,0);

replace into creature_questrelation (id, quest) values (80121, 55011);
replace into creature_involvedrelation (id, quest) values (91275, 55011);

replace into quest_template (prevquestid, entry, zoneorsort, questlevel, minlevel, questflags, specialflags, title, details, objectives, requestitemstext, offerrewardtext, reqitemid1, reqitemcount1, reqitemid2, reqitemcount2, reqitemid3, reqitemcount3, reqitemid4, reqitemcount4, reqcreatureorgoid1, reqcreatureorgocount1, reqcreatureorgoid2, reqcreatureorgocount2, reqcreatureorgoid3, reqcreatureorgocount3, reqcreatureorgoid4, reqcreatureorgocount4, srcitemid, srcitemcount, reworreqmoney, rewxp, rewrepfaction1, rewrepvalue1,  rewrepfaction2, rewrepvalue2, rewrepfaction3, rewrepvalue3, rewrepfaction4, rewrepvalue4, rewspell, rewspellcast, completeemote, rewitemid1, rewitemcount1, rewitemid2, rewitemcount2, rewitemid3, rewitemcount3, rewitemid4, rewitemcount4, rewchoiceitemid1, rewchoiceitemcount1, rewchoiceitemid2, rewchoiceitemcount2, rewchoiceitemid3, rewchoiceitemcount3, rewchoiceitemid4, rewchoiceitemcount4) values (55011,55012,17,13,10,0,0,'Short Five Minute Adventure','As you can see my stupid shredder broke and I miss the parts to fix it! I also lost my wal...nmeans of communication with my people back home!\n\nSo I gotta ask you to do a quick errand for me, yea?\n\nShould be easy enough, this new place Nert said him and the others settled in should have everything you need.\n\nOh come on, dont stare at me like that, YOU need my help more than I need yours, so travelling back there shouldnt be too much to ask.\n\nDont worry I got enough time to wait. Just get me some oil flasks, copper tubes and arcane dust, I will work the rest of the magic.','Gather the required items from Sparkwater Port.','Look at you go!','Ah there, there, you got all the stuff I needed and you came back quick enough not to be a disappointment.',814,5,4361,5,17019,10,0,0,0,0,0,0,0,0,0,0,0,0,0,850,1001,250,0,0,0,0,0,0,0,0,0,0,0,0,0,0,0,0,0,0,0,0,0,0,0,0,0);

replace into creature_questrelation (id, quest) values (91275, 55012);
replace into creature_involvedrelation (id, quest) values (91275, 55012);

replace into quest_template (prevquestid, entry, zoneorsort, questlevel, minlevel, questflags, specialflags, title, details, objectives, requestitemstext, offerrewardtext, reqitemid1, reqitemcount1, reqitemid2, reqitemcount2, reqitemid3, reqitemcount3, reqitemid4, reqitemcount4, reqcreatureorgoid1, reqcreatureorgocount1, reqcreatureorgoid2, reqcreatureorgocount2, reqcreatureorgoid3, reqcreatureorgocount3, reqcreatureorgoid4, reqcreatureorgocount4, srcitemid, srcitemcount, reworreqmoney, rewxp, rewrepfaction1, rewrepvalue1,  rewrepfaction2, rewrepvalue2, rewrepfaction3, rewrepvalue3, rewrepfaction4, rewrepvalue4, rewspell, rewspellcast, completeemote, rewitemid1, rewitemcount1, rewitemid2, rewitemcount2, rewitemid3, rewitemcount3, rewitemid4, rewitemcount4, rewchoiceitemid1, rewchoiceitemcount1, rewchoiceitemid2, rewchoiceitemcount2, rewchoiceitemid3, rewchoiceitemcount3, rewchoiceitemid4, rewchoiceitemcount4) values (55012,55013,17,13,10,0,0,'Shaking a Cold Arm','With my Shredder fixed I can get back home and grab one of my dearest assistants to come aid the cause back in Sparkwater, let Blastentom know I am coming, he better get me a place to sleep ready and some good looking goblin babes. \n\nIts gonna be fun to work on some new projects, yeah, especially if its all against that ugly toad Razdunk, bleh.\n\nOh and do remind him, while I will be helping him, I dont owe anything to those Horde bastards!',' Report back to Nert Blastentom in Sparkwater Port.','So, how did it go?','Not only did you find him but hes willing to come help? Great, I should start searching through my pockets.\n\nHes a gold sink! But totally worth it, the stuff that maniac creates.',0,0,0,0,0,0,0,0,0,0,0,0,0,0,0,0,0,0,0,550,1001,250,0,0,0,0,0,0,0,0,0,0,0,0,0,0,0,0,0,0,0,0,0,0,0,0,0);

replace into creature_questrelation (id, quest) values (91275, 55012);
replace into creature_involvedrelation (id, quest) values (80121, 55012);

delete from quest_template where entry in (55014, 55015, 55016);

replace into quest_template (prevquestid, entry, zoneorsort, questlevel, minlevel, questflags, specialflags, title, details, objectives, requestitemstext, offerrewardtext, reqitemid1, reqitemcount1, reqitemid2, reqitemcount2, reqitemid3, reqitemcount3, reqitemid4, reqitemcount4, reqcreatureorgoid1, reqcreatureorgocount1, reqcreatureorgoid2, reqcreatureorgocount2, reqcreatureorgoid3, reqcreatureorgocount3, reqcreatureorgoid4, reqcreatureorgocount4, srcitemid, srcitemcount, reworreqmoney, rewxp, rewrepfaction1, rewrepvalue1,  rewrepfaction2, rewrepvalue2, rewrepfaction3, rewrepvalue3, rewrepfaction4, rewrepvalue4, rewspell, rewspellcast, completeemote, rewitemid1, rewitemcount1, rewitemid2, rewitemcount2, rewitemid3, rewitemcount3, rewitemid4, rewitemcount4, rewchoiceitemid1, rewchoiceitemcount1, rewchoiceitemid2, rewchoiceitemcount2, rewchoiceitemid3, rewchoiceitemcount3, rewchoiceitemid4, rewchoiceitemcount4) values (55010,55014,16,49,45,0,0,'The Ethereal Project','Me and Frix had spent quite a bit of our time researching power sources out here in Azshara, there is some stuff that seemed to pose quite lucrative ventures.\n\nTo the Southwest is more ruins, haunted and seemingly guarded by the passed ghosts of Highborne.\n\nI believe these spirits could very well be used as a source of power. You see, their essence is extremely potent, the only problem is, well, being able to get it from them.\n\nHead there and gather me the ghosts essences, and don\'t worry about being moral, they\'ll pass on to whatever fate awaits them!\n\n<Gazztoggle smirks to himself.>','Head Southwest and gather 8 Intense Ethereal Essence from Highborne Apparition\'s and Highborne Lichling\'s.','Get to gathering that ghost dust pal!','Finally got it huh? Here, lets try and see if we can get some energy off this thing.\n\n<Gazztoggle turns to quickly begin performing his task, soon producing many small objects and devices, he takes quite a healthy amount of the powder and places it within one machine, only to try and get another to work, after a few minutes of he seems to barely have any luck using the Essence.>\n\nDamn! Looks like this isn\'t actually viable, I\'d best come up with something else.',81323,8,0,0,0,0,0,0,0,0,0,0,0,0,0,0,0,0,850,3850,1001,250,0,0,0,0,0,0,0,0,0,0,0,0,0,0,0,0,0,0,0,0,0,0,0,0,0);

replace into creature_questrelation (id, quest) values (91254, 55014);
replace into creature_involvedrelation (id, quest) values (91254, 55014);

replace into quest_template (prevquestid, entry, zoneorsort, questlevel, minlevel, questflags, specialflags, title, details, objectives, requestitemstext, offerrewardtext, reqitemid1, reqitemcount1, reqitemid2, reqitemcount2, reqitemid3, reqitemcount3, reqitemid4, reqitemcount4, reqcreatureorgoid1, reqcreatureorgocount1, reqcreatureorgoid2, reqcreatureorgocount2, reqcreatureorgoid3, reqcreatureorgocount3, reqcreatureorgoid4, reqcreatureorgocount4, srcitemid, srcitemcount, reworreqmoney, rewxp, rewrepfaction1, rewrepvalue1,  rewrepfaction2, rewrepvalue2, rewrepfaction3, rewrepvalue3, rewrepfaction4, rewrepvalue4, rewspell, rewspellcast, completeemote, rewitemid1, rewitemcount1, rewitemid2, rewitemcount2, rewitemid3, rewitemcount3, rewitemid4, rewitemcount4, rewchoiceitemid1, rewchoiceitemcount1, rewchoiceitemid2, rewchoiceitemcount2, rewchoiceitemid3, rewchoiceitemcount3, rewchoiceitemid4, rewchoiceitemcount4) values (55010,55015,16,49,45,0,0,'The Eldarath Project','There\'s always new projects popping up, and subsequently turning up worthless!\n\nIt seems this region is cursed, or I am anyway with my horrid luck.\n\nFrix is haunting me from the grave, but still, there are a few projects that we had I\'d like to close up to rule them out.\n\nTo the east lays the ancient Highborne city of Eldarath, now, you won\'t find any friendly elves, instead twisted versions of them...\n\nNaga occupy almost the entirety of the ruins, it\'s mostly why me and Frix never bothered with pushing this project forward.\n\nNow with you around though, we can finally test it out! Go to the Ruins of Eldarath to the east, once there look for small shards of energy known as Eldarath Ley-shards.','Venture to the Ruins of Eldarath and find 5 Eldarath Ley-Shards.','What, are the naga being too much trouble?','Glad you came back in one piece, now, did you get those shards?!\n\n<The goblin greedily takes the ley-shards and begins to tinker with them, it is not long before the unstable shards crackle, and fizzle, beginning to to turn to dust.>\n\nDamned! These crystals are worthless, junk even, too unstable and not even in the good way...\n\nI\'m really going to have to use my noggin here.',81324,5,0,0,0,0,0,0,0,0,0,0,0,0,0,0,0,0,500,3850,1001,250,0,0,0,0,0,0,0,0,0,0,0,0,0,0,0,0,0,0,0,0,0,0,0,0,0);

replace into creature_questrelation (id, quest) values (91254, 55015);
replace into creature_involvedrelation (id, quest) values (91254, 55015);

replace into quest_template (prevquestid, entry, zoneorsort, questlevel, minlevel, questflags, specialflags, title, details, objectives, requestitemstext, offerrewardtext, reqitemid1, reqitemcount1, reqitemid2, reqitemcount2, reqitemid3, reqitemcount3, reqitemid4, reqitemcount4, reqcreatureorgoid1, reqcreatureorgocount1, reqcreatureorgoid2, reqcreatureorgocount2, reqcreatureorgoid3, reqcreatureorgocount3, reqcreatureorgoid4, reqcreatureorgocount4, srcitemid, srcitemcount, reworreqmoney, rewxp, rewrepfaction1, rewrepvalue1,  rewrepfaction2, rewrepvalue2, rewrepfaction3, rewrepvalue3, rewrepfaction4, rewrepvalue4, rewspell, rewspellcast, completeemote, rewitemid1, rewitemcount1, rewitemid2, rewitemcount2, rewitemid3, rewitemcount3, rewitemid4, rewitemcount4, rewchoiceitemid1, rewchoiceitemcount1, rewchoiceitemid2, rewchoiceitemcount2, rewchoiceitemid3, rewchoiceitemcount3, rewchoiceitemid4, rewchoiceitemcount4) values (55015,55016,16,51,46,0,0,'The Skystormer Project','Azshara seems hopeless, but for all that\'s failed and everything I\'ve tried out here I still have a few more things left to try.\n\nWithin the region there is a species of hippogryph known as the Thunderhead, they can be found all over the area but I\'m looking for the ones with the real power to get the best results!\n\nFar to the north-east near the very edges of the Azshara plateau are Thunderhead Skystormer\'s, now they\'re really the kingpins of the Thunderhead\'s, grab me 3 Skystormer Antler\'s, that\'s where they gotta hold their power.\n\nBring em to me so we can test if they hold any ability for energy.','Slay Thunderhead Skystormer\'s for Skystormer Antlers far to the North-east of Azshara.','What? Getting bored of searching for them?','Ahh, took you long enough! Have trouble finding the blasted things? Oh well, gimme!\n\n<Gazztoggle takes the Antler\'s from you, quickly moving to test their power.>\n\nYes! Finally something, who would have guessed this would be worth our time...\n\nThanks again, $N , for all you\'ve done.',81314,3,0,0,0,0,0,0,0,0,0,0,0,0,0,0,0,0,250,5150,1001,350,0,0,0,0,0,0,0,0,0,81325,1,0,0,0,0,0,0,0,0,0,0,0,0,0,0);

replace into creature_questrelation (id, quest) values (91254, 55016);
replace into creature_involvedrelation (id, quest) values (91254, 55016);

replace into quest_template (prevquestid, entry, zoneorsort, questlevel, minlevel, questflags, specialflags, title, details, objectives, requestitemstext, offerrewardtext, reqitemid1, reqitemcount1, reqitemid2, reqitemcount2, reqitemid3, reqitemcount3, reqitemid4, reqitemcount4, reqcreatureorgoid1, reqcreatureorgocount1, reqcreatureorgoid2, reqcreatureorgocount2, reqcreatureorgoid3, reqcreatureorgocount3, reqcreatureorgoid4, reqcreatureorgocount4, srcitemid, srcitemcount, reworreqmoney, rewxp, rewrepfaction1, rewrepvalue1,  rewrepfaction2, rewrepvalue2, rewrepfaction3, rewrepvalue3, rewrepfaction4, rewrepvalue4, rewspell, rewspellcast, completeemote, rewitemid1, rewitemcount1, rewitemid2, rewitemcount2, rewitemid3, rewitemcount3, rewitemid4, rewitemcount4, rewchoiceitemid1, rewchoiceitemcount1, rewchoiceitemid2, rewchoiceitemcount2, rewchoiceitemid3, rewchoiceitemcount3, rewchoiceitemid4, rewchoiceitemcount4) values (55016,55017,16,48,46,0,0,'Report to Sparkwater!','Ahh... It feels good finally having something to report, no doubt Grimzlow is pretty angry given how long it took me to get back to him!\n\nThe big ups in Sparkwater are going to need a report, run it up to them while I continue my work here!\n\nYou\'re going to buy me some time to keep my work up, and keep getting paid!\n\nMaybe I\'ll even get a new assistant that isn\'t as bad as Frix, bless his soul.','Take Gazztoggle\'s Report to Grimzlow.','He\'s in Sparkwater!','Oh, didn\'t I send you to Azshara?\n\nDon\'t tell me you\'ve been in the tavern this entire time!\n\nThis is from Gazztoggle, I figured he had run with Sparkwater\'s money, I was getting ready to call up my people to go and give him a -real- visit.\n\nHe seems to have found some promising results at least.',81326,1,0,0,0,0,0,0,0,0,0,0,0,0,0,0,81326,1,100,1250,1001,200,0,0,0,0,0,0,0,0,0,0,0,0,0,0,0,0,0,0,0,0,0,0,0,0,0);

replace into creature_questrelation (id, quest) values (91254, 55017);
replace into creature_involvedrelation (id, quest) values (91234, 55017);

replace into quest_template (prevquestid, entry, zoneorsort, questlevel, minlevel, questflags, specialflags, title, details, objectives, requestitemstext, offerrewardtext, reqitemid1, reqitemcount1, reqitemid2, reqitemcount2, reqitemid3, reqitemcount3, reqitemid4, reqitemcount4, reqcreatureorgoid1, reqcreatureorgocount1, reqcreatureorgoid2, reqcreatureorgocount2, reqcreatureorgoid3, reqcreatureorgocount3, reqcreatureorgoid4, reqcreatureorgocount4, srcitemid, srcitemcount, reworreqmoney, rewxp, rewrepfaction1, rewrepvalue1,  rewrepfaction2, rewrepvalue2, rewrepfaction3, rewrepvalue3, rewrepfaction4, rewrepvalue4, rewspell, rewspellcast, completeemote, rewitemid1, rewitemcount1, rewitemid2, rewitemcount2, rewitemid3, rewitemcount3, rewitemid4, rewitemcount4, rewchoiceitemid1, rewchoiceitemcount1, rewchoiceitemid2, rewchoiceitemcount2, rewchoiceitemid3, rewchoiceitemcount3, rewchoiceitemid4, rewchoiceitemcount4) values (55016,55018,16,54,46,0,0,'The Big Energy Project','I have one final project that I am calling The Big Energy Project, it has to do with the gathering of Blue Dragonflight that have cropped up a while ago around the Lake Mennar to the south east.\n\nIts not often that dragon\'s get involved with much, but from what I\'ve learned, these blue dragons love their magic!\n\nIf I can get my hand on some dragonkin\'s staff, just think of the possibilities!\n\nThe orc\'s in valormok have been talking a little about their presence and a new Lieutenant posted there, it\'s a good thing my long ears were able to hear the little details! Go find this Lieutenant and take his staff, he has to have one! Now, gather up a group of friends, or fellow adventurer\'s, this is gonna be a big operation, not just something you can do alone.','Go to Lake Mennar to the South East and retrieve the Staff of Azsalus from the Lieutenant there.','What? We\'re on the brink of greatness here, you gotta get that staff.','Wait... You actually pulled it off?\n\nI can\'t believe you managed to interfere with the Dragonkin in such a way! Haha!\n\nWith this staff I could power Sparkwater for weeks, maybe even set up my own shop here...\n\nOh, take this!',81327,1,0,0,0,0,0,0,0,0,0,0,0,0,0,0,0,0,1000,7250,1001,450,0,0,0,0,0,0,0,0,0,0,0,0,0,0,0,0,0,81328,1,81329,1,81330,1,0,0);

update quest_template set type = 1 where entry = 55018;

replace into creature_questrelation (id, quest) values (91254, 55018);
replace into creature_involvedrelation (id, quest) values (91254, 55018);

replace into quest_template (prevquestid, entry, zoneorsort, questlevel, minlevel, questflags, specialflags, title, details, objectives, requestitemstext, offerrewardtext, reqitemid1, reqitemcount1, reqitemid2, reqitemcount2, reqitemid3, reqitemcount3, reqitemid4, reqitemcount4, reqcreatureorgoid1, reqcreatureorgocount1, reqcreatureorgoid2, reqcreatureorgocount2, reqcreatureorgoid3, reqcreatureorgocount3, reqcreatureorgoid4, reqcreatureorgocount4, srcitemid, srcitemcount, reworreqmoney, rewxp, rewrepfaction1, rewrepvalue1,  rewrepfaction2, rewrepvalue2, rewrepfaction3, rewrepvalue3, rewrepfaction4, rewrepvalue4, rewspell, rewspellcast, completeemote, rewitemid1, rewitemcount1, rewitemid2, rewitemcount2, rewitemid3, rewitemcount3, rewitemid4, rewitemcount4, rewchoiceitemid1, rewchoiceitemcount1, rewchoiceitemid2, rewchoiceitemcount2, rewchoiceitemid3, rewchoiceitemcount3, rewchoiceitemid4, rewchoiceitemcount4) values (0,55019,14,39,35,0,0,'Missing Blood','My brother has recently been dispatched out to the far reaches of our strength and posted within the encampment of Stonard.\n\nIt\'s not me to question the Warchief\'s desires but I still do worry for his safety out there even if he is strong and good of health.\n\n t has been months since we have last seen one another with all of the deployments, from one to the next, and now the Swamp of Sorrows of all places?\n\nThe only thing that has me at peace is that he had been promoted to a position of some power within the garrison there.\n\nIt\'s good knowing that maybe he is not on the very frontlines and is instead commanding his men.\n\nIt\'s an odd thing to watch a younger brother become more important then you but, well, duty calls and we must all do our part.\n\n If you could please find Zuul within Stonard in the Swamp of Sorrows and deliver him this letter it would be an ease off my mind.','Deliver Rugnar\'s Letter to Zuul in Stonard.','Why hello there, stranger, what brings you to Stonard?','You\'re looking for Zuul? Well that would be me, what\'s this?',81331,1,0,0,0,0,0,0,0,0,0,0,0,0,0,0,81331,1,50,720,76,150,0,0,0,0,0,0,0,0,0,0,0,0,0,0,0,0,0,0,0,0,0,0,0,0,0);

replace into creature_questrelation (id, quest) values (91203, 55019);
replace into creature_involvedrelation (id, quest) values (5546, 55019);

replace into quest_template (prevquestid, entry, zoneorsort, questlevel, minlevel, questflags, specialflags, title, details, objectives, requestitemstext, offerrewardtext, reqitemid1, reqitemcount1, reqitemid2, reqitemcount2, reqitemid3, reqitemcount3, reqitemid4, reqitemcount4, reqcreatureorgoid1, reqcreatureorgocount1, reqcreatureorgoid2, reqcreatureorgocount2, reqcreatureorgoid3, reqcreatureorgocount3, reqcreatureorgoid4, reqcreatureorgocount4, srcitemid, srcitemcount, reworreqmoney, rewxp, rewrepfaction1, rewrepvalue1,  rewrepfaction2, rewrepvalue2, rewrepfaction3, rewrepvalue3, rewrepfaction4, rewrepvalue4, rewspell, rewspellcast, completeemote, rewitemid1, rewitemcount1, rewitemid2, rewitemcount2, rewitemid3, rewitemcount3, rewitemid4, rewitemcount4, rewchoiceitemid1, rewchoiceitemcount1, rewchoiceitemid2, rewchoiceitemcount2, rewchoiceitemid3, rewchoiceitemcount3, rewchoiceitemid4, rewchoiceitemcount4) values (55019,55020,75,39,35,0,0,'Misgotten Honor','Well, this is a little embarrasing, it seems my embellishments might have gotten to the wrong hands and led before me.\n\nI\'ve always wanted to be more of a success in my brother\'s eyes, and whilst he has made a good living as a trader I\'ve served Orgrimmar for years only to remain a Grunt.\n\n<Zuul sighs.>\n\nI suppose I should come clean, it is honor that dictates I be honest, especially with that of my own kin.\n\nLying to try and make appearances is what Alliance diplomat\'s would do, not the sons of Durotar.\n\nAs much as I desire to go and apologize in person I cannot, too many tasks to do in such a short time.\n\nSpeak to my commander and let him know I desire leave to Durotar for a short time.','Speak to Dispatch Commander Ruag in the Stonard Keep.','He is located within the large building in the encampment.','What is it you require from Commander Ruag? It had better be important.',0,0,0,0,0,0,0,0,0,0,0,0,0,0,0,0,0,0,0,275,0,0,0,0,0,0,0,0,0,0,0,0,0,0,0,0,0,0,0,0,0,0,0,0,0,0,0);

replace into creature_questrelation (id, quest) values (5546, 55020);
replace into creature_involvedrelation (id, quest) values (7623, 55020);

replace into quest_template (prevquestid, entry, zoneorsort, questlevel, minlevel, questflags, specialflags, title, details, objectives, requestitemstext, offerrewardtext, reqitemid1, reqitemcount1, reqitemid2, reqitemcount2, reqitemid3, reqitemcount3, reqitemid4, reqitemcount4, reqcreatureorgoid1, reqcreatureorgocount1, reqcreatureorgoid2, reqcreatureorgocount2, reqcreatureorgoid3, reqcreatureorgocount3, reqcreatureorgoid4, reqcreatureorgocount4, srcitemid, srcitemcount, reworreqmoney, rewxp, rewrepfaction1, rewrepvalue1,  rewrepfaction2, rewrepvalue2, rewrepfaction3, rewrepvalue3, rewrepfaction4, rewrepvalue4, rewspell, rewspellcast, completeemote, rewitemid1, rewitemcount1, rewitemid2, rewitemcount2, rewitemid3, rewitemcount3, rewitemid4, rewitemcount4, rewchoiceitemid1, rewchoiceitemcount1, rewchoiceitemid2, rewchoiceitemcount2, rewchoiceitemid3, rewchoiceitemcount3, rewchoiceitemid4, rewchoiceitemcount4) values (55020,55021,75,39,35,0,0,'Beyond the Walls','So, Zuul sent you? He want\'s to leave Stonard, that\'s it?\n\nHeh, well I\'ll make you a deal $r. Zuul has been an obedient grunt, one that listens well and does well when called upon, it\'s the only reason I\'m offering this, you do a task for me, I\'ll give him leave for a few days.\n\nThe local wildlife have been a continual thorn within our side, there is no other presence then the large beasts that dwell within the shadows beyond the light of our torches.\n\nI\'ve had orcs go missing and not turn up within the late of night, and there is no doubt within my mind it is the beasts outside our walls.\n\nClear out the trees of what you find, the Jaguar , the spider, and the crocolisk, make sure to thin their numbers.','Kill 6 Young Sawtooth Crocolisks, 8 Sorrow Spinners, and 8 Swamp Jaguars then return to Dispatch Commander Ruag.','The Swamp has earned it\'s name, has it not?','It seems you\'ve done well, I\'ll be pleased to not have orcs go missing.',0,0,0,0,0,0,0,0,1084,6,858,8,767,8,0,0,0,0,0,2850,76,150,0,0,0,0,0,0,0,0,0,0,0,0,0,0,0,0,0,0,0,0,0,0,0,0,0);

replace into creature_questrelation (id, quest) values (7623, 55021);
replace into creature_involvedrelation (id, quest) values (7623, 55021);

replace into quest_template (prevquestid, entry, zoneorsort, questlevel, minlevel, questflags, specialflags, title, details, objectives, requestitemstext, offerrewardtext, reqitemid1, reqitemcount1, reqitemid2, reqitemcount2, reqitemid3, reqitemcount3, reqitemid4, reqitemcount4, reqcreatureorgoid1, reqcreatureorgocount1, reqcreatureorgoid2, reqcreatureorgocount2, reqcreatureorgoid3, reqcreatureorgocount3, reqcreatureorgoid4, reqcreatureorgocount4, srcitemid, srcitemcount, reworreqmoney, rewxp, rewrepfaction1, rewrepvalue1,  rewrepfaction2, rewrepvalue2, rewrepfaction3, rewrepvalue3, rewrepfaction4, rewrepvalue4, rewspell, rewspellcast, completeemote, rewitemid1, rewitemcount1, rewitemid2, rewitemcount2, rewitemid3, rewitemcount3, rewitemid4, rewitemcount4, rewchoiceitemid1, rewchoiceitemcount1, rewchoiceitemid2, rewchoiceitemcount2, rewchoiceitemid3, rewchoiceitemcount3, rewchoiceitemid4, rewchoiceitemcount4) values (55021,55022,75,39,35,0,0,'Taking Leave','Ahh... Fine, I\'ll put in the work to have Zuul dispatched, I cannot hold the title of Commander without honoring my word.\n\nTell Zuul that he will have 3 days leave to Orgrimmar, on the fourth day I will make arrangements for him to return to Stonard.\n\nAdvise him to make good use of these 3 days.','Speak with Grunt Zuul.','Have you heard word from my brother?',' Really? I didn\'t actually expect the chance to go.\n\nThis mean\'s a lot to me, its the chance to correct wrongs and make rights.\n\nI realize that there should be no competition between brothers and getting this note only serves to remind me that we should be proud of who we are.',0,0,0,0,0,0,0,0,0,0,0,0,0,0,0,0,0,0,0,250,76,250,0,0,0,0,0,0,0,0,0,0,0,0,0,0,0,0,0,0,0,0,0,0,0,0,0);

replace into creature_questrelation (id, quest) values (7623, 55022);
replace into creature_involvedrelation (id, quest) values (5546, 55022);

replace into quest_template (prevquestid, entry, zoneorsort, questlevel, minlevel, questflags, specialflags, title, details, objectives, requestitemstext, offerrewardtext, reqitemid1, reqitemcount1, reqitemid2, reqitemcount2, reqitemid3, reqitemcount3, reqitemid4, reqitemcount4, reqcreatureorgoid1, reqcreatureorgocount1, reqcreatureorgoid2, reqcreatureorgocount2, reqcreatureorgoid3, reqcreatureorgocount3, reqcreatureorgoid4, reqcreatureorgocount4, srcitemid, srcitemcount, reworreqmoney, rewxp, rewrepfaction1, rewrepvalue1,  rewrepfaction2, rewrepvalue2, rewrepfaction3, rewrepvalue3, rewrepfaction4, rewrepvalue4, rewspell, rewspellcast, completeemote, rewitemid1, rewitemcount1, rewitemid2, rewitemcount2, rewitemid3, rewitemcount3, rewitemid4, rewitemcount4, rewchoiceitemid1, rewchoiceitemcount1, rewchoiceitemid2, rewchoiceitemcount2, rewchoiceitemid3, rewchoiceitemcount3, rewchoiceitemid4, rewchoiceitemcount4) values (55022,55023,75,39,35,0,0,'Relief and Reprise','There is one last thing I require from you friend, if you could but be of help a moment longer.\n\nI still may be here for a while longer waiting for my leave, if you could take this letter from me and deliver it to my brother letting him know I will be arriving soon, it would mean quite a lot to me.\n\nThanks again friend, Blood and Honor.','Travel to Sparkwater port and deliver Zuul\'s Note to Rugnar.','He should be located in Sparkwater.','Oh, a letter?\n\n<Rugnar begins to read intently.>\n\nWell, this is unexpected news, I must offer my thanks for everything you\'ve done, last thing I expected was a letter back so quickly, take this, for all of the troubles.',81332,1,0,0,0,0,0,0,0,0,0,0,0,0,0,0,81332,1,250,1150,76,150,0,0,0,0,0,0,0,0,0,0,0,0,0,0,0,0,0,0,0,0,0,0,0,0,0);

replace into creature_questrelation (id, quest) values (5546, 55023);
replace into creature_involvedrelation (id, quest) values (91203, 55023);

replace into quest_template (prevquestid, entry, zoneorsort, questlevel, minlevel, questflags, specialflags, title, details, objectives, requestitemstext, offerrewardtext, reqitemid1, reqitemcount1, reqitemid2, reqitemcount2, reqitemid3, reqitemcount3, reqitemid4, reqitemcount4, reqcreatureorgoid1, reqcreatureorgocount1, reqcreatureorgoid2, reqcreatureorgocount2, reqcreatureorgoid3, reqcreatureorgocount3, reqcreatureorgoid4, reqcreatureorgocount4, srcitemid, srcitemcount, reworreqmoney, rewxp, rewrepfaction1, rewrepvalue1,  rewrepfaction2, rewrepvalue2, rewrepfaction3, rewrepvalue3, rewrepfaction4, rewrepvalue4, rewspell, rewspellcast, completeemote, rewitemid1, rewitemcount1, rewitemid2, rewitemcount2, rewitemid3, rewitemcount3, rewitemid4, rewitemcount4, rewchoiceitemid1, rewchoiceitemcount1, rewchoiceitemid2, rewchoiceitemcount2, rewchoiceitemid3, rewchoiceitemcount3, rewchoiceitemid4, rewchoiceitemcount4) values (0,55025,35,35,30,0,0,'Dry Hiding','I\'m losing my mind down here, we\'ve been told to stay a bit under the radar for the while after the old Brightwater took a few cannonballs to the side.\n\nBeen forced to stay in refuge for a few days now and I\'m going loopy! Aaah, if only there was a way to get some booze... Wait a second, you can get booze.\n\nSince we can\'t, make a trip up to The Salty Sailor and get me the following... Ahem...\n\n5 Jug of Bourbon\n3 Flagon of Mead\n10 Flask of Port\n...and 10 Cherry Grog!','Collect 5 Jug of Bourbon, 3 Flag of Mead, 10 Flask of Port, and 10 Cherry Grog for Shalgrig Pipeshack and the other Brightwater Crew.','Get the booze yet? We\'re dying down here!','Ahh! It\'s been a dang while since I\'ve been able to drink! You\'ve surely saved us.',2595,5,2594,3,2593,10,4600,10,0,0,0,0,0,0,0,0,0,0,1000,1250,1001,150,0,0,0,0,0,0,0,0,0,0,0,0,0,0,0,0,0,0,0,0,0,0,0,0,0);

replace into creature_questrelation (id, quest) values (91282, 55025);
replace into creature_involvedrelation (id, quest) values (91282, 55025);

replace into quest_template (prevquestid, entry, zoneorsort, questlevel, minlevel, questflags, specialflags, title, details, objectives, requestitemstext, offerrewardtext, reqitemid1, reqitemcount1, reqitemid2, reqitemcount2, reqitemid3, reqitemcount3, reqitemid4, reqitemcount4, reqcreatureorgoid1, reqcreatureorgocount1, reqcreatureorgoid2, reqcreatureorgocount2, reqcreatureorgoid3, reqcreatureorgocount3, reqcreatureorgoid4, reqcreatureorgocount4, srcitemid, srcitemcount, reworreqmoney, rewxp, rewrepfaction1, rewrepvalue1,  rewrepfaction2, rewrepvalue2, rewrepfaction3, rewrepvalue3, rewrepfaction4, rewrepvalue4, rewspell, rewspellcast, completeemote, rewitemid1, rewitemcount1, rewitemid2, rewitemcount2, rewitemid3, rewitemcount3, rewitemid4, rewitemcount4, rewchoiceitemid1, rewchoiceitemcount1, rewchoiceitemid2, rewchoiceitemcount2, rewchoiceitemid3, rewchoiceitemcount3, rewchoiceitemid4, rewchoiceitemcount4) values (0,55026,14,36,30,0,0,'It All Comes Sinking Down','Hey watch it pal! You\'re looking at the Captain of the Brightwater, one of the finest, and most powerful vessels ever to sail the sea\'s, at the least, by the Horde\'s standard!\n\nAhh... She was a beauty, all before those damn Bloodsail Buccaneers gave us a volley on the starboard side and sank us, it wasn\'t even fair really, a two on one engagement.\n\nMy crew is still stuck out in Booty Bay hiding and I\'m not sure exactly where they\'re at.\n\nI have a favor I can call in from an old pal Revilgaz who is the baron there, tell him I sent you, and locate my crew.','Travel to the port of Booty Bay and speak with Baron Revilgaz.','Is there something that I can help you with?','Yes? Oh.... -He- sent you?\n\nFool was oh so eager to offer his assistance to the Horde for coin he underestimated the pirates in the area, and got himself sank.\n\nNow he wants to call in a favor from an age past, hah. Let\'s get this over with.',0,0,0,0,0,0,0,0,0,0,0,0,0,0,0,0,0,0,0,375,1001,150,0,0,0,0,0,0,0,0,0,0,0,0,0,0,0,0,0,0,0,0,0,0,0,0,0);

replace into creature_questrelation (id, quest) values (91259, 55026);
replace into creature_involvedrelation (id, quest) values (2496, 55026);

replace into quest_template (prevquestid, entry, zoneorsort, questlevel, minlevel, questflags, specialflags, title, details, objectives, requestitemstext, offerrewardtext, reqitemid1, reqitemcount1, reqitemid2, reqitemcount2, reqitemid3, reqitemcount3, reqitemid4, reqitemcount4, reqcreatureorgoid1, reqcreatureorgocount1, reqcreatureorgoid2, reqcreatureorgocount2, reqcreatureorgoid3, reqcreatureorgocount3, reqcreatureorgoid4, reqcreatureorgocount4, srcitemid, srcitemcount, reworreqmoney, rewxp, rewrepfaction1, rewrepvalue1,  rewrepfaction2, rewrepvalue2, rewrepfaction3, rewrepvalue3, rewrepfaction4, rewrepvalue4, rewspell, rewspellcast, completeemote, rewitemid1, rewitemcount1, rewitemid2, rewitemcount2, rewitemid3, rewitemcount3, rewitemid4, rewitemcount4, rewchoiceitemid1, rewchoiceitemcount1, rewchoiceitemid2, rewchoiceitemcount2, rewchoiceitemid3, rewchoiceitemcount3, rewchoiceitemid4, rewchoiceitemcount4) values (55026,55027,35,37,30,0,0,'Employed Help','Before I give you the information I have I want something in return, I\'ll honor that \'favor\' that he is calling it, but I need something done.\n\nThe Venture Co. has been causing some issues around here, mostly in taking up my trade and getting some of it for themselves, that\'s where I need you to come in and be discreet.\n\nThey\'ve been messing with some of my operations, and I want to mess with some of there own, in secrecy of course.\n\nTravel far to the north east by Lake Nazferiti, I\'ve gotten reliable sources of them setting up an oil platform there, kill some of the Mechanic\'s they contracted to work on it, that should cost them a lot of time and money.','Kill 5 Venture Co. Mechanic\'s at the Oil Platform near Lake Nazferiti.','Have you thrown a wrench in their plans?','They\'ve been putting their hands on things that doesn\'t rightfully belong to them, it\'s time they paid a price, and a price they cannot link to me.',0,0,0,0,0,0,0,0,1097,5,0,0,0,0,0,0,0,0,500,2075,21,150,0,0,0,0,0,0,0,0,0,0,0,0,0,0,0,0,0,0,0,0,0,0,0,0,0);

replace into creature_questrelation (id, quest) values (2496, 55027);
replace into creature_involvedrelation (id, quest) values (2496, 55027);

replace into quest_template (prevquestid, entry, zoneorsort, questlevel, minlevel, questflags, specialflags, title, details, objectives, requestitemstext, offerrewardtext, reqitemid1, reqitemcount1, reqitemid2, reqitemcount2, reqitemid3, reqitemcount3, reqitemid4, reqitemcount4, reqcreatureorgoid1, reqcreatureorgocount1, reqcreatureorgoid2, reqcreatureorgocount2, reqcreatureorgoid3, reqcreatureorgocount3, reqcreatureorgoid4, reqcreatureorgocount4, srcitemid, srcitemcount, reworreqmoney, rewxp, rewrepfaction1, rewrepvalue1,  rewrepfaction2, rewrepvalue2, rewrepfaction3, rewrepvalue3, rewrepfaction4, rewrepvalue4, rewspell, rewspellcast, completeemote, rewitemid1, rewitemcount1, rewitemid2, rewitemcount2, rewitemid3, rewitemcount3, rewitemid4, rewitemcount4, rewchoiceitemid1, rewchoiceitemcount1, rewchoiceitemid2, rewchoiceitemcount2, rewchoiceitemid3, rewchoiceitemcount3, rewchoiceitemid4, rewchoiceitemcount4) values (55027,55028,35,37,30,0,0,'The \'Hidden\' Crew','Fine, let\'s fulfill this favor and move along. There are many more profitable and useful things we can both spend our time on.\n\nThe crew to the Brightwater has been here the entire time, and I\'ve known about it since the first night they showed up after that \'fireworks show\' of a battle.\n\nThey haven\'t exactly done the best job of disguising who or what they are, that and my contacts are very reliable.\n\nYou\'ll find them on the lower levels of Booty Bay, where Wigcik stays.\n\nWhen you next see \'Captain\' Pazzle tell him I\'ve honored his silly favor.','Find the crew of the Brightwater on the lower levels of Booty Bay.','Yes?','Look bud, we don\'t got any spare copper already, so beat it.',0,0,0,0,0,0,0,0,0,0,0,0,0,0,0,0,0,0,0,150,1001,25,0,0,0,0,0,0,0,0,0,0,0,0,0,0,0,0,0,0,0,0,0,0,0,0,0);

replace into creature_questrelation (id, quest) values (2496, 55028);
replace into creature_involvedrelation (id, quest) values (91280, 55028);

replace into quest_template (prevquestid, entry, zoneorsort, questlevel, minlevel, questflags, specialflags, title, details, objectives, requestitemstext, offerrewardtext, reqitemid1, reqitemcount1, reqitemid2, reqitemcount2, reqitemid3, reqitemcount3, reqitemid4, reqitemcount4, reqcreatureorgoid1, reqcreatureorgocount1, reqcreatureorgoid2, reqcreatureorgocount2, reqcreatureorgoid3, reqcreatureorgocount3, reqcreatureorgoid4, reqcreatureorgocount4, srcitemid, srcitemcount, reworreqmoney, rewxp, rewrepfaction1, rewrepvalue1,  rewrepfaction2, rewrepvalue2, rewrepfaction3, rewrepvalue3, rewrepfaction4, rewrepvalue4, rewspell, rewspellcast, completeemote, rewitemid1, rewitemcount1, rewitemid2, rewitemcount2, rewitemid3, rewitemcount3, rewitemid4, rewitemcount4, rewchoiceitemid1, rewchoiceitemcount1, rewchoiceitemid2, rewchoiceitemcount2, rewchoiceitemid3, rewchoiceitemcount3, rewchoiceitemid4, rewchoiceitemcount4) values (55028,55029,35,36,30,0,0,'In Need of Information','Oh the Captain sent you? Well isn\'t that a relief, its been almost a week that we\'ve been sitting around here with no word.\n\nI was about to start figuring out a way to get out of Booty Bay, but it seems like the only thing keeping us safe are the Bruisers.\n\nThe Bloodsail Buccaneer\'s have been wanting us -dead- ever since we sunk one of their ships in a battle, lets just say they got lucky and ambushed us by Grom\'gol!\n\nThey want us all gone and won\'t stop until we are it seems. \n\n The Bloodsail\'s are a disorganized bunch, and not centrally commanded, each encampment or ship has their own crew and their own leader, and this group hunting us is only doing so because we killed the man\'s brother.\n\nIf anyone knows anything, it\'s Revilgaz.','Speak to Baron Revilgaz.','Yes?','Not you again, don\'t tell me Pazzle is coming to ask for something else.',0,0,0,0,0,0,0,0,0,0,0,0,0,0,0,0,0,0,0,150,1001,25,0,0,0,0,0,0,0,0,0,0,0,0,0,0,0,0,0,0,0,0,0,0,0,0,0);

replace into creature_questrelation (id, quest) values (91280, 55029);
replace into creature_involvedrelation (id, quest) values (2496, 55029);

replace into quest_template (prevquestid, entry, zoneorsort, questlevel, minlevel, questflags, specialflags, title, details, objectives, requestitemstext, offerrewardtext, reqitemid1, reqitemcount1, reqitemid2, reqitemcount2, reqitemid3, reqitemcount3, reqitemid4, reqitemcount4, reqcreatureorgoid1, reqcreatureorgocount1, reqcreatureorgoid2, reqcreatureorgocount2, reqcreatureorgoid3, reqcreatureorgocount3, reqcreatureorgoid4, reqcreatureorgocount4, srcitemid, srcitemcount, reworreqmoney, rewxp, rewrepfaction1, rewrepvalue1,  rewrepfaction2, rewrepvalue2, rewrepfaction3, rewrepvalue3, rewrepfaction4, rewrepvalue4, rewspell, rewspellcast, completeemote, rewitemid1, rewitemcount1, rewitemid2, rewitemcount2, rewitemid3, rewitemcount3, rewitemid4, rewitemcount4, rewchoiceitemid1, rewchoiceitemcount1, rewchoiceitemid2, rewchoiceitemcount2, rewchoiceitemid3, rewchoiceitemcount3, rewchoiceitemid4, rewchoiceitemcount4) values (55029,55030,35,36,30,0,0,'Acquiring Information','Pazzle and his crew really have gotten themselves into a jam, but if it means you\'re going to be bothering those goons known as the Bloodsail Buccaneers then I\'m all for helping!\n\nI got many leads on them, but I wouldn\'t entirely know who\'s heading up a hunt for the remains of the Brightwater crew.\n\nThat said, I know someone who might. Outside of Booty Bay is an informant I\'ve known for quite a while, I kicked them out of the city for being affiliated with them.\n\nI saved their head, they owe me, if they know whats good for em. Find that Bloodsail Traitor, tell them Revilgaz is asking.\n\nOnce you got that information, tell the Brightwater crew, they can do what they want with it.','Obtain information from the Bloodsail Traitor outside of Booty Bay and return to Shalgrig Pipeshack in lower Booty Bay.','So... Did you figure anything out?','Well, aint that a relief! I thought finding who was hunting us was going to be like finding a drop of water in the ocean, but here we are!',0,0,0,0,0,0,0,0,91294,1,0,0,0,0,0,0,0,0,0,850,1001,50,0,0,0,0,0,0,0,0,0,0,0,0,0,0,0,0,0,0,0,0,0,0,0,0,0);

update quest_template set objectivetext1 = 'Obtain information' where entry = 55030;
update creature_template set script_name = 'npc_bloodsail_traitor' where entry = 16399;

replace into creature_questrelation (id, quest) values (2496, 55030);
replace into creature_involvedrelation (id, quest) values (91282, 55030);

replace into quest_template (prevquestid, entry, zoneorsort, questlevel, minlevel, questflags, specialflags, title, details, objectives, requestitemstext, offerrewardtext, reqitemid1, reqitemcount1, reqitemid2, reqitemcount2, reqitemid3, reqitemcount3, reqitemid4, reqitemcount4, reqcreatureorgoid1, reqcreatureorgocount1, reqcreatureorgoid2, reqcreatureorgocount2, reqcreatureorgoid3, reqcreatureorgocount3, reqcreatureorgoid4, reqcreatureorgocount4, srcitemid, srcitemcount, reworreqmoney, rewxp, rewrepfaction1, rewrepvalue1,  rewrepfaction2, rewrepvalue2, rewrepfaction3, rewrepvalue3, rewrepfaction4, rewrepvalue4, rewspell, rewspellcast, completeemote, rewitemid1, rewitemcount1, rewitemid2, rewitemcount2, rewitemid3, rewitemcount3, rewitemid4, rewitemcount4, rewchoiceitemid1, rewchoiceitemcount1, rewchoiceitemid2, rewchoiceitemcount2, rewchoiceitemid3, rewchoiceitemcount3, rewchoiceitemid4, rewchoiceitemcount4) values (55030,55031,35,45,30,0,0,'Smash Salt Tooth!','There\'s only one camp near that information and it\'s gotta be where this Captain Salt Tooth is at then!\n\nIf we\'re ever gonna have a shot to get out of this town then, well he\'s gotta go! So, you\'re going to help then, right?\n\nHead up north near the Gurubashi Arena, there is a camp of Bloodsail just south of it, off the road to the west, find and kill Captain Salt Tooth there, bring me his head so I know this is done, oh, and bring some friends, he\'s sure to have quite the crew!','Kill Captain Salt Tooth and bring his head as proof to Shalgrig Pipeshack.','Having a hard time finding him? You\'re telling me.','<The goblin stares at the head of the orc.>\n\nWow it must have taken a small army to take down Salt Tooth, that or you are much stronger then I thought!',81334,1,0,0,0,0,0,0,0,0,0,0,0,0,0,0,0,0,0,3250,1001,250,0,0,0,0,0,0,0,0,0,0,0,0,0,0,0,0,0,0,0,0,0,0,0,0,0);

update quest_template set type = 1 where entry = 55031;

replace into creature_questrelation (id, quest) values (91282, 55031);
replace into creature_involvedrelation (id, quest) values (91282, 55031);

replace into quest_template (prevquestid, entry, zoneorsort, questlevel, minlevel, questflags, specialflags, title, details, objectives, requestitemstext, offerrewardtext, reqitemid1, reqitemcount1, reqitemid2, reqitemcount2, reqitemid3, reqitemcount3, reqitemid4, reqitemcount4, reqcreatureorgoid1, reqcreatureorgocount1, reqcreatureorgoid2, reqcreatureorgocount2, reqcreatureorgoid3, reqcreatureorgocount3, reqcreatureorgoid4, reqcreatureorgocount4, srcitemid, srcitemcount, reworreqmoney, rewxp, rewrepfaction1, rewrepvalue1,  rewrepfaction2, rewrepvalue2, rewrepfaction3, rewrepvalue3, rewrepfaction4, rewrepvalue4, rewspell, rewspellcast, completeemote, rewitemid1, rewitemcount1, rewitemid2, rewitemcount2, rewitemid3, rewitemcount3, rewitemid4, rewitemcount4, rewchoiceitemid1, rewchoiceitemcount1, rewchoiceitemid2, rewchoiceitemcount2, rewchoiceitemid3, rewchoiceitemcount3, rewchoiceitemid4, rewchoiceitemcount4) values (55031,55032,45,45,30,0,0,'Return to Port!','I can\'t believe it\'s finally over, heh. No more sitting around in the this basement and getting drunk off cheap liquor, now I can sit around on a beach with the expensive stuff as celebration!\n\nIt\'s been a real pleasure $N and we couldn\'t of done it without you.\n\nHead to Sparkwater Port, let the Captain know that we\'re going to be on our way back when we can organize a ship to get us there, he should be sure to kick you some sort of a reward for helping us out, surely.','Report the good news to Pazzle Brightwrench in Sparkwater Port.','Can I help you?','Well, it certainly has been a while, you got any good news from Booty Bay?\n\nOh, they\'re on their way back? Oh and Revilgaz was upset huh? I don\'t blame him, heh.\n\nYou\'ve saved my crew from an unknown fate and I thank ye for that $N please, take this cutlass, no point in swashbuckling if the ship is gone.',81334,1,0,0,0,0,0,0,0,0,0,0,0,0,0,0,81334,1,1250,3250,1001,50,0,0,0,0,0,0,0,0,0,81339,1,0,0,0,0,0,0,0,0,0,0,0,0,0,0);

update creature_template set script_name = 'npc_shalgrig' where entry = 91282;

replace into creature_questrelation (id, quest) values (91282, 55032);
replace into creature_involvedrelation (id, quest) values (91259, 55032);

replace into quest_template (prevquestid, entry, zoneorsort, questlevel, minlevel, questflags, specialflags, title, details, objectives, requestitemstext, offerrewardtext, reqitemid1, reqitemcount1, reqitemid2, reqitemcount2, reqitemid3, reqitemcount3, reqitemid4, reqitemcount4, reqcreatureorgoid1, reqcreatureorgocount1, reqcreatureorgoid2, reqcreatureorgocount2, reqcreatureorgoid3, reqcreatureorgocount3, reqcreatureorgoid4, reqcreatureorgocount4, srcitemid, srcitemcount, reworreqmoney, rewxp, rewrepfaction1, rewrepvalue1,  rewrepfaction2, rewrepvalue2, rewrepfaction3, rewrepvalue3, rewrepfaction4, rewrepvalue4, rewspell, rewspellcast, completeemote, rewitemid1, rewitemcount1, rewitemid2, rewitemcount2, rewitemid3, rewitemcount3, rewitemid4, rewitemcount4, rewchoiceitemid1, rewchoiceitemcount1, rewchoiceitemid2, rewchoiceitemcount2, rewchoiceitemid3, rewchoiceitemcount3, rewchoiceitemid4, rewchoiceitemcount4) values (0,55032,331,24,16,0,0,'Reduced to Madness','My people have been reduced to madness, insanity and a bloodlust for riddled fever dreams of nothingness.\n\nIt is like a shadow clouds their minds, and blocks all clarity from being perceived.\n\nDo you know the pain of not knowing those you once knew? To look upon the face of a friend and recognize nothing from them but utter savagery as if they were speaking a foreign language?\n\nMy kin are lost, and it hurts me greatly to admit that I no longer have a home within these forests. Something must be done to stop the madness, and to end it all.\n\nTravel to the Greenpaw Village just south of here, and rid my once home of the Foulweald Shaman\'s that lurk there, they are nothing of what they once were, and perpetuate the horrors.','Travel to Greenpaw village and slay 3 Foulweald Shaman.','If nothing is done my friends and kin will slay the innocent senselessly, it must be done...','It pains my soul to imagine it has come to this, it feels as if there is no light left within this once beautiful forest, I thank you for easing the troubled minds, maybe they can find clarity in the after life. Take this, I will need it no longer.',0,0,0,0,0,0,0,0,3748,3,0,0,0,0,0,0,0,0,0,2175,0,0,0,0,0,0,0,0,0,0,0,81340,1,0,0,0,0,0,0,0,0,0,0,0,0,0,0);

replace into creature_questrelation (id, quest) values (91285, 55032);
replace into creature_involvedrelation (id, quest) values (91285, 55032);

replace into quest_template (prevquestid, entry, zoneorsort, questlevel, minlevel, questflags, specialflags, title, details, objectives, requestitemstext, offerrewardtext, reqitemid1, reqitemcount1, reqitemid2, reqitemcount2, reqitemid3, reqitemcount3, reqitemid4, reqitemcount4, reqcreatureorgoid1, reqcreatureorgocount1, reqcreatureorgoid2, reqcreatureorgocount2, reqcreatureorgoid3, reqcreatureorgocount3, reqcreatureorgoid4, reqcreatureorgocount4, srcitemid, srcitemcount, reworreqmoney, rewxp, rewrepfaction1, rewrepvalue1,  rewrepfaction2, rewrepvalue2, rewrepfaction3, rewrepvalue3, rewrepfaction4, rewrepvalue4, rewspell, rewspellcast, completeemote, rewitemid1, rewitemcount1, rewitemid2, rewitemcount2, rewitemid3, rewitemcount3, rewitemid4, rewitemcount4, rewchoiceitemid1, rewchoiceitemcount1, rewchoiceitemid2, rewchoiceitemcount2, rewchoiceitemid3, rewchoiceitemcount3, rewchoiceitemid4, rewchoiceitemcount4) values (0,55033,14,24,16,0,0,'Kill-Kill Sagepaw!','Gowlfang strong Gnoll, fought-fought dragonmaw orc and many other baddies that were in the way of making Mosshide strong tribe!\n\nNow Gowlfang here, work with goblins yes yes. Gowlfang was almost tribe leader of Mosshide before filthy Sagepaw stole-stole position and kicked me from tribe!\n\nYou help Gowlfang yes yes, kill-kill Sagepaw he lurks near lake at bottom of dam-dam! ','Kill Sagepaw near the Mosshide Fen in Wetlands.','Sneaky-sneaky Sagepaw! You kill yet?!','Finally, dead-dead Sagepaw is, maybe one day Mosshide Gnolls be friendly again now that bad leader gone.',0,0,0,0,0,0,0,0,91291,1,0,0,0,0,0,0,0,0,100,1275,0,0,0,0,0,0,0,0,0,0,0,0,0,0,0,0,0,0,0,0,0,0,0,0,0,0,0);

replace into creature_questrelation (id, quest) values (91243, 55033);
replace into creature_involvedrelation (id, quest) values (91243, 55033);

replace into quest_template (prevquestid, entry, zoneorsort, questlevel, minlevel, questflags, specialflags, title, details, objectives, requestitemstext, offerrewardtext, reqitemid1, reqitemcount1, reqitemid2, reqitemcount2, reqitemid3, reqitemcount3, reqitemid4, reqitemcount4, reqcreatureorgoid1, reqcreatureorgocount1, reqcreatureorgoid2, reqcreatureorgocount2, reqcreatureorgoid3, reqcreatureorgocount3, reqcreatureorgoid4, reqcreatureorgocount4, srcitemid, srcitemcount, reworreqmoney, rewxp, rewrepfaction1, rewrepvalue1,  rewrepfaction2, rewrepvalue2, rewrepfaction3, rewrepvalue3, rewrepfaction4, rewrepvalue4, rewspell, rewspellcast, completeemote, rewitemid1, rewitemcount1, rewitemid2, rewitemcount2, rewitemid3, rewitemcount3, rewitemid4, rewitemcount4, rewchoiceitemid1, rewchoiceitemcount1, rewchoiceitemid2, rewchoiceitemcount2, rewchoiceitemid3, rewchoiceitemcount3, rewchoiceitemid4, rewchoiceitemcount4) values (0,55034,14,24,16,0,0,'Kill-Kill Mosshides!','Friends betray Gowlfang because bad-bad leader says too, Mosshide no longer friend of Gowlfang, and Gowlfang kill-kill betrayers!\n\nGo to Mosshide Fen, in wetlands yes yes, make sure they suffer, kill them good-good, hah!\n\nBring me armbands to prove-prove you did good work and did what Gowlfang ask-ask yes yes!','Slay Mosshide Gnolls and retrieve 10 Mosshide Gnollbands for Gowlfang.','You get-get armbands yet? Why waste Gowlfang time?','Now Mosshide know who real leader is, perhaps one day they listen-listen!',81335,10,0,0,0,0,0,0,0,0,0,0,0,0,0,0,0,0,50,1200,0,0,0,0,0,0,0,0,0,0,0,0,0,0,0,0,0,0,0,0,0,0,0,0,0,0,0);

replace into creature_questrelation (id, quest) values (91243, 55034);
replace into creature_involvedrelation (id, quest) values (91243, 55034);

replace into quest_template (prevquestid, entry, zoneorsort, questlevel, minlevel, questflags, specialflags, title, details, objectives, requestitemstext, offerrewardtext, reqitemid1, reqitemcount1, reqitemid2, reqitemcount2, reqitemid3, reqitemcount3, reqitemid4, reqitemcount4, reqcreatureorgoid1, reqcreatureorgocount1, reqcreatureorgoid2, reqcreatureorgocount2, reqcreatureorgoid3, reqcreatureorgocount3, reqcreatureorgoid4, reqcreatureorgocount4, srcitemid, srcitemcount, reworreqmoney, rewxp, rewrepfaction1, rewrepvalue1,  rewrepfaction2, rewrepvalue2, rewrepfaction3, rewrepvalue3, rewrepfaction4, rewrepvalue4, rewspell, rewspellcast, completeemote, rewitemid1, rewitemcount1, rewitemid2, rewitemcount2, rewitemid3, rewitemcount3, rewitemid4, rewitemcount4, rewchoiceitemid1, rewchoiceitemcount1, rewchoiceitemid2, rewchoiceitemcount2, rewchoiceitemid3, rewchoiceitemcount3, rewchoiceitemid4, rewchoiceitemcount4) values (55034,55035,14,24,16,0,0,'Hidden-Hidden Reward','You did Gowlfang good-good, no other gnoll ever do for me like that before! I give you gift show that Mosshide good gnoll, strong gnolls!\n\nI bury-bury chest in hollowed out tree at bottom of dam, should be still there unless someone steal, you find, treasure for you, Gowlfang no need what inside, all for you.','Find the Hidden Mosshide Chest and claim its reward.','Within the hollowed out tree you see a small pile of muck that is oddly formed.','You notice something glinting within the muck, this must be what Gowlfang had spoken of, upon searching further you claim your reward.',0,0,0,0,0,0,0,0,0,0,0,0,0,0,0,0,0,0,10000,1750,0,0,0,0,0,0,0,0,0,0,0,81341,1,0,0,0,0,0,0,0,0,0,0,0,0,0,0);

update quest_template set questflags = 512 where entry = 55035;

replace into creature_questrelation (id, quest) values (91243, 55035);
replace into gameobject_involvedrelation (id, quest) values (1000500, 55035);

replace into quest_template (prevquestid, entry, zoneorsort, questlevel, minlevel, questflags, specialflags, title, details, objectives, requestitemstext, offerrewardtext, reqitemid1, reqitemcount1, reqitemid2, reqitemcount2, reqitemid3, reqitemcount3, reqitemid4, reqitemcount4, reqcreatureorgoid1, reqcreatureorgocount1, reqcreatureorgoid2, reqcreatureorgocount2, reqcreatureorgoid3, reqcreatureorgocount3, reqcreatureorgoid4, reqcreatureorgocount4, srcitemid, srcitemcount, reworreqmoney, rewxp, rewrepfaction1, rewrepvalue1,  rewrepfaction2, rewrepvalue2, rewrepfaction3, rewrepvalue3, rewrepfaction4, rewrepvalue4, rewspell, rewspellcast, completeemote, rewitemid1, rewitemcount1, rewitemid2, rewitemcount2, rewitemid3, rewitemcount3, rewitemid4, rewitemcount4, rewchoiceitemid1, rewchoiceitemcount1, rewchoiceitemid2, rewchoiceitemcount2, rewchoiceitemid3, rewchoiceitemcount3, rewchoiceitemid4, rewchoiceitemcount4) values (0,55036,267,32,25,0,0,'Where\'s My Yeti Fur?!','Hey bub, I gotta late shipment that I need -dealt- with, and by dealt with I mean fixed as soon as possible.\n\nTarlo Farcrack is gonna be out of a job once I get my damned Yeti Fur.  I sent him out there almost a week ago, and he promised it would be here by now.\n\nIf there\'s one thing you should learn about Sparkwater, it\'s that you don\'t make promises you can\'t keep to Laz.\n\nHead on down to Tarren Mill in the Hillsbrad foothills and solve this Yeti issue.\n\nThen when it\'s done, tell Tarlo -HE\'S- done.','Speak with Tarlo Farcrack in Tarren Mill.','Oh, where\'s the... Yes?\n\nCan\'t you see I\'m busy here!','... Laz sent you? Oh, please don\'t break my knees! Anything but that... wait, you\'re here to help with the Yeti fur?\n\nWell, isn\'t that a relief, use help I certainly could.',0,0,0,0,0,0,0,0,0,0,0,0,0,0,0,0,0,0,0,400,1001,25,0,0,0,0,0,0,0,0,0,0,0,0,0,0,0,0,0,0,0,0,0,0,0,0,0);

replace into creature_questrelation (id, quest) values (91237, 55036);
replace into creature_involvedrelation (id, quest) values (91292, 55036);

replace into quest_template (prevquestid, entry, zoneorsort, questlevel, minlevel, questflags, specialflags, title, details, objectives, requestitemstext, offerrewardtext, reqitemid1, reqitemcount1, reqitemid2, reqitemcount2, reqitemid3, reqitemcount3, reqitemid4, reqitemcount4, reqcreatureorgoid1, reqcreatureorgocount1, reqcreatureorgoid2, reqcreatureorgocount2, reqcreatureorgoid3, reqcreatureorgocount3, reqcreatureorgoid4, reqcreatureorgocount4, srcitemid, srcitemcount, reworreqmoney, rewxp, rewrepfaction1, rewrepvalue1,  rewrepfaction2, rewrepvalue2, rewrepfaction3, rewrepvalue3, rewrepfaction4, rewrepvalue4, rewspell, rewspellcast, completeemote, rewitemid1, rewitemcount1, rewitemid2, rewitemcount2, rewitemid3, rewitemcount3, rewitemid4, rewitemcount4, rewchoiceitemid1, rewchoiceitemcount1, rewchoiceitemid2, rewchoiceitemcount2, rewchoiceitemid3, rewchoiceitemcount3, rewchoiceitemid4, rewchoiceitemcount4) values (55036,55037,267,32,25,0,0,'Filling Back-Orders','Quest text is missing, please submit it again.','Gather 10 Yeti Fur and return to Tarlo Farcrack.','Have you had any luck hunting the Yeti?','I see you got the Yeti Fur, let me box this up right quick to send to Laz!',3720,10,0,0,0,0,0,0,0,0,0,0,0,0,0,0,0,0,100,2700,1001,150,0,0,0,0,0,0,0,0,0,0,0,0,0,0,0,0,0,0,0,0,0,0,0,0,0);

replace into creature_questrelation (id, quest) values (91292, 55037);
replace into creature_involvedrelation (id, quest) values (91292, 55037);

replace into quest_template (prevquestid, entry, zoneorsort, questlevel, minlevel, questflags, specialflags, title, details, objectives, requestitemstext, offerrewardtext, reqitemid1, reqitemcount1, reqitemid2, reqitemcount2, reqitemid3, reqitemcount3, reqitemid4, reqitemcount4, reqcreatureorgoid1, reqcreatureorgocount1, reqcreatureorgoid2, reqcreatureorgocount2, reqcreatureorgoid3, reqcreatureorgocount3, reqcreatureorgoid4, reqcreatureorgocount4, srcitemid, srcitemcount, reworreqmoney, rewxp, rewrepfaction1, rewrepvalue1,  rewrepfaction2, rewrepvalue2, rewrepfaction3, rewrepvalue3, rewrepfaction4, rewrepvalue4, rewspell, rewspellcast, completeemote, rewitemid1, rewitemcount1, rewitemid2, rewitemcount2, rewitemid3, rewitemcount3, rewitemid4, rewitemcount4, rewchoiceitemid1, rewchoiceitemcount1, rewchoiceitemid2, rewchoiceitemcount2, rewchoiceitemid3, rewchoiceitemcount3, rewchoiceitemid4, rewchoiceitemcount4) values (55037,55038,267,32,25,0,0,'A Late Delivery','There, its all packaged up, and good to go, please, take this crate to Tradesman Laz in Sparkwater Port, give him my apologies for the lateness, I included a small cut of money there for him as well for being late!\n\nThanks again for all the help, I would of been much worse off without you.','Bring Tarlo\'s Crate to Tradesman Laz.','Welcome back to Sparkwater, you deal with Tarlo yet?','Well, that took long enough, last time I deal with him, he\'s a horrible contractor, a goblin should know never to be late, especially not with me.\n\nHere, take the extra coin he gave me for actually getting me this Fur, no doubt you\'re responsible for it getting here at all, and without that I\'d be out of a shipment of fancy cloaks.',81336,1,0,0,0,0,0,0,0,0,0,0,0,0,0,0,81336,1,250,650,1001,50,0,0,0,0,0,0,0,0,0,0,0,0,0,0,0,0,0,0,0,0,0,0,0,0,0);

replace into creature_questrelation (id, quest) values (91292, 55038);
replace into creature_involvedrelation (id, quest) values (91237, 55038);

replace into quest_template (prevquestid, entry, zoneorsort, questlevel, minlevel, questflags, specialflags, title, details, objectives, requestitemstext, offerrewardtext, reqitemid1, reqitemcount1, reqitemid2, reqitemcount2, reqitemid3, reqitemcount3, reqitemid4, reqitemcount4, reqcreatureorgoid1, reqcreatureorgocount1, reqcreatureorgoid2, reqcreatureorgocount2, reqcreatureorgoid3, reqcreatureorgocount3, reqcreatureorgoid4, reqcreatureorgocount4, srcitemid, srcitemcount, reworreqmoney, rewxp, rewrepfaction1, rewrepvalue1,  rewrepfaction2, rewrepvalue2, rewrepfaction3, rewrepvalue3, rewrepfaction4, rewrepvalue4, rewspell, rewspellcast, completeemote, rewitemid1, rewitemcount1, rewitemid2, rewitemcount2, rewitemid3, rewitemcount3, rewitemid4, rewitemcount4, rewchoiceitemid1, rewchoiceitemcount1, rewchoiceitemid2, rewchoiceitemcount2, rewchoiceitemid3, rewchoiceitemcount3, rewchoiceitemid4, rewchoiceitemcount4) values (0,55039,279,35,25,0,0,'Seeking Lost Answers','The Kingdom of Alterac fell to ruin after their betrayal of the Alliance, I find it fitting that a nation of traitors soon after became a roving band of brigands, pilferers and cutthroats.\n\nThose who lay ruin to the lands and take which is not truly theirs in the first place.\n\nThe Syndicate have stolen from Dalaran a tome of great importance that the Kirin Tor requires back, it is the third chapter of the rock elemental compendiums.\n\nThere are many building projects being done in and around Dalaran that such a book is needed to keep our control over the Elementals around us.\n\nSyndicate Wizards have taken the book to the small town of Strahnbrad in the Alterac Mountains.\n\nTake back that which was taken from us, and dispense justice to the uncivil curs.','Retrieve the Rock Elemental Mastery: Compendium III from Syndicate Wizards in Strahnbrad.','The tome is of great importance, do act quickly master $r .','Dalaran thanks you greatly for your efforts, it is the effort of adventurer\'s like you that not all seems lost in this new world.',81337,1,0,0,0,0,0,0,0,0,0,0,0,0,0,0,0,0,200,2675,61,150,0,0,0,0,0,0,0,0,0,0,0,0,0,0,0,0,0,0,0,0,0,0,0,0,0);

replace into creature_questrelation (id, quest) values (2543, 55039);
replace into creature_involvedrelation (id, quest) values (2543, 55039);

replace into quest_template (prevquestid, entry, zoneorsort, questlevel, minlevel, questflags, specialflags, title, details, objectives, requestitemstext, offerrewardtext, reqitemid1, reqitemcount1, reqitemid2, reqitemcount2, reqitemid3, reqitemcount3, reqitemid4, reqitemcount4, reqcreatureorgoid1, reqcreatureorgocount1, reqcreatureorgoid2, reqcreatureorgocount2, reqcreatureorgoid3, reqcreatureorgocount3, reqcreatureorgoid4, reqcreatureorgocount4, srcitemid, srcitemcount, reworreqmoney, rewxp, rewrepfaction1, rewrepvalue1,  rewrepfaction2, rewrepvalue2, rewrepfaction3, rewrepvalue3, rewrepfaction4, rewrepvalue4, rewspell, rewspellcast, completeemote, rewitemid1, rewitemcount1, rewitemid2, rewitemcount2, rewitemid3, rewitemcount3, rewitemid4, rewitemcount4, rewchoiceitemid1, rewchoiceitemcount1, rewchoiceitemid2, rewchoiceitemcount2, rewchoiceitemid3, rewchoiceitemcount3, rewchoiceitemid4, rewchoiceitemcount4) values (55039,55040,279,35,25,0,0,'Returning Property','Many a great tome, book, and archive has been lost during the third war from the libraries of Dalaran.\n\nOur places of knowledge were destroyed and scattered across the world, in the hands of rogue wizards and necromancers alike.\n\nOne such book of power is located not too far from here, up the shoreline the Vishas family had taken a book from our library before the third war for their son who was an upstart in magic.\n\nI do believe they are now entangled within the depravity of the Scarlet Crusade in the ruins of Lordaeron.\n\nI have tried a few times to retrieve it, but things have only gotten violent, do your best to reason with these people, and if reasoning cannot be obtained, retrieve it for us.','Gather the book Water-Weaving and Command for Ansirem Runeweaver in Dalaran.','The book is of great importance to Dalaran and must be retrieved.','The Library of Dalaran gets one step closer to what it once was, we thank you greatly for your efforts hero.',81338,1,0,0,0,0,0,0,0,0,0,0,0,0,0,0,0,0,250,3150,61,150,0,0,0,0,0,0,0,0,0,81342,1,0,0,0,0,0,0,0,0,0,0,0,0,0,0);

update quest_template set type = 1 where entry = 55040;
update creature_template set script_name = 'npc_ansirem' where entry = 2543;
update quest_template set questflags = 512 where entry = 55040;

replace into creature_questrelation (id, quest) values (2543, 55040);
replace into creature_involvedrelation (id, quest) values (2543, 55040);

replace into quest_template (prevquestid, entry, zoneorsort, questlevel, minlevel, questflags, specialflags, title, details, objectives, requestitemstext, offerrewardtext, reqitemid1, reqitemcount1, reqitemid2, reqitemcount2, reqitemid3, reqitemcount3, reqitemid4, reqitemcount4, reqcreatureorgoid1, reqcreatureorgocount1, reqcreatureorgoid2, reqcreatureorgocount2, reqcreatureorgoid3, reqcreatureorgocount3, reqcreatureorgoid4, reqcreatureorgocount4, srcitemid, srcitemcount, reworreqmoney, rewxp, rewrepfaction1, rewrepvalue1,  rewrepfaction2, rewrepvalue2, rewrepfaction3, rewrepvalue3, rewrepfaction4, rewrepvalue4, rewspell, rewspellcast, completeemote, rewitemid1, rewitemcount1, rewitemid2, rewitemcount2, rewitemid3, rewitemcount3, rewitemid4, rewitemcount4, rewchoiceitemid1, rewchoiceitemcount1, rewchoiceitemid2, rewchoiceitemcount2, rewchoiceitemid3, rewchoiceitemcount3, rewchoiceitemid4, rewchoiceitemcount4) values (0,55041,14,30,20,0,0,'Wisdom of the Sages','You ever hear the saying \'knowledge is power\'? Well, a lot of my goblin kin have not, it is knowledge that I seek, and sell, to those who are interested in gaining some new skills.\n\nI\'ve been after this old book for quite a while now titled "Wisdom of the Sages", an archivist by the name of Landas is holding it.\n\nProblem is, this isn\'t just some guy with a book, he\'s one of them mages from Dalaran and getting my hands on it isn\'t gonna be easy.\n\nThey\'re pretty protective over their stuff, so that\'s where you come in.\n\nI got some info recently that he was in the heights overlooking the Hillsbrad Fields and the Internment camp fairly close to Dalaran, find him, and get me that book. ','Find the book "Wisdom of the Sages" and bring it to Krez the Wise.','Have you checked all of the heights? I got good sources saying he was there.','Hey, this seems to be it, the damage is certainly going to hurt the resell value when I\'m done reading it.',81343,1,0,0,0,0,0,0,0,0,0,0,0,0,0,0,0,0,100,2050,1001,100,0,0,0,0,0,0,0,0,0,0,0,0,0,0,0,0,0,0,0,0,0,0,0,0,0);

replace into creature_questrelation (id, quest) values (91232, 55041);
replace into creature_involvedrelation (id, quest) values (91232, 55041);

replace into quest_template (prevquestid, entry, zoneorsort, questlevel, minlevel, questflags, specialflags, title, details, objectives, requestitemstext, offerrewardtext, reqitemid1, reqitemcount1, reqitemid2, reqitemcount2, reqitemid3, reqitemcount3, reqitemid4, reqitemcount4, reqcreatureorgoid1, reqcreatureorgocount1, reqcreatureorgoid2, reqcreatureorgocount2, reqcreatureorgoid3, reqcreatureorgocount3, reqcreatureorgoid4, reqcreatureorgocount4, srcitemid, srcitemcount, reworreqmoney, rewxp, rewrepfaction1, rewrepvalue1,  rewrepfaction2, rewrepvalue2, rewrepfaction3, rewrepvalue3, rewrepfaction4, rewrepvalue4, rewspell, rewspellcast, completeemote, rewitemid1, rewitemcount1, rewitemid2, rewitemcount2, rewitemid3, rewitemcount3, rewitemid4, rewitemcount4, rewchoiceitemid1, rewchoiceitemcount1, rewchoiceitemid2, rewchoiceitemcount2, rewchoiceitemid3, rewchoiceitemcount3, rewchoiceitemid4, rewchoiceitemcount4) values (0,55042,14,20,12,0,0,'Satisfaction for Shak','Long before I came to this place I was quite a valuable member of the Venture Co.\n\nThat was a long time ago though, and a different me, but if anything stuck it\'s the stupid nickname I got.\n\nWhen I was one of the engineers I was comissioned to make a design for a mega shredder to deforest Stonetalon.\n\nTurns out another design was better then mine, and by quite a bit. I don\'t have a problem with that, but what I got a problem with is being fired from Foreman Klix for \'letting him down\'.\n\nHe called me a \'hack\' and now the nickname has stuck. Bastards got what\'s coming to him, you\'ll find him out at the Windshear crag where I used to work at the old lumbermill there, he\'s an old coot and I doubt he\'s moved on.\n\nBring me his ring, it\'s this oversized studded thing he wears over his middle finger.','Kill Foreman Klix and bring his Studded Ring to Shak.','Any luck in finding him out there?','<Shak slips the ring on his own finger and chuckles-.>\n\nFinally, that idiot had what was coming to him, maybe now people will stop calling me by that name!',81344,1,0,0,0,0,0,0,0,0,0,0,0,0,0,0,0,0,100,1550,1001,100,0,0,0,0,0,0,0,0,0,0,0,0,0,0,0,0,0,0,0,0,0,0,0,0,0);

replace into creature_questrelation (id, quest) values (91260, 55042);
replace into creature_involvedrelation (id, quest) values (91260, 55042);

replace into quest_template (prevquestid, entry, zoneorsort, questlevel, minlevel, questflags, specialflags, title, details, objectives, requestitemstext, offerrewardtext, reqitemid1, reqitemcount1, reqitemid2, reqitemcount2, reqitemid3, reqitemcount3, reqitemid4, reqitemcount4, reqcreatureorgoid1, reqcreatureorgocount1, reqcreatureorgoid2, reqcreatureorgocount2, reqcreatureorgoid3, reqcreatureorgocount3, reqcreatureorgoid4, reqcreatureorgocount4, srcitemid, srcitemcount, reworreqmoney, rewxp, rewrepfaction1, rewrepvalue1,  rewrepfaction2, rewrepvalue2, rewrepfaction3, rewrepvalue3, rewrepfaction4, rewrepvalue4, rewspell, rewspellcast, completeemote, rewitemid1, rewitemcount1, rewitemid2, rewitemcount2, rewitemid3, rewitemcount3, rewitemid4, rewitemcount4, rewchoiceitemid1, rewchoiceitemcount1, rewchoiceitemid2, rewchoiceitemcount2, rewchoiceitemid3, rewchoiceitemcount3, rewchoiceitemid4, rewchoiceitemcount4) values (0,55043,14,32,20,0,0,'The Brightwater Logs','The Brightwater was a mighty vessel, such a shame it was sunk in a tragic manner, ambushed at sea by dastardly Bloodsail.\n\nI had to come to Sparkwater in a bit of a hurry and I need my Logbook from the wreckage.\n\nYou see, it holds some private information that I wouldn\'t want to get in certain people\'s hands, understood?\n\nHead to Grom\'gol in the jungles of Stranglethorn, and head just a bit south, at the bottom of the sea you\ll find it\'s wreckage and that of another pirate ship, shouldn\'t be hard looking.','Get the Brightwater Logbook from the sunken ship in Stranglethorn.','Have you found my sunken beauties Logbook yet?','Oh boy this eases a Captain\'s mind, I was worried some people might go looking before I could find the blasted thing, here, lets share a drink!',81345,1,0,0,0,0,0,0,0,0,0,0,0,0,0,0,0,0,50,1750,1001,100,0,0,0,0,0,0,0,0,0,9260,5,0,0,0,0,0,0,0,0,0,0,0,0,0,0);

replace into creature_questrelation (id, quest) values (91259, 55043);
replace into creature_involvedrelation (id, quest) values (91259, 55043);

replace into quest_template (prevquestid, entry, zoneorsort, questlevel, minlevel, questflags, specialflags, title, details, objectives, requestitemstext, offerrewardtext, reqitemid1, reqitemcount1, reqitemid2, reqitemcount2, reqitemid3, reqitemcount3, reqitemid4, reqitemcount4, reqcreatureorgoid1, reqcreatureorgocount1, reqcreatureorgoid2, reqcreatureorgocount2, reqcreatureorgoid3, reqcreatureorgocount3, reqcreatureorgoid4, reqcreatureorgocount4, srcitemid, srcitemcount, reworreqmoney, rewxp, rewrepfaction1, rewrepvalue1,  rewrepfaction2, rewrepvalue2, rewrepfaction3, rewrepvalue3, rewrepfaction4, rewrepvalue4, rewspell, rewspellcast, completeemote, rewitemid1, rewitemcount1, rewitemid2, rewitemcount2, rewitemid3, rewitemcount3, rewitemid4, rewitemcount4, rewchoiceitemid1, rewchoiceitemcount1, rewchoiceitemid2, rewchoiceitemcount2, rewchoiceitemid3, rewchoiceitemcount3, rewchoiceitemid4, rewchoiceitemcount4) values (0,55044,14,10,6,0,0,'Missing Worker!','This mining operation is tough work, and we don\'t always get the toughest workers, you catch my drift?\n\nI got a worker named Axel who has been slacking on delivering his ore, that and he often dissapears during the day.\n\nI don\'t take lazy goons eating up my coin for doing nothing, so go and find him and get my copper I needed him to mine.','Find Miner Axel.','He\'s gotta be around here somewhere, keep looking!','Hey there, nice view huh?\n\nOh, the boss sent you?',0,0,0,0,0,0,0,0,0,0,0,0,0,0,0,0,0,0,0,95,1001,25,0,0,0,0,0,0,0,0,0,0,0,0,0,0,0,0,0,0,0,0,0,0,0,0,0);

replace into creature_questrelation (id, quest) values (91274, 55044);
replace into creature_involvedrelation (id, quest) values (91272, 55044);

replace into quest_template (prevquestid, entry, zoneorsort, questlevel, minlevel, questflags, specialflags, title, details, objectives, requestitemstext, offerrewardtext, reqitemid1, reqitemcount1, reqitemid2, reqitemcount2, reqitemid3, reqitemcount3, reqitemid4, reqitemcount4, reqcreatureorgoid1, reqcreatureorgocount1, reqcreatureorgoid2, reqcreatureorgocount2, reqcreatureorgoid3, reqcreatureorgocount3, reqcreatureorgoid4, reqcreatureorgocount4, srcitemid, srcitemcount, reworreqmoney, rewxp, rewrepfaction1, rewrepvalue1,  rewrepfaction2, rewrepvalue2, rewrepfaction3, rewrepvalue3, rewrepfaction4, rewrepvalue4, rewspell, rewspellcast, completeemote, rewitemid1, rewitemcount1, rewitemid2, rewitemcount2, rewitemid3, rewitemcount3, rewitemid4, rewitemcount4, rewchoiceitemid1, rewchoiceitemcount1, rewchoiceitemid2, rewchoiceitemcount2, rewchoiceitemid3, rewchoiceitemcount3, rewchoiceitemid4, rewchoiceitemcount4) values (55044,55045,14,10,6,0,0,'Ore on Time','Look, I meant to get the ore to him, promise, it\'s just been rather stressful day after day to smash a pick against rock, I feel like I can do better things, you know?\n\nYou mind doing me a favor and finding me 10 copper ore? Theres ton\'s of it around the region here if you can mine, or if you know someone, it would get me all caught up on my shipments and dues and even have me a little ahead!\n\nI could really use the help, theres always the auction house if you don\'t know anyone and can\'t mine.','Bring 10 Copper Ore to Big Fraggle for Miner Axel.','Yeah? Any luck finding him?','What\'s all this? Axel sent this?\n\nI guess he is working out there after all, this is quite a bit, fine, tell him to keep doing whatever he\'s doing then!',2770,10,0,0,0,0,0,0,0,0,0,0,0,0,0,0,0,0,10,795,1001,50,0,0,0,0,0,0,0,0,0,0,0,0,0,0,0,0,0,0,0,0,0,0,0,0,0);

replace into creature_questrelation (id, quest) values (91272, 55045);
replace into creature_involvedrelation (id, quest) values (91274, 55045);

replace into quest_template (prevquestid, entry, zoneorsort, questlevel, minlevel, questflags, specialflags, title, details, objectives, requestitemstext, offerrewardtext, reqitemid1, reqitemcount1, reqitemid2, reqitemcount2, reqitemid3, reqitemcount3, reqitemid4, reqitemcount4, reqcreatureorgoid1, reqcreatureorgocount1, reqcreatureorgoid2, reqcreatureorgocount2, reqcreatureorgoid3, reqcreatureorgocount3, reqcreatureorgoid4, reqcreatureorgocount4, srcitemid, srcitemcount, reworreqmoney, rewxp, rewrepfaction1, rewrepvalue1,  rewrepfaction2, rewrepvalue2, rewrepfaction3, rewrepvalue3, rewrepfaction4, rewrepvalue4, rewspell, rewspellcast, completeemote, rewitemid1, rewitemcount1, rewitemid2, rewitemcount2, rewitemid3, rewitemcount3, rewitemid4, rewitemcount4, rewchoiceitemid1, rewchoiceitemcount1, rewchoiceitemid2, rewchoiceitemcount2, rewchoiceitemid3, rewchoiceitemcount3, rewchoiceitemid4, rewchoiceitemcount4) values (0,55046,14,42,34,0,0,'Agon Ore','Out in the Badlands by Agmond\'s end is a special type of ore that has been pressured by the elementals there for some time, it\'s unique and rather hard to find.\n\nIt can be used in a lot of things, but I\'d like to hope it can be tested for use in a drill perhaps.\n\n In Agmond\'s End a small camp of dwarves were over-run some time ago by troggs.\n\nI don\'t think the dwarves were even close enough to getting all of the Ore and some trogg must have some of it, head there and kill them until you find a piece of it, then bring it back.','Find Agon Ore from the Troggs in Agmond\'s End.','The Ore should be a dark black color, get to finding it!','Ahh, finally a piece of this rare ore, about time to get to work on using it now, thanks, $N.',81346,1,0,0,0,0,0,0,0,0,0,0,0,0,0,0,0,0,0,3795,1001,150,0,0,0,0,0,0,0,0,0,0,0,0,0,0,0,0,0,0,0,0,0,0,0,0,0);

replace into creature_questrelation (id, quest) values (91274, 55046);
replace into creature_involvedrelation (id, quest) values (91274, 55046);

replace into quest_template (prevquestid, entry, zoneorsort, questlevel, minlevel, questflags, specialflags, title, details, objectives, requestitemstext, offerrewardtext, reqitemid1, reqitemcount1, reqitemid2, reqitemcount2, reqitemid3, reqitemcount3, reqitemid4, reqitemcount4, reqcreatureorgoid1, reqcreatureorgocount1, reqcreatureorgoid2, reqcreatureorgocount2, reqcreatureorgoid3, reqcreatureorgocount3, reqcreatureorgoid4, reqcreatureorgocount4, srcitemid, srcitemcount, reworreqmoney, rewxp, rewrepfaction1, rewrepvalue1,  rewrepfaction2, rewrepvalue2, rewrepfaction3, rewrepvalue3, rewrepfaction4, rewrepvalue4, rewspell, rewspellcast, completeemote, rewitemid1, rewitemcount1, rewitemid2, rewitemcount2, rewitemid3, rewitemcount3, rewitemid4, rewitemcount4, rewchoiceitemid1, rewchoiceitemcount1, rewchoiceitemid2, rewchoiceitemcount2, rewchoiceitemid3, rewchoiceitemcount3, rewchoiceitemid4, rewchoiceitemcount4) values (0,55047,14,45,34,0,0,'The Lucky Boots','Believe it or not I wasn\'t always a miner, used to do a lot of piracy back in my day.\n\nI worked with the Southseas Pirate\'s in taking over boats and just stealing what we wanted to.\n\nIt was one hell of a life, but it came to an abrupt end when a friend of mine got killed in a dispute another member caused.\n\nLet\'s just say I took off after that, and didn\'t look back.\n\n I had a pair of lucky boots during my days in the Southsea Pirates, had \'em most of my life actually from when I left Kezan, they should still be at the hidden Cove in eastern Tanaris in one of the bunkhouses, should also be in my sealed trunk.\n\nIf you can find \'em, I\'ll pay you well.','Find Big Fraggle\'s Lucky Boots.','The Pirates can be mean trouble, but you look like you can handle yourself.','Wow, I haven\'t seen these in a long, long time, this means a lot to me $N.',81347,1,0,0,0,0,0,0,0,0,0,0,0,0,0,0,0,0,3075,4495,1001,175,0,0,0,0,0,0,0,0,0,0,0,0,0,0,0,0,0,0,0,0,0,0,0,0,0);

replace into creature_questrelation (id, quest) values (91274, 55047);
replace into creature_involvedrelation (id, quest) values (91274, 55047);

