replace into creature_template values 
(91400, 0, 14760, 0, 0, 0, 'Raz\'Dag', NULL, 0, 40, 50, 2000, 3000, 1587, 1640, 2278, `, 2, 1.1, 1.14286, 0, 20, 5, 0, 0, 1, 81, 105, 0, 212, 1, 1600, 2000, 2, 0, 0, 0, 0, 0, 0, 0, 62.8672, 86.4424, 100, 7, 0, 0, 2694, 0, 0, 0, 0, 0, 0, 0, 0, 0, 0, 0, 0, 0, 79, 108, 'EventAI', 0, 3, 0, 0, 3, 2694, 0, 0, 0, 0, 0, ''),
(91401, 0, 12956, 0, 0, 0, 'Daffar', 'Wildtusk Captain', 0, 40, 50, 2000, 3000, 1587, 1640, 2278, 1494, 2, 1.1, 1.14286, 0, 20, 5, 0, 0, 1, 81, 105, 0, 212, 1, 1600, 2000, 2, 0, 0, 0, 0, 0, 0, 0, 62.8672, 86.4424, 100, 7, 0, 0, 2694, 0, 0, 0, 0, 0, 0, 0, 0, 0, 0, 0, 0, 0, 79, 108, 'EventAI', 0, 3, 0, 0, 3, 2694, 0, 0, 0, 0, 0, ''),
(91402, 0, 4577, 0, 0, 0, 'Jinz\'ah', 'Voodoo Hexxer', 0, 40, 50, 2000, 3000, 1587, 1640, 2278, 1494, 2, 1.1, 1.14286, 0, 20, 5, 0, 0, 1, 81, 105, 0, 212, 1, 1600, 2000, 2, 0, 0, 0, 0, 0, 0, 0, 62.8672, 86.4424, 100, 7, 0, 0, 2694, 0, 0, 0, 0, 0, 0, 0, 0, 0, 0, 0, 0, 0, 79, 108, 'EventAI', 0, 3, 0, 0, 3, 2694, 0, 0, 0, 0, 0, ''),
(91403, 0, 14772, 0, 0, 0, 'Kintello', 'General Goods', 0, 40, 50, 2000, 3000, 1587, 1640, 2278, 1494, 2, 1.1, 1.14286, 0, 20, 5, 0, 0, 1, 81, 105, 0, 212, 1, 1600, 2000, 2, 0, 0, 0, 0, 0, 0, 0, 62.8672, 86.4424, 100, 7, 0, 0, 2694, 0, 0, 0, 0, 0, 0, 0, 0, 0, 0, 0, 0, 0, 79, 108, 'EventAI', 0, 3, 0, 0, 3, 2694, 0, 0, 0, 0, 0, ''),
(91404, 0, 14739, 0, 0, 0, 'Shan\'ara', '', 0, 40, 50, 2000, 3000, 1587, 1640, 2278, 1494, 2, 1.1, 1.14286, 0, 20, 5, 0, 0, 1, 81, 105, 0, 212, 1, 1600, 2000, 2, 0, 0, 0, 0, 0, 0, 0, 62.8672, 86.4424, 100, 7, 0, 0, 2694, 0, 0, 0, 0, 0, 0, 0, 0, 0, 0, 0, 0, 0, 79, 108, 'EventAI', 0, 3, 0, 0, 3, 2694, 0, 0, 0, 0, 0, ''), 
(91405, 0, 14734, 0, 0, 0, 'Drummer Ata\'nal', '', 0, 40, 50, 2000, 3000, 1587, 1640, 2278, 1494, 2, 1.1, 1.14286, 0, 20, 5, 0, 0, 1, 81, 105, 0, 212, 1, 1600, 2000, 2, 0, 0, 0, 0, 0, 0, 0, 62.8672, 86.4424, 100, 7, 0, 0, 2694, 0, 0, 0, 0, 0, 0, 0, 0, 0, 0, 0, 0, 0, 79, 108, 'EventAI', 0, 3, 0, 0, 3, 2694, 0, 0, 0, 0, 0, ''), 
(91406, 0, 4083, 4084, 0, 0, 'Watcher Razil', NULL, 0, 55, 55, 4667, 4667, 0, 0, 4292, 1494, 268435456, 1, 1.14286, 0, 20, 5, 0, 0, 1, 240, 260, 0, 122, 1, 2000, 2000, 1, 4096, 0, 0, 0, 0, 0, 0, 39.5824, 54.4258, 100, 7, 0, 0, 0, 0, 0, 0, 0, 0, 0, 0, 0, 0, 0, 0, 0, 0, 0, 0, 'EventAI', 0, 3, 0, 0, 3, 3297, 0, 0, 0, 0, 524288, ''),
(91407, 0, 4083, 4084, 0, 0, 'Watcher Hala', NULL, 0, 55, 55, 4667, 4667, 0, 0, 4292, 1494, 268435456, 1, 1.14286, 0, 20, 5, 0, 0, 1, 240, 260, 0, 122, 1, 2000, 2000, 1, 4096, 0, 0, 0, 0, 0, 0, 39.5824, 54.4258, 100, 7, 0, 0, 0, 0, 0, 0, 0, 0, 0, 0, 0, 0, 0, 0, 0, 0, 0, 0, 'EventAI', 0, 3, 0, 0, 3, 3297, 0, 0, 0, 0, 524288, ''),
(91408, 0, 4083, 4084, 0, 0, 'Watcher Lazran', NULL, 0, 55, 55, 4667, 4667, 0, 0, 4292, 1494, 268435456, 1, 1.14286, 0, 20, 5, 0, 0, 1, 240, 260, 0, 122, 1, 2000, 2000, 1, 4096, 0, 0, 0, 0, 0, 0, 39.5824, 54.4258, 100, 7, 0, 0, 0, 0, 0, 0, 0, 0, 0, 0, 0, 0, 0, 0, 0, 0, 0, 0, 'EventAI', 0, 3, 0, 0, 3, 3297, 0, 0, 0, 0, 524288, ''),
(91409, 0, 4083, 4084, 0, 0, 'Watcher Eh\'kal', NULL, 0, 55, 55, 4667, 4667, 0, 0, 4292, 1494, 268435456, 1, 1.14286, 0, 20, 5, 0, 0, 1, 240, 260, 0, 122, 1, 2000, 2000, 1, 4096, 0, 0, 0, 0, 0, 0, 39.5824, 54.4258, 100, 7, 0, 0, 0, 0, 0, 0, 0, 0, 0, 0, 0, 0, 0, 0, 0, 0, 0, 0, 'EventAI', 0, 3, 0, 0, 3, 3297, 0, 0, 0, 0, 524288, ''),
(91410, 0, 4083, 4084, 0, 0, 'Watcher Oto\'be ', NULL, 0, 55, 55, 4667, 4667, 0, 0, 4292, 1494, 268435456, 1, 1.14286, 0, 20, 5, 0, 0, 1, 240, 260, 0, 122, 1, 2000, 2000, 1, 4096, 0, 0, 0, 0, 0, 0, 39.5824, 54.4258, 100, 7, 0, 0, 0, 0, 0, 0, 0, 0, 0, 0, 0, 0, 0, 0, 0, 0, 0, 0, 'EventAI', 0, 3, 0, 0, 3, 3297, 0, 0, 0, 0, 524288, ''),
(91411, 0, 14738, 0, 0, 0, 'Ganz\'ih', '', 0, 40, 50, 2000, 3000, 1587, 1640, 2278, 1494, 2, 1.1, 1.14286, 0, 20, 5, 0, 0, 1, 81, 105, 0, 212, 1, 1600, 2000, 2, 0, 0, 0, 0, 0, 0, 0, 62.8672, 86.4424, 100, 7, 0, 0, 2694, 0, 0, 0, 0, 0, 0, 0, 0, 0, 0, 0, 0, 0, 79, 108, 'EventAI', 0, 3, 0, 0, 3, 2694, 0, 0, 0, 0, 0, ''),
(91412, 0, 4314, 0, 0, 0, 'Gortog', '', 0, 40, 50, 2000, 3000, 1587, 1640, 2278, 1494, 2, 1.1, 1.14286, 0, 20, 5, 0, 0, 1, 81, 105, 0, 212, 1, 1600, 2000, 2, 0, 0, 0, 0, 0, 0, 0, 62.8672, 86.4424, 100, 7, 0, 0, 2694, 0, 0, 0, 0, 0, 0, 0, 0, 0, 0, 0, 0, 0, 79, 108, 'EventAI', 0, 3, 0, 0, 3, 2694, 0, 0, 0, 0, 0, ''),
(91413, 0, 2566, 0, 0, 0, 'Lozo', 'Axe Merchant', 0, 40, 50, 2000, 3000, 1587, 1640, 2278, 1494, 2, 1.1, 1.14286, 0, 20, 5, 0, 0, 1, 81, 105, 0, 212, 1, 1600, 2000, 2, 0, 0, 0, 0, 0, 0, 0, 62.8672, 86.4424, 100, 7, 0, 0, 2694, 0, 0, 0, 0, 0, 0, 0, 0, 0, 0, 0, 0, 0, 79, 108, 'EventAI', 0, 3, 0, 0, 3, 2694, 0, 0, 0, 0, 0, ''),
(91414, 3, 8429, 0, 0, 0, 'Prida', 'Innkeeper', 6059, 48, 48, 2062, 2062, 0, 0, 680, 1494, 135, 1, 1.14286, 0, 20, 5, 0, 0, 1, 77, 101, 0, 216, 1, 2000, 2000, 1, 36864, 0, 0, 0, 0, 0, 0, 64.6272, 88.8624, 100, 7, 0, 0, 0, 0, 0, 0, 0, 0, 0, 0, 0, 0, 0, 0, 0, 0, 0, 0, '', 0, 3, 0, 0, 3, 0, 0, 0, 0, 0, 524298, ''),
(91415, 0, 14741, 0, 0, 0, 'Titiki', NULL, 0, 40, 50, 2000, 3000, 1587, 1640, 2278, `, 2, 1.1, 1.14286, 0, 20, 5, 0, 0, 1, 81, 105, 0, 212, 1, 1600, 2000, 2, 0, 0, 0, 0, 0, 0, 0, 62.8672, 86.4424, 100, 7, 0, 0, 2694, 0, 0, 0, 0, 0, 0, 0, 0, 0, 0, 0, 0, 0, 79, 108, 'EventAI', 0, 3, 0, 0, 3, 2694, 0, 0, 0, 0, 0, ''),

-- Gossip + Quest
update creature_template set npc_flags = 3 where entry in (91401, 91410, 91411, 91405, 91415);
-- Quest
update creature_template set npc_flags = 2 where entry in (91400, 91404); 
-- Gossip + Vendor
update creature_template set npc_flags = 5 where entry in (91402, 91403); 
-- Vendor
update creature_template set npc_flags = 4 where entry in (91413); 

set @gossip_menu_id = 60100; set @magic_number = 91401; 
replace into gossip_menu (entry, text_id, condition_id) VALUES (@gossip_menu_id, @magic_number, '0'); replace into broadcast_text (entry, Male_Text) values (@magic_number, 'Ey, welcome to Wildtusk Village, keep yer nose out of trouble or I have to deal with ya!'); replace into npc_text (ID, BroadcastTextID0) values (@magic_number, @magic_number); update creature_template set gossip_menu_id = @gossip_menu_id where entry = @magic_number;

set @gossip_menu_id = 60101; set @magic_number = 91402; 
replace into gossip_menu (entry, text_id, condition_id) VALUES (@gossip_menu_id, @magic_number, '0'); replace into broadcast_text (entry, Male_Text) values (@magic_number, 'Even though we be kicked from our home, the spirits still watch over us, and da voodoo be on our side mon!'); replace into npc_text (ID, BroadcastTextID0) values (@magic_number, @magic_number); update creature_template set gossip_menu_id = @gossip_menu_id where entry = @magic_number;

set @gossip_menu_id = 60102; set @magic_number = 91403; 
replace into gossip_menu (entry, text_id, condition_id) VALUES (@gossip_menu_id, @magic_number, '0'); replace into broadcast_text (entry, Male_Text) values (@magic_number, 'Welcome, $r, whatcha be needing?'); replace into npc_text (ID, BroadcastTextID0) values (@magic_number, @magic_number); update creature_template set gossip_menu_id = @gossip_menu_id where entry = @magic_number;

set @gossip_menu_id = 60103; set @magic_number = 91405; 
replace into gossip_menu (entry, text_id, condition_id) VALUES (@gossip_menu_id, @magic_number, '0'); replace into broadcast_text (entry, Male_Text) values (@magic_number, 'Ey, don\'t disturb my beat!'); replace into npc_text (ID, BroadcastTextID0) values (@magic_number, @magic_number); update creature_template set gossip_menu_id = @gossip_menu_id where entry = @magic_number;

set @gossip_menu_id = 60104; set @magic_number = 91411; 
replace into gossip_menu (entry, text_id, condition_id) VALUES (@gossip_menu_id, @magic_number, '0'); replace into broadcast_text (entry, Male_Text) values (@magic_number, 'The elements be disturbed, Lord Rog has been seeking out our aid, but we cannot help him mon, maybe you can!'); replace into npc_text (ID, BroadcastTextID0) values (@magic_number, @magic_number); update creature_template set gossip_menu_id = @gossip_menu_id where entry = @magic_number;

set @gossip_menu_id = 60105; set @magic_number = 91412; 
replace into gossip_menu (entry, text_id, condition_id) VALUES (@gossip_menu_id, @magic_number, '0'); replace into broadcast_text (entry, Male_Text) values (@magic_number, 'Gortog be friend of Wildtusk since old wars.'); replace into npc_text (ID, BroadcastTextID0) values (@magic_number, @magic_number); update creature_template set gossip_menu_id = @gossip_menu_id where entry = @magic_number;

set @gossip_menu_id = 60106; set @magic_number = 91414; 
replace into gossip_menu (entry, text_id, condition_id) VALUES (@gossip_menu_id, @magic_number, '0'); replace into broadcast_text (entry, Male_Text) values (@magic_number, 'The mountains be a good place to rest, and relax.'); replace into npc_text (ID, BroadcastTextID0) values (@magic_number, @magic_number); update creature_template set gossip_menu_id = @gossip_menu_id where entry = @magic_number;

set @gossip_menu_id = 60107; set @magic_number = 91415; 
replace into gossip_menu (entry, text_id, condition_id) VALUES (@gossip_menu_id, @magic_number, '0'); replace into broadcast_text (entry, Male_Text) values (@magic_number, 'The thrill of the hunt be one of the best things in this world mon.\n\nIt was in ancient times the trolls were the masters of all!'); replace into npc_text (ID, BroadcastTextID0) values (@magic_number, @magic_number); update creature_template set gossip_menu_id = @gossip_menu_id where entry = @magic_number;

replace into npc_vendor values 
(91402, 765, 2, 7200, 0, 0),
(91402, 785, 2, 7200, 0, 0),
(91402, 2447, 3, 7200, 0, 0),
(91402, 2449, 3, 7200, 0, 0),
(91402, 2453, 2, 7200, 0, 0),
(91402, 2928, 0, 0, 0, 0),
(91402, 2930, 0, 0, 0, 0),
(91402, 3371, 0, 0, 0, 0),
(91402, 3372, 0, 0, 0, 0),
(91402, 3777, 0, 0, 0, 0),
(91402, 5060, 0, 0, 0, 0),
(91402, 5140, 0, 0, 0, 0),
(91402, 5173, 0, 0, 0, 0),
(91402, 5565, 0, 0, 0, 0),
(91402, 6053, 1, 7200, 3, 0),
(91402, 8923, 0, 0, 0, 0),
(91402, 8924, 0, 0, 0, 0),
(91402, 8925, 0, 0, 0, 0),
(91402, 16583, 0, 0, 0, 0),
(91402, 17019, 0, 0, 0, 0),
(91402, 17020, 0, 0, 0, 0),
(91402, 17021, 0, 0, 0, 0),
(91402, 17026, 0, 0, 0, 0),
(91402, 17028, 0, 0, 0, 0),
(91402, 17029, 0, 0, 0, 0),
(91402, 17030, 0, 0, 0, 0),
(91402, 17031, 0, 0, 0, 0),
(91402, 17032, 0, 0, 0, 0),
(91402, 17033, 0, 0, 0, 0),
(91402, 17034, 0, 0, 0, 0),
(91402, 17035, 0, 0, 0, 0),
(91402, 17036, 0, 0, 0, 0),
(91402, 17037, 0, 0, 0, 0),
(91402, 17038, 0, 0, 0, 0),
(91402, 21177, 0, 0, 0, 0),
(91402, 159, 0, 0, 0, 0),
(91402, 1205, 0, 0, 0, 0),
(91402, 1645, 0, 0, 0, 0),
(91402, 1708, 0, 0, 0, 0),
(91402, 2515, 0, 0, 0, 0),
(91402, 2519, 0, 0, 0, 0),
(91402, 2946, 0, 0, 0, 0),
(91402, 3030, 0, 0, 0, 0),
(91402, 3033, 0, 0, 0, 0),
(91402, 3107, 0, 0, 0, 0),
(91402, 3108, 0, 0, 0, 0),
(91402, 3131, 0, 0, 0, 0),
(91402, 3135, 0, 0, 0, 0),
(91402, 3137, 0, 0, 0, 0),
(91402, 4470, 0, 0, 0, 0),
(91402, 4471, 0, 0, 0, 0),
(91402, 4497, 0, 0, 0, 0),
(91402, 4498, 0, 0, 0, 0),
(91402, 6183, 0, 0, 0, 0),
(91402, 11284, 0, 0, 0, 0),
(91402, 11285, 0, 0, 0, 0),
(91402, 15326, 0, 0, 0, 0),
(91402, 15327, 0, 0, 0, 0),
(91413, 853, 0, 0, 0, 0),
(91413, 926, 0, 0, 0, 0),
(91413, 927, 0, 0, 0, 0),
(91413, 1196, 0, 0, 0, 0),
(91413, 2025, 0, 0, 0, 0),
(91413, 2029, 0, 0, 0, 0),
(91413, 2522, 0, 0, 0, 0)
(91413, 2523, 0, 0, 0, 0),
(91413, 2530, 0, 0, 0, 0),
(91413, 2531, 0, 0, 0, 0),
(91413, 12249, 1, 7200, 0, 0),
(91414, 159, 0, 0, 0, 0),
(91414, 787, 0, 0, 0, 0),
(91414, 1179, 0, 0, 0, 0),
(91414, 1205, 0, 0, 0, 0),
(91414, 1645, 0, 0, 0, 0),
(91414, 1708, 0, 0, 0, 0),
(91414, 4592, 0, 0, 0, 0),
(91414, 4593, 0, 0, 0, 0),
(91414, 4594, 0, 0, 0, 0),
(91414, 8766, 0, 0, 0, 0),
(91414, 8957, 0, 0, 0, 0),
(91414, 21552, 0, 0, 0, 0);

