-- ##  Hawk's Vigil/Dun Agrath/Ironforge Airfields by Five @ TurtleWoW  ## --
-- ##  Total Creatures: 119  ##
-- ##  Total Creature Spawns: 243  (mostly critters)  ##
-- ##  Total Creature Paths: 56  (558 waypoints)  ##
-- ##  Total Gossip Texts: 106  ##
-- ##  Total Vendor Items: 13  ##
-- ##  Total GameObjects: 295  ##
-- ##  Total Flight Paths: 4 + (17 transitions)  ##

-- ##  UNINSTALL  ## --
delete from gossip_menu where text_id between 52000 and 52128;
delete from npc_text where id between 52000 and 52128;
delete from broadcast_text where entry between 52000 and 52128;
delete from npc_vendor where entry between 52000 and 52128;
delete from creature_movement_scripts where id between 14000000 and 14000008;
delete from creature_movement where id between 1260000 and 1260244;
delete from creature where guid between 1260000 and 1260244;
delete from creature_template where entry between 52000 and 52128;
delete from gameobject where guid between 1270000 and 1270303;
delete from area_template where entry between 4018 and 4020;
delete from taxi_nodes where id between 175 and 176;
delete from taxi_path_transitions where in_path between 90 and 95 or out_path between 90 and 95;

-- ##  INSTALL  ## --
INSERT INTO `area_template` VALUES (4018, 0, 11, 1077, 64, 25, 'Hawk\'s Vigil', 0, 0);
INSERT INTO `area_template` VALUES (4019, 0, 11, 1078, 64, 25, 'Dun Agrath', 0, 0);
INSERT INTO `area_template` VALUES (4020, 0, 1, 1079, 64, 7, 'Ironforge Airfields', 0, 0);

INSERT INTO `taxi_nodes` VALUES (175, 4222, 0, -3951.5, -1331.74, 148.73, 'Dun Agrath, Wetlands', 0, 541);
INSERT INTO `taxi_nodes` VALUES (176, 4222, 0, -4492.72, -1581.01, 509.01, 'Ironforge Airfields, Dun Morogh', 0, 541);

INSERT INTO `taxi_path_transitions` VALUES (13, 95, 46, 15, 'Stormwind, Elwynn -> Ironforge, Dun Morogh -> Ironforge Airfields, Dun Morogh', 5302);
INSERT INTO `taxi_path_transitions` VALUES (15, 95, 18, 19, 'Thelsamar, Loch Modan -> Ironforge, Dun Morogh -> Ironforge Airfields, Dun Morogh', 5302);
INSERT INTO `taxi_path_transitions` VALUES (18, 93, 30, 4, 'Ironforge, Dun Morogh -> Menethil Harbor, Wetlands -> Dun Agrath, Wetlands', 5302);
INSERT INTO `taxi_path_transitions` VALUES (90, 94, 5, 1, 'Dun Agrath, Wetlands -> Ironforge Airfields, Dun Morogh -> Ironforge, Dun Morogh', 5302);
INSERT INTO `taxi_path_transitions` VALUES (91, 92, 6, 1, 'Ironforge Airfields, Dun Morogh -> Dun Agrath, Wetlands -> Menethil Harbor, Wetlands', 5302);
INSERT INTO `taxi_path_transitions` VALUES (92, 271, 1, 4, 'Dun Agrath, Wetlands -> Menethil Harbor, Wetlands -> Southshore, Hillsbrad', 5302);
INSERT INTO `taxi_path_transitions` VALUES (92, 269, 1, 6, 'Dun Agrath, Wetlands -> Menethil Harbor, Wetlands -> Refuge Point, Arathi', 5302);
INSERT INTO `taxi_path_transitions` VALUES (92, 266, 1, 6, 'Dun Agrath, Wetlands -> Menethil Harbor, Wetlands -> Thelsamar, Loch Modan', 5302);
INSERT INTO `taxi_path_transitions` VALUES (93, 90, 3, 2, 'Menethil Harbor, Wetlands -> Dun Agrath, Wetlands -> Ironforge Airfields, Dun Morogh', 5302);
INSERT INTO `taxi_path_transitions` VALUES (94, 404, 11, 9, 'Ironforge Airfields, Dun Morogh -> Ironforge, Dun Morogh -> Thorium Point, Searing Gorge', 5302);
INSERT INTO `taxi_path_transitions` VALUES (94, 12, 11, 17, 'Ironforge Airfields, Dun Morogh -> Ironforge, Dun Morogh -> Stormwind, Elwynn', 5302);
INSERT INTO `taxi_path_transitions` VALUES (94, 16, 7, 18, 'Ironforge Airfields, Dun Morogh -> Ironforge, Dun Morogh -> Thelsamar, Loch Modan', 5302);
INSERT INTO `taxi_path_transitions` VALUES (95, 91, 26, 1, 'Ironforge, Dun Morogh -> Ironforge Airfields, Dun Morogh -> Dun Agrath, Wetlands', 5302);
INSERT INTO `taxi_path_transitions` VALUES (265, 93, 25, 3, 'Thelsamar, Loch Modan -> Menethil Harbor, Wetlands -> Dun Agrath, Wetlands', 5302);
INSERT INTO `taxi_path_transitions` VALUES (270, 93, 18, 1, 'Refuge Pointe, Arathi -> Menethil Harbor, Wetlands -> Dun Agrath, Wetlands', 5302);
INSERT INTO `taxi_path_transitions` VALUES (272, 93, 11, 1, 'Southshore, Hillsbrad -> Menethil Harbor, Wetlands -> Dun Agrath, Wetlands', 5302);
INSERT INTO `taxi_path_transitions` VALUES (402, 95, 13, 14, 'Thorium Point, Searing Gorge -> Ironforge, Dun Morogh -> Ironforge Airfields, Dun Morogh', 5302);

INSERT INTO `creature_template` (`entry`, `display_id1`, `display_id2`, `display_id3`, `display_id4`, `name`, `subname`, `gossip_menu_id`, `level_min`, `level_max`, `health_min`, `health_max`, `armor`, `faction`, `npc_flags`, `speed_walk`, `speed_run`, `detection_range`, `rank`, `dmg_min`, `dmg_max`, `attack_power`, `base_attack_time`, `ranged_attack_time`, `unit_class`, `unit_flags`, `ranged_dmg_min`, `ranged_dmg_max`, `ranged_attack_power`, `type`, `movement_type`, `inhabit_type`, `civilian`, `equipment_id`, `mechanic_immune_mask`, `flags_extra`) VALUES 
  (52000, 15718, 0, 0, 0, 'Howland Hooch', '', 0, 20, 38, 1002, 1002, 1009, 12, 1, 1, 1.14286, 16, 0, 42, 53, 122, 1000, 2000, 1, 4608, 45.144, 62.073, 100, 7, 0, 3, 1, 0, 0, 524298),
  (52001, 10625, 0, 0, 0, 'Terry Robins', '', 0, 20, 38, 1002, 1002, 1009, 12, 1, 1, 1.14286, 16, 0, 42, 53, 122, 1000, 2000, 1, 4608, 45.144, 62.073, 100, 7, 0, 3, 1, 5112, 0, 524298),
  (52002, 11351, 0, 0, 0, 'Warren Reed', '', 0, 20, 38, 1002, 1002, 1009, 12, 1, 1, 1.14286, 16, 0, 42, 53, 122, 1000, 2000, 1, 4608, 45.144, 62.073, 100, 7, 0, 3, 1, 14381, 0, 524298),
  (52003, 1734, 0, 0, 0, 'Viktor', '', 0, 20, 38, 1002, 1002, 1009, 12, 1, 1, 1.14286, 16, 0, 42, 53, 122, 1000, 2000, 1, 4608, 45.144, 62.073, 100, 7, 0, 3, 1, 5112, 0, 524298),
  (52004, 16005, 0, 0, 0, 'Artemis', '', 0, 20, 38, 1002, 1002, 1009, 12, 1, 1, 1.14286, 16, 0, 42, 53, 122, 1000, 2000, 1, 4608, 45.144, 62.073, 100, 7, 0, 3, 1, 12657, 0, 524298),
  (52005, 12609, 0, 0, 0, 'Anthony Dursley', '', 0, 20, 38, 1002, 1002, 1009, 12, 1, 1, 1.14286, 16, 0, 42, 53, 122, 1000, 2000, 1, 4608, 45.144, 62.073, 100, 7, 0, 3, 1, 15437, 0, 524298),
  (52006, 12610, 0, 0, 0, 'Robb Dursley', '', 0, 20, 38, 1002, 1002, 1009, 12, 1, 1, 1.14286, 16, 0, 42, 53, 122, 1000, 2000, 1, 4608, 45.144, 62.073, 100, 7, 0, 3, 1, 0, 0, 524298),
  (52007, 14753, 0, 0, 0, 'Barty Peverell', '', 0, 20, 38, 1002, 1002, 1009, 12, 1, 1, 1.14286, 16, 0, 42, 53, 122, 1000, 2000, 1, 4608, 45.144, 62.073, 100, 7, 0, 3, 1, 340, 0, 524298),
  (52008, 11743, 0, 0, 0, 'Hoster', '', 0, 20, 38, 1002, 1002, 1009, 12, 1, 1, 1.14286, 16, 0, 42, 53, 122, 1000, 2000, 1, 4608, 45.144, 62.073, 100, 7, 0, 3, 1, 15508, 0, 524298),
  (52009, 8474, 0, 0, 0, 'Charlie Gladstone', '', 0, 20, 38, 1002, 1002, 1009, 12, 1, 1, 1.14286, 16, 0, 42, 53, 122, 1000, 2000, 1, 4608, 45.144, 62.073, 100, 7, 0, 3, 1, 14381, 0, 524298),
  (52010, 8186, 0, 0, 0, 'Cormac Gryffin', '', 0, 20, 38, 1002, 1002, 1009, 12, 1, 1, 1.14286, 16, 0, 42, 53, 122, 1000, 2000, 1, 4608, 45.144, 62.073, 100, 7, 0, 3, 1, 2911, 0, 524298),
  (52011, 16026, 0, 0, 0, 'Gilderoy', '', 0, 20, 38, 1002, 1002, 1009, 12, 1, 1, 1.14286, 16, 0, 42, 53, 122, 1000, 2000, 1, 4608, 45.144, 62.073, 100, 7, 0, 3, 1, 0, 0, 524298),
  (52012, 15953, 0, 0, 0, 'Vernon Nott', '', 0, 20, 38, 1002, 1002, 1009, 12, 1, 1, 1.14286, 16, 0, 42, 53, 122, 1000, 2000, 1, 4608, 45.144, 62.073, 100, 7, 0, 3, 1, 0, 0, 524298),
  (52013, 4309, 0, 0, 0, 'Robert Wood', '', 0, 20, 38, 1002, 1002, 1009, 12, 1, 1, 1.14286, 16, 0, 42, 53, 122, 1000, 2000, 1, 4608, 45.144, 62.073, 100, 7, 0, 3, 1, 0, 0, 524298),
  (52014, 3967, 0, 0, 0, 'Galion Goldmore', '', 0, 20, 38, 1002, 1002, 1009, 12, 1, 1, 1.14286, 16, 0, 42, 53, 122, 1000, 2000, 1, 4608, 45.144, 62.073, 100, 7, 0, 3, 1, 15354, 0, 524298),
  (52015, 3614, 0, 0, 0, 'Samuel Vickers', 'Explorers\' League', 0, 20, 38, 1002, 1002, 1009, 12, 2, 1, 1.14286, 16, 0, 42, 53, 122, 1000, 2000, 1, 4608, 45.144, 62.073, 100, 7, 0, 3, 1, 11073, 0, 524298),
  (52016, 8430, 0, 0, 0, 'Robb Carrow', 'Lumberjack', 0, 20, 38, 1002, 1002, 1009, 12, 1, 1, 1.14286, 16, 0, 42, 53, 122, 1000, 2000, 1, 4608, 45.144, 62.073, 100, 7, 0, 3, 1, 1698, 0, 524298),
  (52017, 10299, 0, 0, 0, 'Bert Mano', 'Lumberjack', 0, 20, 38, 1002, 1002, 1009, 12, 1, 1, 1.14286, 16, 0, 42, 53, 122, 1000, 2000, 1, 4608, 45.144, 62.073, 100, 7, 0, 3, 1, 1698, 0, 524298),
  (52018, 1516, 0, 0, 0, 'Kevan Dumble', 'Lumberjack', 0, 20, 38, 1002, 1002, 1009, 12, 1, 1, 1.14286, 16, 0, 42, 53, 122, 1000, 2000, 1, 4608, 45.144, 62.073, 100, 7, 0, 3, 1, 1698, 0, 524298),
  (52019, 3697, 0, 0, 0, 'Rufus Steelborn', '', 0, 20, 38, 1002, 1002, 1009, 12, 1, 1, 1.14286, 16, 0, 42, 53, 122, 1000, 2000, 1, 4608, 45.144, 62.073, 100, 7, 0, 3, 1, 3540, 0, 524298),
  (52020, 3327, 0, 0, 0, 'Harry Lapoy', '', 0, 20, 38, 1002, 1002, 1009, 12, 1, 1, 1.14286, 16, 0, 42, 53, 122, 1000, 2000, 1, 4608, 45.144, 62.073, 100, 7, 0, 3, 1, 250, 0, 524298),
  (52021, 1489, 0, 0, 0, 'Poppy Zabini', '', 0, 20, 38, 1002, 1002, 1009, 12, 1, 1, 1.14286, 16, 0, 42, 53, 122, 1000, 2000, 1, 4608, 45.144, 62.073, 100, 7, 0, 3, 1, 11699, 0, 524298),
  (52022, 3237, 0, 0, 0, 'Percival Finnigan', '', 0, 20, 38, 1002, 1002, 1009, 12, 1, 1, 1.14286, 16, 0, 42, 53, 122, 1000, 2000, 1, 4608, 45.144, 62.073, 100, 7, 0, 3, 1, 15213, 0, 524298),
  (52023, 15442, 0, 0, 0, 'Arthur Steelborn', '', 0, 20, 38, 1002, 1002, 1009, 12, 2, 1, 1.14286, 16, 0, 42, 53, 122, 1000, 2000, 1, 4608, 45.144, 62.073, 100, 7, 0, 3, 1, 2104, 0, 524298),
  (52024, 13459, 0, 0, 0, 'Lord Commander Ryke', '', 0, 20, 38, 1002, 1002, 1009, 12, 2, 1, 1.14286, 16, 0, 42, 53, 122, 1000, 2000, 1, 4608, 45.144, 62.073, 100, 7, 0, 3, 1, 13300, 0, 524298),
  (52025, 1692, 0, 0, 0, 'Madam Carrow', '', 0, 20, 38, 1002, 1002, 1009, 12, 1, 1, 1.14286, 16, 0, 42, 53, 122, 1000, 2000, 1, 4608, 45.144, 62.073, 100, 7, 0, 3, 1, 15437, 0, 524298),
  (52026, 3323, 0, 0, 0, 'Griselda', '', 0, 20, 38, 1002, 1002, 1009, 12, 1, 1, 1.14286, 16, 0, 42, 53, 122, 1000, 2000, 1, 4608, 45.144, 62.073, 100, 7, 0, 3, 1, 15512, 0, 524298),
  (52027, 3268, 0, 0, 0, 'Amelia Hawkes', '', 0, 20, 38, 1002, 1002, 1009, 12, 1, 1, 1.14286, 16, 0, 42, 53, 122, 1000, 2000, 1, 4608, 45.144, 62.073, 100, 7, 0, 3, 1, 151, 0, 524298),
  (52028, 1756, 0, 0, 0, 'Sturgis Skinner', '', 0, 20, 38, 1002, 1002, 1009, 12, 2, 1, 1.14286, 16, 0, 42, 53, 122, 1000, 2000, 1, 4608, 45.144, 62.073, 100, 7, 0, 3, 1, 12657, 0, 524298),
  (52029, 3377, 0, 0, 0, 'Chef Galadriel', '', 0, 20, 38, 1002, 1002, 1009, 12, 1, 1, 1.14286, 16, 0, 42, 53, 122, 1000, 2000, 1, 4608, 45.144, 62.073, 100, 7, 0, 3, 1, 2664, 0, 524298),
  (52030, 3326, 0, 0, 0, 'Jaime Sparrow', '', 0, 20, 38, 1002, 1002, 1009, 12, 2, 1, 1.14286, 16, 0, 42, 53, 122, 1000, 2000, 1, 4608, 45.144, 62.073, 100, 7, 0, 3, 1, 14849, 0, 524298),
  (52031, 5012, 0, 0, 0, 'Brandon Fletchley', '', 0, 20, 38, 1002, 1002, 1009, 12, 1, 1, 1.14286, 16, 0, 42, 53, 122, 1000, 2000, 1, 4608, 45.144, 62.073, 100, 7, 0, 3, 1, 12738, 0, 524298),
  (52032, 3484, 0, 0, 0, 'Edgard Hawthorne', 'Bartender', 0, 20, 38, 1002, 1002, 1009, 12, 5, 1, 1.14286, 16, 0, 42, 53, 122, 1000, 2000, 1, 4608, 45.144, 62.073, 100, 7, 0, 3, 1, 6090, 0, 524298),
  (52033, 3466, 0, 0, 0, 'Penelope Krum', '', 0, 20, 38, 1002, 1002, 1009, 12, 1, 1, 1.14286, 16, 0, 42, 53, 122, 1000, 2000, 1, 4608, 45.144, 62.073, 100, 7, 0, 3, 1, 16090, 0, 524298),
  (52034, 1517, 0, 0, 0, 'Parvati Robins', '', 0, 20, 38, 1002, 1002, 1009, 12, 1, 1, 1.14286, 16, 0, 42, 53, 122, 1000, 2000, 1, 4608, 45.144, 62.073, 100, 7, 0, 3, 1, 15508, 0, 524298),
  (52035, 3486, 0, 0, 0, 'Dori Smith', '', 0, 20, 38, 1002, 1002, 1009, 12, 1, 1, 1.14286, 16, 0, 42, 53, 122, 1000, 2000, 1, 4608, 45.144, 62.073, 100, 7, 0, 3, 1, 465, 0, 524298),
  (52036, 3329, 0, 0, 0, 'Arabella Black', '', 0, 20, 38, 1002, 1002, 1009, 12, 1, 1, 1.14286, 16, 0, 42, 53, 122, 1000, 2000, 1, 4608, 45.144, 62.073, 100, 7, 0, 3, 1, 151, 0, 524298),
  (52037, 15777, 0, 0, 0, 'Molly Krueger', '', 0, 20, 38, 1002, 1002, 1009, 12, 1, 1, 1.14286, 16, 0, 42, 53, 122, 1000, 2000, 1, 4608, 45.144, 62.073, 100, 7, 0, 3, 1, 15437, 0, 524298),
  (52038, 15965, 0, 0, 0, 'Petunia Zoldyck', '', 0, 20, 38, 1002, 1002, 1009, 12, 1, 1, 1.14286, 16, 0, 42, 53, 122, 1000, 2000, 1, 4608, 45.144, 62.073, 100, 7, 0, 3, 1, 2911, 0, 524298),
  (52039, 15455, 0, 0, 0, 'Marge Blackwood', '', 0, 20, 38, 1002, 1002, 1009, 12, 2, 1, 1.14286, 16, 0, 42, 53, 122, 1000, 2000, 1, 4608, 45.144, 62.073, 100, 7, 0, 3, 1, 16032, 0, 524298),
  (52040, 8632, 0, 0, 0, 'Romilda', '', 0, 20, 38, 1002, 1002, 1009, 12, 1, 1, 1.14286, 16, 0, 42, 53, 122, 1000, 2000, 1, 4608, 45.144, 62.073, 100, 7, 0, 3, 1, 0, 0, 524298),
  (52041, 7330, 0, 0, 0, 'Angelina Hackett', '', 0, 20, 38, 1002, 1002, 1009, 12, 1, 1, 1.14286, 16, 0, 42, 53, 122, 1000, 2000, 1, 4608, 45.144, 62.073, 100, 7, 0, 3, 1, 340, 0, 524298),
  (52042, 11746, 0, 0, 0, 'Rita Marsh', '', 0, 20, 38, 1002, 1002, 1009, 12, 2, 1, 1.14286, 16, 0, 42, 53, 122, 1000, 2000, 1, 4608, 45.144, 62.073, 100, 7, 0, 3, 1, 11106, 0, 524298),
  (52043, 11747, 0, 0, 0, 'Katie Marsh', '', 0, 20, 38, 1002, 1002, 1009, 12, 5, 1, 1.14286, 16, 0, 42, 53, 122, 1000, 2000, 1, 4608, 45.144, 62.073, 100, 7, 0, 3, 1, 15354, 0, 524298),
  (52044, 11744, 0, 0, 0, 'Nori Dolohov', '', 0, 20, 38, 1002, 1002, 1009, 12, 1, 1, 1.14286, 16, 0, 42, 53, 122, 1000, 2000, 1, 4608, 45.144, 62.073, 100, 7, 0, 3, 1, 5483, 0, 524298),
  (52045, 11742, 0, 0, 0, 'Rose Dolohov', '', 0, 20, 38, 1002, 1002, 1009, 12, 1, 1, 1.14286, 16, 0, 42, 53, 122, 1000, 2000, 1, 4608, 45.144, 62.073, 100, 7, 0, 3, 1, 11106, 0, 524298),
  (52046, 3463, 0, 0, 0, 'Amycus Seaworth', '', 0, 20, 38, 1002, 1002, 1009, 12, 1, 1, 1.14286, 16, 0, 42, 53, 122, 1000, 2000, 1, 4608, 45.144, 62.073, 100, 7, 0, 3, 1, 11706, 0, 524298),
  (52047, 1447, 0, 0, 0, 'Hannah Edgecombe', '', 0, 20, 38, 1002, 1002, 1009, 12, 1, 1, 1.14286, 16, 0, 42, 53, 122, 1000, 2000, 1, 4608, 45.144, 62.073, 100, 7, 0, 3, 1, 15183, 0, 524298),
  (52048, 8476, 0, 0, 0, 'Helena Flitwick', '', 0, 20, 38, 1002, 1002, 1009, 12, 1, 1, 1.14286, 16, 0, 42, 53, 122, 1000, 2000, 1, 4608, 45.144, 62.073, 100, 7, 0, 3, 1, 5112, 0, 524298),
  (52049, 7371, 0, 0, 0, 'Lenina Watson', '', 0, 20, 38, 1002, 1002, 1009, 12, 1, 1, 1.14286, 16, 0, 42, 53, 122, 1000, 2000, 1, 4608, 45.144, 62.073, 100, 7, 0, 3, 1, 12738, 0, 524298),
  (52050, 15950, 0, 0, 0, 'Myrcella Moon', '', 0, 20, 38, 1002, 1002, 1009, 12, 1, 1, 1.14286, 16, 0, 42, 53, 122, 1000, 2000, 1, 4608, 45.144, 62.073, 100, 7, 0, 3, 1, 16090, 0, 524298),
  (52051, 16104, 0, 0, 0, 'Aerys Bell', '', 0, 20, 38, 1002, 1002, 1009, 12, 1, 1, 1.14286, 16, 0, 42, 53, 122, 1000, 2000, 1, 4608, 45.144, 62.073, 100, 7, 0, 3, 1, 15437, 0, 524298),
  (52052, 14500, 0, 0, 0, 'Hilda Smith', '', 0, 20, 38, 1002, 1002, 1009, 12, 1, 1, 1.14286, 16, 0, 42, 53, 122, 1000, 2000, 1, 4608, 45.144, 62.073, 100, 7, 0, 3, 1, 0, 0, 524298),
  (52053, 7802, 0, 0, 0, 'Marietta Hooch', '', 0, 20, 38, 1002, 1002, 1009, 12, 1, 1, 1.14286, 16, 0, 42, 53, 122, 1000, 2000, 1, 4608, 45.144, 62.073, 100, 7, 0, 3, 1, 15354, 0, 524298),
  (52054, 3489, 0, 0, 0, 'Elwing Ogden', '', 0, 20, 38, 1002, 1002, 1009, 55, 1, 1, 1.14286, 16, 0, 42, 53, 122, 1000, 2000, 1, 4608, 45.144, 62.073, 100, 7, 0, 3, 1, 340, 0, 524298),
  (52055, 8185, 0, 0, 0, 'Blaise Cattermole', '', 0, 20, 38, 1002, 1002, 1009, 12, 1, 1, 1.14286, 16, 0, 42, 53, 122, 1000, 2000, 1, 4608, 45.144, 62.073, 100, 7, 0, 3, 1, 151, 0, 524298),
  (52056, 3367, 0, 0, 0, 'Alannys', '', 0, 20, 38, 1002, 1002, 1009, 12, 1, 1, 1.14286, 16, 0, 42, 53, 122, 1000, 2000, 1, 4608, 45.144, 62.073, 100, 7, 0, 3, 1, 0, 0, 524298),
  (52057, 1521, 0, 0, 0, 'Alicia Maxime', '', 0, 20, 38, 1002, 1002, 1009, 12, 2, 1, 1.14286, 16, 0, 42, 53, 122, 1000, 2000, 1, 4608, 45.144, 62.073, 100, 7, 0, 3, 1, 15498, 0, 524298),
  (52058, 4323, 0, 0, 0, 'Mary Magcub', '', 0, 20, 38, 1002, 1002, 1009, 12, 2, 1, 1.14286, 16, 0, 42, 53, 122, 1000, 2000, 1, 4608, 45.144, 62.073, 100, 7, 0, 3, 1, 0, 0, 524298),
  (52059, 10609, 0, 0, 0, 'Macaw', 'Explorers\' League', 0, 20, 38, 1002, 1002, 1009, 12, 2, 1, 1.14286, 16, 0, 42, 53, 122, 1000, 2000, 1, 4608, 45.144, 62.073, 100, 7, 0, 3, 1, 11073, 0, 524298),
  (52060, 1401, 0, 0, 0, 'Elendil Limarch', '', 0, 20, 38, 1002, 1002, 1009, 55, 1, 1, 1.14286, 16, 0, 42, 53, 122, 1000, 2000, 1, 4608, 45.144, 62.073, 100, 7, 0, 3, 1, 5483, 0, 524298),
  (52061, 15669, 0, 0, 0, 'Lyanna Brown', '', 0, 20, 38, 1002, 1002, 1009, 12, 1, 1, 1.14286, 16, 0, 42, 53, 122, 1000, 2000, 1, 4608, 45.144, 62.073, 100, 7, 0, 3, 1, 15440, 0, 524298),
  (52062, 3555, 0, 0, 0, 'Roy Smythe', '', 0, 20, 38, 1002, 1002, 1009, 12, 1, 1, 1.14286, 16, 0, 42, 53, 122, 1000, 2000, 1, 4608, 45.144, 62.073, 100, 7, 0, 3, 1, 1480, 0, 524298),
  (52063, 1300, 0, 0, 0, 'Judy Fletcher', '', 0, 20, 38, 1002, 1002, 1009, 12, 1, 1, 1.14286, 16, 0, 42, 53, 122, 1000, 2000, 1, 4608, 45.144, 62.073, 100, 7, 0, 3, 1, 16090, 0, 524298),
  (52064, 18107, 18108, 18109, 18110, 'Vigil Footman', '', 0, 35, 38, 2004, 2004, 2018, 12, 1, 1, 1.14286, 16, 0, 42, 53, 122, 1000, 2000, 1, 4608, 45.144, 62.073, 100, 7, 0, 3, 1, 2386, 0, 524298),
  (52065, 18107, 18108, 18109, 18110, 'Vigil Calvaryman', '', 0, 35, 38, 2004, 2004, 2018, 12, 1, 1, 1.14286, 16, 0, 42, 53, 122, 1000, 2000, 1, 4608, 45.144, 62.073, 100, 7, 0, 3, 1, 0, 0, 524298),
  (52066, 10644, 0, 0, 0, 'Barthos Thundercrank', '', 0, 20, 38, 1002, 1002, 1009, 55, 2, 1, 1.14286, 16, 0, 42, 53, 122, 1000, 2000, 1, 4608, 45.144, 62.073, 100, 7, 0, 3, 1, 11140, 0, 524298),
  (52067, 3437, 0, 0, 0, 'Chubb Goldstein', '', 0, 20, 38, 1002, 1002, 1009, 55, 1, 1, 1.14286, 16, 0, 42, 53, 122, 1000, 2000, 1, 4608, 45.144, 62.073, 100, 7, 0, 3, 1, 14634, 0, 524298),
  (52068, 3432, 0, 0, 0, 'Barltok Kettleburn', '', 0, 20, 38, 1002, 1002, 1009, 55, 2, 1, 1.14286, 16, 0, 42, 53, 122, 1000, 2000, 1, 4608, 45.144, 62.073, 100, 7, 0, 3, 1, 340, 0, 524298),
  (52069, 1569, 0, 0, 0, 'Grovug Mithrilmane', 'Explorers\' League', 0, 20, 38, 1002, 1002, 1009, 55, 2, 1, 1.14286, 16, 0, 42, 53, 122, 1000, 2000, 1, 4608, 45.144, 62.073, 100, 7, 0, 3, 1, 15354, 0, 524298),
  (52070, 15134, 0, 0, 0, 'Lokgrean Flaskarm', '', 0, 20, 38, 1002, 1002, 1009, 55, 1, 1, 1.14286, 16, 0, 42, 53, 122, 1000, 2000, 1, 4608, 45.144, 62.073, 100, 7, 0, 3, 1, 12738, 0, 524298),
  (52071, 15238, 0, 0, 0, 'Lomnic Embershield', '', 0, 20, 38, 1002, 1002, 1009, 55, 1, 1, 1.14286, 16, 0, 42, 53, 122, 1000, 2000, 1, 4608, 45.144, 62.073, 100, 7, 0, 3, 1, 12657, 0, 524298),
  (52072, 3265, 0, 0, 0, 'Brakrur Brickchin', '', 0, 20, 38, 1002, 1002, 1009, 55, 1, 1, 1.14286, 16, 0, 42, 53, 122, 1000, 2000, 1, 4608, 45.144, 62.073, 100, 7, 0, 3, 1, 12738, 0, 524298),
  (52073, 12967, 0, 0, 0, 'Thingol Greyback', '', 0, 20, 38, 1002, 1002, 1009, 55, 1, 1, 1.14286, 16, 0, 42, 53, 122, 1000, 2000, 1, 4608, 45.144, 62.073, 100, 7, 0, 3, 1, 14381, 0, 524298),
  (52074, 10693, 0, 0, 0, 'Korbeak Warheart', '', 0, 20, 38, 1002, 1002, 1009, 55, 1, 1, 1.14286, 16, 0, 42, 53, 122, 1000, 2000, 1, 4608, 45.144, 62.073, 100, 7, 0, 3, 1, 15508, 0, 524298),
  (52075, 1402, 0, 0, 0, 'Rickard Ashbeard', '', 0, 20, 38, 1002, 1002, 1009, 55, 1, 1, 1.14286, 16, 0, 42, 53, 122, 1000, 2000, 1, 4608, 45.144, 62.073, 100, 7, 0, 3, 1, 0, 0, 524298),
  (52076, 1651, 0, 0, 0, 'Yani Stoutcaller', '', 0, 20, 38, 1002, 1002, 1009, 55, 1, 1, 1.14286, 16, 0, 42, 53, 122, 1000, 2000, 1, 4608, 45.144, 62.073, 100, 7, 0, 3, 1, 12657, 0, 524298),
  (52077, 3595, 0, 0, 0, 'Rooster', '', 0, 20, 38, 1002, 1002, 1009, 55, 1, 1, 1.14286, 16, 0, 42, 53, 122, 1000, 2000, 1, 4608, 45.144, 62.073, 100, 7, 0, 3, 1, 1074, 0, 524298),
  (52078, 9946, 0, 0, 0, 'Gregor', '', 0, 20, 38, 1002, 1002, 1009, 55, 1, 1, 1.14286, 16, 0, 42, 53, 122, 1000, 2000, 1, 4608, 45.144, 62.073, 100, 7, 0, 3, 1, 5102, 0, 524298),
  (52079, 1441, 0, 0, 0, 'Miya Bloomdale', 'Caretaker', 0, 20, 38, 1002, 1002, 1009, 12, 1, 1, 1.14286, 16, 0, 42, 53, 122, 1000, 2000, 1, 4608, 45.144, 62.073, 100, 7, 0, 3, 1, 1303, 0, 524298),
  (52080, 1822, 0, 0, 0, 'Rann Blackbeard', '', 0, 20, 38, 1002, 1002, 1009, 55, 2, 1, 1.14286, 16, 0, 42, 53, 122, 1000, 2000, 1, 4608, 45.144, 62.073, 100, 7, 0, 3, 1, 340, 0, 524298),
  (52081, 7769, 0, 0, 0, 'Wolfrick Finecomb', '', 0, 20, 38, 1002, 1002, 1009, 55, 1, 1, 1.14286, 16, 0, 42, 53, 122, 1000, 2000, 1, 4608, 45.144, 62.073, 100, 7, 0, 3, 1, 4266, 0, 524298),
  (52082, 7805, 0, 0, 0, 'Khazal Blinken', '', 0, 20, 38, 1002, 1002, 1009, 55, 2, 1, 1.14286, 16, 0, 42, 53, 122, 1000, 2000, 1, 4608, 45.144, 62.073, 100, 7, 0, 3, 1, 15213, 0, 524298),
  (52083, 10184, 0, 0, 0, 'Garrick Marblebrew', '', 0, 20, 38, 1002, 1002, 1009, 55, 1, 1, 1.14286, 16, 0, 42, 53, 122, 1000, 2000, 1, 4608, 45.144, 62.073, 100, 7, 0, 3, 1, 12738, 0, 524298),
  (52084, 1848, 0, 0, 0, 'Gror Aleburn', '', 0, 20, 38, 1002, 1002, 1009, 55, 1, 1, 1.14286, 16, 0, 42, 53, 122, 1000, 2000, 1, 4608, 45.144, 62.073, 100, 7, 0, 3, 1, 14634, 0, 524298),
  (52085, 9550, 0, 0, 0, 'Ernie Carrow', '', 0, 20, 38, 1002, 1002, 1009, 55, 1, 1, 1.14286, 16, 0, 42, 53, 122, 1000, 2000, 1, 4608, 45.144, 62.073, 100, 7, 0, 3, 1, 3540, 0, 524298),
  (52086, 4857, 0, 0, 0, 'Mary Morris', '', 0, 20, 38, 1002, 1002, 1009, 12, 1, 1, 1.14286, 16, 0, 42, 53, 122, 1000, 2000, 1, 4608, 45.144, 62.073, 100, 7, 0, 3, 1, 5112, 0, 524298),
  (52087, 15956, 0, 0, 0, 'Cadmus Shacklebolt', '', 0, 20, 38, 1002, 1002, 1009, 55, 1, 1, 1.14286, 16, 0, 42, 53, 122, 1000, 2000, 1, 4608, 45.144, 62.073, 100, 7, 0, 3, 1, 2104, 0, 524298),
  (52088, 5585, 5555, 5556, 5586, 'Kitty', NULL, 0, 1, 1, 1, 1, 20, 35, 0, 0.857143, 1, 16, 0, 2, 2, 44, 2000, 2000, 1, 0, 1.76, 2.42, 100, 8, 1, 1, 0, 0, 0, 2),
  (52090, 13850, 0, 0, 0, 'Gladdus Podmore', '', 0, 20, 38, 1002, 1002, 1009, 55, 1, 1, 1.14286, 16, 0, 42, 53, 122, 1000, 2000, 1, 4608, 45.144, 62.073, 100, 7, 0, 3, 1, 0, 0, 524298),
  (52091, 10299, 0, 0, 0, 'Silas Overden', 'Lumberjack', 0, 20, 38, 1002, 1002, 1009, 12, 1, 1, 1.14286, 16, 0, 42, 53, 122, 1000, 2000, 1, 4608, 45.144, 62.073, 100, 7, 0, 3, 1, 1698, 0, 524298),
  (52092, 1516, 0, 0, 0, 'Nathan Wolfspear', 'Lumberjack', 0, 20, 38, 1002, 1002, 1009, 12, 1, 1, 1.14286, 16, 0, 42, 53, 122, 1000, 2000, 1, 4608, 45.144, 62.073, 100, 7, 0, 3, 1, 1698, 0, 524298),
  (52093, 3007, 0, 0, 0, 'Falok Thurden', 'Gryphon Master', 704, 55, 55, 7842, 7842, 4500, 55, 11, 1, 1.14286, 20, 1, 310, 400, 248, 2000, 2000, 1, 4608, 58.872, 80.949, 100, 7, 0, 3, 0, 1573, 1, 524290),
  (52094, 6880, 0, 0, 0, 'Greta Stonehammer', 'Gryphon Master', 4106, 55, 55, 7842, 7842, 4500, 55, 11, 1, 1.14286, 20, 1, 310, 400, 248, 2000, 2000, 1, 4608, 58.872, 80.949, 100, 7, 0, 3, 0, 1573, 1, 524290),
  (52095, 13714, 0, 0, 0, 'Captain Snowbeard', '', 0, 20, 38, 1002, 1002, 1009, 55, 2, 1, 1.14286, 16, 0, 42, 53, 122, 1000, 2000, 1, 4608, 45.144, 62.073, 100, 7, 0, 3, 1, 13300, 0, 524298),
  (52096, 8089, 0, 0, 0, 'Chester Cogburn', '', 0, 20, 38, 1002, 1002, 1009, 55, 1, 1, 1.14286, 16, 0, 42, 53, 122, 1000, 2000, 1, 4608, 45.144, 62.073, 100, 7, 0, 3, 1, 5112, 0, 524298),
  (52097, 1684, 0, 0, 0, 'Brune Shunpike', '', 0, 20, 38, 1002, 1002, 1009, 55, 1, 1, 1.14286, 16, 0, 42, 53, 122, 1000, 2000, 1, 4608, 45.144, 62.073, 100, 7, 0, 3, 1, 0, 0, 524298),
  (52100, 3434, 0, 0, 0, 'Gragin Barrelbrew', '', 0, 20, 38, 1002, 1002, 1009, 55, 1, 1, 1.14286, 16, 0, 42, 53, 122, 1000, 2000, 1, 4608, 45.144, 62.073, 100, 7, 0, 3, 1, 0, 0, 524298),
  (52101, 3405, 0, 0, 0, 'Glyn Hatchet', '', 0, 20, 38, 1002, 1002, 1009, 55, 1, 1, 1.14286, 16, 0, 42, 53, 122, 1000, 2000, 1, 4608, 45.144, 62.073, 100, 7, 0, 3, 1, 0, 0, 524298),
  (52102, 3398, 0, 0, 0, 'Orion Coalborn', '', 0, 20, 38, 1002, 1002, 1009, 55, 2, 1, 1.14286, 16, 0, 42, 53, 122, 1000, 2000, 1, 4608, 45.144, 62.073, 100, 7, 0, 3, 1, 0, 0, 524298),
  (52103, 3438, 0, 0, 0, 'Orlin Kragrog', '', 0, 20, 38, 1002, 1002, 1009, 55, 1, 1, 1.14286, 16, 0, 42, 53, 122, 1000, 2000, 1, 4608, 45.144, 62.073, 100, 7, 0, 3, 1, 0, 0, 524298),
  (52104, 1843, 0, 0, 0, 'Ori Figgstout', '', 0, 20, 38, 1002, 1002, 1009, 55, 1, 1, 1.14286, 16, 0, 42, 53, 122, 1000, 2000, 1, 4608, 45.144, 62.073, 100, 7, 0, 3, 1, 16090, 0, 524298),
  (52105, 1849, 0, 0, 0, 'Kelvar Greybrew', '', 0, 20, 38, 1002, 1002, 1009, 55, 1, 1, 1.14286, 16, 0, 42, 53, 122, 1000, 2000, 1, 4608, 45.144, 62.073, 100, 7, 0, 3, 1, 0, 0, 524298),
  (52106, 3430, 0, 0, 0, 'Garrick Strongrock', '', 0, 20, 38, 1002, 1002, 1009, 55, 2, 1, 1.14286, 16, 0, 42, 53, 122, 1000, 2000, 1, 4608, 45.144, 62.073, 100, 7, 0, 3, 1, 0, 0, 524298),
  (52107, 3414, 0, 0, 0, 'Igor', '', 0, 20, 38, 1002, 1002, 1009, 55, 1, 1, 1.14286, 16, 0, 42, 53, 122, 1000, 2000, 1, 4608, 45.144, 62.073, 100, 7, 0, 3, 1, 0, 0, 524298),
  (52108, 3478, 0, 0, 0, 'Thror', '', 0, 20, 38, 1002, 1002, 1009, 55, 1, 1, 1.14286, 16, 0, 42, 53, 122, 1000, 2000, 1, 4608, 45.144, 62.073, 100, 7, 0, 3, 1, 0, 0, 524298),
  (52109, 1841, 0, 0, 0, 'Vidra Bullhorn', '', 0, 20, 38, 1002, 1002, 1009, 55, 1, 1, 1.14286, 16, 0, 42, 53, 122, 1000, 2000, 1, 4608, 45.144, 62.073, 100, 7, 0, 3, 1, 0, 0, 524298),
  (52111, 1286, 0, 0, 0, 'Gwenna', '', 0, 20, 38, 1002, 1002, 1009, 55, 1, 1, 1.14286, 16, 0, 42, 53, 122, 1000, 2000, 1, 4608, 45.144, 62.073, 100, 7, 0, 3, 1, 0, 0, 524298),
  (52112, 1670, 0, 0, 0, 'Myrtle Longbraid', '', 0, 20, 38, 1002, 1002, 1009, 55, 1, 1, 1.14286, 16, 0, 42, 53, 122, 1000, 2000, 1, 4608, 45.144, 62.073, 100, 7, 0, 3, 1, 0, 0, 524298),
  (52114, 3489, 0, 0, 0, 'Dorris Pringlebrule', '', 0, 20, 38, 1002, 1002, 1009, 55, 1, 1, 1.14286, 16, 0, 42, 53, 122, 1000, 2000, 1, 4608, 45.144, 62.073, 100, 7, 0, 3, 1, 12738, 0, 524298),
  (52115, 11752, 0, 0, 0, 'Minisa Dawlish', '', 0, 20, 38, 1002, 1002, 1009, 55, 1, 1, 1.14286, 16, 0, 42, 53, 122, 1000, 2000, 1, 4608, 45.144, 62.073, 100, 7, 0, 3, 1, 0, 0, 524298),
  (52116, 10477, 0, 0, 0, 'Irma Redtop', '', 0, 20, 38, 1002, 1002, 1009, 55, 1, 1, 1.14286, 16, 0, 42, 53, 122, 1000, 2000, 1, 4608, 45.144, 62.073, 100, 7, 0, 3, 1, 5112, 0, 524298),
  (52117, 14754, 0, 0, 0, 'Elena Firebrew', '', 0, 20, 38, 1002, 1002, 1009, 55, 1, 1, 1.14286, 16, 0, 42, 53, 122, 1000, 2000, 1, 4608, 45.144, 62.073, 100, 7, 0, 3, 1, 0, 0, 524298),
  (52118, 8185, 0, 0, 0, 'Innkeeper Heidi', 'Innkeeper', 342, 30, 30, 1002, 1002, 1200, 12, 135, 1, 1.14286, 16, 0, 42, 53, 122, 1000, 2000, 1, 4608, 45.144, 62.073, 100, 7, 0, 3, 1, 0, 0, 524298),
  (52123, 221, 0, 0, 0, 'Sam', '', 0, 6, 12, 102, 102, 109, 12, 0, 1, 1.14286, 16, 0, 42, 53, 122, 1000, 2000, 1, 4608, 45.144, 62.073, 100, 7, 0, 3, 1, 0, 0, 524298),
  (52124, 338, 0, 0, 0, 'Jonas', '', 0, 6, 12, 102, 102, 109, 12, 0, 1, 1.14286, 16, 0, 42, 53, 122, 1000, 2000, 1, 4608, 45.144, 62.073, 100, 7, 0, 3, 1, 0, 0, 524298),
  (52125, 257, 0, 0, 0, 'Jessica', '', 0, 6, 12, 102, 102, 109, 12, 1, 1, 1.14286, 16, 0, 42, 53, 122, 1000, 2000, 1, 4608, 45.144, 62.073, 100, 7, 0, 3, 1, 0, 0, 524298),
  (52126, 252, 0, 0, 0, 'Sophie', '', 0, 6, 12, 102, 102, 109, 12, 0, 1, 1.14286, 16, 0, 42, 53, 122, 1000, 2000, 1, 4608, 45.144, 62.073, 100, 7, 0, 3, 1, 0, 0, 524298),
  (52127, 344, 0, 0, 0, 'Canary', '', 0, 6, 12, 102, 102, 109, 12, 0, 1, 1.14286, 16, 0, 42, 53, 122, 1000, 2000, 1, 4608, 45.144, 62.073, 100, 7, 0, 3, 1, 0, 0, 524298),
  (52128, 3042, 0, 0, 0, 'Ormus Grindelbeard', 'Trade Supplier', 0, 20, 38, 1002, 1002, 1009, 55, 5, 1, 1.14286, 16, 0, 42, 53, 122, 1000, 2000, 1, 4608, 45.144, 62.073, 100, 7, 0, 3, 1, 15354, 0, 524298);


INSERT INTO `npc_vendor` (`entry`, `item`) VALUES
(52032, 2593),	-- Bartender
(52032, 2594),
(52032, 2595),
(52032, 2596),
(52032, 2723),
(52032, 4600),
(52043, 8485),	-- Cat Vendor
(52043, 8486),
(52043, 8487),
(52043, 8488),
(52043, 8489),
(52043, 8490),
(52043, 8491),
(52128, 2320),	-- Trade Goods
(52128, 2321),
(52128, 2324),
(52128, 2325),
(52128, 2604),
(52128, 2605),
(52128, 2678),
(52128, 2692),
(52128, 2880),
(52128, 2901),
(52128, 2928),
(52128, 3371),
(52128, 3372),
(52128, 3466),
(52128, 3713),
(52128, 3777),
(52128, 3857),
(52128, 4289),
(52128, 4291),
(52128, 4340),
(52128, 4341),
(52128, 4342),
(52128, 4399),
(52128, 4400),
(52128, 5956),
(52128, 6217),
(52128, 6256),
(52128, 6260),
(52128, 6529),
(52128, 6530),
(52128, 6532),
(52128, 7005),
(52128, 8343),
(52128, 8925);


INSERT INTO `creature` (`guid`, `id`, `position_x`, `position_y`, `position_z`, `orientation`, `wander_distance`, `movement_type`) VALUES 
  (1260000, 620, -3876.07, -1897.37, 140.332, 1.33399, 5, 1),
  (1260001, 620, -3876.27, -1917.81, 141.176, 2.35343, 5, 1),
  (1260002, 620, -3867.41, -1908.94, 140.248, 6.06994, 5, 1),
  (1260003, 721, -3938.78, -1737.09, 142.525, 2.85139, 10, 1),
  (1260004, 721, -4006.26, -1776.14, 142.615, 6.19875, 10, 1),
  (1260005, 721, -4078.49, -1877.5, 145.611, 4.92247, 10, 1),
  (1260006, 721, -3928.34, -1681.78, 144.053, 0.998626, 10, 1),
  (1260007, 721, -3828.66, -1624.35, 133.699, 0.772431, 10, 1),
  (1260008, 721, -3939.81, -1811.53, 142.466, 5.38181, 10, 1),
  (1260009, 721, -3897.09, -1468.79, 142.004, 1.23974, 10, 1),
  (1260010, 721, -4054.12, -1460.73, 167.005, 3.54096, 10, 1),
  (1260011, 721, -4061.52, -1685.81, 176.666, 6.27336, 10, 1),
  (1260012, 721, -3886.61, -2032.93, 149.072, 5.97098, 10, 1),
  (1260013, 721, -3942.81, -1880.18, 143.722, 5.76915, 10, 1),
  (1260014, 721, -4009.6, -1711.08, 144.018, 0.0891613, 10, 1),
  (1260015, 721, -3838.61, -1785.29, 142.458, 0.697844, 10, 1),
  (1260016, 721, -4051.84, -1875.23, 144.955, 1.2916, 10, 1),
  (1260017, 721, -3990.98, -1911.84, 144.519, 3.68314, 10, 1),
  (1260018, 721, -4093.83, -1946.57, 165.872, 5.77622, 10, 1),
  (1260019, 721, -4001.03, -1965.68, 149.911, 5.61129, 10, 1),
  (1260020, 721, -3944.15, -1969.12, 144.445, 3.14042, 10, 1),
  (1260021, 721, -3854.8, -1965.87, 140.829, 4.23998, 10, 1),
  (1260022, 721, -4097.37, -1558.68, 210.887, 2.38643, 10, 1),
  (1260023, 721, -3892, -1926.8, 142.789, 1.52642, 10, 1),
  (1260204, 727, -4089.29, -1597.88, 211.462, 6.15283, 0, 0),
  (1260205, 727, -4083.79, -1620.79, 212.376, 1.0336, 0, 0),
  (1260024, 883, -3897.73, -1719.16, 142.691, 6.17596, 5, 1),
  (1260025, 883, -3857.1, -1944.07, 142.77, 2.39661, 5, 1),
  (1260026, 883, -4076.11, -1847.34, 143.8, 4.07107, 5, 1),
  (1260027, 883, -3832.48, -1676.29, 137.668, 0.730013, 5, 1),
  (1260028, 883, -3840.57, -1762.06, 142.466, 1.10308, 5, 1),
  (1260029, 883, -3998.96, -1781.46, 143.24, 5.85393, 5, 1),
  (1260030, 890, -3855.01, -1945.19, 142.613, 0.130735, 5, 1),
  (1260031, 890, -3898.85, -1715.97, 142.767, 1.90654, 5, 1),
  (1260032, 890, -3899.71, -1718.86, 142.676, 4.35384, 5, 1),
  (1260033, 890, -4076.06, -1845.02, 143.658, 1.34417, 5, 1),
  (1260034, 890, -3837.89, -1761.53, 142.444, 0.686814, 5, 1),
  (1260035, 1285, -3966.17, -1389.4, 153.123, 3.10275, 0, 0),
  (1260036, 1412, -4045.71, -1821.22, 144.855, 4.84237, 10, 1),
  (1260037, 1412, -3969.08, -1808.44, 141.496, 4.81095, 10, 1),
  (1260038, 1412, -3906.43, -1662.47, 137.023, 5.39685, 10, 1),
  (1260039, 1412, -3828.98, -1886.33, 142.251, 1.43923, 10, 1),
  (1260040, 1412, -3848.78, -1721.41, 142.007, 0.174734, 10, 1),
  (1260041, 1412, -3897.34, -1677.79, 137.383, 2.7053, 10, 1),
  (1260042, 1420, -4143.92, -1960.24, 169.212, 3.32733, 5, 1),
  (1260043, 1420, -4040.32, -1360.52, 140.049, 5.96627, 5, 1),
  (1260044, 1420, -4069.38, -1355.71, 136.432, 4.86987, 5, 1),
  (1260045, 1420, -4104.17, -1344.26, 138.728, 4.31694, 5, 1),
  (1260046, 1420, -4104.07, -1299.1, 139.042, 1.19104, 5, 1),
  (1260047, 1420, -4114.2, -1319.24, 138.507, 5.36151, 5, 1),
  (1260048, 50515, -3941.31, -2009.57, 141.992, 6.2639, 0, 0),
  (1260049, 50516, -3940.12, -2005.73, 141.992, 5.94975, 0, 0),
  (1260050, 2364, -3855.22, -1879.69, 142.187, 1.59786, 0, 0),
  (1260051, 4075, -3825.92, -1867.14, 135.642, 4.3821, 10, 1),
  (1260052, 4075, -3834.05, -1862.66, 135.642, 0.424528, 10, 1),
  (1260053, 4075, -4134.91, -1055.09, 167.925, 0.362454, 10, 1),
  (1260054, 4075, -3835.14, -1872.43, 135.642, 4.37979, 10, 1),
  (1260055, 5570, -4111.89, -1250.18, 142.292, 0.646794, 0, 0),
  (1260056, 6548, -3868.44, -2024.92, 143.535, 0.697814, 0, 0),
  (1260057, 52118, -3854.21, -1872.23, 142.187, 2.81916, 0, 0),
  (1260058, 12375, -3874.25, -1909.73, 140.258, 2.63853, 0, 0),
  (1260059, 12376, -3866.43, -1906.94, 140.213, 5.76049, 0, 0),
  (1260060, 52000, -3868.61, -1859.6, 149.668, 3.25426, 0, 2),
  (1260061, 52001, -3853.35, -1863.13, 142.187, 2.00825, 0, 2),
  (1260062, 52002, -3864.56, -1864.27, 142.814, 3.10502, 0, 2),
  (1260063, 52003, -3821.59, -1872.21, 135.642, 4.18101, 0, 2),
  (1260064, 52004, -3839.66, -1879.65, 142.784, 6.27409, 0, 0),
  (1260065, 52005, -3951.69, -1803.78, 148.478, 0.524986, 0, 0),
  (1260066, 52006, -3948.68, -1824.73, 142.564, 5.34737, 0, 2),
  (1260067, 52007, -4011.86, -1886.13, 147.488, 2.94205, 0, 0),
  (1260068, 52008, -4035.68, -1851.77, 145.263, 0.742933, 0, 0),
  (1260069, 52009, -3853.18, -1859.72, 149.669, 3.17729, 0, 2),
  (1260070, 52010, -3834.43, -1852.21, 142.428, 5.66149, 0, 0),
  (1260071, 52011, -4032.1, -1889.72, 147.488, 2.52971, 0, 2),
  (1260072, 52012, -4027.94, -1888.31, 147.488, 4.33023, 0, 2),
  (1260073, 52013, -4032, -1896.2, 147.488, 0.38951, 0, 2),
  (1260074, 52014, -3885.38, -1832.43, 142.463, 2.32353, 0, 0),
  (1260075, 52015, -3919.74, -1672.03, 144.894, 0.833259, 0, 0),
  (1260076, 52016, -3966.86, -1903.62, 142.271, 0.364368, 0, 2),
  (1260077, 52017, -3929.89, -1927.97, 143.366, 0.114618, 0, 2),
  (1260078, 52018, -3959.59, -1907.1, 142.607, 3.26249, 0, 2),
  (1260079, 52019, -4060.03, -1363.32, 136.712, 1.19651, 0, 2),
  (1260080, 52020, -3876.72, -1901.81, 140.177, 2.33022, 0, 0),
  (1260081, 52021, -3836.81, -2019.63, 159.621, 3.77653, 0, 0),
  (1260082, 52022, -3858.6, -2039.61, 151.203, 1.21419, 0, 2),
  (1260083, 52023, -3998.99, -1900.07, 145.191, 2.26269, 0, 0),
  (1260084, 52024, -4002.99, -1896.79, 145.267, 0.179407, 0, 0),
  (1260085, 52025, -3968.52, -1813.27, 141.529, 5.25503, 0, 0),
  (1260086, 52026, -3953.59, -1823.49, 143.713, 2.05453, 0, 0),
  (1260087, 52027, -3948.78, -2009.98, 150.492, 2.86035, 0, 0),
  (1260088, 52028, -3920.84, -1894.09, 143.72, 2.68993, 0, 2),
  (1260089, 52029, -3831.56, -1866.2, 142.797, 2.27446, 0, 0),
  (1260090, 52030, -3959.09, -1946.08, 143.011, 0.841923, 10, 1),
  (1260091, 52031, -3874.81, -1855.79, 143.028, 2.20378, 0, 2),
  (1260092, 52032, -3841.81, -1865.42, 142.81, 3.23068, 0, 0),
  (1260093, 52033, -4031.13, -1895.85, 147.488, 3.51029, 0, 2),
  (1260094, 52034, -3986.68, -1660.14, 159.708, 5.69487, 0, 0),
  (1260095, 52035, -3942.16, -1873.72, 143.411, 2.15626, 0, 2),
  (1260096, 52036, -3870.87, -1835.92, 143.737, 3.10658, 0, 0),
  (1260097, 52037, -3942.78, -1872.78, 143.393, 5.28999, 0, 2),
  (1260098, 52038, -3946.06, -1988.57, 142.007, 1.09126, 0, 0),
  (1260099, 52039, -3950.64, -2011.96, 141.559, 6.09346, 0, 2),
  (1260100, 52040, -3846.53, -1870.96, 142.81, 1.65792, 0, 0),
  (1260101, 52041, -3910.93, -1865.13, 144.056, 3.60571, 0, 2),
  (1260102, 52042, -3878.22, -1639.83, 133.01, 3.31118, 0, 0),
  (1260103, 52043, -3876.91, -1870.69, 142.361, 3.19337, 0, 0),
  (1260104, 52044, -3841.95, -1861.77, 142.81, 3.41329, 0, 0),
  (1260105, 52045, -3923.43, -1841.54, 142.655, 5.21381, 0, 0),
  (1260106, 52046, -4019.12, -1841.66, 145.563, 1.47335, 0, 2),
  (1260107, 52047, -3858.05, -2038.1, 151.203, 4.35968, 0, 2),
  (1260108, 52048, -3957.34, -1814.96, 143.713, 5.87511, 0, 0),
  (1260109, 52049, -3924.14, -1869.69, 143.971, 5.41604, 0, 2),
  (1260110, 52050, -4028.21, -1889.07, 147.488, 1.28486, 0, 2),
  (1260111, 52051, -4032.77, -1889.22, 147.488, 5.59473, 0, 2),
  (1260112, 52052, -4020.22, -1883.59, 147.487, 0.323143, 0, 0),
  (1260113, 52053, -3964.86, -1634.21, 136.01, 6.28078, 0, 0),
  (1260114, 52054, -3993.76, -1369.83, 149.427, 5.63911, 0, 2),
  (1260115, 52055, -3933.82, -1875.54, 143.604, 1.00881, 0, 0),
  (1260116, 52056, -3952.96, -1808.74, 143.71, 2.09347, 0, 2),
  (1260117, 52057, -3956.2, -1996.68, 141.559, 0.089085, 0, 0),
  (1260118, 52058, -4040.54, -1879.35, 148.847, 5.27154, 0, 0),
  (1260119, 52059, -4101.56, -1933.78, 167.14, 0.944794, 0, 0),
  (1260120, 52060, -3830.29, -1869.5, 142.798, 4.38051, 0, 0),
  (1260121, 52061, -3854.99, -2002.63, 143.535, 1.81107, 0, 0),
  (1260122, 52062, -3816.83, -1647.4, 135.082, 0.598009, 0, 2),
  (1260123, 52063, -3819.99, -1635.49, 134.208, 6.25092, 0, 2),
  (1260124, 52064, -3855.26, -1610.19, 133.068, 1.61904, 0, 0),
  (1260125, 52064, -3899.35, -1623.48, 134.029, 2.4771, 0, 2),
  (1260126, 52064, -3900.9, -1622.27, 133.876, 5.56764, 0, 2),
  (1260127, 52064, -3893.43, -1601.23, 152.695, 0.334919, 0, 0),
  (1260128, 52064, -3967.53, -1598.03, 154.141, 3.11484, 0, 0),
  (1260129, 52064, -3875.48, -1611.19, 133.152, 1.54247, 0, 0),
  (1260130, 52064, -3951.27, -1605.13, 154.171, 5.42233, 0, 0),
  (1260131, 52064, -3883.93, -1582.58, 152.682, 1.22242, 0, 0),
  (1260132, 52064, -3844.19, -1574.06, 156.824, 2.29449, 0, 0),
  (1260133, 52064, -3888.49, -1573.87, 156.824, 1.47453, 0, 0),
  (1260134, 52064, -3967.53, -1603.27, 154.141, 3.11484, 0, 0),
  (1260135, 52064, -3891.05, -1600.29, 152.67, 3.48437, 0, 0),
  (1260136, 52064, -3995.57, -1873.18, 145.045, 0.190803, 0, 0),
  (1260137, 52064, -3918.42, -1597.07, 154.178, 0.798305, 0, 0),
  (1260138, 52064, -3993.38, -1881.49, 145.044, 0.242236, 0, 0),
  (1260202, 52064, -3864.96, -1456.83, 141.096, 0.819954, 0, 2),
  (1260139, 52065, -3940.79, -1617.03, 134.607, 4.80974, 0, 2),
  (1260140, 52066, -3950.08, -2022.3, 136.071, 5.16707, 0, 0),
  (1260141, 52067, -4162.64, -1132.08, 166.419, 0.84896, 0, 0),
  (1260142, 52068, -4114.79, -1258.97, 142.292, 3.21693, 0, 2),
  (1260143, 52069, -3906.15, -1416.89, 162.422, 0.601168, 0, 0),
  (1260144, 52070, -3843.69, -1867.77, 142.81, 0.890204, 0, 2),
  (1260145, 52071, -4105.53, -1252.8, 142.292, 0.678137, 0, 0),
  (1260146, 52072, -4034.83, -1902.97, 147.488, 1.07673, 0, 2),
  (1260147, 52073, -4111.05, -1267.98, 148.959, 0.32471, 0, 0),
  (1260148, 52074, -3995.89, -1374.53, 149.822, 0.13346, 0, 2),
  (1260149, 52075, -3947.76, -1345.15, 148.703, 2.19788, 0, 0),
  (1260150, 52076, -3949.59, -1345.68, 148.706, 1.86997, 0, 0),
  (1260151, 52077, -4083.76, -1088.71, 168.852, 3.65281, 0, 0),
  (1260152, 52078, -3986.55, -1515.3, 168.862, 4.2301, 0, 2),
  (1260153, 52079, -3833.69, -1618.2, 134.246, 3.13092, 0, 2),
  (1260154, 52080, -4730.39, -1585.83, 506.453, 2.3746, 0, 0),
  (1260155, 52081, -4029.85, -1892.34, 147.488, 5.22952, 0, 2),
  (1260156, 52082, -5014.80, -1541.13, 656.365, 4.103262, 0, 0),
  (1260157, 52083, -3928.55, -1877.53, 143.968, 3.23422, 0, 2),
  (1260158, 52084, -4065.51, -1361.99, 137.494, 0.901999, 0, 2),
  (1260159, 52085, -4041.07, -1316.63, 138.566, 2.72927, 0, 2),
  (1260160, 52086, -3929.83, -1877.39, 143.87, 6.14805, 0, 2),
  (1260161, 52087, -3982.55, -1546.03, 166.876, 6.13271, 0, 0),
  (1260162, 52088, -4105.13, -1262.2, 141.459, 3.05715, 4, 1),
  (1260163, 52088, -3874.63, -1836.23, 143.736, 0.0278694, 4, 1),
  (1260164, 52088, -3861.3, -1853.98, 141.964, 1.05203, 4, 1),
  (1260165, 52088, -3833.32, -1868.08, 142.799, 0.389936, 4, 1),
  (1260166, 52088, -3865.71, -1861.93, 149.668, 3.398, 4, 1),
  (1260167, 52088, -3866.21, -2024.64, 143.535, 4.33341, 4, 1),
  (1260168, 52088, -3850.4, -2004.93, 161.788, 2.75555, 4, 1),
  (1260169, 52088, -3944.5, -2018.41, 164.23, 4.67663, 4, 1),
  (1260170, 52088, -3828.25, -1860.34, 150.518, 0.346729, 4, 1),
  (1260171, 52088, -3876.11, -1872.25, 142.364, 1.98666, 4, 1),
  (1260172, 52088, -3871.55, -1911.05, 140.244, 4.70807, 4, 1),
  (1260173, 52088, -3869.79, -1826.34, 141.666, 3.58887, 4, 1),
  (1260174, 52090, -4594.12, -1712.04, 503.477, 2.12128, 0, 0),
  (1260200, 52091, -3928.07, -1628.53, 132.486, 5.22213, 0, 2),
  (1260201, 52092, -3849.77, -1667.41, 135.399, 0.407636, 0, 2),
  (1260207, 52093, -4491.07, -1578.91, 509.005, 4.09503, 0, 0),
  (1260206, 52094, -3949.49, -1329.84, 148.725, 3.94913, 0, 0),
  (1260175, 52095, -3981.51, -1524.28, 169.931, 0.727211, 0, 0),
  (1260176, 52096, -3971.97, -1617.48, 138.418, 2.47474, 0, 0),
  (1260177, 52097, -3961.55, -1329.68, 148.67, 2.73392, 0, 0),
  (1260178, 52100, -4140.88, -1110.32, 168.915, 4.55998, 0, 2),
  (1260179, 52101, -3963.08, -1329.11, 148.691, 6.0267, 0, 0),
  (1260180, 52102, -4579.91, -1712.48, 510.347, 0.020365, 0, 0),
  (1260181, 52103, -4024.88, -1274.73, 146.534, 4.4127, 0, 0),
  (1260182, 52104, -4024.46, -1895.09, 147.488, 3.3312, 0, 0),
  (1260183, 52105, -4105.33, -1253.6, 148.958, 3.82955, 0, 0),
  (1260184, 52106, -4023.58, -1505.39, 168.688, 4.44810, 0, 0),
  (1260185, 52107, -4142.19, -1059, 167.926, 3.13918, 0, 0),
  (1260186, 52108, -3997.39, -1297.49, 146.861, 5.16473, 0, 0),
  (1260187, 52109, -4036.42, -1466.87, 169.863, 0.906679, 0, 0),
  (1260188, 52111, -3877.48, -1473.53, 140.139, 6.2364, 0, 2),
  (1260189, 52112, -3959.24, -1351.46, 148.609, 3.51774, 0, 0),
  (1260190, 52114, -4133.25, -1105.69, 168.916, 5.79697, 0, 2),
  (1260191, 52115, -4140.15, -1077.71, 168.916, 4.8321, 0, 0),
  (1260192, 52116, -4131.58, -1106.62, 168.92, 2.59844, 0, 2),
  (1260193, 52117, -4029.37, -1893.33, 147.488, 1.95127, 0, 2),
  (1260194, 52123, -3962.82, -1835.02, 142.301, 2.43195, 0, 2),
  (1260195, 52124, -3962.26, -1837.33, 142.556, 2.45162, 0, 2),
  (1260196, 52125, -3954.26, -1805.1, 143.701, 2.07026, 0, 0),
  (1260197, 52126, -3959.8, -1837.25, 142.659, 2.43784, 0, 2),
  (1260198, 52127, -3959.47, -1839.28, 143.027, 2.3377, 0, 2),
  (1260199, 52128, -4088.47, -1604.71, 212.054, 6.15792, 0, 0),
  (1260208, 721, -3980.93, -1334.87, 146.392, 4.84955, 10, 1),
  (1260209, 721, -3860.17, -1564.24, 132.674, 0.331159, 10, 1),
  (1260210, 721, -3887.1, -1651.32, 133.56, 5.61689, 10, 1),
  (1260211, 721, -3931.08, -1640.5, 132.43, 5.95069, 10, 1),
  (1260212, 721, -3992.89, -1747.89, 144.436, 5.95855, 10, 1),
  (1260214, 1412, -4061.18, -1780.16, 150.601, 2.84443, 10, 1),
  (1260215, 721, -3978.16, -1850.65, 142.625, 2.79417, 10, 1),
  (1260216, 721, -4018.55, -1810.1, 147.216, 0.760773, 10, 1),
  (1260217, 721, -3977.32, -2001.94, 140.917, 4.69484, 10, 1),
  (1260218, 721, -4061.9, -1955.34, 168.951, 2.00093, 10, 1),
  (1260219, 721, -4066.76, -1906.71, 144.66, 6.27349, 10, 1),
  (1260220, 721, -4698.69, -1610.85, 507.26, 1.437, 10, 1), 
  (1260221, 721, -4820.07, -1654.84, 504.285, 2.43446, 10, 1), 
  (1260222, 721, -4922.38, -1647.73, 503.71, 2.33393, 10, 1), 
  (1260223, 721, -4856.19, -1723.19, 504.101, 6.1863, 10, 1), 
  (1260224, 721, -4968.96, -1685.88, 503.582, 6.04335, 10, 1), 
  (1260225, 721, -5031.48, -1619.96, 506.217, 3.63218, 10, 1), 
  (1260226, 721, -5169.49, -1607.27, 503.175, 2.63865, 10, 1), 
  (1260227, 721, -5220.73, -1661.71, 499.333, 3.94634, 10, 1), 
  (1260228, 721, -5289.48, -1757.26, 509.983, 4.20159, 10, 1), 
  (1260229, 721, -5283.71, -1836.85, 513.751, 5.21947, 10, 1), 
  (1260230, 721, -5180.59, -1916.99, 516.92, 0.0499759, 10, 1), 
  (1260231, 721, -5104.42, -1817.25, 500.984, 1.2108, 10, 1), 
  (1260232, 721, -4983.9, -1744.39, 504.669, 2.16899, 10, 1), 
  (1260233, 721, -4720.34, -1788.83, 522.017, 4.12856, 10, 1), 
  (1260234, 721, -4681.52, -1750.58, 504.412, 1.15976, 10, 1), 
  (1260235, 721, -4716.46, -1729.81, 503.325, 2.18863, 10, 1), 
  (1260236, 721, -4546.76, -1778.9, 506.638, 1.28935, 10, 1), 
  (1260237, 721, -4486.76, -1741.9, 504.503, 6.20201, 10, 1), 
  (1260238, 721, -4554, -1603.71, 502.671, 3.00544, 10, 1), 
  (1260239, 721, -4533.64, -1454.31, 523.128, 2.36927, 10, 1), 
  (1260240, 721, -4474.44, -1433.2, 521.186, 0.366507, 10, 1), 
  (1260241, 721, -4504.31, -1503.96, 509.405, 4.60766, 10, 1), 
  (1260242, 721, -4058.03, -1537.22, 190.767, 3.19786, 10, 1), 
  (1260243, 721, -4018.91, -1548.46, 176.549, 0.734851, 10, 1), 
  (1260244, 721, -3961.45, -1457.83, 178.494, 6.22949, 10, 1);


INSERT INTO `creature_movement_scripts` (`id`, `delay`, `command`, `datalong`, `datalong2`, `datalong3`, `datalong4`, `comments`) VALUES 
  (14000000, 0, 28, 1, 0, 0, 0, 'General - Sit'),
  (14000001, 0, 28, 5, 0, 0, 0, 'General - Sit Chair'),
  (14000002, 6, 1, 92, 0, 0, 0, 'General - Bar Drinker'),
  (14000002, 26, 1, 92, 153, 71, 1, 'General - Bar Drinker'),
  (14000002, 45, 1, 92, 275, 0, 0, 'General - Bar Drinker'),
  (14000002, 57, 1, 92, 5, 4, 273, 'General - Bar Drinker'),
  (14000003, 0, 15, 7620, 0, 0, 0, 'General - Fish'),
  (14000004, 1, 1, 66, 0, 0, 0, 'General - Salute'),
  (14000005, 4, 1, 92, 0, 0, 0, 'General - Quiet Drinker'),
  (14000005, 23, 1, 92, 0, 0, 0, 'General - Quiet Drinker'),
  (14000005, 37, 1, 92, 0, 0, 0, 'General - Quiet Drinker'),
  (14000005, 54, 1, 92, 0, 0, 0, 'General - Quiet Drinker'),
  (14000006, 2, 1, 92, 0, 0, 0, 'General - Total Drunk'),
  (14000006, 9, 1, 92, 12, 26, 64, 'General - Total Drunk'),
  (14000006, 15, 1, 92, 0, 0, 0, 'General - Total Drunk'),
  (14000006, 18, 1, 93, 0, 0, 0, 'General - Total Drunk'),
  (14000006, 35, 28, 3, 0, 0, 0, 'General - Total Drunk'),
  (14000006, 65, 28, 0, 0, 0, 0, 'General - Total Drunk'),
  (14000006, 66, 1, 26, 0, 0, 0, 'General - Total Drunk'),
  (14000007, 14, 1, 1, 5, 6, 153, 'General - Gossiper'),
  (14000007, 38, 1, 1, 21, 71, 273, 'General - Gossiper'),
  (14000008, 0, 1, 333, 0, 0, 0, 'General - Ready Attack');


INSERT INTO `creature_movement` (`id`, `point`, `position_x`, `position_y`, `position_z`, `orientation`, `waittime`, `script_id`) VALUES
  (1260060, 1, -3868.66, -1859.62, 149.668, 3.25426, 20000, 0),
  (1260060, 2, -3868.45, -1865.22, 149.668, 3.25426, 120000, 0),
  (1260060, 3, -3862.32, -1864.87, 149.668, 5.90425, 0, 0),
  (1260060, 4, -3856.61, -1871.05, 149.668, 4.99123, 0, 0),
  (1260060, 5, -3856.65, -1873.01, 149.668, 4.40807, 0, 0),
  (1260060, 6, -3857.35, -1873.02, 149.668, 3.17107, 30000, 0),
  (1260060, 7, -3857.82, -1869.19, 149.668, 2.27571, 0, 0),
  (1260061, 1, -3853.35, -1863.13, 142.187, 2.00825, 80000, 14000005),
  (1260062, 1, -3864.56, -1864.27, 142.814, 3.1604, 60000, 0),
  (1260062, 2, -3864.5, -1870.83, 142.814, 3.13095, 0, 0),
  (1260062, 3, -3867.55, -1870.65, 142.814, 1.62299, 0, 0),
  (1260062, 4, -3868.65, -1863.89, 142.799, 3.08972, 0, 0),
  (1260062, 5, -3876.18, -1863.81, 142.797, 3.13095, 0, 0),
  (1260062, 6, -3879.68, -1863.77, 142.513, 3.13095, 0, 0),
  (1260062, 7, -3889.63, -1862.87, 142.943, 1.86449, 0, 0),
  (1260062, 8, -3896.81, -1848.29, 142.742, 2.0153, 0, 0),
  (1260062, 9, -3913.53, -1831.86, 142.565, 2.65146, 0, 0),
  (1260062, 10, -3930.36, -1834.02, 142.738, 3.32887, 0, 0),
  (1260062, 11, -3949.27, -1842.81, 143.702, 4.15942, 0, 0),
  (1260062, 12, -3958.64, -1859.38, 143.422, 4.31257, 0, 0),
  (1260062, 13, -3963.02, -1865.94, 142.78, 3.48791, 0, 0),
  (1260062, 14, -3972.03, -1868.58, 142.5, 3.44078, 0, 0),
  (1260062, 15, -3980.24, -1871.21, 145.07, 3.44078, 0, 0),
  (1260062, 16, -3996.42, -1876.13, 145.042, 3.429, 0, 0),
  (1260062, 17, -4003.43, -1878.2, 147.487, 3.429, 0, 0),
  (1260062, 18, -4017.94, -1882.29, 147.486, 4.68956, 0, 0),
  (1260062, 19, -4014.68, -1899.32, 146.586, 4.95267, 60000, 0),
  (1260062, 20, -4016.69, -1891.96, 146.586, 1.78948, 0, 0),
  (1260062, 21, -4018.84, -1883.96, 147.486, 0.287405, 0, 0),
  (1260062, 22, -4003.35, -1880.68, 147.486, 0.210828, 0, 0),
  (1260062, 23, -3995.48, -1878.82, 145.042, 0.23439, 0, 0),
  (1260062, 24, -3979.25, -1874.18, 145.058, 0.34631, 0, 0),
  (1260062, 25, -3970.5, -1871.07, 142.511, 0.310967, 0, 0),
  (1260062, 26, -3960.91, -1870.15, 142.941, 5.51619, 0, 0),
  (1260062, 27, -3948.89, -1885.36, 144.205, 5.63989, 0, 0),
  (1260062, 28, -3928.76, -1906.28, 142.738, 5.49852, 0, 0),
  (1260062, 29, -3913.67, -1910.53, 143.362, 0.352189, 0, 0),
  (1260062, 30, -3899.36, -1900.05, 141.916, 1.07672, 0, 0),
  (1260062, 31, -3887.85, -1879.9, 142.069, 1.11795, 0, 0),
  (1260062, 32, -3884.01, -1867.1, 142.605, 0.458218, 0, 0),
  (1260062, 33, -3879.46, -1865.04, 142.453, 0.016432, 0, 0),
  (1260062, 34, -3869.42, -1865.14, 142.797, 4.85056, 0, 0),
  (1260062, 35, -3867.76, -1870.53, 142.812, 5.82837, 0, 0),
  (1260062, 36, -3865.17, -1871.85, 142.812, 1.44781, 0, 0),
  (1260063, 1, -3821.59, -1872.21, 135.642, 4.18101, 68000, 14000006),
  (1260066, 1, -3948.68, -1824.73, 142.564, 5.34737, 1000, 14000001),
  (1260069, 1, -3852.84, -1859.73, 149.668, 3.17258, 55000, 0),
  (1260069, 2, -3852.96, -1864.17, 149.668, 4.76889, 0, 0),
  (1260069, 3, -3849.9, -1868.53, 149.668, 4.90909, 35000, 0),
  (1260069, 4, -3853.38, -1869.58, 149.668, 3.80756, 0, 0),
  (1260069, 5, -3855.42, -1873.47, 149.668, 4.59099, 0, 0),
  (1260069, 6, -3856.51, -1878.82, 149.668, 4.00194, 0, 0),
  (1260069, 7, -3857.66, -1880.3, 149.668, 3.08892, 25000, 0),
  (1260069, 8, -3855.88, -1876.22, 149.668, 1.14506, 0, 0),
  (1260069, 9, -3853.51, -1869.98, 149.668, 0.815191, 0, 0),
  (1260069, 10, -3850.9, -1867.78, 149.668, 0.656144, 0, 0),
  (1260069, 11, -3845.02, -1867.3, 149.668, 6.2148, 0, 0),
  (1260069, 12, -3844.53, -1867.78, 149.668, 4.91301, 45000, 0),
  (1260069, 13, -3844.53, -1867.78, 149.668, 1.64575, 0, 0),
  (1260069, 14, -3844.96, -1862.04, 149.668, 2.08129, 0, 0),
  (1260069, 15, -3847.04, -1860.03, 149.668, 2.74102, 0, 0),
  (1260071, 1, -4032.1, -1889.72, 147.488, 2.52971, 60000, 8537901),
  (1260072, 1, -4027.94, -1888.31, 147.488, 4.33023, 60000, 8537901),
  (1260073, 1, -4032, -1896.2, 147.488, 0.38951, 60000, 8537901),
  (1260076, 1, -3966.86, -1903.62, 142.271, 0.364368, 1000, 64),
  (1260077, 1, -3929.89, -1927.97, 143.366, 0.114618, 1000, 64),
  (1260078, 1, -3959.59, -1907.1, 142.607, 3.26249, 1000, 64),
  (1260079, 1, -4060.03, -1363.32, 136.712, 1.19651, 25000, 14000003),
  (1260082, 1, -3858.6, -2039.61, 151.203, 1.26521, 40000, 14000007),
  (1260088, 1, -3920.93, -1894.06, 143.717, 2.70812, 180000, 0),
  (1260088, 2, -3931.28, -1894.16, 143.06, 2.75524, 0, 0),
  (1260088, 3, -3943.4, -1886.78, 143.931, 2.45483, 0, 0),
  (1260088, 4, -3952.6, -1877.68, 143.949, 1.71852, 0, 0),
  (1260088, 5, -3953.52, -1863.98, 143.395, 1.75975, 0, 0),
  (1260088, 6, -3954.6, -1857.33, 143.859, 1.36509, 0, 0),
  (1260088, 7, -3950.27, -1845.84, 143.944, 1.01755, 0, 0),
  (1260088, 8, -3943.79, -1834.87, 143.236, 1.81277, 0, 0),
  (1260088, 9, -3946.64, -1825.51, 142.646, 2.08962, 0, 0),
  (1260088, 10, -3949.3, -1821.12, 143.712, 2.11318, 0, 0),
  (1260088, 11, -3957.11, -1807.97, 143.698, 2.11318, 0, 0),
  (1260088, 12, -3959.3, -1804.32, 144.186, 2.14263, 0, 0),
  (1260088, 13, -3953.58, -1814.25, 143.711, 3.72128, 0, 0),
  (1260088, 14, -3963.98, -1821.34, 143.711, 5.10554, 0, 0),
  (1260088, 15, -3961.32, -1826.95, 143.711, 0.454024, 0, 0),
  (1260088, 16, -3954.11, -1823.31, 148.477, 0.47759, 0, 0),
  (1260088, 17, -3953.93, -1811.55, 148.478, 2.06213, 0, 0),
  (1260088, 18, -3951.96, -1804.81, 148.478, 1.26691, 9000, 0),
  (1260088, 19, -3960.77, -1809, 148.475, 3.6447, 0, 0),
  (1260088, 20, -3954.63, -1811.22, 148.477, 5.0702, 0, 0),
  (1260088, 21, -3954.03, -1821.8, 148.436, 3.63882, 0, 0),
  (1260088, 22, -3962.04, -1825.8, 143.713, 2.00715, 0, 0),
  (1260088, 23, -3962.6, -1823.38, 143.713, 0.522752, 0, 0),
  (1260088, 24, -3952.49, -1820.42, 143.713, 6.1462, 0, 0),
  (1260088, 25, -3949.48, -1821.22, 143.713, 5.42168, 0, 0),
  (1260088, 26, -3946.62, -1824.94, 142.613, 5.40401, 0, 0),
  (1260088, 27, -3940.56, -1831.26, 143.002, 6.16388, 0, 0),
  (1260088, 28, -3916.41, -1829.67, 142.788, 5.81634, 0, 0),
  (1260088, 29, -3897.83, -1837.46, 142.48, 5.68086, 0, 0),
  (1260088, 30, -3891.41, -1842.49, 142.71, 0.493306, 0, 0),
  (1260088, 31, -3885.43, -1839.33, 142.788, 0.634678, 0, 0),
  (1260088, 32, -3882.69, -1837.39, 143.739, 0.617006, 0, 0),
  (1260088, 33, -3872.11, -1835.89, 143.736, 6.26402, 9000, 0),
  (1260088, 34, -3882.24, -1837.43, 143.737, 3.80769, 0, 0),
  (1260088, 35, -3885.35, -1839.82, 142.809, 3.79591, 0, 0),
  (1260088, 36, -3890.12, -1843.8, 142.838, 4.99756, 0, 0),
  (1260088, 37, -3885.96, -1854.92, 143.276, 4.95633, 0, 0),
  (1260088, 38, -3883.23, -1874.09, 142.268, 4.75606, 0, 0),
  (1260088, 39, -3888.61, -1886.62, 141.435, 4.24948, 0, 0),
  (1260088, 40, -3893.63, -1894.21, 141.426, 4.32605, 0, 0),
  (1260088, 41, -3897.38, -1904.5, 141.782, 3.93728, 0, 0),
  (1260088, 42, -3913.13, -1915.14, 143.705, 4.96811, 0, 0),
  (1260088, 43, -3905.09, -1933.49, 143.722, 5.22729, 0, 0),
  (1260088, 44, -3898, -1944.47, 144.703, 5.0977, 0, 0),
  (1260088, 45, -3898.79, -1958.04, 145.124, 4.25537, 0, 0),
  (1260088, 46, -3905.58, -1974.98, 141.999, 4.59112, 0, 0),
  (1260088, 47, -3907.73, -1986.79, 140.84, 3.73701, 0, 0),
  (1260088, 48, -3917.26, -1991.31, 141.954, 3.84893, 0, 0),
  (1260088, 49, -3925.76, -2000.56, 141.521, 4.28482, 0, 0),
  (1260088, 50, -3926.6, -2002.54, 141.992, 4.17879, 0, 0),
  (1260088, 51, -3935.76, -2015.32, 141.992, 3.9903, 0, 0),
  (1260088, 52, -3939.24, -2018.46, 143.219, 3.54263, 0, 0),
  (1260088, 53, -3951.52, -2018.93, 143.224, 2.66495, 0, 0),
  (1260088, 54, -3955.22, -2015.64, 143.224, 1.22767, 0, 0),
  (1260088, 55, -3953.36, -2010.66, 141.559, 1.22178, 0, 0),
  (1260088, 56, -3951.04, -2003.54, 141.559, 1.25712, 0, 0),
  (1260088, 57, -3948.03, -1994.79, 141.559, 2.76508, 0, 0),
  (1260088, 58, -3953.12, -2010.74, 141.559, 4.41441, 0, 0),
  (1260088, 59, -3954.92, -2015.77, 143.225, 4.39085, 0, 0),
  (1260088, 60, -3963.13, -2032.16, 143.225, 5.94005, 0, 0),
  (1260088, 61, -3949.95, -2038.23, 150.492, 5.95183, 0, 0),
  (1260088, 62, -3946.18, -2037.26, 150.492, 1.35333, 0, 0),
  (1260088, 63, -3945.11, -2029.93, 150.492, 2.33704, 0, 0),
  (1260088, 64, -3951.33, -2020.17, 150.487, 1.81279, 0, 0),
  (1260088, 65, -3950.11, -2005.96, 150.491, 1.22374, 0, 0),
  (1260088, 66, -3942.81, -1985.92, 150.366, 1.15305, 25000, 0),
  (1260088, 67, -3949.68, -2003.21, 150.492, 4.5499, 0, 0),
  (1260088, 68, -3952.55, -2021.38, 150.488, 5.11538, 0, 0),
  (1260088, 69, -3944.72, -2030.69, 150.494, 4.47331, 0, 0),
  (1260088, 70, -3948.18, -2038.57, 150.491, 2.78274, 0, 0),
  (1260088, 71, -3962.33, -2031.71, 143.224, 1.12163, 0, 0),
  (1260088, 72, -3960.64, -2027.93, 143.224, 5.89685, 0, 0),
  (1260088, 73, -3949.1, -2033.28, 143.225, 5.50808, 0, 0),
  (1260088, 74, -3946.37, -2036.92, 144.057, 5.21355, 0, 0),
  (1260088, 75, -3947.1, -2041.05, 144.057, 2.72188, 0, 0),
  (1260088, 76, -3961.16, -2033.37, 136.433, 1.0372, 0, 0),
  (1260088, 77, -3959.99, -2031.27, 136.07, 5.81243, 0, 0),
  (1260088, 78, -3951.58, -2035.44, 136.069, 5.25283, 0, 0),
  (1260088, 79, -3948.66, -2040.18, 136.069, 5.2705, 10000, 0),
  (1260088, 80, -3954.07, -2034.02, 136.069, 2.71207, 0, 0),
  (1260088, 81, -3960.19, -2031.47, 136.069, 4.57503, 0, 0),
  (1260088, 82, -3960.46, -2033.42, 136.433, 5.70601, 0, 0),
  (1260088, 83, -3947.28, -2040.58, 144.057, 1.23631, 0, 0),
  (1260088, 84, -3946.36, -2034.5, 144.057, 1.8607, 0, 0),
  (1260088, 85, -3948.14, -2031.12, 143.225, 2.05548, 0, 0),
  (1260088, 86, -3946.47, -2024.34, 143.225, 0.607202, 0, 0),
  (1260088, 87, -3938.85, -2019.6, 143.22, 0.449336, 0, 0),
  (1260088, 88, -3934.5, -2016.49, 141.991, 1.00893, 0, 0),
  (1260088, 89, -3926.12, -2004.17, 141.991, 1.0914, 0, 0),
  (1260088, 90, -3924.79, -1999.78, 141.584, 1.17387, 0, 0),
  (1260088, 91, -3919.34, -1992.17, 141.957, 0.596599, 0, 0),
  (1260088, 92, -3910.37, -1988.83, 141.236, 0.779204, 0, 0),
  (1260088, 93, -3905.89, -1978.33, 141.475, 1.4625, 0, 0),
  (1260088, 94, -3904.53, -1966.01, 143.79, 1.09729, 0, 0),
  (1260088, 95, -3897.92, -1954.87, 145.221, 1.48606, 0, 0),
  (1260088, 96, -3898.28, -1943.07, 144.504, 2.21059, 0, 0),
  (1260088, 97, -3907.73, -1929.57, 143.841, 2.18114, 0, 0),
  (1260088, 98, -3913.42, -1920.25, 144.135, 2.11046, 0, 0),
  (1260088, 99, -3912.98, -1897.63, 143.495, 1.45661, 0, 0),
  (1260088, 100, -3911.71, -1890.34, 144.107, 2.68772, 0, 0),
  (1260088, 101, -3918.5, -1887.3, 144.361, 3.65376, 0, 0),
  (1260088, 102, -3920.64, -1890, 144.085, 4.61391, 0, 0),
  (1260091, 1, -3874.81, -1855.79, 143.028, 2.16105, 150000, 14000005),
  (1260091, 2, -3874.81, -1855.79, 143.028, 2.16105, 150000, 14000005),
  (1260091, 3, -3864.46, -1835.7, 141.579, 2.77366, 0, 0),
  (1260091, 4, -3867.13, -1834.19, 141.539, 3.11531, 10000, 0),
  (1260091, 5, -3865.09, -1836.53, 141.653, 3.82217, 0, 0),
  (1260091, 6, -3881.34, -1847.46, 143.587, 3.72203, 0, 0),
  (1260091, 7, -3908.96, -1876.09, 144.947, 3.9282, 300000, 14000000),
  (1260091, 8, -3909.16, -1876.23, 144.949, 3.76916, 1500, 388801),
  (1260091, 9, -3911.65, -1875, 144.395, 0.812133, 0, 0),
  (1260091, 10, -3892.33, -1868.56, 143.073, 0.325579, 0, 0),
  (1260091, 11, -3881.44, -1862.76, 142.747, 0.991204, 0, 0),
  (1260091, 12, -3877.74, -1856.69, 143.28, 0.496403, 0, 0),
  (1260093, 1, -4031.13, -1895.85, 147.488, 3.51029, 60000, 8537901),
  (1260095, 1, -3942.16, -1873.72, 143.411, 2.15626, 41000, 14000007),
  (1260097, 1, -3942.78, -1872.78, 143.393, 5.28999, 50000, 14000007),
  (1260099, 1, -3950.64, -2011.96, 141.559, 6.09587, 20000, 0),
  (1260099, 2, -3950.79, -2006.29, 141.559, 1.24408, 0, 0),
  (1260099, 3, -3947.21, -2002.07, 141.559, 6.05464, 15000, 0),
  (1260099, 4, -3946.8, -2000.26, 141.559, 6.04875, 15000, 0),
  (1260099, 5, -3953.68, -2011.03, 141.559, 4.45242, 0, 0),
  (1260099, 6, -3955.27, -2015.91, 143.225, 4.31694, 0, 0),
  (1260099, 7, -3962.95, -2031.84, 143.224, 5.81312, 0, 0),
  (1260099, 8, -3949.95, -2037.68, 150.493, 5.8897, 0, 0),
  (1260099, 9, -3947.52, -2038.68, 150.493, 1.20283, 0, 0),
  (1260099, 10, -3944.64, -2030.78, 150.493, 2.14531, 0, 0),
  (1260099, 11, -3950.24, -2023.25, 150.486, 1.9038, 0, 0),
  (1260099, 12, -3952.62, -2014.31, 150.491, 2.3986, 0, 0),
  (1260099, 13, -3959.23, -2009.12, 150.491, 2.76381, 25000, 0),
  (1260099, 14, -3952.74, -2013.42, 150.491, 4.90599, 0, 0),
  (1260099, 15, -3951.19, -2022.89, 150.488, 5.29475, 0, 0),
  (1260099, 16, -3944.43, -2030.81, 150.49, 4.38173, 0, 0),
  (1260099, 17, -3948.42, -2039.25, 150.49, 2.82664, 0, 0),
  (1260099, 18, -3950.79, -2038.74, 150.492, 2.69706, 0, 0),
  (1260099, 19, -3963.02, -2033.06, 143.223, 0.994706, 0, 0),
  (1260099, 20, -3956.36, -2016.35, 143.224, 1.14786, 0, 0),
  (1260099, 21, -3954.3, -2011.01, 141.559, 6.07034, 0, 0),
  (1260101, 1, -3910.93, -1865.13, 144.056, 3.47772, 74000, 14000005),
  (1260101, 2, -3868.72, -1864.47, 142.798, 5.2264, 0, 0),
  (1260101, 3, -3868.58, -1870.91, 142.812, 0.003501, 0, 0),
  (1260101, 4, -3862.04, -1870.6, 142.812, 0.044735, 0, 0),
  (1260101, 5, -3850.27, -1870.56, 142.811, 0.517152, 0, 0),
  (1260101, 6, -3844.89, -1867.23, 142.81, 0.642785, 68000, 14000002),
  (1260101, 7, -3849.88, -1870.33, 142.81, 3.18551, 0, 0),
  (1260101, 8, -3858.95, -1870.48, 142.187, 3.15017, 0, 0),
  (1260101, 9, -3868.01, -1870.86, 142.814, 3.12661, 0, 0),
  (1260101, 10, -3868.17, -1864.54, 142.799, 3.20319, 0, 0),
  (1260106, 1, -4019.12, -1841.66, 145.563, 1.47335, 60000, 14000008),
  (1260107, 1, -3858.05, -2038.1, 151.203, 4.31648, 45500, 14000007),
  (1260109, 1, -3924.14, -1869.69, 143.971, 5.3556, 62000, 14000005),
  (1260109, 2, -3931.76, -1873.17, 143.669, 4.09503, 15000, 0),
  (1260109, 3, -3939.66, -1868.3, 143.325, 2.8757, 0, 0),
  (1260109, 4, -3956.05, -1862.9, 143.358, 2.27487, 0, 0),
  (1260109, 5, -3957.68, -1854.98, 143.777, 1.41486, 0, 0),
  (1260109, 6, -3952.38, -1844.57, 143.797, 0.961296, 0, 0),
  (1260109, 7, -3944.26, -1831.15, 142.976, 1.085, 0, 0),
  (1260109, 8, -3946.5, -1825.89, 142.675, 2.06282, 0, 0),
  (1260109, 9, -3950.22, -1819.34, 143.713, 2.11583, 0, 0),
  (1260109, 10, -3963.09, -1824.26, 143.713, 3.78283, 0, 0),
  (1260109, 11, -3961.77, -1826.69, 143.713, 0.586258, 0, 0),
  (1260109, 12, -3953.06, -1821.92, 148.442, 0.503792, 0, 0),
  (1260109, 13, -3951.65, -1816.53, 148.457, 0.533242, 80000, 14000005),
  (1260109, 14, -3954.74, -1822.79, 148.477, 3.78283, 0, 0),
  (1260109, 15, -3962, -1825.89, 143.713, 3.37639, 0, 0),
  (1260109, 16, -3963.24, -1824.45, 143.713, 0.490053, 0, 0),
  (1260109, 17, -3952.9, -1819.52, 143.713, 0.283886, 0, 0),
  (1260109, 18, -3946.14, -1824.76, 142.63, 5.43021, 0, 0),
  (1260109, 19, -3942.04, -1831.98, 143.081, 5.76597, 0, 0),
  (1260109, 20, -3915.64, -1828.36, 142.854, 0.030597, 0, 0),
  (1260109, 21, -3897.47, -1841.44, 142.451, 5.47145, 0, 0),
  (1260109, 22, -3886.57, -1864.42, 142.867, 6.2431, 0, 0),
  (1260109, 23, -3869.44, -1864.91, 142.797, 6.22543, 0, 0),
  (1260109, 24, -3866.29, -1871.11, 142.814, 4.80583, 0, 0),
  (1260109, 25, -3859.37, -1870.75, 142.187, 0.325128, 0, 0),
  (1260109, 26, -3859.53, -1867.71, 142.187, 1.6446, 0, 0),
  (1260109, 27, -3861.08, -1865.52, 142.187, 1.61515, 0, 0),
  (1260109, 28, -3858.54, -1862.42, 142.187, 0.849382, 76000, 14000005),
  (1260109, 29, -3860.63, -1863.82, 142.187, 4.21089, 0, 0),
  (1260109, 30, -3860.54, -1867.18, 142.187, 5.69529, 0, 0),
  (1260109, 31, -3854.75, -1869.93, 142.187, 0.001143, 0, 0),
  (1260109, 32, -3835.78, -1869.15, 142.798, 0.042376, 0, 0),
  (1260109, 33, -3855.44, -1870.51, 142.187, 3.10936, 0, 0),
  (1260109, 34, -3862.24, -1870.8, 142.814, 3.01511, 0, 0),
  (1260109, 35, -3869.01, -1864.67, 142.798, 2.90908, 0, 0),
  (1260109, 36, -3884.3, -1863.79, 142.887, 2.9621, 0, 0),
  (1260109, 37, -3895.44, -1867.28, 143.673, 4.41704, 0, 0),
  (1260109, 38, -3923.14, -1867.28, 143.864, 3.68267, 0, 0),
  (1260110, 1, -4028.21, -1889.07, 147.488, 1.28486, 60000, 8537901),
  (1260111, 1, -4032.77, -1889.22, 147.488, 5.59473, 60000, 8537901),
  (1260114, 1, -3993.76, -1369.83, 149.427, 5.69728, 300000, 14000000),
  (1260114, 2, -3993.76, -1369.83, 149.427, 5.69728, 1500, 388801),
  (1260114, 3, -3998.22, -1363.19, 148.701, 1.53271, 0, 0),
  (1260114, 4, -3995.78, -1353.41, 147.762, 1.53271, 0, 0),
  (1260114, 5, -3987.85, -1349.5, 147.846, 6.27258, 0, 0),
  (1260114, 6, -3960.78, -1351.69, 148.67, 0.260361, 25000, 0),
  (1260114, 7, -3975.69, -1348.64, 148.421, 3.09368, 0, 0),
  (1260114, 8, -3988.68, -1348.01, 147.659, 2.72847, 0, 0),
  (1260114, 9, -4005.79, -1336.57, 146.667, 1.83311, 0, 0),
  (1260114, 10, -4011.39, -1309.65, 146.625, 2.10408, 0, 0),
  (1260114, 11, -4027.72, -1284.73, 146.315, 2.55175, 0, 0),
  (1260114, 12, -4058.65, -1274.01, 146.093, 3.05244, 0, 0),
  (1260114, 13, -4090.7, -1273.51, 146.313, 2.60476, 0, 0),
  (1260114, 14, -4095.88, -1269.52, 146.315, 2.38093, 0, 0),
  (1260114, 15, -4101.87, -1265.14, 148.959, 3.00532, 0, 0),
  (1260114, 16, -4109.57, -1263.77, 148.959, 2.20421, 0, 0),
  (1260114, 17, -4111.01, -1261.58, 148.959, 1.29119, 0, 0),
  (1260114, 18, -4107.25, -1251.44, 148.957, 2.2749, 0, 0),
  (1260114, 19, -4113.3, -1244.28, 145.347, 3.79464, 0, 0),
  (1260114, 20, -4119.54, -1249.24, 142.292, 5.44986, 0, 0),
  (1260114, 21, -4117.36, -1250.89, 142.292, 0.173951, 0, 0),
  (1260114, 22, -4112.73, -1249.28, 142.292, 5.80329, 35000, 0),
  (1260114, 23, -4118.39, -1251.03, 142.292, 1.46201, 0, 0),
  (1260114, 24, -4118.16, -1248.58, 142.292, 0.649125, 0, 0),
  (1260114, 25, -4113.31, -1245.24, 145.347, 5.43613, 0, 0),
  (1260114, 26, -4108.57, -1250.83, 148.957, 5.28298, 0, 0),
  (1260114, 27, -4107.29, -1253.11, 148.957, 4.3405, 0, 0),
  (1260114, 28, -4110.75, -1262.58, 148.957, 5.49503, 0, 0),
  (1260114, 29, -4107.2, -1265.1, 148.957, 0.007051, 0, 0),
  (1260114, 30, -4101.57, -1265.45, 148.959, 5.79544, 0, 0),
  (1260114, 31, -4094.36, -1269.31, 146.314, 5.98393, 0, 0),
  (1260114, 32, -4062.96, -1273.26, 146.107, 6.10174, 0, 0),
  (1260114, 33, -4038.2, -1277.16, 146.314, 6.02517, 0, 0),
  (1260114, 34, -4021.74, -1290.11, 146.489, 5.34188, 0, 0),
  (1260114, 35, -4013.58, -1309.42, 146.624, 5.00024, 0, 0),
  (1260114, 36, -4004.14, -1336.83, 146.66, 5.41845, 0, 0),
  (1260114, 37, -3995.11, -1346.61, 147.316, 4.79406, 0, 0),
  (1260114, 38, -3998.09, -1362.11, 148.623, 5.19461, 0, 0),
  (1260116, 1, -3952.96, -1808.74, 143.71, 2.09347, 1000, 14000001),
  (1260122, 1, -3816.83, -1647.4, 135.082, 0.598009, 60000, 12),
  (1260123, 1, -3819.99, -1635.49, 134.208, 6.25092, 60000, 12),
  (1260125, 1, -3899.35, -1623.48, 134.029, 2.45313, 43500, 14000007),
  (1260126, 1, -3900.9, -1622.27, 133.876, 5.63399, 39000, 14000007),
  (1260139, 1, -3940.79, -1617.03, 134.607, 4.77294, 180000, 0),
  (1260139, 2, -3940.24, -1631.24, 132.631, 3.67142, 0, 0),
  (1260139, 3, -3959.79, -1641.63, 135.064, 3.76567, 0, 0),
  (1260139, 4, -3966.02, -1656.49, 138.447, 4.5491, 0, 0),
  (1260139, 5, -3969.96, -1669.19, 142.181, 4.71992, 0, 0),
  (1260139, 6, -3969.58, -1683.02, 144.285, 4.35471, 0, 0),
  (1260139, 7, -3980.08, -1700.99, 145.179, 4.95554, 0, 0),
  (1260139, 8, -3975.96, -1715.7, 143.108, 5.07571, 0, 0),
  (1260139, 9, -3970.43, -1734.28, 143.749, 5.54106, 0, 0),
  (1260139, 10, -3957.22, -1744.09, 143.113, 5.54106, 0, 0),
  (1260139, 11, -3952.64, -1752.99, 142.485, 4.69872, 0, 0),
  (1260139, 12, -3951.64, -1770.22, 142.475, 5.60585, 0, 0),
  (1260139, 13, -3932.23, -1778.92, 142.522, 5.60585, 0, 0),
  (1260139, 14, -3912.72, -1794.58, 142.114, 4.91667, 0, 0),
  (1260139, 15, -3913.52, -1818.57, 143.258, 4.60448, 0, 0),
  (1260139, 16, -3917.9, -1826.64, 142.919, 3.57954, 0, 0),
  (1260139, 17, -3939.92, -1835.09, 143.202, 3.67378, 0, 0),
  (1260139, 18, -3956.63, -1849.42, 143.922, 4.29228, 0, 0),
  (1260139, 19, -3957.66, -1865.24, 143.159, 4.96379, 0, 0),
  (1260139, 20, -3955.27, -1880.94, 144.026, 5.60585, 0, 0),
  (1260139, 21, -3933.41, -1897.46, 143.001, 5.66475, 0, 0),
  (1260139, 22, -3926.21, -1909.82, 142.827, 6.08887, 0, 0),
  (1260139, 23, -3909.8, -1909.18, 143.08, 0.38884, 0, 0),
  (1260139, 24, -3897.67, -1895.48, 141.865, 1.06625, 0, 0),
  (1260139, 25, -3887.66, -1876.82, 142.187, 1.36666, 0, 0),
  (1260139, 26, -3890.52, -1854.01, 143.175, 1.9616, 0, 0),
  (1260139, 27, -3903.24, -1835.96, 142.341, 2.30325, 0, 0),
  (1260139, 28, -3912.81, -1824.9, 143.01, 1.53159, 0, 0),
  (1260139, 29, -3908.76, -1800.26, 142.354, 1.13104, 0, 0),
  (1260139, 30, -3895.97, -1786.86, 142.518, 0.512539, 0, 0),
  (1260139, 31, -3880.05, -1775.34, 142.259, 1.24296, 0, 0),
  (1260139, 32, -3874.77, -1734.32, 143.279, 1.43735, 0, 0),
  (1260139, 33, -3868.69, -1706.37, 139.431, 1.5257, 0, 0),
  (1260139, 34, -3868.02, -1681.32, 133.204, 1.79667, 0, 0),
  (1260139, 35, -3870.79, -1660.6, 133.035, 1.56694, 0, 0),
  (1260139, 36, -3866.23, -1636.48, 132.906, 1.56694, 0, 0),
  (1260139, 37, -3889.71, -1631.32, 133.208, 3.18093, 0, 0),
  (1260139, 38, -3912.15, -1632.63, 132.634, 2.72147, 0, 0),
  (1260139, 39, -3927.94, -1622.67, 132.489, 2.71558, 0, 0),
  (1260142, 1, -4114.79, -1258.97, 142.292, 3.21693, 70000, 14000005),
  (1260144, 1, -3843.69, -1867.77, 142.81, 0.890204, 75000, 14000002),
  (1260146, 1, -4034.83, -1902.97, 147.488, 1.07673, 70000, 14000005),
  (1260148, 1, -3995.89, -1374.53, 149.822, 0.071468, 150000, 0),
  (1260148, 2, -3995.89, -1374.53, 149.822, 0.071468, 0, 0),
  (1260148, 3, -4015.75, -1380.12, 149.574, 4.29298, 0, 0),
  (1260148, 4, -4025.02, -1408.3, 155.908, 5.24724, 0, 0),
  (1260148, 5, -4012.03, -1429.35, 159.179, 5.20601, 0, 0),
  (1260148, 6, -3997.6, -1452.14, 164.669, 4.77601, 0, 0),
  (1260148, 7, -3995.36, -1481.28, 167.595, 5.19423, 0, 0),
  (1260148, 8, -3980.87, -1504.88, 168.726, 5.09409, 0, 0),
  (1260148, 9, -3977.61, -1518, 169.008, 4.54039, 0, 0),
  (1260148, 10, -3978.54, -1522.28, 169.932, 3.73339, 5000, 14000004),
  (1260148, 11, -3979.97, -1528.68, 169.932, 4.49915, 0, 0),
  (1260148, 12, -3981.95, -1536.74, 166.876, 4.4697, 0, 0),
  (1260148, 13, -3984.8, -1542.05, 166.876, 4.49326, 0, 0),
  (1260148, 14, -3985.74, -1546.08, 166.876, 4.45791, 15000, 0),
  (1260148, 15, -3989.09, -1545.42, 166.876, 2.94602, 15000, 0),
  (1260148, 16, -3985.27, -1542.65, 166.876, 0.972708, 0, 0),
  (1260148, 17, -3982.04, -1535.75, 166.876, 1.27312, 0, 0),
  (1260148, 18, -3980.09, -1528.81, 169.932, 1.35559, 0, 0),
  (1260148, 19, -3977.87, -1521.55, 169.932, 1.36148, 0, 0),
  (1260148, 20, -3977.83, -1518.79, 169.007, 1.6619, 0, 0),
  (1260148, 21, -3978.53, -1507.59, 168.907, 1.8445, 0, 0),
  (1260148, 22, -3990.02, -1492.94, 168.555, 2.00355, 0, 0),
  (1260148, 23, -3996.23, -1473.86, 167.06, 1.65012, 0, 0),
  (1260148, 24, -3999.5, -1449.47, 164.043, 2.00944, 0, 0),
  (1260148, 25, -4014.85, -1419.08, 157.345, 1.16121, 0, 0),
  (1260148, 26, -3986.87, -1405.25, 155.002, 1.76793, 0, 0),
  (1260148, 27, -3992.25, -1385.18, 151.329, 1.93875, 0, 0),
  (1260152, 1, -3986.55, -1515.3, 168.862, 4.2301, 60000, 14000008),
  (1260153, 1, -3833.69, -1618.2, 134.246, 3.1231, 18000, 12),
  (1260153, 2, -3826.29, -1615.07, 134.853, 0.319223, 20000, 0),
  (1260153, 3, -3819.1, -1614.49, 135.696, 2.79322, 23000, 0),
  (1260153, 4, -3812.44, -1615.97, 136.263, 0.12483, 15000, 0),
  (1260153, 5, -3818.23, -1616.29, 135.501, 3.61003, 17000, 0),
  (1260153, 6, -3822.61, -1621.39, 134.623, 2.70879, 19000, 0),
  (1260153, 7, -3833.51, -1623.21, 133.94, 3.14469, 24000, 0),
  (1260155, 1, -4029.85, -1892.34, 147.488, 5.22952, 60000, 8537901),
  (1260157, 1, -3928.55, -1877.53, 143.968, 3.23422, 45000, 14000007),
  (1260158, 1, -4065.51, -1361.99, 137.494, 0.901999, 1000, 388803),
  (1260159, 1, -4041.07, -1316.63, 138.566, 2.72927, 25000, 14000003),
  (1260160, 1, -3929.83, -1877.39, 143.87, 6.14805, 54000, 14000007),
  (1260178, 1, -4140.88, -1110.32, 168.915, 4.55998, 60000, 21),
  (1260188, 1, -3877.48, -1473.53, 140.139, 6.24663, 40000, 0),
  (1260188, 2, -3894, -1477.02, 139.502, 3.46632, 0, 0),
  (1260188, 3, -3909.42, -1467.11, 142.839, 2.17631, 0, 0),
  (1260188, 4, -3920.55, -1442.85, 153.565, 1.97604, 0, 0),
  (1260188, 5, -3926.89, -1427.37, 156.735, 2.32946, 0, 0),
  (1260188, 6, -3943, -1416.29, 155.116, 2.79481, 0, 0),
  (1260188, 7, -3968.4, -1408.81, 154.81, 3.18358, 0, 0),
  (1260188, 8, -4006.29, -1413.85, 156.207, 3.09522, 0, 0),
  (1260188, 9, -4025.4, -1410.94, 156.27, 1.38699, 0, 0),
  (1260188, 10, -4016.7, -1362.74, 148.376, 1.35164, 0, 0),
  (1260188, 11, -4007.01, -1310.36, 146.626, 0.998214, 0, 0),
  (1260188, 12, -3998.77, -1301.01, 146.779, 0.70369, 40000, 0),
  (1260188, 13, -4009.69, -1303.22, 146.624, 1.95836, 0, 0),
  (1260188, 14, -4017.53, -1286.41, 146.625, 1.35164, 0, 0),
  (1260188, 15, -4014.19, -1255.92, 146.647, 1.6874, 0, 0),
  (1260188, 16, -4020.57, -1224.98, 146.315, 1.1278, 40000, 0),
  (1260188, 17, -3997.97, -1245.99, 146.657, 4.46575, 0, 0),
  (1260188, 18, -4016.35, -1288.19, 146.625, 4.90165, 0, 0),
  (1260188, 19, -4012.8, -1335.61, 146.7, 4.55411, 0, 0),
  (1260188, 20, -4020.22, -1372, 148.836, 4.66603, 0, 0),
  (1260188, 21, -4025.8, -1407.17, 155.784, 5.63796, 0, 0),
  (1260188, 22, -4014.84, -1413.02, 156.401, 0.008611, 0, 0),
  (1260188, 23, -3960.33, -1411.94, 154.722, 6.01494, 0, 0),
  (1260188, 24, -3925.22, -1424.39, 156.594, 5.16475, 0, 0),
  (1260188, 25, -3911.98, -1463.38, 144.303, 5.26489, 0, 0),
  (1260188, 26, -3899.4, -1473.98, 140.352, 6.26627, 0, 0),
  (1260190, 1, -4133.25, -1105.69, 168.916, 5.79697, 60000, 14000002),
  (1260192, 1, -4131.58, -1106.62, 168.92, 2.59844, 63000, 14000002),
  (1260193, 1, -4029.37, -1893.33, 147.488, 1.95127, 60000, 8537901),
  (1260194, 1, -3962.81, -1835.02, 142.3, 2.35537, 0, 1061701),
  (1260194, 2, -3972.13, -1825.97, 142.59, 2.36715, 0, 0),
  (1260194, 3, -3974.21, -1818.01, 142.248, 1.00056, 0, 0),
  (1260194, 4, -3968.17, -1810.27, 141.498, 0.929875, 0, 0),
  (1260194, 5, -3969.4, -1802.51, 141.277, 0.546994, 0, 0),
  (1260194, 6, -3955.14, -1794.77, 142.135, 0.411513, 0, 0),
  (1260194, 7, -3937.39, -1791.77, 143.189, 6.15277, 0, 0),
  (1260194, 8, -3878.77, -1802.3, 145.498, 5.69921, 0, 0),
  (1260194, 9, -3869.29, -1809.97, 143.571, 5.05126, 0, 0),
  (1260194, 10, -3863.78, -1835.18, 141.575, 4.45044, 0, 0),
  (1260194, 11, -3872.01, -1846.71, 143.034, 3.68468, 0, 0),
  (1260194, 12, -3885.41, -1852.72, 143.449, 4.81565, 0, 0),
  (1260194, 13, -3881.86, -1873.71, 142.31, 5.02771, 0, 0),
  (1260194, 14, -3873.77, -1886.09, 142.039, 5.63442, 0, 0),
  (1260194, 15, -3855.68, -1904.88, 142.396, 4.76264, 0, 0),
  (1260194, 16, -3861.67, -1921.67, 142.356, 4.5977, 0, 0),
  (1260194, 17, -3866.63, -1943.51, 142.871, 4.15003, 0, 0),
  (1260194, 18, -3873.04, -1950.13, 142.481, 2.7481, 0, 0),
  (1260194, 19, -3902.08, -1935.83, 143.768, 2.48892, 0, 0),
  (1260194, 20, -3913.75, -1919.4, 144.09, 2.41824, 0, 0),
  (1260194, 21, -3924.66, -1897.4, 143.195, 2.09426, 0, 0),
  (1260194, 22, -3936.47, -1884.85, 143.462, 2.58317, 0, 0),
  (1260194, 23, -3948.13, -1872.82, 143.535, 1.93522, 0, 0),
  (1260194, 24, -3952.15, -1852.21, 144.067, 1.6996, 0, 0),
  (1260194, 25, -3955.87, -1840.19, 143.245, 2.47125, 0, 0),
  (1260195, 1, -3962.02, -1837.41, 142.583, 2.2533, 0, 1061701),
  (1260195, 2, -3972.08, -1826.89, 142.646, 2.15905, 0, 0),
  (1260195, 3, -3974.98, -1818.98, 142.444, 0.945615, 0, 0),
  (1260195, 4, -3968.6, -1810.81, 141.526, 1.59357, 0, 0),
  (1260195, 5, -3969.15, -1801.99, 141.257, 0.562733, 0, 0),
  (1260195, 6, -3956.21, -1794.48, 141.955, 0.144508, 0, 0),
  (1260195, 7, -3938.05, -1791.92, 143.272, 6.17441, 0, 0),
  (1260195, 8, -3879.37, -1801.63, 145.545, 5.61875, 0, 0),
  (1260195, 9, -3869.95, -1809.35, 143.761, 5.43614, 0, 0),
  (1260195, 10, -3862.9, -1834.66, 141.59, 4.06956, 0, 0),
  (1260195, 11, -3871.92, -1846.31, 142.997, 3.6101, 0, 0),
  (1260195, 12, -3884.29, -1851.79, 143.616, 4.77053, 0, 0),
  (1260195, 13, -3882.21, -1872.99, 142.354, 4.94724, 0, 0),
  (1260195, 14, -3874.51, -1885.86, 141.91, 5.80136, 0, 0),
  (1260195, 15, -3856.07, -1903.27, 142.391, 4.51724, 0, 0),
  (1260195, 16, -3861.17, -1919.91, 142.233, 4.45244, 0, 0),
  (1260195, 17, -3866.26, -1942.58, 142.936, 3.89874, 0, 0),
  (1260195, 18, -3871.92, -1949.28, 142.505, 3.21544, 0, 0),
  (1260195, 19, -3900.74, -1936.84, 143.771, 2.21995, 0, 0),
  (1260195, 20, -3912.15, -1921.47, 144.134, 2.17283, 0, 0),
  (1260195, 21, -3924.02, -1898.56, 143.158, 2.21406, 0, 0),
  (1260195, 22, -3936.18, -1885.83, 143.448, 2.40845, 0, 0),
  (1260195, 23, -3947.96, -1873.69, 143.606, 1.90776, 0, 0),
  (1260195, 24, -3952.13, -1852.69, 144.065, 1.91954, 0, 0),
  (1260195, 25, -3957.01, -1839.69, 143.127, 2.70297, 0, 0),
  (1260197, 1, -3961.81, -1834.02, 142.3, 2.35537, 0, 1061701),
  (1260197, 2, -3971.13, -1824.97, 142.59, 2.36715, 0, 0),
  (1260197, 3, -3973.21, -1817.01, 142.248, 1.00056, 0, 0),
  (1260197, 4, -3967.17, -1809.27, 141.498, 0.929875, 0, 0),
  (1260197, 5, -3968.4, -1801.51, 141.277, 0.546994, 0, 0),
  (1260197, 6, -3954.14, -1793.77, 142.135, 0.411513, 0, 0),
  (1260197, 7, -3936.39, -1790.77, 143.189, 6.15277, 0, 0),
  (1260197, 8, -3877.77, -1801.3, 145.498, 5.69921, 0, 0),
  (1260197, 9, -3868.29, -1808.97, 143.571, 5.05126, 0, 0),
  (1260197, 10, -3862.78, -1834.18, 141.575, 4.45044, 0, 0),
  (1260197, 11, -3871.01, -1845.71, 143.034, 3.68468, 0, 0),
  (1260197, 12, -3884.41, -1851.72, 143.449, 4.81565, 0, 0),
  (1260197, 13, -3880.86, -1872.71, 142.31, 5.02771, 0, 0),
  (1260197, 14, -3872.77, -1885.09, 142.039, 5.63442, 0, 0),
  (1260197, 15, -3854.68, -1903.88, 142.396, 4.76264, 0, 0),
  (1260197, 16, -3860.67, -1920.67, 142.356, 4.5977, 0, 0),
  (1260197, 17, -3865.63, -1942.51, 142.871, 4.15003, 0, 0),
  (1260197, 18, -3872.04, -1949.13, 142.481, 2.7481, 0, 0),
  (1260197, 19, -3901.68, -1936.49, 143.771, 2.48892, 0, 0),
  (1260197, 20, -3912.75, -1918.4, 144.09, 2.41824, 0, 0),
  (1260197, 21, -3923.66, -1896.4, 143.195, 2.09426, 0, 0),
  (1260197, 22, -3935.47, -1883.85, 143.462, 2.58317, 0, 0),
  (1260197, 23, -3947.13, -1871.82, 143.535, 1.93522, 0, 0),
  (1260197, 24, -3951.15, -1851.21, 144.067, 1.6996, 0, 0),
  (1260197, 25, -3954.87, -1839.19, 143.245, 2.47125, 0, 0),
  (1260198, 1, -3961.02, -1836.41, 142.583, 2.2533, 0, 1061701),
  (1260198, 2, -3971.08, -1825.89, 142.646, 2.15905, 0, 0),
  (1260198, 3, -3973.98, -1817.98, 142.444, 0.945615, 0, 0),
  (1260198, 4, -3967.6, -1809.81, 141.526, 1.59357, 0, 0),
  (1260198, 5, -3968.15, -1800.99, 141.257, 0.562733, 0, 0),
  (1260198, 6, -3955.21, -1793.48, 141.955, 0.144508, 0, 0),
  (1260198, 7, -3937.05, -1790.92, 143.272, 6.17441, 0, 0),
  (1260198, 8, -3878.37, -1800.63, 145.545, 5.61875, 0, 0),
  (1260198, 9, -3868.95, -1808.35, 143.761, 5.43614, 0, 0),
  (1260198, 10, -3861.9, -1833.66, 141.59, 4.06956, 0, 0),
  (1260198, 11, -3870.92, -1845.31, 142.997, 3.6101, 0, 0),
  (1260198, 12, -3883.29, -1850.79, 143.616, 4.77053, 0, 0),
  (1260198, 13, -3881.21, -1871.99, 142.354, 4.94724, 0, 0),
  (1260198, 14, -3873.51, -1884.86, 141.91, 5.80136, 0, 0),
  (1260198, 15, -3855.07, -1902.27, 142.391, 4.51724, 0, 0),
  (1260198, 16, -3860.17, -1918.91, 142.233, 4.45244, 0, 0),
  (1260198, 17, -3865.26, -1941.58, 142.936, 3.89874, 0, 0),
  (1260198, 18, -3870.76, -1950.07, 142.437, 3.21544, 0, 0),
  (1260198, 19, -3899.97, -1938.39, 143.889, 2.21995, 0, 0),
  (1260198, 20, -3911.15, -1920.47, 144.134, 2.17283, 0, 0),
  (1260198, 21, -3923.02, -1897.56, 143.158, 2.21406, 0, 0),
  (1260198, 22, -3935.18, -1884.83, 143.448, 2.40845, 0, 0),
  (1260198, 23, -3946.96, -1872.69, 143.606, 1.90776, 0, 0),
  (1260198, 24, -3951.13, -1851.69, 144.065, 1.91954, 0, 0),
  (1260198, 25, -3956.01, -1838.69, 143.127, 2.70297, 0, 0),
  (1260200, 1, -3928.07, -1628.53, 132.486, 5.17695, 1000, 64),
  (1260201, 1, -3849.77, -1667.41, 135.399, 0.334976, 1000, 64),
  (1260202, 1, -3864.96, -1456.83, 141.096, 0.819954, 45000, 0),
  (1260202, 2, -3877.39, -1467.1, 141.207, 3.99296, 0, 0),
  (1260202, 3, -3892.29, -1490.6, 139.074, 5.04736, 0, 0),
  (1260202, 4, -3885.88, -1505.77, 139.685, 5.00612, 0, 0),
  (1260202, 5, -3879.16, -1531.85, 139.635, 4.94722, 0, 0),
  (1260202, 6, -3876.23, -1551.19, 134.127, 5.03557, 0, 0),
  (1260202, 7, -3869.35, -1561.46, 132.634, 4.8353, 0, 0),
  (1260202, 8, -3868.12, -1626.25, 133.123, 4.06954, 0, 0),
  (1260202, 9, -3874.92, -1632.65, 132.8, 3.09173, 0, 0),
  (1260202, 10, -3897.35, -1630.98, 133.35, 3.23899, 0, 0),
  (1260202, 11, -3907.84, -1632.97, 132.648, 2.79131, 0, 0),
  (1260202, 12, -3927.1, -1622.67, 132.497, 3.39213, 0, 0),
  (1260202, 13, -3939.22, -1629.89, 132.629, 3.51583, 0, 0),
  (1260202, 14, -3946.51, -1621.32, 135.056, 1.53074, 0, 0),
  (1260202, 15, -3945.89, -1606.92, 143.367, 6.2824, 0, 0),
  (1260202, 16, -3924.82, -1606.86, 154.176, 1.3658, 0, 0),
  (1260202, 17, -3924.34, -1601.21, 154.176, 3.1624, 0, 0),
  (1260202, 18, -3948.47, -1601.14, 154.172, 3.12706, 0, 0),
  (1260202, 19, -3952.51, -1601.11, 155.148, 3.12706, 0, 0),
  (1260202, 20, -3965.84, -1600.79, 155.148, 3.11528, 0, 0),
  (1260202, 21, -3970.21, -1600.68, 154.141, 3.11528, 0, 0),
  (1260202, 22, -3992.58, -1600.41, 154.133, 6.28239, 0, 0),
  (1260202, 23, -3969.33, -1600.64, 154.139, 6.2765, 0, 0),
  (1260202, 24, -3965.4, -1600.67, 155.148, 6.2765, 0, 0),
  (1260202, 25, -3952.63, -1600.91, 155.148, 6.24116, 0, 0),
  (1260202, 26, -3948.37, -1601.02, 154.171, 6.25883, 0, 0),
  (1260202, 27, -3924.7, -1601.23, 154.176, 4.70375, 0, 0),
  (1260202, 28, -3924.61, -1606.25, 154.176, 3.09565, 0, 0),
  (1260202, 29, -3946.54, -1606.62, 143.366, 4.69197, 0, 0),
  (1260202, 30, -3946.32, -1622.63, 134.533, 4.64484, 0, 0),
  (1260202, 31, -3945.89, -1631.06, 132.671, 0.11701, 0, 0),
  (1260202, 32, -3927.7, -1624.02, 132.414, 6.26471, 0, 0),
  (1260202, 33, -3911.57, -1632.41, 132.629, 0.016879, 0, 0),
  (1260202, 34, -3893.14, -1631.71, 133.274, 0.15825, 0, 0),
  (1260202, 35, -3873.52, -1632.27, 132.811, 0.835658, 0, 0),
  (1260202, 36, -3867.83, -1624.5, 133.201, 1.58375, 0, 0),
  (1260202, 37, -3873.44, -1556.7, 132.854, 1.89595, 0, 0),
  (1260202, 38, -3880.53, -1530.52, 140.075, 1.82526, 0, 0),
  (1260202, 39, -3882.02, -1501.88, 140.136, 1.47183, 0, 0),
  (1260202, 40, -3875.55, -1478.89, 140.406, 1.21265, 0, 0),
  (1260202, 41, -3874.14, -1471.79, 140.754, 1.59553, 0, 0),
  (1260202, 42, -3876.22, -1464.79, 141.536, 0.694286, 0, 0);


-- Gossip Texts

DROP PROCEDURE IF EXISTS AddGossip;

DELIMITER //
CREATE PROCEDURE AddGossip(IN gossipID MEDIUMINT(8), IN magicID MEDIUMINT(8), IN npcText LONGTEXT)
BEGIN
	replace into gossip_menu (entry, text_id, condition_id) VALUES (gossipID, magicID, '0');
	replace into broadcast_text (entry, Male_Text) values (magicID, npcText);
	replace into npc_text (ID, BroadcastTextID0) values (magicID, magicID);
	update creature_template set gossip_menu_id = gossipID where entry = magicID;
END //
DELIMITER ;

CALL AddGossip(52000, 52028, 'Ah, look at the time! I must return to my post... up over there.');
CALL AddGossip(52001, 52087, 'Show strength to your enemy, and we will prevail!');
CALL AddGossip(52002, 52071, 'Hook me up!');
CALL AddGossip(52003, 52007, 'Remember when Danath gathered all the mercenaries of Stormwind together and we marched to fight at Nethergarde?');
CALL AddGossip(52004, 52060, 'Now, let\'s see... If I am correct, then... Hmmm...');
CALL AddGossip(52005, 52000, 'So many lost.  And so many more we must lose before this battle ends.');
CALL AddGossip(52006, 52061, 'The Scourge will not prevail!');
CALL AddGossip(52007, 52085, 'Dang! Fish aren\'t biting here either. I am gonna go back to my ol\' fishin\' hole!');
CALL AddGossip(52008, 52101, 'I\'d talk to you if you smelled better. Cologne would be nice.');
CALL AddGossip(52009, 52066, '(Sniff, sniff) You smell that? Don\'t you just LOVE the smell of grease?');
CALL AddGossip(52010, 52017, 'What the...');
CALL AddGossip(52011, 52056, 'Times like these get me all sentimental...');
CALL AddGossip(52012, 52105, 'You are an inspiration to us all, sir.');
CALL AddGossip(52013, 52021, 'Have you come to save this world? To cleanse it?');
CALL AddGossip(52014, 52108, 'Unlike most ogres, I do know what an outhouse is for - giving you a swirlie.  Now beat it.');
CALL AddGossip(52015, 52112, 'A pleasure, $n. What can I do for you?');
CALL AddGossip(52016, 52097, 'What happened to our pigs?');
CALL AddGossip(52017, 52083, 'I\'ll get the last laugh... they\'ll see! Oh, hi $c, I didn\'t see you there.');
CALL AddGossip(52018, 52016, 'I can\'t help it, really. This is just such a beautiful place.');
CALL AddGossip(52019, 52035, 'Try these fireworks launchers.  They\'re a blast!');
CALL AddGossip(52020, 52001, 'I miss the dwarven ale we used to get at that inn in Lordaeron. Remember that fight we started there?');
CALL AddGossip(52021, 52057, 'The longer you wait, the less future you have for me to foretell.');
CALL AddGossip(52022, 52019, 'Let\'s see if the fish are biting.');
CALL AddGossip(52023, 52005, 'I lived in Dire Maul for a little bit.  That was fun.  Really.');
CALL AddGossip(52024, 52069, 'Stormy seas out there.  The sea spirits must be restless....hic!');
CALL AddGossip(52025, 52074, 'Yeah, okay, boss. No problem.');
CALL AddGossip(52026, 52086, 'Did you see?  That last firework almost caught that dwarf\'s shirt on fire!  Hah!');
CALL AddGossip(52027, 52068, 'Oh, I wandered off again.  I\'m sorry.');
CALL AddGossip(52028, 52009, 'Too long have I sat idle, gripped in this haze... this malaise, lamenting what could have been... what should have been.');
CALL AddGossip(52029, 52078, 'Start doing something before I replace that target dummy with you and begin a warm up session of my own!');
CALL AddGossip(52030, 52082, 'Your mind is unfocused.  Are you hiding something from me?');
CALL AddGossip(52031, 52037, 'Cherry pie is my favoritist food in all of Azeroth.');
CALL AddGossip(52032, 52040, 'Oh, there you are!');
CALL AddGossip(52033, 52079, 'Oh, what a beautiful flower over there...');
CALL AddGossip(52034, 52042, 'These trees are quite glorious, aren\'t they? ');
CALL AddGossip(52035, 52034, 'Hmmm, I wonder what\'s over this way?');
CALL AddGossip(52036, 52015, 'Are we taking the scenic route?');
CALL AddGossip(52037, 52059, 'This is quite an adventure!');
CALL AddGossip(52038, 52055, 'Nana always said there was no greater thing in the whole world than a warm, toasty slice of fresh, homemeade cherry pie.');
CALL AddGossip(52039, 52002, 'If you\'ll excuse me, I must take my leave. Good day, ladies.');
CALL AddGossip(52040, 52080, 'I love pie.');
CALL AddGossip(52041, 52102, 'You lost?');
CALL AddGossip(52042, 52077, 'What do you want?');
CALL AddGossip(52043, 52038, 'Very few seek me out... What may I do for you?');
CALL AddGossip(52044, 52018, 'Eh?');
CALL AddGossip(52045, 52011, 'Yes?');
CALL AddGossip(52046, 52117, 'Yea?');
CALL AddGossip(52047, 52073, 'Yes, $c?');
CALL AddGossip(52048, 52116, 'Kiss me.');
CALL AddGossip(52049, 52107, 'Uh oh...');
CALL AddGossip(52050, 52031, 'I need to pee.');
CALL AddGossip(52051, 52091, 'Please, go on.');
CALL AddGossip(52052, 52106, 'Watch it, buddy!');
CALL AddGossip(52053, 52084, 'Hiccup!');
CALL AddGossip(52054, 52067, 'Hic! Hic!');
CALL AddGossip(52055, 52090, 'Wha\'sh your name?');
CALL AddGossip(52056, 52041, 'Wha\'sh that you shay?');
CALL AddGossip(52057, 52003, 'Hic! Hic! I don\'t feel so good...');
CALL AddGossip(52058, 52045, 'Did you hear what happened to poor Thavius\' wife?');
CALL AddGossip(52059, 52010, 'Watch out for those taverns! You\'ll become a drunkard before you know it.');
CALL AddGossip(52060, 52092, 'Hail traveler. If you want the latest news, head over to Vigil\'s Tavern. That\'s where most of us go to trade stories and gossip.');
CALL AddGossip(52061, 52076, 'Good luck on your journey, kind stranger!');
CALL AddGossip(52062, 52062, 'Please, don\'t speak to me again. I\'m inconsolable.');
CALL AddGossip(52063, 52063, 'He was a man of guts and guile no doubt Not a day goes by in which I dont think of his valorous deeds.');
CALL AddGossip(52064, 52053, 'Is there something I can help you with?');
CALL AddGossip(52065, 52128, 'How are you doing?');
CALL AddGossip(52066, 52047, 'Oh, I didn\'t see you there!');
CALL AddGossip(52067, 52022, 'New here, aye? Stop by Magus Tirth, he\'s sure to have some magical wares.');
CALL AddGossip(52068, 52020, 'Pleasure to meet you $n!');
CALL AddGossip(52069, 52048, 'G\'day and welcome $n!');
CALL AddGossip(52070, 52026, 'Greetings $n. Looking for a place to stay? Hawk\'s Vigil inn surely has a nice warm bed to sleep in.');
CALL AddGossip(52071, 52052, 'Here to dance? Hopefully you\'ve got a partner?');
CALL AddGossip(52072, 52072, 'Would you look at the tail on her! Ya know in my prime they used to call me Brick Willy because of my-- Well I won\'t go into the details but you get the idea. Bottoms up!');
CALL AddGossip(52073, 52095, 'Gods, this is country. I have half a mind to leave them all behind and keep going. What do you say, just you and me on the Kingsroad, swords at our sides, couple of tavern wenches to warm our beds tonight?');
CALL AddGossip(52074, 52075, 'Oh to be young again. For me there were wars to fight, women to marry... never had the chance to be young.');
CALL AddGossip(52075, 52024, 'There\'s a war comin $n... I don\'t know when, I don\'t know who we\'ll be fighting... But it\'s comin.');
CALL AddGossip(52076, 52104, 'I just know my true love is out there somewhere! Medicine, law, business, engineering, these are noble pursuits, and necessary to sustain life... But poetry, beauty, romance, love, these are what we stay alive for.');
CALL AddGossip(52077, 52032, 'Welcome to Hawk\'s Vigil $n! Hope you enjoy your stay.');
CALL AddGossip(52078, 52004, 'Some believe it is only great power that can hold evil in check, but that is not what I have found. It is the small everyday deeds of ordinary folk that keep the darkness at bay. Small acts of kindness and love.');
CALL AddGossip(52079, 52125, 'Greta the tittle tattle prattled on about the little metal bottle.  She spat a bit of spittle on the moth that bit the cattle in a bitter battle.');
CALL AddGossip(52080, 52049, 'The delicate illusions that get us through life can only stand so much strain. Oh sorry, I\'m rambling again.');
CALL AddGossip(52081, 52023, 'You speak of courage? Courage is just fear that has said its prayers.');
CALL AddGossip(52082, 52008, 'Any good with a sword? You know, we generate fears while we sit. We overcome them by action. Fear is natures way of warning us to get busy.');
CALL AddGossip(52083, 52100, 'Remember this laddie, pressure can either burst pipes or make diamonds.');
CALL AddGossip(52084, 52115, 'I\'ll tell you a secret. Something they don\'t teach you in your temple. The Gods envy us. They envy us because we\'re mortal, because any moment might be our last. Everything is more beautiful because we\'re doomed. You will never be lovelier than you are now. We will never be here again.');
CALL AddGossip(52085, 52096, 'A friend once told me something that gave me great comfort. He said \'Life is only worth a damn because it\'s short! It\'s designed to be consumed, used, spent, lived, felt. We\'re supposed to fill it with every mistake and miracle we can manage. And then we\'re supposed to let go.\'');
CALL AddGossip(52086, 52046, 'One thing I\'ve learned is, if you want to build a ship, don\'t drum up the men to gather wood, divide the work, and give orders. Instead, teach them to yearn for the vast and endless sea. ');
CALL AddGossip(52087, 52111, '*Gwenna gives you a sly wink.*');
CALL AddGossip(52088, 52054, 'What ails you, friend?');
CALL AddGossip(52089, 52036, 'Please, make yourself at home $n.');
CALL AddGossip(52090, 52006, 'Lovely day, isn\t it?');
CALL AddGossip(52091, 52014, 'Hello there $n! I trust you\'re not here to start any trouble, eh? I, for one, am sick of all these wars... I believe when there\'s total enlightenment there will be peace, the world will be in bliss.');
CALL AddGossip(52092, 52043, 'Oh hi there $n. I hope you like cats!');
CALL AddGossip(52093, 52044, 'They say an army travels on its stomach, and that\'s the truth.  For any offensive to succeed, your troops have to be well-fed and well supplied.');
CALL AddGossip(52094, 52070, 'Oh aye! I\ll take an ale if you\re buyin! Hah! ...Hic!');
CALL AddGossip(52095, 52029, 'I\ve got the finest salted meats around! Here have a taste!');
CALL AddGossip(52096, 52030, 'It\s not much, but it\s honest work.');
CALL AddGossip(52097, 52012, 'She\s mine pal!');
CALL AddGossip(52098, 52050, 'Nothing like dancing the night away!');
CALL AddGossip(52099, 52051, 'Let\s boogie!');
CALL AddGossip(52100, 52081, 'Aye?');
CALL AddGossip(52101, 52013, 'We can\t all be great dancers!');
CALL AddGossip(52102, 52033, 'Spirits all around!');
CALL AddGossip(52103, 52039, 'I must return to my studies. Something is strangely amiss in our land and I must learn its cause.');
CALL AddGossip(52104, 52103, 'Do fish ever get thirsty?');
CALL AddGossip(52105, 52114, 'Been a tough day? A nice ale should loosen those worries right up.');
CALL AddGossip(52106, 52058, 'Hello there young $g man : lady;, care to dance?');
CALL AddGossip(52107, 52027, 'Well hello. What might a $c be doing so far afield from his homeland?');
CALL AddGossip(52108, 52025, 'Oh, you startled me! I think these squirrels have me a bit on edge lately.');
CALL AddGossip(52109, 52109, 'Pleasure to meet you $n. Comin from the harbor? Next time you\re there, give Sida my best, would ya?');

DROP PROCEDURE IF EXISTS AddGossip;


INSERT INTO `gameobject` (`guid`, `id`, `position_x`, `position_y`, `position_z`, `orientation`, `rotation2`, `rotation3`, `spawntimesecsmin`, `spawntimesecsmax`, `animprogress`, `state`, `patch_min`, `patch_max`) VALUES 
  (1270000, 1685, -4155.76, -1131.05, 166.199, 2.43665, 0.938523, 0.345216, 900, 900, 100, 1, 0, 10),
  (1270001, 1744, -4154.74, -1128.25, 166.262, 0.932592, 0.951953, 0.306244, 120, 120, 100, 1, 5, 10),
  (1270089, 2413, -3860.41, -1859.55, 149.668, 0.0349278, 0.017463, 0.999848, 120, 120, 0, 0, 0, 10),
  (1270090, 2413, -3860.47, -1880.12, 142.187, 0.997793, 0.478457, 0.878111, 120, 120, 0, 0, 0, 10),
  (1270091, 2413, -3860.69, -1878.81, 142.187, 0.0199717, 0.00998568, 0.99995, 120, 120, 0, 0, 0, 10),
  (1270092, 2413, -3860.67, -1877.24, 142.187, 0.00426364, 0.00213182, 0.999998, 120, 120, 0, 0, 0, 10),
  (1270093, 2413, -3860.69, -1875.49, 142.187, 6.16571, 0.0587015, -0.998276, 120, 120, 0, 0, 0, 10),
  (1270094, 2413, -3860.23, -1874.03, 142.187, 5.4628, 0.398788, -0.917043, 120, 120, 0, 0, 0, 10),
  (1270095, 2413, -3857.67, -1878.78, 142.187, 3.11996, 0.999942, 0.0108162, 120, 120, 0, 0, 0, 10),
  (1270096, 2413, -3857.59, -1877.17, 142.187, 3.11996, 0.999942, 0.0108137, 120, 120, 0, 0, 0, 10),
  (1270097, 2413, -3857.81, -1875.43, 142.187, 3.57942, 0.976134, -0.217171, 120, 120, 0, 0, 0, 10),
  (1270098, 2413, -3849.57, -1875.22, 142.81, 1.52562, 0.690954, 0.722899, 120, 120, 0, 0, 0, 10),
  (1270099, 2413, -3854.57, -1880.56, 149.668, 1.60022, 0.717431, 0.696629, 120, 120, 0, 0, 0, 10),
  (1270100, 2413, -3858.81, -1880.35, 142.187, 1.53579, 0.715506, 0.698607, 120, 120, 0, 0, 0, 10),
  (1270101, 2413, -3846.14, -1864.3, 142.81, 2.37617, 0.927656, 0.373435, 120, 120, 0, 0, 0, 10),
  (1270102, 2413, -3876.03, -1840.41, 143.737, 2.19633, 0.881819, 0.471588, 120, 120, 0, 0, 0, 10),
  (1270103, 2413, -3872.94, -1838.39, 143.736, 2.13035, 0.874874, 0.48435, 120, 120, 0, 0, 0, 10),
  (1270088, 2413, -3948.78, -1986.05, 150.367, 0.523481, 0.258762, 0.965941, 120, 120, 0, 0, 0, 10),
  (1270087, 2413, -3987.79, -1547.55, 166.876, 6.03155, 0.125488, -0.992095, 120, 120, 0, 0, 0, 10),
  (1270086, 2413, -4112.4, -1256.37, 148.959, 3.79316, 0.684662, -0.728861, 120, 120, 0, 0, 0, 10),
  (1270071, 2413, -3853.77, -1988.96, 151.275, 3.09253, 0.999699, 0.0245273, 120, 120, 0, 0, 0, 10),
  (1270072, 2413, -3855.07, -1990.53, 151.253, 2.53804, 0.724256, 0.689531, 120, 120, 0, 0, 0, 10),
  (1270073, 2413, -3866.55, -2007.01, 151.286, 4.15989, 0.873159, -0.487435, 120, 120, 0, 0, 0, 10),
  (1270074, 2413, -3865.98, -2009, 151.271, 2.59695, 0.963149, 0.268969, 120, 120, 0, 0, 0, 10),
  (1270075, 2413, -3868.13, -2009.29, 151.287, 0.268241, 0.133719, 0.991019, 120, 120, 0, 0, 0, 10),
  (1270076, 2413, -3948.49, -1984.15, 150.367, 5.41259, 0.29535, -0.955389, 120, 120, 0, 0, 0, 10),
  (1270077, 2413, -4043.61, -1480.42, 166.807, 5.99931, 0.141463, -0.989944, 120, 120, 0, 0, 0, 10),
  (1270078, 2413, -4041.95, -1479.66, 166.807, 4.41281, 0.531323, -0.847169, 120, 120, 0, 0, 0, 10),
  (1270079, 2413, -4033.62, -1481.71, 166.474, 4.48351, 0.783227, -0.621735, 120, 120, 0, 0, 0, 10),
  (1270080, 2413, -4165.82, -1128.89, 166.424, 0.869871, 0.257259, 0.966343, 120, 120, 0, 0, 0, 10),
  (1270081, 2413, -4166.04, -1126.98, 166.47, 5.543, 0.12829, -0.991737, 120, 120, 0, 0, 0, 10),
  (1270082, 2413, -4164.75, -1125.65, 166.511, 5.62153, 0.539994, -0.841669, 120, 120, 0, 0, 0, 10),
  (1270083, 2413, -4162.43, -1126.83, 166.519, 2.54278, 0.955511, 0.294954, 120, 120, 0, 0, 0, 10),
  (1270084, 2413, -4111.39, -1256.64, 142.557, 2.84124, 0.988745, 0.149612, 120, 120, 0, 0, 0, 10),
  (1270085, 2413, -4115.14, -1252.77, 142.292, 5.41107, 0.422368, -0.906424, 120, 120, 0, 0, 0, 10),
  (1270104, 2413, -3875.88, -1832.13, 143.734, 0.583125, 0.287449, 0.957796, 120, 120, 0, 0, 0, 10),
  (1270105, 2413, -3873.95, -1832.57, 143.736, 2.16963, 0.884216, 0.467078, 120, 120, 0, 0, 0, 10),
  (1270106, 2413, -3879.65, -1839.67, 143.738, 0.645175, 0.317022, 0.948418, 120, 120, 0, 0, 0, 10),
  (1270124, 2413, -3962.61, -1807.59, 148.471, 0.580776, 0.254567, 0.967055, 120, 120, 0, 0, 0, 10),
  (1270125, 2413, -3951.62, -1808.16, 148.478, 2.09032, 0.865004, 0.501765, 120, 120, 0, 0, 0, 10),
  (1270126, 2413, -3838.53, -1866.03, 149.668, 2.58591, 0.96165, 0.27428, 120, 120, 0, 0, 0, 10),
  (1270127, 2413, -3865, -1880.84, 149.668, 1.59237, 0.714694, 0.699437, 120, 120, 0, 0, 0, 10),
  (1270128, 2413, -3869.81, -1873.93, 149.668, 6.25921, 0.011989, -0.999928, 120, 120, 0, 0, 0, 10),
  (1270129, 2413, -3857.57, -1859.43, 149.668, 3.1294, 0.999981, 0.00609843, 120, 120, 0, 0, 0, 10),
  (1270130, 2413, -3869.43, -1862.41, 149.668, 0.00743508, 0.00371753, 0.999993, 120, 120, 0, 0, 0, 10),
  (1270131, 2413, -3850.82, -1862.91, 149.668, 6.25371, 0.0147396, -0.999891, 120, 120, 0, 0, 0, 10),
  (1270132, 2413, -3847.63, -1862.9, 149.668, 3.17887, 0.999826, -0.0186383, 120, 120, 0, 0, 0, 10),
  (1270133, 2413, -3849.19, -1861.5, 149.668, 4.71825, 0.705033, -0.709175, 120, 120, 0, 0, 0, 10),
  (1270134, 2413, -3849.17, -1864.36, 149.668, 1.5688, 0.706402, 0.707811, 120, 120, 0, 0, 0, 10),
  (1270135, 2413, -3843.74, -1866.11, 149.668, 3.13568, 0.999996, 0.0029573, 120, 120, 0, 0, 0, 10),
  (1270299, 2413, -4625.74, -849.375, 640.439, 2.74374, 0.98028, 0.197616, 25, 25, 100, 1, 0, 10),
  (1270298, 2413, -4627.55, -850.32, 640.411, 1.54483, 0.697868, 0.716226, 25, 25, 100, 1, 0, 10),
  (1270297, 2413, -4629.22, -847.898, 640.453, 5.90183, 0.189524, -0.981876, 25, 25, 100, 1, 0, 10),
  (1270123, 2413, -3964.84, -1818.34, 143.713, 5.21542, 0.508879, -0.860838, 120, 120, 0, 0, 0, 10),
  (1270122, 2413, -3966.63, -1819.62, 143.713, 5.1683, 0.400573, -0.916265, 120, 120, 0, 0, 0, 10),
  (1270107, 2413, -3849.07, -1860.46, 142.81, 5.50206, 0.380707, -0.924696, 120, 120, 0, 0, 0, 10),
  (1270108, 2413, -3845.91, -1860.4, 142.81, 4.21008, 0.860654, -0.50919, 120, 120, 0, 0, 0, 10),
  (1270109, 2413, -3849.14, -1862.55, 142.81, 0.0160518, 0.0080258, 0.999968, 120, 120, 0, 0, 0, 10),
  (1270110, 2413, -3848.46, -1864.59, 142.81, 0.573684, 0.282925, 0.959142, 120, 120, 0, 0, 0, 10),
  (1270111, 2413, -3845.78, -1862.54, 142.884, 3.16157, 0.99995, -0.00998926, 120, 120, 0, 0, 0, 10),
  (1270112, 2413, -3856.44, -1880.61, 149.668, 1.60022, 0.717431, 0.696629, 120, 120, 0, 0, 0, 10),
  (1270113, 2413, -3863.05, -1880.78, 149.668, 1.63556, 0.693785, 0.720182, 120, 120, 0, 0, 0, 10),
  (1270114, 2413, -3948.92, -1814.76, 148.467, 3.60535, 0.973237, -0.229806, 120, 120, 0, 0, 0, 10),
  (1270115, 2413, -3949.25, -1816.84, 148.457, 2.02277, 0.857824, 0.513944, 120, 120, 0, 0, 0, 10),
  (1270116, 2413, -3950.71, -1813.89, 148.476, 4.57139, 0.75516, -0.655541, 120, 120, 0, 0, 0, 10),
  (1270117, 2413, -3956.74, -1814.5, 148.475, 5.21935, 0.507188, -0.861836, 120, 120, 0, 0, 0, 10),
  (1270118, 2413, -3944.78, -1815.16, 148.478, 3.65248, 0.967551, -0.252675, 120, 120, 0, 0, 0, 10),
  (1270119, 2413, -3946.59, -1812.29, 148.481, 3.6839, 0.963462, -0.267845, 120, 120, 0, 0, 0, 10),
  (1270120, 2413, -3966.78, -1821.24, 143.713, 0.4402, 0.243163, 0.969985, 120, 120, 0, 0, 0, 10),
  (1270121, 2413, -3965.85, -1823.02, 143.713, 0.550155, 0.271622, 0.962404, 120, 120, 0, 0, 0, 10),
  (1270296, 2413, -4629.06, -849.673, 640.432, 0.598817, 0.294955, 0.955511, 120, 120, 100, 1, 0, 10),
  (1270002, 2413, -3855.08, -2027.28, 151.259, 2.33383, 0.919543, 0.39299, 120, 120, 0, 0, 0, 10),
  (1270020, 2413, -3858.97, -2027.79, 151.26, 0.499926, 0.300237, 0.953865, 120, 120, 0, 0, 0, 10),
  (1270021, 2413, -3858.84, -2025.24, 151.259, 5.31048, 0.467406, -0.884043, 120, 120, 0, 0, 0, 10),
  (1270022, 2413, -3939.4, -2034.31, 144.117, 3.70741, 0.960248, -0.27915, 120, 120, 0, 0, 0, 10),
  (1270023, 2413, -3938.07, -2036.76, 144.114, 2.65497, 0.943566, 0.331183, 120, 120, 0, 0, 0, 10),
  (1270024, 2413, -3938.97, -2038.45, 144.11, 2.76493, 0.982318, 0.187222, 120, 120, 0, 0, 0, 10),
  (1270025, 2413, -4034.46, -1875.91, 148.847, 4.9413, 0.621725, -0.783235, 120, 120, 0, 0, 0, 10),
  (1270026, 2413, -4019.43, -1895.02, 146.585, 0.97974, 0.470511, 0.882394, 120, 120, 0, 0, 0, 10),
  (1270027, 2413, -4018.81, -1893.78, 146.585, 3.43018, 0.989608, -0.143795, 120, 120, 0, 0, 0, 10),
  (1270028, 2413, -4022.52, -1881.58, 147.491, 0.213974, 0.106783, 0.994282, 120, 120, 0, 0, 0, 10),
  (1270029, 2413, -4021.26, -1886.91, 147.484, 0.288588, 0.143794, 0.989608, 120, 120, 0, 0, 0, 10),
  (1270030, 2413, -3949.32, -1813.68, 143.712, 6.02439, 0.129037, -0.99164, 120, 120, 0, 0, 0, 10),
  (1270031, 2413, -3952.96, -1808.74, 143.71, 2.09347, 0.865795, 0.500399, 120, 120, 0, 0, 0, 10),
  (1270032, 2413, -3959.61, -1803.06, 144.171, 5.22721, 0.503796, -0.863823, 120, 120, 0, 0, 0, 10),
  (1270033, 2413, -4036.34, -1876.38, 148.847, 4.9845, 0.604664, -0.796481, 120, 120, 0, 0, 0, 10),
  (1270034, 2413, -4026.32, -1905.58, 147.487, 4.94601, 0.619878, -0.784698, 120, 120, 0, 0, 0, 10),
  (1270019, 2413, -3856.17, -2006.27, 161.789, 0.612214, 0.301349, 0.953514, 120, 120, 0, 0, 0, 10),
  (1270018, 2413, -3856.98, -2003.32, 161.79, 6.05895, 0.111883, -0.993721, 120, 120, 0, 0, 0, 10),
  (1270003, 2413, -3856.75, -2028.3, 151.259, 2.1689, 0.884046, 0.4674, 120, 120, 0, 0, 0, 10),
  (1270004, 2413, -3962.24, -2011.33, 150.492, 6.03614, 0.183347, -0.983048, 120, 120, 0, 0, 0, 10),
  (1270005, 2413, -3960, -2005.11, 150.492, 5.96153, 0.185277, -0.982686, 120, 120, 0, 0, 0, 10),
  (1270006, 2413, -3943.46, -2039.85, 150.492, 1.13131, 0.535971, 0.844237, 120, 120, 0, 0, 0, 10),
  (1270007, 2413, -3940.01, -2040.76, 150.492, 1.72036, 0.75796, 0.6523, 120, 120, 0, 0, 0, 10),
  (1270008, 2413, -3937.14, -2038.56, 150.493, 2.6432, 0.969111, 0.246624, 120, 120, 0, 0, 0, 10),
  (1270009, 2413, -3935.97, -2034.68, 150.492, 3.17335, 0.999874, -0.0158757, 120, 120, 0, 0, 0, 10),
  (1270010, 2413, -3937.95, -2031.53, 150.493, 3.92733, 0.923815, -0.382838, 120, 120, 0, 0, 0, 10),
  (1270011, 2413, -3854.58, -2024.97, 151.254, 3.67686, 0.964399, -0.264452, 120, 120, 0, 0, 0, 10),
  (1270012, 2413, -3857.12, -2023.94, 151.259, 5.26728, 0.486388, -0.873743, 120, 120, 0, 0, 0, 10),
  (1270013, 2413, -3844.56, -2022.48, 159.621, 0.60438, 0.297612, 0.954687, 120, 120, 0, 0, 0, 10),
  (1270014, 2413, -3839.99, -2016.13, 159.621, 3.8088, 0.955269, -0.295737, 120, 120, 0, 0, 0, 10),
  (1270015, 2413, -3849.33, -2002.79, 161.79, 3.66743, 0.965636, -0.2599, 120, 120, 0, 0, 0, 10),
  (1270016, 2413, -3851.76, -2000.94, 161.79, 4.44104, 0.79625, -0.604968, 120, 120, 0, 0, 0, 10),
  (1270017, 2413, -3855.03, -2000.93, 161.791, 5.20288, 0.514267, -0.85763, 120, 120, 0, 0, 0, 10),
  (1270035, 2413, -4029.18, -1906.23, 147.488, 5.78638, 0.245857, -0.969306, 120, 120, 0, 0, 0, 10),
  (1270036, 2413, -3941.52, -2039.32, 144.12, 1.18628, 0.558967, 0.82919, 120, 120, 0, 0, 0, 10),
  (1270070, 2413, -3856.79, -1989.03, 151.285, 0.0373335, 0.0186657, 0.999826, 120, 120, 0, 0, 0, 10),
  (1270055, 2413, -4599.41, -1712.86, 503.468, 4.66325, 0.499739, -0.866176, 120, 120, 0, 0, 0, 10),
  (1270056, 2413, -4572.99, -1705.73, 510.347, 3.72863, 0.957232, -0.28932, 120, 120, 0, 0, 0, 10),
  (1270057, 2413, -4573.27, -1708.19, 510.347, 1.07005, 0.509863, 0.860255, 120, 120, 0, 0, 0, 10),
  (1270058, 2413, -3840.14, -2027.99, 151.205, 3.76672, 0.951549, -0.307499, 120, 120, 0, 0, 0, 10),
  (1270059, 2413, -3842.6, -2029.72, 151.204, 0.603129, 0.297014, 0.954873, 120, 120, 0, 0, 0, 10),
  (1270060, 2413, -4589.94, -1724.53, 510.347, 4.22733, 0.856229, -0.516596, 120, 120, 0, 0, 0, 10),
  (1270061, 2413, -4589.16, -1726.52, 510.348, 2.25206, 0.902711, 0.430247, 120, 120, 0, 0, 0, 10),
  (1270062, 2413, -4590.62, -1730.67, 510.347, 1.18392, 0.557989, 0.829849, 120, 120, 0, 0, 0, 10),
  (1270063, 2413, -4591.16, -1726.99, 510.347, 0.956156, 0.460074, 0.887881, 120, 120, 0, 0, 0, 10),
  (1270064, 2413, -4593.92, -1729.11, 510.347, 1.04648, 0.499688, 0.866205, 120, 120, 0, 0, 0, 10),
  (1270065, 2413, -4591.64, -1724.75, 510.347, 5.78636, 0.169058, -0.985606, 120, 120, 0, 0, 0, 10),
  (1270066, 2413, -4722.32, -1582.85, 506.786, 6.17516, 0.283719, -0.958907, 120, 120, 0, 0, 0, 10),
  (1270067, 2413, -4114.26, -1263.52, 148.96, 0.689125, 0.337785, 0.941223, 120, 120, 0, 0, 0, 10),
  (1270068, 2413, -4115.84, -1261.3, 148.958, 0.622365, 0.306185, 0.951972, 120, 120, 0, 0, 0, 10),
  (1270069, 2413, -4042.88, -1482.22, 166.807, 1.29241, 0.602162, 0.798374, 120, 120, 0, 0, 0, 10),
  (1270054, 2413, -4721.01, -1584.78, 506.786, 1.57272, 0.810734, 0.585414, 120, 120, 0, 0, 0, 10),
  (1270053, 2413, -4592.04, -1703.42, 503.466, 6.12016, 0.0814217, -0.99668, 120, 120, 0, 0, 0, 10),
  (1270037, 2413, -3942.48, -2036.99, 144.116, 5.92616, 0.177567, -0.984109, 120, 120, 0, 0, 0, 10),
  (1270038, 2413, -3941.77, -2035.16, 144.106, 5.91437, 0.183362, -0.983045, 120, 120, 0, 0, 0, 10),
  (1270039, 2413, -4014.37, -1886.73, 147.486, 1.01272, 0.367918, 0.929858, 120, 120, 0, 0, 0, 10),
  (1270040, 2413, -4028.55, -1909.21, 147.501, 1.84918, 0.70417, 0.710032, 120, 120, 0, 0, 0, 10),
  (1270041, 2413, -4025.66, -1908.43, 147.488, 1.81383, 0.787608, 0.616177, 120, 120, 0, 0, 0, 10),
  (1270042, 2413, -4024.01, -1906.66, 147.65, 2.53876, 0.954916, 0.296875, 120, 120, 0, 0, 0, 10),
  (1270043, 2413, -4031.14, -1908.58, 147.488, 0.268949, 0.13407, 0.990972, 120, 120, 0, 0, 0, 10),
  (1270044, 2413, -3963.15, -1817.48, 143.713, 4.76382, 0.68869, -0.725056, 120, 120, 0, 0, 0, 10),
  (1270045, 2413, -3846.17, -2020.24, 159.621, 0.63187, 0.310705, 0.950506, 120, 120, 0, 0, 0, 10),
  (1270052, 2413, -4590.29, -1702.31, 503.469, 4.15275, 0.874894, -0.484314, 120, 120, 0, 0, 0, 10),
  (1270051, 2413, -4589.01, -1703.83, 503.477, 3.00607, 0.997705, 0.06771, 120, 120, 0, 0, 0, 10),
  (1270050, 2413, -4590.92, -1705.28, 503.475, 1.43527, 0.791943, 0.610595, 120, 120, 0, 0, 0, 10),
  (1270049, 2413, -4601.28, -1716.59, 503.473, 0.304293, 0.15156, 0.988448, 120, 120, 0, 0, 0, 10),
  (1270048, 2413, -4599.83, -1718.03, 503.477, 1.43919, 0.659082, 0.752071, 120, 120, 0, 0, 0, 10),
  (1270047, 2413, -4598.42, -1716.73, 503.477, 2.44843, 0.94054, 0.339683, 120, 120, 0, 0, 0, 10),
  (1270046, 2413, -3847.84, -2004.31, 151.21, 3.76594, 0.951669, -0.307126, 120, 120, 0, 0, 0, 10),
  (1270150, 2489, -3930.33, -1863.16, 143.417, 3.04692, 0.999848, -0.0174566, 120, 120, 0, 0, 0, 10),
  (1270151, 2489, -3931.99, -1865.32, 143.448, 1.50753, 0.853552, 0.521007, 120, 120, 0, 0, 0, 10),
  (1270152, 2489, -3933.65, -1863.71, 143.418, 5.56019, 0.353673, -0.935369, 120, 120, 0, 0, 0, 10),
  (1270153, 2489, -3933.15, -1861.36, 143.393, 6.20581, 0.0386799, -0.999252, 120, 120, 0, 0, 0, 10),
  (1270154, 2489, -3933.29, -1858.65, 143.373, 6.24114, 0.0778817, -0.996963, 120, 120, 0, 0, 0, 10),
  (1270155, 2489, -3933.09, -1856.45, 143.364, 6.28042, 0.00138226, -0.999999, 120, 120, 0, 0, 0, 10),
  (1270156, 2489, -3931.34, -1854.64, 143.356, 4.63108, 0.73526, -0.677785, 120, 120, 0, 0, 0, 10),
  (1270149, 2489, -3922.34, -1872.48, 144.144, 1.91057, 0.81077, 0.585364, 120, 120, 0, 0, 0, 10),
  (1270148, 2489, -3924.4, -1871.49, 144.017, 0.308356, 0.153568, 0.988138, 120, 120, 0, 0, 0, 10),
  (1270147, 2489, -3922.01, -1869.8, 144.062, 4.06649, 0.894962, -0.446142, 120, 120, 0, 0, 0, 10),
  (1270136, 2489, -3930.27, -1860.9, 143.398, 3.09957, 0.999779, 0.021012, 120, 120, 0, 0, 0, 10),
  (1270137, 2489, -3920.84, -1861.44, 143.659, 1.56333, 0.704461, 0.709742, 120, 120, 0, 0, 0, 10),
  (1270138, 2489, -3917, -1861.79, 143.694, 2.47832, 0.94551, 0.325592, 120, 120, 0, 0, 0, 10),
  (1270139, 2489, -3917.18, -1858.8, 143.547, 4.6578, 0.726143, -0.687544, 120, 120, 0, 0, 0, 10),
  (1270140, 2489, -3920.85, -1858.75, 143.532, 4.76775, 0.687267, -0.726405, 120, 120, 0, 0, 0, 10),
  (1270141, 2489, -3920.82, -1856.74, 143.512, 1.50441, 0.696047, 0.717996, 120, 120, 0, 0, 0, 10),
  (1270142, 2489, -3920.8, -1854.15, 143.459, 4.66172, 0.724793, -0.688967, 120, 120, 0, 0, 0, 10),
  (1270143, 2489, -3917.12, -1854.14, 143.506, 4.72612, 0.702236, -0.711944, 120, 120, 0, 0, 0, 10),
  (1270144, 2489, -3917.16, -1856.63, 143.535, 1.57275, 0.707795, 0.706417, 120, 120, 0, 0, 0, 10),
  (1270145, 2489, -3929.92, -1856.62, 143.371, 3.07993, 0.947791, -0.318893, 120, 120, 0, 0, 0, 10),
  (1270146, 2489, -3930.12, -1858.63, 143.384, 3.06422, 0.999252, 0.0386755, 120, 120, 0, 0, 0, 10),
  (1270172, 3797, -3824.59, -1869.31, 143.287, 3.50635, 0.983415, -0.18137, 120, 120, 0, 0, 0, 10),
  (1270173, 3797, -4948.98, -1771.99, 501.485, 5.00504, 0.534372, 0.84525, 120, 120, 0, 0, 0, 10),
  (1270174, 3797, -4125.93, -2008.18, 219.19, 2.68332, 0.840836, -0.54129, 120, 120, 0, 0, 0, 10),
  (1270175, 3797, -4117.65, -1260.33, 142.892, 4.03035, 0.175179, -0.984537, 120, 120, 0, 0, 0, 10),
  (1270176, 3797, -4126.86, -2008.4, 219.194, 5.98197, 0.435882, -0.900004, 120, 120, 0, 0, 0, 10),
  (1270177, 3797, -4126.88, -2007.57, 219.192, 5.38506, 0.975443, 0.220254, 120, 120, 0, 0, 0, 10),
  (1270178, 3797, -4732.73, -1584.11, 507.052, 2.09514, 0.866211, 0.499678, 120, 120, 0, 0, 0, 10),
  (1270179, 3797, -3978.64, -1547.11, 167.019, 5.04901, 0.369371, -0.929282, 120, 120, 0, 0, 0, 10),
  (1270171, 3797, -3824.99, -1868.11, 143.287, 3.50635, 0.824964, 0.565186, 120, 120, 0, 0, 0, 10),
  (1270170, 3797, -4157.67, -1135.27, 166.637, 4.45997, 0.959897, -0.280352, 120, 120, 0, 0, 0, 10),
  (1270169, 3797, -4157.17, -1134.73, 166.639, 4.71523, 0.706103, -0.708109, 120, 120, 0, 0, 0, 10),
  (1270159, 3797, -3870.54, -1833.32, 143.736, 0.0787769, 0.0393783, 0.999224, 120, 120, 0, 0, 0, 10),
  (1270160, 3797, -3871.33, -1832.39, 143.736, 3.27142, 0.997894, -0.0648689, 120, 120, 0, 0, 0, 10),
  (1270157, 3797, -3870.62, -1832.1, 143.736, 0.601067, 0.0705083, -0.997511, 120, 120, 0, 0, 0, 10),
  (1270158, 3797, -3870.34, -1832.51, 143.736, 0.938788, 0.76556, 0.643365, 120, 120, 0, 0, 0, 10),
  (1270161, 3797, -4118.05, -1259.63, 142.892, 0.652352, 0.917536, 0.397652, 120, 120, 0, 0, 0, 10),
  (1270162, 3797, -4119.03, -1259.38, 142.892, 3.79159, 0.947651, -0.319308, 120, 120, 0, 0, 0, 10),
  (1270163, 3797, -3960.86, -1812.31, 143.711, 3.63674, 0.991637, 0.129056, 120, 120, 0, 0, 0, 10),
  (1270164, 3797, -3960.19, -1813.55, 143.711, 3.85273, 0.937449, -0.348122, 120, 120, 0, 0, 0, 10),
  (1270165, 3797, -3960.19, -1812.75, 143.711, 3.62103, 0.711658, 0.702526, 120, 120, 0, 0, 0, 10),
  (1270168, 3797, -4033.53, -1488.18, 166.958, 4.98615, 0.604005, -0.796981, 120, 120, 0, 0, 0, 10),
  (1270167, 3797, -3961.23, -1812.73, 148.675, 3.05869, 0.999141, 0.0414409, 120, 120, 0, 0, 0, 10),
  (1270166, 3797, -3960.83, -1813.3, 148.675, 3.62103, 0.814648, -0.579956, 120, 120, 0, 0, 0, 10),
  (1270292, 18075, -4627.5, -848.569, 640.271, 0.323816, 0.161202, 0.986921, 120, 120, 100, 1, 0, 10),
  (1270303, 21581, -3949.1, -1994.44, 142.73, 5.00421, 0.774984, -0.631981, 120, 120, 100, 1, 0, 10),
  (1270180, 21582, -3953.66, -2028.6, 137.159, 2.40373, 0.932713, 0.360619, 120, 120, 100, 1, 0, 10),
  (1270184, 22772, -3856.47, -1858.01, 142.794, 1.56642, 0.705558, 0.708652, 120, 120, 0, 0, 0, 10),
  (1270183, 22772, -3856.17, -1859.39, 142.807, 0.239888, 0.389046, -0.921218, 120, 120, 0, 0, 0, 10),
  (1270182, 22772, -3857.53, -1858.88, 142.791, 4.06792, 0.616181, -0.787605, 120, 120, 0, 0, 0, 10),
  (1270181, 22772, -3854.73, -1858.83, 142.809, 1.53894, 0.992768, -0.120045, 120, 120, 0, 0, 0, 10),
  (1270187, 28611, -3956.51, -2002.53, 141.559, 5.87514, 0.175615, -0.984459, 120, 120, 0, 0, 0, 10),
  (1270186, 28611, -3949.85, -1995.28, 141.558, 1.08814, 0.575154, 0.818045, 120, 120, 0, 0, 0, 10),
  (1270185, 28611, -3949.5, -2006.34, 141.559, 2.80425, 0.985808, 0.167875, 120, 120, 0, 0, 0, 10),
  (1270204, 48403, -4957.47, -1766.51, 501.264, 2.73052, 0.978952, 0.204091, 120, 120, 0, 0, 0, 10),
  (1270205, 48403, -3878.98, -1856.15, 143.344, 2.25523, 0.903392, 0.428816, 120, 120, 0, 0, 0, 10),
  (1270203, 48403, -4946.76, -1766.33, 500.93, 1.16364, 0.549547, 0.835463, 120, 120, 0, 0, 0, 10),
  (1270202, 48403, -4666.08, -1719.06, 503.324, 1.92549, 0.820764, 0.571268, 120, 120, 0, 0, 0, 10),
  (1270201, 48403, -4665.08, -1713.42, 503.325, 3.87721, 0.933118, -0.359571, 120, 120, 0, 0, 0, 10),
  (1270200, 48403, -3988.35, -1543.19, 166.876, 2.96771, 0.996223, 0.086831, 120, 120, 0, 0, 0, 10),
  (1270199, 48403, -4597.34, -1710, 517.47, 2.7822, 0.983898, 0.178729, 120, 120, 0, 0, 0, 10),
  (1270188, 48403, -4575.99, -1718.72, 517.47, 5.92771, 0.176803, -0.984246, 120, 120, 0, 0, 0, 10),
  (1270190, 48403, -3977.91, -1541.23, 166.542, 1.37021, 0.632755, 0.774352, 120, 120, 0, 0, 0, 10),
  (1270191, 48403, -3987.17, -1539.68, 167.063, 0.352334, 0.175257, 0.984523, 120, 120, 0, 0, 0, 10),
  (1270192, 48403, -4584.99, -1726.18, 517.47, 5.1109, 0.630619, -0.776093, 120, 120, 0, 0, 0, 10),
  (1270189, 48403, -3879.77, -1853.36, 143.624, 4.8981, 0.638498, -0.769624, 120, 120, 0, 0, 0, 10),
  (1270193, 48403, -3878.23, -1854.46, 143.457, 3.36265, 0.993898, -0.110303, 120, 120, 0, 0, 0, 10),
  (1270194, 48403, -4581.17, -1724.55, 517.47, 5.35438, 0.44789, -0.894089, 120, 120, 0, 0, 0, 10),
  (1270195, 48403, -3933.95, -1878.13, 143.573, 2.98801, 0.997053, 0.0767177, 120, 120, 0, 0, 0, 10),
  (1270196, 48403, -4036.85, -1864.14, 145.252, 1.62534, 0.726125, 0.687562, 120, 120, 0, 0, 0, 10),
  (1270198, 48403, -4039.03, -1860.98, 145.194, 5.77223, 0.252706, -0.967543, 120, 120, 0, 0, 0, 10),
  (1270197, 48403, -4037.26, -1860.19, 145.186, 4.83762, 0.661475, -0.749967, 120, 120, 0, 0, 0, 10),
  (1270207, 112068, -3863.49, -2014.89, 153.091, 5.32226, 0.462188, -0.886782, 120, 120, 0, 0, 0, 10),
  (1270206, 112068, -3859.98, -2012.44, 153.089, 5.31834, 0.463928, -0.885873, 120, 120, 0, 0, 0, 10),
  (1270208, 112068, -3861.73, -2013.64, 153.289, 5.30734, 0.468792, -0.883309, 120, 120, 0, 0, 0, 10),
  (1270209, 142075, -3879.24, -1867.35, 142.304, 3.06183, 1, -0.000955506, 900, 900, 100, 1, 0, 10),
  (1270211, 151953, -3849.85, -1993.24, 143.535, 3.76718, 0.951477, -0.30772, 120, 120, 0, 0, 0, 10),
  (1270212, 151953, -3842.43, -2004.87, 143.536, 3.72791, 0.957336, -0.288977, 120, 120, 0, 0, 0, 10),
  (1270213, 151953, -3893.21, -1591.26, 152.686, 5.73381, 0.271246, -0.96251, 120, 120, 0, 0, 0, 10),
  (1270210, 151953, -3888.12, -1594.59, 152.69, 2.60008, 0.963569, 0.267461, 120, 120, 0, 0, 0, 10),
  (1270214, 175725, -3874.12, -1831.79, 144.894, 1.85788, 0.553761, -0.832676, 120, 120, 100, 1, 0, 10),
  (1270215, 175726, -3848.57, -1863.16, 150.818, 2.68016, 0.174833, -0.984598, 120, 120, 100, 1, 0, 10),
  (1270302, 175756, -3950.78, -1815.59, 149.625, 6.15834, 0.9984, -0.0565391, 120, 120, 100, 1, 0, 10),
  (1270216, 175855, -4107.83, -1267.18, 142.163, 5.3969, 0.855002, 0.518625, 120, 120, 100, 1, 0, 10),
  (1270217, 179972, -4625.85, -853.224, 640.665, 5.22283, 0.505685, -0.862718, 120, 120, 100, 1, 0, 10),
  (1270218, 180048, -3844.39, -1861.73, 143.972, 0.724048, 0.354168, 0.935182, 120, 120, 100, 1, 0, 10),
  (1270219, 180048, -3858.98, -1878.52, 142.9, 5.63239, 0.88443, -0.466674, 120, 120, 100, 1, 0, 10),
  (1270220, 180048, -3859.05, -1876.19, 142.9, 6.02784, 0.531381, -0.847133, 120, 120, 100, 1, 0, 10),
  (1270221, 180049, -3858.61, -1876.27, 142.9, 2.25321, 0.902959, 0.429727, 120, 120, 100, 1, 0, 10),
  (1270222, 180338, -3841.19, -2028.64, 152.328, 4.98368, 0.604989, -0.796234, 120, 120, 100, 1, 0, 10),
  (1270223, 180515, -3959.1, -1601.18, 165.05, 1.91524, 0.848837, 0.528654, 0, 0, 100, 1, 6, 10),
  (1270224, 180699, -4623.47, -852.209, 640.718, 2.29131, 0.91098, 0.41245, 120, 120, 255, 1, 6, 10),
  (1270225, 180699, -3875.77, -1858.12, 142.56, 3.16716, 0.999918, -0.0127832, 120, 120, 255, 1, 6, 10),
  (1270226, 180771, -3935.28, -1881.85, 143.481, 1.70556, 0.753113, 0.657891, 180, 180, 100, 1, 7, 10),
  (1270227, 180772, -3939.4, -1878.87, 143.514, 1.31286, 0.610294, 0.792175, 180, 180, 100, 1, 7, 10),
  (1270228, 180885, -3841.4, -2028.92, 151.204, 5.30961, 0.46779, -0.88384, 120, 120, 100, 1, 0, 10),
  (1270234, 180905, -4625.84, -852.879, 641.908, 4.45825, 0.791017, -0.611795, 25, 25, 255, 1, 6, 10),
  (1270232, 180905, -4031.07, -1880.71, 148.333, 1.60814, 0.720187, 0.69378, 25, 25, 255, 1, 6, 10),
  (1270229, 180905, -3844.27, -1863.8, 143.975, 3.79692, 0.946797, -0.321832, 25, 25, 255, 1, 6, 10),
  (1270230, 180905, -4114.46, -1257.69, 149.853, 4.81571, 0.669649, -0.742678, 25, 25, 255, 1, 6, 10),
  (1270235, 180905, -4113.3, -1256.81, 149.853, 0.209353, 0.104486, 0.994526, 25, 25, 255, 1, 6, 10),
  (1270231, 180905, -3944.83, -1813.64, 149.423, 0.492879, 0.23056, -0.973058, 25, 25, 255, 1, 6, 10),
  (1270233, 180905, -4626.11, -853.435, 641.908, 5.08264, 0.564867, -0.825182, 25, 25, 255, 1, 6, 10),
  (1270236, 181019, -3841.64, -2029.13, 152.328, 5.43135, 0.413154, -0.910661, 120, 120, 100, 1, 0, 10),
  (1270245, 181019, -4013.9, -1888.75, 147.488, 1.70895, 0.754226, 0.656614, 120, 120, 100, 1, 0, 10),
  (1270244, 181019, -3941.72, -1336.04, 149.627, 2.74492, 0.980396, 0.197037, 120, 120, 100, 1, 0, 10),
  (1270240, 181019, -3948.99, -1822.76, 149.421, 5.6686, 0.302477, -0.953157, 120, 120, 100, 1, 0, 10),
  (1270242, 181019, -3866.59, -1872.47, 151.169, 1.24555, 0.583293, 0.812262, 120, 120, 100, 1, 0, 10),
  (1270241, 181019, -3867.18, -1876.98, 143.537, 4.18137, 0.867874, -0.496784, 120, 120, 100, 1, 0, 10),
  (1270239, 181019, -3859.37, -2001.44, 153.174, 5.97407, 0.153944, -0.98808, 120, 120, 100, 1, 0, 10),
  (1270238, 181019, -4731.86, -1584.85, 509.276, 2.34397, 0.921522, 0.388326, 120, 120, 100, 1, 0, 10),
  (1270243, 181019, -3854.17, -2014.8, 152.466, 1.61196, 0.72151, 0.692404, 120, 120, 100, 1, 0, 10),
  (1270237, 181019, -4152.49, -1113.02, 170.839, 3.42781, 0.989777, -0.142623, 120, 120, 100, 1, 0, 10),
  (1270277, 181063, -3818.11, -1635.66, 134.511, 6.27176, 0.00571454, -0.999984, 120, 120, 100, 1, 0, 10),
  (1270288, 181064, -3977.92, -1614.28, 139.872, 2.50145, 0.635136, 0.7724, 120, 120, 100, 1, 0, 10),
  (1270301, 181064, -3949.9, -1810.77, 144.809, 0.846233, 0.38397, -0.923346, 120, 120, 100, 1, 0, 10),
  (1270282, 181064, -3817.83, -1634.2, 134.533, 0.465698, 0.435367, -0.900253, 120, 120, 100, 1, 0, 10),
  (1270289, 181065, -3977.61, -1613.81, 139.879, 1.19965, 0.564499, 0.825434, 120, 120, 100, 1, 0, 10),
  (1270284, 181065, -3818.71, -1637.14, 134.435, 0.925158, 0.78032, -0.62538, 120, 120, 100, 1, 0, 10),
  (1270283, 181066, -3819.14, -1633.97, 134.282, 5.84175, 0.21893, -0.975741, 120, 120, 100, 1, 0, 10),
  (1270290, 181066, -3978.28, -1614.83, 139.847, 0.469228, 0.298331, 0.954462, 120, 120, 100, 1, 0, 10),
  (1270291, 181066, -3976.59, -1613.56, 139.655, 1.92339, 0.514586, 0.857439, 120, 120, 100, 1, 0, 10),
  (1270286, 181067, -3815.22, -1646.6, 135.07, 0.748444, 0.365549, 0.930792, 120, 120, 100, 1, 0, 10),
  (1270251, 181388, -3853.29, -1997.18, 153.174, 4.7143, 0.706432, -0.70778, 120, 120, 100, 1, 0, 10),
  (1270258, 181388, -3859.95, -2004.04, 153.174, 6.08009, 0.101371, -0.994849, 120, 120, 100, 1, 0, 10),
  (1270247, 181388, -3848.66, -2002.74, 152.263, 1.19179, 0.561251, 0.827646, 120, 120, 100, 1, 0, 10),
  (1270257, 181388, -3857.2, -1865.29, 142.919, 2.44564, 0.940065, 0.340995, 120, 120, 100, 1, 0, 10),
  (1270256, 181388, -3956.4, -1798.84, 149.41, 1.9305, 0.822191, 0.569212, 120, 120, 100, 1, 0, 10),
  (1270255, 181388, -3963.58, -1828.02, 144.632, 3.87632, 0.933277, -0.359158, 120, 120, 100, 1, 0, 10),
  (1270254, 181388, -3857.4, -2026.52, 152.232, 5.89866, 0.191078, -0.981575, 120, 120, 100, 1, 0, 10),
  (1270253, 181388, -3864.57, -1858.6, 151.171, 1.22198, 0.57368, 0.81908, 120, 120, 100, 1, 0, 10),
  (1270252, 181388, -4013.17, -1888.57, 147.488, 4.21044, 0.860561, -0.509347, 120, 120, 100, 1, 0, 10),
  (1270250, 181388, -4107.53, -1269.86, 149.873, 5.43098, 0.413327, -0.910583, 120, 120, 100, 1, 0, 10),
  (1270249, 181388, -3848.37, -1998.9, 153.174, 4.20183, 0.130225, -0.991484, 120, 120, 100, 1, 0, 10),
  (1270248, 181388, -4158.12, -1133.77, 168.946, 4.57408, 0.754276, -0.656557, 120, 120, 100, 1, 0, 10),
  (1270246, 181388, -4099.79, -1257.63, 149.873, 1.9709, 0.833521, 0.552487, 120, 120, 100, 1, 0, 10),
  (1270259, 181388, -4029.78, -1466.35, 170.799, 5.36697, 0.44225, -0.896892, 120, 120, 100, 1, 0, 10),
  (1270270, 181391, -3947.64, -1985.94, 151.534, 1.26088, 0.589502, 0.807767, 120, 120, 100, 1, 0, 10),
  (1270300, 181391, -3949.99, -1810.23, 144.809, 1.32925, 0.616765, 0.787147, 120, 120, 100, 1, 0, 10),
  (1270272, 181391, -4163.57, -1126.41, 167.404, 1.24596, 0.583458, 0.812143, 120, 120, 100, 1, 0, 10),
  (1270265, 181391, -3945.15, -1812.96, 149.424, 4.22543, 0.856721, -0.515781, 120, 120, 100, 1, 0, 10),
  (1270260, 181391, -4577.51, -1717.08, 511.589, 2.96049, 0.995903, 0.0904289, 120, 120, 100, 1, 0, 10),
  (1270266, 181391, -3958.32, -1815.34, 149.441, 2.15081, 0.879782, 0.475377, 120, 120, 100, 1, 0, 10),
  (1270267, 181391, -4725.45, -1605.58, 510.723, 3.55348, 0.978869, -0.20449, 120, 120, 100, 1, 0, 10),
  (1270268, 181391, -4101.16, -1259.18, 149.838, 4.27055, 0.844868, -0.534975, 120, 120, 100, 1, 0, 10),
  (1270269, 181391, -4151.78, -1112.81, 170.839, 3.42781, 0.989777, -0.142623, 120, 120, 100, 1, 0, 10),
  (1270263, 181391, -3858.9, -1878.88, 142.9, 0.067835, 0.033911, 0.999425, 120, 120, 100, 1, 0, 10),
  (1270271, 181391, -4164.48, -1126.96, 167.381, 2.28269, 0.909194, 0.416374, 120, 120, 100, 1, 0, 10),
  (1270262, 181391, -3830.74, -1857.72, 151.157, 2.21356, 0.894262, 0.447544, 120, 120, 100, 1, 0, 10),
  (1270273, 181391, -3940.07, -2036.35, 145.074, 4.98138, 0.605903, -0.795538, 120, 120, 100, 1, 0, 10),
  (1270274, 181391, -4593.01, -1730.44, 511.24, 4.38009, 0.814315, -0.580424, 120, 120, 100, 1, 0, 10),
  (1270275, 181391, -4661.63, -1728.99, 504.17, 2.74844, 0.980741, 0.195314, 120, 120, 100, 1, 0, 10),
  (1270264, 181391, -3858.92, -1875.87, 142.9, 5.29663, 0.473516, -0.880785, 120, 120, 100, 1, 0, 10),
  (1270261, 181391, -4042.64, -1480.76, 167.715, 3.3053, 0.996652, -0.0817644, 120, 120, 100, 1, 0, 10),
  (1270276, 181391, -4625.68, -853.212, 641.908, 4.90004, 0.63775, -0.770244, 120, 120, 100, 1, 0, 10);


-- Fixes
delete from gameobject where guid=4009433;  -- this is a door blocking a dwarf house in Dun Agrath
delete from gameobject where guid=4009435;  -- old tent in Dun Agrath, replaced
delete from gameobject where guid=4009436;  -- old campfire in Dun Agrath, replaced
delete from gameobject where guid=4010098;  -- random turd in Dun Agrath
delete from creature where guid=2562680;  -- rat in the road
update creature_template set scale=0.5 where entry=52088;  -- kitties too big

INSERT INTO `npc_vendor` (`entry`, `item`) VALUES 
(52118, 159),    -- Innkeeper Heidi, Hawk's Vigil
(52118, 787),
(52118, 1179),
(52118, 1205),
(52118, 1645),
(52118, 1708),
(52118, 4592),
(52118, 4593),
(52118, 4594),
(52118, 8766),
(52118, 8957),
(52118, 21552);
