-- Caelan's Rest NPCS

replace into creature_template values
(92000, 0, 18660, 0, 0, 0, 'Hydromancer Vanessa', 'Kul Tiras', 3821, 55, 55, 2379, 2979, 5013, 5013, 1506, 84, 3, 1, 1.14286, 0, 20, 5, 0, 0, 1, 96, 125, 0, 248, 1, 2000, 2000, 8, 4096, 0, 0, 0, 0, 0, 0, 70.664, 97.163, 100, 7, 0, 0, 0, 0, 0, 0, 0, 0, 0, 0, 0, 0, 0, 0, 0, 0, 0, 0, '', 0, 3, 0, 0, 3, 11616, 0, 0, 0, 0, 524290, 0, ''),
(92001, 0,  18654, 0, 0, 0, 'Hydromancer Flakereef', 'Kul Tiras', 3821, 56, 56, 2479, 2979, 5013, 5013, 1506, 84, 3, 1, 1.14286, 0, 20, 5, 0, 0, 1, 96, 125, 0, 248, 1, 2000, 2000, 8, 4096, 0, 0, 0, 0, 0, 0, 70.664, 97.163, 100, 7, 0, 0, 0, 0, 0, 0, 0, 0, 0, 0, 0, 0, 0, 0, 0, 0, 0, 0, '', 0, 3, 0, 0, 3, 11616, 0, 0, 0, 0, 524290, 0, ''),
(92002, 0, 18649, 0, 0, 0, 'Colonel Hardinus', 'Kul Tiras', 3821, 58, 58, 8479, 8479, 15013, 15013, 1506, 84, 3, 1, 1.14286, 0, 20, 5, 0, 0, 1, 96, 125, 0, 248, 1, 2000, 2000, 8, 4096, 0, 0, 0, 0, 0, 0, 70.664, 97.163, 100, 7, 0, 0, 0, 0, 0, 0, 0, 0, 0, 0, 0, 0, 0, 0, 0, 0, 0, 0, '', 0, 3, 0, 0, 3, 11616, 0, 0, 0, 0, 524290, 0, ''),
(92003, 0, 18651, 0, 0, 0, 'Deckmaster Breachcrest', 'Kul Tiras', 3821, 57, 57, 2479, 2979, 5013, 5013, 1506, 84, 3, 1, 1.14286, 0, 20, 5, 0, 0, 1, 96, 125, 0, 248, 1, 2000, 2000, 8, 4096, 0, 0, 0, 0, 0, 0, 70.664, 97.163, 100, 7, 0, 0, 0, 0, 0, 0, 0, 0, 0, 0, 0, 0, 0, 0, 0, 0, 0, 0, '', 0, 3, 0, 0, 3, 11616, 0, 0, 0, 0, 524290, 0, ''),
(92004, 0, 18652, 0, 0, 0, 'Marine Clifftower', 'Kul Tiras', 0, 55, 55, 2479, 2979, 5013, 5013, 1506, 84, 3, 1, 1.14286, 0, 20, 5, 0, 0, 1, 96, 125, 0, 248, 1, 2000, 2000, 8, 4096, 0, 0, 0, 0, 0, 0, 70.664, 97.163, 100, 7, 0, 0, 0, 0, 0, 0, 0, 0, 0, 0, 0, 0, 0, 0, 0, 0, 0, 0, '', 0, 3, 0, 0, 3, 11616, 0, 0, 0, 0, 524290, 0, ''),
(92005, 0, 18650, 0, 0, 0, 'Marine Blackwell', 'Kul Tiras', 0, 55, 55, 2479, 2979, 5013, 5013, 1506, 84, 3, 1, 1.14286, 0, 20, 5, 0, 0, 1, 96, 125, 0, 248, 1, 2000, 2000, 8, 4096, 0, 0, 0, 0, 0, 0, 70.664, 97.163, 100, 7, 0, 0, 0, 0, 0, 0, 0, 0, 0, 0, 0, 0, 0, 0, 0, 0, 0, 0, '', 0, 3, 0, 0, 3, 11616, 0, 0, 0, 0, 524290, 0, ''),
(92006, 0, 18653, 0, 0, 0, 'Marine Dagby', 'Kul Tiras', 0, 55, 55, 2479, 2979, 5013, 5013, 1506, 84, 3, 1, 1.14286, 0, 20, 5, 0, 0, 1, 96, 125, 0, 248, 1, 2000, 2000, 8, 4096, 0, 0, 0, 0, 0, 0, 70.664, 97.163, 100, 7, 0, 0, 0, 0, 0, 0, 0, 0, 0, 0, 0, 0, 0, 0, 0, 0, 0, 0, '', 0, 3, 0, 0, 3, 11616, 0, 0, 0, 0, 524290, 0, ''),
(92007, 0, 18656, 0, 0, 0, 'Marine Logan', 'Kul Tiras', 0, 55, 55, 2479, 2979, 5013, 5013, 1506, 84, 3, 1, 1.14286, 0, 20, 5, 0, 0, 1, 96, 125, 0, 248, 1, 2000, 2000, 8, 4096, 0, 0, 0, 0, 0, 0, 70.664, 97.163, 100, 7, 0, 0, 0, 0, 0, 0, 0, 0, 0, 0, 0, 0, 0, 0, 0, 0, 0, 0, '', 0, 3, 0, 0, 3, 11616, 0, 0, 0, 0, 524290, 0, ''),
(92008, 7, 18661, 0, 0, 0, 'Stablemaster Yannis', 'Kul Tiras', 0, 35, 35, 1052, 1052, 0, 0, 8401, 994, 84, 1, 1.14286, 0, 20, 5, 0, 0, 1, 227, 290, 0, 272, 1, 2000, 2000, 1, 32768, 0, 0, 0, 0, 0, 0, 83.6, 107.3, 100, 7, 0, 0, 0, 0, 0, 0, 0, 0, 0, 0, 0, 0, 0, 0, 0, 0, 0, 0, '', 0, 3, 0, 0, 3, 0, 0, 0, 0, 0, 2, 0, ''),
(92009, 0, 18657, 0, 0, 0, 'Sailor Patterson', 'Kul Tiras', 0, 52, 52, 2179, 2979, 5013, 5013, 1506, 84, 3, 1, 1.14286, 0, 20, 5, 0, 0, 1, 96, 125, 0, 248, 1, 2000, 2000, 8, 4096, 0, 0, 0, 0, 0, 0, 70.664, 97.163, 100, 7, 0, 0, 0, 0, 0, 0, 0, 0, 0, 0, 0, 0, 0, 0, 0, 0, 0, 0, '', 0, 3, 0, 0, 3, 11616, 0, 0, 0, 0, 524290, 0, ''),
(92010, 0, 18655, 0, 0, 0, 'Sailor Larson', 'Kul Tiras', 0, 52, 52, 2179, 2979, 5013, 5013, 1506, 84, 3, 1, 1.14286, 0, 20, 5, 0, 0, 1, 96, 125, 0, 248, 1, 2000, 2000, 8, 4096, 0, 0, 0, 0, 0, 0, 70.664, 97.163, 100, 7, 0, 0, 0, 0, 0, 0, 0, 0, 0, 0, 0, 0, 0, 0, 0, 0, 0, 0, '', 0, 3, 0, 0, 3, 11616, 0, 0, 0, 0, 524290, 0, ''),
(92011, 0, 18659, 0, 0, 0, 'Valdarion Smite', 'Boxing Champion', 3821, 50, 50, 4379, 4979, 0, 0, 1506, 84, 3, 1, 1.14286, 0, 20, 5, 0, 0, 1, 96, 125, 0, 248, 1, 2000, 2000, 8, 4096, 0, 0, 0, 0, 0, 0, 70.664, 97.163, 100, 7, 0, 0, 0, 0, 0, 0, 0, 0, 0, 0, 0, 0, 0, 0, 0, 0, 0, 0, '', 0, 3, 0, 0, 3, 11616, 0, 0, 0, 0, 524290, 0, '');

-- NPCS FOR SORROWGUARD
replace into creature_template values
(92012, 0, 18662, 0, 0, 0, 'Watch Sergeant Arthur', 'Sorrowguard', 0, 52, 52, 3092, 3292, 0, 0, 3190, 123, 2, 1, 1.14286, 0, 20, 5, 0, 0, 1, 92, 120, 0, 244, 1, 2000, 2000, 1, 4608, 0, 0, 0, 0, 0, 0, 69.8544, 96.0498, 100, 7, 0, 0, 0, 0, 0, 0, 0, 0, 0, 0, 0, 0, 0, 0, 0, 0, 0, 0, '', 0, 3, 0, 0, 3, 0, 0, 0, 0, 0, 524298, 0, ''),
(92013, 0, 18663, 0, 0, 0, 'Watchman Banal', 'Sorrowguard', 0, 52, 52, 3092, 3292, 0, 0, 3190, 123, 2, 1, 1.14286, 0, 20, 5, 0, 0, 1, 92, 120, 0, 244, 1, 2000, 2000, 1, 4608, 0, 0, 0, 0, 0, 0, 69.8544, 96.0498, 100, 7, 0, 0, 0, 0, 0, 0, 0, 0, 0, 0, 0, 0, 0, 0, 0, 0, 0, 0, '', 0, 3, 0, 0, 3, 0, 0, 0, 0, 0, 524298, 0, ''),
(92014, 0, 18664, 0, 0, 0, 'Watchman Damion', 'Sorrowguard', 0, 50, 50, 3092, 3292, 0, 0, 3190, 123, 2, 1, 1.14286, 0, 20, 5, 0, 0, 1, 92, 120, 0, 244, 1, 2000, 2000, 1, 4608, 0, 0, 0, 0, 0, 0, 69.8544, 96.0498, 100, 7, 0, 0, 0, 0, 0, 0, 0, 0, 0, 0, 0, 0, 0, 0, 0, 0, 0, 0, '', 0, 3, 0, 0, 3, 0, 0, 0, 0, 0, 524298, 0, ''),
(92015, 0, 18665, 0, 0, 0, 'Watchman Hanson', 'Sorrowguard', 0, 50, 50, 3092, 3292, 0, 0, 3190, 123, 2, 1, 1.14286, 0, 20, 5, 0, 0, 1, 92, 120, 0, 244, 1, 2000, 2000, 1, 4608, 0, 0, 0, 0, 0, 0, 69.8544, 96.0498, 100, 7, 0, 0, 0, 0, 0, 0, 0, 0, 0, 0, 0, 0, 0, 0, 0, 0, 0, 0, '', 0, 3, 0, 0, 3, 0, 0, 0, 0, 0, 524298, 0, ''),
(92016, 0, 18667, 0, 0, 0, 'Watchman Tyrial', 'Sorrowguard', 0, 50, 50, 3092, 3292, 0, 0, 3190, 123, 2, 1, 1.14286, 0, 20, 5, 0, 0, 1, 92, 120, 0, 244, 1, 2000, 2000, 1, 4608, 0, 0, 0, 0, 0, 0, 69.8544, 96.0498, 100, 7, 0, 0, 0, 0, 0, 0, 0, 0, 0, 0, 0, 0, 0, 0, 0, 0, 0, 0, '', 0, 3, 0, 0, 3, 0, 0, 0, 0, 0, 524298, 0, ''),
(92017, 1, 18666, 0, 0, 0, 'Watch Paladin Janathos', 'Sorrowguard', 0, 60, 60, 39072, 39072, 2434, 2434, 3791, 12, 3, 1, 1.14286, 0, 20, 5, 0, 1, 1, 528, 681, 0, 272, 1, 2000, 2000, 2, 4096, 0, 0, 0, 0, 0, 0, 62.016, 85.272, 100, 7, 0, 0, 0, 0, 0, 0, 0, 0, 0, 0, 0, 0, 0, 0, 0, 0, 0, 0, 'EventAI', 0, 3, 0, 0, 3, 0, 0, 0, 0, 0, 524290, 0, ''),
(92018, 0, 10625, 0, 0, 0, 'Sir Areyntall', '', 0, 30, 30, 1468, 1468, 0, 0, 1427, 12, 2, 1, 1.14286, 0, 20, 5, 0, 0, 1, 51, 66, 0, 140, 1, 2000, 2000, 1, 4608, 0, 0, 0, 0, 0, 0, 52.272, 71.874, 100, 7, 0, 0, 0, 0, 0, 0, 0, 0, 0, 0, 0, 0, 0, 0, 0, 0, 0, 0, 'EventAI', 0, 3, 1, 0, 3, 2711, 0, 0, 0, 0, 524298, 0, ''),
(92019, 0, 3448, 0, 0, 0, 'Janet Hollowworth', 'Blacksmith', 0, 40, 40, 2672, 2672, 0, 0, 2916, 123, 16390, 1, 1.14286, 0, 20, 5, 0, 0, 1, 81, 105, 0, 220, 1, 2000, 2000, 1, 4608, 0, 0, 0, 0, 0, 0, 65.5424, 90.1208, 100, 7, 0, 0, 0, 0, 0, 0, 0, 0, 0, 0, 0, 0, 0, 0, 0, 0, 0, 0, '', 0, 3, 0, 0, 3, 0, 0, 0, 0, 0, 524298, 0, ''),
(92022, 0, 8186, 0, 0, 0, '\'Sly\' Fredwall', 'Mushroom Seller', 0, 25, 25, 712, 712, 0, 0, 1009, 12, 4, 1, 1.14286, 0, 20, 5, 0, 0, 1, 31, 40, 0, 106, 1, 1000, 2000, 1, 4608, 0, 0, 0, 0, 0, 0, 38.72, 53.24, 100, 7, 0, 0, 0, 0, 0, 0, 0, 0, 0, 0, 0, 0, 0, 0, 0, 0, 0, 0, '', 0, 3, 0, 0, 3, 0, 0, 0, 0, 0, 524298, 0, ''),
(92020, 0, 1511, 0, 0, 0, 'Howard Gray', 'Trade Supplies', 0, 35, 35, 1052, 1252, 0, 0, 1890, 12, 6, 1, 1.14286, 0, 20, 5, 0, 0, 1, 61, 78, 0, 156, 1, 2000, 2000, 1, 4608, 0, 0, 0, 0, 0, 0, 56.672, 77.924, 100, 7, 0, 0, 0, 0, 0, 0, 0, 0, 0, 0, 0, 0, 0, 0, 0, 0, 0, 0, 'EventAI', 0, 3, 0, 0, 3, 2381, 0, 0, 0, 0, 524298, 0, ''),
(92021, 0, 1492, 0, 0, 0, 'Lucas', 'Cobbler', 0, 40, 40, 1536, 1536, 0, 0, 1340, 12, 6, 1, 1.14286, 0, 20, 5, 0, 0, 1, 55, 70, 0, 144, 1, 2000, 2000, 1, 4608, 0, 0, 0, 0, 0, 0, 53.3984, 73.4228, 100, 7, 0, 0, 0, 0, 0, 0, 0, 0, 0, 0, 0, 0, 0, 0, 0, 0, 0, 0, '', 0, 3, 1, 0, 3, 2816, 0, 0, 0, 0, 524298, 0, ''),
(92023, 0, 1748, 0, 0, 0, 'Quartermaster Davin', 'Sorrowguard', 0, 40, 40, 3092, 3292, 0, 0, 3190, 123, 2, 1, 1.14286, 0, 20, 5, 0, 0, 1, 92, 120, 0, 244, 1, 2000, 2000, 1, 4608, 0, 0, 0, 0, 0, 0, 69.8544, 96.0498, 100, 7, 0, 0, 0, 0, 0, 0, 0, 0, 0, 0, 0, 0, 0, 0, 0, 0, 0, 0, '', 0, 3, 0, 0, 3, 0, 0, 0, 0, 0, 524298, 0, ''),
(92024, 0, 18690, 0, 0, 0, 'Dag\'grak Bloodfist', NULL, 0, 58, 58, 21592, 21592, 0, 0, 3327, 29, 2, 1.1, 0.9, 0, 20, 5, 0, 1, 1, 328, 421, 0, 254, 1, 1200, 2000, 1, 32832, 0, 0, 0, 0, 0, 0, 58.08, 79.86, 100, 7, 0, 9520, 0, 0, 0, 0, 0, 0, 0, 0, 0, 0, 0, 0, 0, 0, 1027, 1346, 'EventAI', 0, 3, 0, 0, 3, 0, 0, 0, 0, 0, 1048578, 0, '');

update creature_template set faction = 12 where entry between 92012 and 92023;
update creature_template set npc_flags = 7 where entry = 92022;
update creature_template set npc_flags = 5 where entry = 92021;
update creature_template set npc_flags = 3 where entry = 92012;
update creature_template set npc_flags = 3 where entry = 92024;
update creature_template set npc_flags = 3 where entry = 92013;
update creature_template set npc_flags = 3 where entry = 92014;
update creature_template set npc_flags = 3 where entry = 92015;
update creature_template set npc_flags = 3 where entry = 92016;
update creature_template set npc_flags = 3 where entry = 92017;
update creature_template set npc_flags = 2 where entry = 92018;

update creature_template set npc_flags = 2 where entry = 92023;
update creature_template set npc_flags = 2 where entry = 92004;
update creature_template set npc_flags = 3 where entry = 92003;
update creature_template set npc_flags = 3, rank = 1 where entry = 92002;
update creature_template set npc_flags = 3 where entry = 92011;
update creature_template set npc_flags = 3 where entry = 92000;
update creature_template set npc_flags = 3 where entry = 92001;
update creature_template set npc_flags = 3 where entry = 92009;
replace into creature_display_info_addon (display_id) values (18660);
replace into creature_display_info_addon (display_id) values (18654);
replace into creature_display_info_addon (display_id) values (18649);
replace into creature_display_info_addon (display_id) values (18651);
replace into creature_display_info_addon (display_id) values (18652);
replace into creature_display_info_addon (display_id) values (18650);
replace into creature_display_info_addon (display_id) values (18653);
replace into creature_display_info_addon (display_id) values (18653);
replace into creature_display_info_addon (display_id) values (18656);
replace into creature_display_info_addon (display_id) values (18661);
replace into creature_display_info_addon (display_id) values (18657);
replace into creature_display_info_addon (display_id) values (18655);
replace into creature_display_info_addon (display_id) values (18659);
replace into creature_display_info_addon (display_id) values (18662);
replace into creature_display_info_addon (display_id) values (18663);
replace into creature_display_info_addon (display_id) values (18664);
replace into creature_display_info_addon (display_id) values (18665);
replace into creature_display_info_addon (display_id) values (18667);
replace into creature_display_info_addon (display_id) values (18666);
replace into creature_display_info_addon (display_id) values (18690);

set @gossip_menu_id = 60175; set @magic_number = 92024; 
replace into gossip_menu (entry, text_id, condition_id) VALUES (@gossip_menu_id, @magic_number, '0'); 
replace into broadcast_text (entry, Male_Text) values (@magic_number, 'I have fought in many wars, and have slain many foes. All the way from Draenor, to this outpost here, and I will lead it with great honor.\n\nI am entrusted by the greatest minds in Orgrimmar to lead the Horde\'s efforts, and I shall...n\nHave you come to lend a hand, to make a name for yourself?'); 
replace into npc_text (ID, BroadcastTextID0) values (@magic_number, @magic_number); 
update creature_template set gossip_menu_id = @gossip_menu_id where entry = @magic_number;

set @gossip_menu_id = 60174; set @magic_number = 92022; 
replace into gossip_menu (entry, text_id, condition_id) VALUES (@gossip_menu_id, @magic_number, '0'); 
replace into broadcast_text (entry, Male_Text) values (@magic_number, 'I\'m not allowed inside anymore, but they let me keep my shack!\n\nLooking to buy some mushrooms?'); 
replace into npc_text (ID, BroadcastTextID0) values (@magic_number, @magic_number); 
update creature_template set gossip_menu_id = @gossip_menu_id where entry = @magic_number;

set @gossip_menu_id = 60171; set @magic_number = 92017; 
replace into gossip_menu (entry, text_id, condition_id) VALUES (@gossip_menu_id, @magic_number, '0'); 
replace into broadcast_text (entry, Male_Text) values (@magic_number, 'Hello, and welcome to Sorrowguard, I am Paladin Janathos, and I keep vigil over this place.\n\nThis Stronghold was built before the first war as a means to watch the entrance westward into the Kingdom of Azeroth.\n\nIt has since fallen in a state of disrepair since it\'s fall during the first war.\n\nAfter its destruction I was sent here to attempt to reclaim it, I have done some repairs and managed well enough but there is always more to be done, especially with the darkness of the swamps beside us, and the orcs lurking at Stonard.'); 
replace into npc_text (ID, BroadcastTextID0) values (@magic_number, @magic_number); 
update creature_template set gossip_menu_id = @gossip_menu_id where entry = @magic_number;

set @gossip_menu_id = 60173; set @magic_number = 92021; 
replace into gossip_menu (entry, text_id, condition_id) VALUES (@gossip_menu_id, @magic_number, '0'); 
replace into broadcast_text (entry, Male_Text) values (@magic_number, 'I keep all the boots here in good order, you looking for a pair?'); 
replace into npc_text (ID, BroadcastTextID0) values (@magic_number, @magic_number); 
update creature_template set gossip_menu_id = @gossip_menu_id where entry = @magic_number;

set @gossip_menu_id = 60170; set @magic_number = 92016; 
replace into gossip_menu (entry, text_id, condition_id) VALUES (@gossip_menu_id, @magic_number, '0'); 
replace into broadcast_text (entry, Male_Text) values (@magic_number, 'It is good to see a new face, Banal can certainly be aggravating.'); 
replace into npc_text (ID, BroadcastTextID0) values (@magic_number, @magic_number); 
update creature_template set gossip_menu_id = @gossip_menu_id where entry = @magic_number;

set @gossip_menu_id = 60169; set @magic_number = 92015; 
replace into gossip_menu (entry, text_id, condition_id) VALUES (@gossip_menu_id, @magic_number, '0'); 
replace into broadcast_text (entry, Male_Text) values (@magic_number, 'Don\'t make trouble, we are undermanned as it is.'); 
replace into npc_text (ID, BroadcastTextID0) values (@magic_number, @magic_number); 
update creature_template set gossip_menu_id = @gossip_menu_id where entry = @magic_number;

set @gossip_menu_id = 60168; set @magic_number = 92014; 
replace into gossip_menu (entry, text_id, condition_id) VALUES (@gossip_menu_id, @magic_number, '0'); 
replace into broadcast_text (entry, Male_Text) values (@magic_number, 'You heard anything from Stormwind? The bastards have left us high and dry out here.'); 
replace into npc_text (ID, BroadcastTextID0) values (@magic_number, @magic_number); 
update creature_template set gossip_menu_id = @gossip_menu_id where entry = @magic_number;

set @gossip_menu_id = 60167; set @magic_number = 92013; 
replace into gossip_menu (entry, text_id, condition_id) VALUES (@gossip_menu_id, @magic_number, '0'); 
replace into broadcast_text (entry, Male_Text) values (@magic_number, 'Fresh blood huh? You looking to make a name for yourself out here? Become something of a hero like all those tales say?\n\nWell, sorry to tell you, but all you\'re gonna find out here is stinky swamp water.'); 
replace into npc_text (ID, BroadcastTextID0) values (@magic_number, @magic_number); 
update creature_template set gossip_menu_id = @gossip_menu_id where entry = @magic_number;

set @gossip_menu_id = 60166; set @magic_number = 92012; 
replace into gossip_menu (entry, text_id, condition_id) VALUES (@gossip_menu_id, @magic_number, '0'); 
replace into broadcast_text (entry, Male_Text) values (@magic_number, 'I hope my men have treated you well, we have become some what ragged since our departure from Stormwind.'); 
replace into npc_text (ID, BroadcastTextID0) values (@magic_number, @magic_number); 
update creature_template set gossip_menu_id = @gossip_menu_id where entry = @magic_number;

set @gossip_menu_id = 60165; set @magic_number = 92011; 
replace into gossip_menu (entry, text_id, condition_id) VALUES (@gossip_menu_id, @magic_number, '0'); 
replace into broadcast_text (entry, Male_Text) values (@magic_number, 'You know who you\'re speaking to? I am -the- Valdarion Smite, yeah, that\'s the one.\n\nI am a world reknowned boxer, the champion of Kul Tiras infact! I haven\'t been back home in about four years now, but I held the title when I was there!\n\nSuch a shame to be drafted like this huh, especially a shame to be stuck here....\n\nOh well, the lads and lasses are good enough to me, especially with my fame back home.'); 
replace into npc_text (ID, BroadcastTextID0) values (@magic_number, @magic_number); 
update creature_template set gossip_menu_id = @gossip_menu_id where entry = @magic_number;

set @gossip_menu_id = 60164; set @magic_number = 92009; 
replace into gossip_menu (entry, text_id, condition_id) VALUES (@gossip_menu_id, @magic_number, '0'); 
replace into broadcast_text (entry, Male_Text) values (@magic_number, 'What are you looking at?'); 
replace into npc_text (ID, BroadcastTextID0) values (@magic_number, @magic_number); 
update creature_template set gossip_menu_id = @gossip_menu_id where entry = @magic_number;

set @gossip_menu_id = 60163; set @magic_number = 92003; 
replace into gossip_menu (entry, text_id, condition_id) VALUES (@gossip_menu_id, @magic_number, '0'); 
replace into broadcast_text (entry, Male_Text) values (@magic_number, 'I am the Deckmaster of the Waterbreaker, you be standing on her!\n\nWatch your footing when you\'re around on my deck, understood?'); 
replace into npc_text (ID, BroadcastTextID0) values (@magic_number, @magic_number); 
update creature_template set gossip_menu_id = @gossip_menu_id where entry = @magic_number;

set @gossip_menu_id = 60162; set @magic_number = 92002; 
replace into gossip_menu (entry, text_id, condition_id) VALUES (@gossip_menu_id, @magic_number, '0'); 
replace into broadcast_text (entry, Male_Text) values (@magic_number, 'It is a surprise to see a new face around here. We were shipwrecked quite a while ago, and have made an alright living here.\n\nThis is Caelan\'s Rest, named after the Admiral who led the fleet, he died when we were attacked, if you\'re here to help, we certainly need it.'); 
replace into npc_text (ID, BroadcastTextID0) values (@magic_number, @magic_number); 
update creature_template set gossip_menu_id = @gossip_menu_id where entry = @magic_number;

set @gossip_menu_id = 60161; set @magic_number = 92001; 
replace into gossip_menu (entry, text_id, condition_id) VALUES (@gossip_menu_id, @magic_number, '0'); 
replace into broadcast_text (entry, Male_Text) values (@magic_number, 'In order to have a powerful fleet, one must master the waves. It is what we Hydromancer\'s do, both in guiding the fleet, and controlling the flowing waters of the ocean to be either favorable... Or in the cases of our foes, not favorable.'); 
replace into npc_text (ID, BroadcastTextID0) values (@magic_number, @magic_number); 
update creature_template set gossip_menu_id = @gossip_menu_id where entry = @magic_number;

set @gossip_menu_id = 60160; set @magic_number = 92000; 
replace into gossip_menu (entry, text_id, condition_id) VALUES (@gossip_menu_id, @magic_number, '0'); 
replace into broadcast_text (entry, Male_Text) values (@magic_number, 'The Hydromancer\'s of Kul Tiras are world reknowned, we keep our magic a secret for that very reason.'); 
replace into npc_text (ID, BroadcastTextID0) values (@magic_number, @magic_number); 
update creature_template set gossip_menu_id = @gossip_menu_id where entry = @magic_number;

set @equip_template = 55173; set @weapon_1 = 15862; set @weapon_2 = 2488; set @creature = 92024;
replace into creature_equip_template values (@equip_template, 0, @weapon_1, @weapon_2, 0); 
update creature_template set equipment_id = @equip_template where entry = @creature;

set @equip_template = 55173; set @weapon_1 = 1938; set @weapon_2 = 12743; set @creature = 92023;
replace into creature_equip_template values (@equip_template, 0, @weapon_1, @weapon_2, 0); 
update creature_template set equipment_id = @equip_template where entry = @creature;

set @equip_template = 55172; set @weapon_1 = 0; set @weapon_2 = 3757; set @creature = 92022;
replace into creature_equip_template values (@equip_template, 0, @weapon_1, @weapon_2, 0); 
update creature_template set equipment_id = @equip_template where entry = @creature;

set @equip_template = 55172; set @weapon_1 = 5956; set @weapon_2 = 0; set @creature = 92018;
replace into creature_equip_template values (@equip_template, 0, @weapon_1, @weapon_2, 0); 
update creature_template set equipment_id = @equip_template where entry = @creature;

set @equip_template = 55171; set @weapon_1 = 9651; set @weapon_2 = 20833; set @creature = 92017;
replace into creature_equip_template values (@equip_template, 0, @weapon_1, @weapon_2, 0); 
update creature_template set equipment_id = @equip_template where entry = @creature;

set @equip_template = 55170; set @weapon_1 = 15211; set @weapon_2 = 9764; set @creature = 92016;
replace into creature_equip_template values (@equip_template, 0, @weapon_1, @weapon_2, 0); 
update creature_template set equipment_id = @equip_template where entry = @creature;

set @equip_template = 55169; set @weapon_1 = 15211; set @weapon_2 = 9764; set @creature = 92015;
replace into creature_equip_template values (@equip_template, 0, @weapon_1, @weapon_2, 0); 
update creature_template set equipment_id = @equip_template where entry = @creature;

set @equip_template = 55168; set @weapon_1 = 15211; set @weapon_2 = 1906; set @creature = 92014;
replace into creature_equip_template values (@equip_template, 0, @weapon_1, @weapon_2, 0); 
update creature_template set equipment_id = @equip_template where entry = @creature;

set @equip_template = 55167; set @weapon_1 = 15211; set @weapon_2 = 1906; set @creature = 92013;
replace into creature_equip_template values (@equip_template, 0, @weapon_1, @weapon_2, 0); 
update creature_template set equipment_id = @equip_template where entry = @creature;

set @equip_template = 55166; set @weapon_1 = 13041; set @weapon_2 = 0; set @creature = 92012;
replace into creature_equip_template values (@equip_template, 0, @weapon_1, @weapon_2, 0); 
update creature_template set equipment_id = @equip_template where entry = @creature;

set @equip_template = 55165; set @weapon_1 = 12329; set @weapon_2 = 0; set @creature = 92008;
replace into creature_equip_template values (@equip_template, 0, @weapon_1, @weapon_2, 0); 
update creature_template set equipment_id = @equip_template where entry = @creature;

set @equip_template = 55164; set @weapon_1 = 4560; set @weapon_2 = 3816; set @creature = 92007;
replace into creature_equip_template values (@equip_template, 0, @weapon_1, @weapon_2, 0); 
update creature_template set equipment_id = @equip_template where entry = @creature;

set @equip_template = 55163; set @weapon_1 = 4560; set @weapon_2 = 3816; set @creature = 92006;
replace into creature_equip_template values (@equip_template, 0, @weapon_1, @weapon_2, 0); 
update creature_template set equipment_id = @equip_template where entry = @creature;

set @equip_template = 55162; set @weapon_1 = 4560; set @weapon_2 = 3816; set @creature = 92005;
replace into creature_equip_template values (@equip_template, 0, @weapon_1, @weapon_2, 0); 
update creature_template set equipment_id = @equip_template where entry = @creature;

set @equip_template = 55161; set @weapon_1 = 4560; set @weapon_2 = 3816; set @creature = 92004;
replace into creature_equip_template values (@equip_template, 0, @weapon_1, @weapon_2, 0); 
update creature_template set equipment_id = @equip_template where entry = @creature;

set @equip_template = 55160; set @weapon_1 = 1296; set @weapon_2 = 15633; set @creature = 92003;
replace into creature_equip_template values (@equip_template, 0, @weapon_1, @weapon_2, 0); 
update creature_template set equipment_id = @equip_template where entry = @creature;

REPLACE INTO `npc_vendor` VALUES (92019, 2880, 0, 0, 0, 0);
REPLACE INTO `npc_vendor` VALUES (92019, 2901, 0, 0, 0, 0);
REPLACE INTO `npc_vendor` VALUES (92019, 3466, 0, 0, 0, 0);
REPLACE INTO `npc_vendor` VALUES (92019, 3857, 0, 0, 0, 0);
REPLACE INTO `npc_vendor` VALUES (92019, 5956, 0, 0, 0, 0);
REPLACE INTO `npc_vendor` VALUES (92019, 7995, 0, 0, 0, 0);
REPLACE INTO `npc_vendor` VALUES (92019, 18567, 0, 0, 0, 0);

REPLACE INTO `npc_vendor` VALUES (92020, 159, 0, 0, 0, 0);
REPLACE INTO `npc_vendor` VALUES (92020, 2320, 0, 0, 0, 0);
REPLACE INTO `npc_vendor` VALUES (92020, 2321, 0, 0, 0, 0);
REPLACE INTO `npc_vendor` VALUES (92020, 2324, 0, 0, 0, 0);
REPLACE INTO `npc_vendor` VALUES (92020, 2678, 0, 0, 0, 0);
REPLACE INTO `npc_vendor` VALUES (92020, 2692, 0, 0, 0, 0);
REPLACE INTO `npc_vendor` VALUES (92020, 2880, 0, 0, 0, 0);
REPLACE INTO `npc_vendor` VALUES (92020, 2901, 0, 0, 0, 0);
REPLACE INTO `npc_vendor` VALUES (92020, 3371, 0, 0, 0, 0);
REPLACE INTO `npc_vendor` VALUES (92020, 3372, 0, 0, 0, 0);
REPLACE INTO `npc_vendor` VALUES (92020, 3466, 0, 0, 0, 0);
REPLACE INTO `npc_vendor` VALUES (92020, 3713, 0, 0, 0, 0);
REPLACE INTO `npc_vendor` VALUES (92020, 3857, 0, 0, 0, 0);
REPLACE INTO `npc_vendor` VALUES (92020, 4289, 0, 0, 0, 0);
REPLACE INTO `npc_vendor` VALUES (92020, 4291, 0, 0, 0, 0);
REPLACE INTO `npc_vendor` VALUES (92020, 4355, 1, 7200, 0, 0);
REPLACE INTO `npc_vendor` VALUES (92020, 4399, 0, 0, 0, 0);
REPLACE INTO `npc_vendor` VALUES (92020, 4400, 0, 0, 0, 0);
REPLACE INTO `npc_vendor` VALUES (92020, 5788, 1, 43200, 3, 0);
REPLACE INTO `npc_vendor` VALUES (92020, 5956, 0, 0, 0, 0);
REPLACE INTO `npc_vendor` VALUES (92020, 6183, 0, 0, 0, 0);
REPLACE INTO `npc_vendor` VALUES (92020, 6217, 0, 0, 0, 0);
REPLACE INTO `npc_vendor` VALUES (92020, 6530, 0, 0, 0, 0);
REPLACE INTO `npc_vendor` VALUES (92020, 6532, 0, 0, 0, 0);
REPLACE INTO `npc_vendor` VALUES (92020, 11163, 1, 43200, 0, 0);
REPLACE INTO `npc_vendor` VALUES (92020, 21099, 0, 0, 0, 0);
REPLACE INTO `npc_vendor` VALUES (92020, 21219, 0, 0, 0, 0);

REPLACE INTO `npc_vendor` VALUES (92021, 2143, 0, 0, 0, 0);
REPLACE INTO `npc_vendor` VALUES (92021, 238, 0, 0, 0, 0);
REPLACE INTO `npc_vendor` VALUES (92021, 2473, 0, 0, 0, 0);
REPLACE INTO `npc_vendor` VALUES (92021, 796, 0, 0, 0, 0);
REPLACE INTO `npc_vendor` VALUES (92021, 843, 0, 0, 0, 0);

-- // -- 
-- // -- 
-- // -- 
-- // -- 
-- // -- 
-- // -- 
-- // -- 
-- // -- 
-- // -- 
-- // -- 
-- // -- 
-- // -- 
-- // -- 

update creature_template set display_id1 = 18647 where entry = 49002;
update creature_template set display_id1 = 18668 where entry = 91781;
update creature_template set display_id1 = 18669 where entry = 91768;
update creature_template set display_id1 = 18670 where entry = 91237;
update creature_template set display_id1 = 18648 where entry = 49009;

replace into creature_display_info_addon (display_id) values (18647);
replace into creature_display_info_addon (display_id) values (18668);
replace into creature_display_info_addon (display_id) values (18669);
replace into creature_display_info_addon (display_id) values (18670);
replace into creature_display_info_addon (display_id) values (18648);

update item_template set name = 'Rethress Myrmidon Trident' where entry = 60138;
update item_template set sheath = 2 where entry = 81199;

replace into item_template values
 ('83060', '0', '2', '5', 'Carved Ragetotem', 'The fury of the tauren people.', '61042', '3', '0', '1', '324363', '64531', '17', '-1', '-1', '62',
 '59', '0', '0', '0', '0', '0', '0', '0', '0', '1', '0', '4', '10', '3', '10',
 '0', '0', '0', '0', '0', '0', '0', '0', '0', '0', '0', '0', '0', '0', '0', '0', '3300', '0',
 '0', '139', '206', '0', '0', '0', '0', '0', '0', '0', '0', '0', '0', '0', '0', '0', '0', '50', '0', '0', '0',
 '0', '0', '0', '56', '2', '0', '0', '-1', '0', '-1', '0', '0', '0', '0', '-1', '0', '-1', '0', '0',
 '0', '0', '-1', '0', '-1', '0', '0', '0', '0', '-1', '0', '-1', '0', '0', '0', '0', '-1', '0',
 '-1', '1', '0', '0', '0', '0', '0', '0', '2', '0', '0', '100', '0', '0', '0', '0', '49', '0', '0', '0',
 '0', '1', NULL);

replace into item_template values
 ('83061', '0', '2', '5', 'Carved Grimtotem', 'A gift from the Elder Crone.', '61045', '3', '0', '1', '324363', '64531', '17', '-1', '-1', '62',
 '59', '0', '0', '0', '0', '0', '0', '0', '0', '1', '0', '3', '10', '5', '10',
 '0', '0', '0', '0', '0', '0', '0', '0', '0', '0', '0', '0', '0', '0', '0', '0', '3100', '0',
 '0', '145', '197', '0', '0', '0', '0', '0', '0', '0', '0', '0', '0', '0', '0', '0', '0', '50', '0', '0', '0',
 '0', '0', '0', '13533', '2', '0', '0', '-1', '0', '-1', '0', '0', '0', '0', '-1', '0', '-1', '0', '0',
 '0', '0', '-1', '0', '-1', '0', '0', '0', '0', '-1', '0', '-1', '0', '0', '0', '0', '-1', '0',
 '-1', '1', '0', '0', '0', '0', '0', '0', '2', '0', '0', '100', '0', '0', '0', '0', '49', '0', '0', '0',
 '0', '1', NULL);

replace into item_template values
 ('83062', '0', '2', '5', 'Carved Runetotem', 'Adorned with ancient inscriptions.', '61043', '3', '0', '1', '324363', '64531', '17', '-1', '-1', '62',
 '59', '0', '0', '0', '0', '0', '0', '0', '0', '1', '0', '5', '10', '6', '10',
 '0', '0', '0', '0', '0', '0', '0', '0', '0', '0', '0', '0', '0', '0', '0', '0', '3200', '0',
 '0', '129', '207', '0', '0', '0', '0', '0', '0', '0', '0', '0', '0', '0', '0', '0', '0', '50', '0', '0', '0',
 '0', '0', '0', '21961', '1', '0', '0', '-1', '0', '-1', '0', '0', '0', '0', '-1', '0', '-1', '0', '0',
 '0', '0', '-1', '0', '-1', '0', '0', '0', '0', '-1', '0', '-1', '0', '0', '0', '0', '-1', '0',
 '-1', '1', '0', '0', '0', '0', '0', '0', '2', '0', '0', '100', '0', '0', '0', '0', '49', '0', '0', '0',
 '0', '1', NULL);

replace into item_template values
 ('83063', '0', '2', '5', 'Bloodhoof Totem', 'Carved with pride and honor.', '61044', '3', '0', '1', '324363', '64531', '17', '-1', '-1', '62',
 '59', '0', '0', '0', '0', '0', '0', '0', '0', '1', '0', '7', '10', '4', '10',
 '0', '0', '0', '0', '0', '0', '0', '0', '0', '0', '0', '0', '0', '0', '0', '0', '3400', '0',
 '0', '132', '209', '0', '0', '0', '0', '0', '0', '0', '0', '0', '0', '0', '0', '0', '0', '50', '0', '0', '0',
 '0', '0', '0', '21625', '1', '0', '0', '-1', '0', '-1', '0', '0', '0', '0', '-1', '0', '-1', '0', '0',
 '0', '0', '-1', '0', '-1', '0', '0', '0', '0', '-1', '0', '-1', '0', '0', '0', '0', '-1', '0',
 '-1', '1', '0', '0', '0', '0', '0', '0', '2', '0', '0', '100', '0', '0', '0', '0', '49', '0', '0', '0',
 '0', '1', NULL);
 
 replace into item_template values
 ('83064', '0', '4', '1', 'Hexed Voodoo Pads', 'Kazumbo!', '61110', '3', '0', '1', '45643', '6783', '3', '-1', '-1', '37',
 '30', '0', '0', '0', '0', '0', '530', '6', '0', '1', '0', '5', '12', '0', '0',
 '0', '0', '0', '0', '0', '0', '0', '0', '0', '0', '0', '0', '0', '0', '0', '0', '0', '0',
 '0', '0', '0', '0', '0', '0', '0', '0', '0', '0', '0', '0', '0', '0', '0', '0', '0', '38', '0', '0', '0',
 '0', '5', '0', '0', '0', '0', '0', '-1', '0', '-1', '0', '0', '0', '0', '-1', '0', '-1', '0', '0',
 '0', '0', '-1', '0', '-1', '0', '0', '0', '0', '-1', '0', '-1', '0', '0', '0', '0', '-1', '0',
 '-1', '1', '0', '0', '0', '0', '0', '0', '1', '0', '0', '45', '0', '0', '0', '0', '0', '0', '0', '0',
 '0', '1', NULL);

replace into item_template values
 ('83065', '0', '4', '2', 'Brave\'s Feathered Mantle', '', '60886', '3', '0', '1', '64667', '11245', '3', '-1', '-1', '55',
 '50', '0', '0', '0', '0', '0', '0', '6', '0', '1', '0', '3', '17', '6', '11',
 '4', '9', '0', '0', '0', '0', '0', '0', '0', '0', '0', '0', '0', '0', '0', '0', '0', '0',
 '0', '0', '0', '0', '0', '0', '0', '0', '0', '0', '0', '0', '0', '0', '0', '0', '0', '121', '0', '0', '0',
 '0', '0', '0', '0', '1', '0', '0', '-1', '0', '-1', '0', '0', '0', '0', '-1', '0', '-1', '0', '0',
 '0', '0', '-1', '0', '-1', '0', '0', '0', '0', '-1', '0', '-1', '0', '0', '0', '0', '-1', '0',
 '-1', '1', '0', '0', '0', '0', '0', '0', '1', '0', '0', '60', '0', '0', '0', '0', '47', '0', '0', '0',
 '0', '1', NULL);

replace into item_template values
 ('83066', '0', '4', '2', 'Brave\'s Battle Harness', '', '60879', '3', '0', '1', '64667', '11245', '5', '-1', '-1', '55',
 '50', '0', '0', '0', '0', '0', '0', '6', '0', '1', '0', '7', '11', '6', '4',
 '4', '27', '0', '0', '0', '0', '0', '0', '0', '0', '0', '0', '0', '0', '0', '0', '0', '0',
 '0', '0', '0', '0', '0', '0', '0', '0', '0', '0', '0', '0', '0', '0', '0', '0', '0', '145', '0', '0', '0',
 '0', '0', '0', '0', '1', '0', '0', '-1', '0', '-1', '0', '0', '0', '0', '-1', '0', '-1', '0', '0',
 '0', '0', '-1', '0', '-1', '0', '0', '0', '0', '-1', '0', '-1', '0', '0', '0', '0', '-1', '0',
 '-1', '1', '0', '0', '0', '0', '0', '0', '1', '0', '0', '100', '0', '0', '0', '0', '47', '0', '0', '0',
 '0', '1', NULL);

replace into item_template values
 ('83067', '0', '4', '2', 'Brave\'s Beaded Anklewraps', '', '60880', '3', '0', '1', '64667', '11245', '8', '-1', '-1', '55',
 '50', '0', '0', '0', '0', '0', '0', '6', '0', '1', '0', '3', '7', '6', '15',
 '4', '18', '0', '0', '0', '0', '0', '0', '0', '0', '0', '0', '0', '0', '0', '0', '0', '0',
 '0', '0', '0', '0', '0', '0', '0', '0', '0', '0', '0', '0', '0', '0', '0', '0', '0', '115', '0', '0', '0',
 '0', '0', '0', '0', '1', '0', '0', '-1', '0', '-1', '0', '0', '0', '0', '-1', '0', '-1', '0', '0',
 '0', '0', '-1', '0', '-1', '0', '0', '0', '0', '-1', '0', '-1', '0', '0', '0', '0', '-1', '0',
 '-1', '1', '0', '0', '0', '0', '0', '0', '1', '0', '0', '55', '0', '0', '0', '0', '47', '0', '0', '0',
 '0', '1', NULL);

replace into item_template values
 ('83068', '0', '4', '2', 'Brave\'s War Leggings', '', '60881', '3', '0', '1', '64667', '11245', '7', '-1', '-1', '55',
 '50', '0', '0', '0', '0', '0', '0', '6', '0', '1', '0', '3', '18', '6', '11',
 '0', '9', '0', '0', '0', '0', '0', '0', '0', '0', '0', '0', '0', '0', '0', '0', '0', '0',
 '0', '0', '0', '0', '0', '0', '0', '0', '0', '0', '0', '0', '0', '0', '0', '0', '0', '143', '0', '0', '0',
 '0', '0', '0', '21601', '1', '0', '0', '-1', '0', '-1', '0', '0', '0', '0', '-1', '0', '-1', '0', '0',
 '0', '0', '-1', '0', '-1', '0', '0', '0', '0', '-1', '0', '-1', '0', '0', '0', '0', '-1', '0',
 '-1', '1', '0', '0', '0', '0', '0', '0', '1', '0', '0', '75', '0', '0', '0', '0', '47', '0', '0', '0',
 '0', '1', NULL);

replace into item_template values
 ('83069', '0', '4', '2', 'Brave\'s Leather Belt', '', '60882', '3', '0', '1', '64667', '11245', '6', '-1', '-1', '55',
 '50', '0', '0', '0', '0', '0', '0', '6', '0', '1', '0', '3', '14', '5', '14',
 '4', '9', '0', '0', '0', '0', '0', '0', '0', '0', '0', '0', '0', '0', '0', '0', '0', '0',
 '0', '0', '0', '0', '0', '0', '0', '0', '0', '0', '0', '0', '0', '0', '0', '0', '0', '92', '0', '0', '0',
 '0', '0', '0', '0', '1', '0', '0', '-1', '0', '-1', '0', '0', '0', '0', '-1', '0', '-1', '0', '0',
 '0', '0', '-1', '0', '-1', '0', '0', '0', '0', '-1', '0', '-1', '0', '0', '0', '0', '-1', '0',
 '-1', '1', '0', '0', '0', '0', '0', '0', '1', '0', '0', '35', '0', '0', '0', '0', '47', '0', '0', '0',
 '0', '1', NULL);

replace into item_template values
 ('83070', '0', '4', '2', 'Brave\'s Fitted Gloves', '', '60883', '3', '0', '1', '64667', '11245', '10', '-1', '-1', '55',
 '50', '0', '0', '0', '0', '0', '0', '6', '0', '1', '0', '3', '10', '4', '15',
 '0', '0', '0', '0', '0', '0', '0', '0', '0', '0', '0', '0', '0', '0', '0', '0', '0', '0',
 '0', '0', '0', '0', '0', '0', '0', '0', '0', '0', '0', '0', '0', '0', '0', '0', '0', '105', '0', '0', '0',
 '0', '0', '0', '0', '1', '0', '0', '-1', '0', '-1', '0', '0', '0', '0', '-1', '0', '-1', '0', '0',
 '0', '0', '-1', '0', '-1', '0', '0', '0', '0', '-1', '0', '-1', '0', '0', '0', '0', '-1', '0',
 '-1', '1', '0', '0', '0', '0', '0', '0', '1', '0', '0', '35', '0', '0', '0', '0', '47', '0', '0', '0',
 '0', '1', NULL);

replace into item_template values
 ('83071', '0', '4', '2', 'Brave\'s Tribal Headdress', '', '40206', '3', '0', '1', '64667', '11245', '1', '-1', '-1', '55',
 '50', '0', '0', '0', '0', '0', '0', '6', '0', '1', '0', '3', '13', '4', '17',
 '5', '19', '0', '0', '0', '0', '0', '0', '0', '0', '0', '0', '0', '0', '0', '0', '0', '0',
 '0', '0', '0', '0', '0', '0', '0', '0', '0', '0', '0', '0', '0', '0', '0', '0', '0', '135', '0', '0', '0',
 '0', '0', '0', '0', '1', '0', '0', '-1', '0', '-1', '0', '0', '0', '0', '-1', '0', '-1', '0', '0',
 '0', '0', '-1', '0', '-1', '0', '0', '0', '0', '-1', '0', '-1', '0', '0', '0', '0', '-1', '0',
 '-1', '1', '0', '0', '0', '0', '0', '0', '1', '0', '0', '65', '0', '0', '0', '0', '47', '0', '0', '0',
 '0', '1', NULL);

replace into item_template values
 ('83072', '0', '4', '2', 'Seer\'s Feathered Mantle', '', '60885', '3', '0', '1', '64667', '11245', '3', '-1', '-1', '55',
 '50', '0', '0', '0', '0', '0', '0', '6', '0', '1', '0', '5', '12', '6', '11',
 '4', '5', '0', '0', '0', '0', '0', '0', '0', '0', '0', '0', '0', '0', '0', '0', '0', '0',
 '0', '0', '0', '0', '0', '0', '0', '0', '0', '0', '0', '0', '0', '0', '0', '0', '0', '119', '0', '0', '0',
 '0', '0', '0', '9415', '1', '0', '0', '-1', '0', '-1', '0', '0', '0', '0', '-1', '0', '-1', '0', '0',
 '0', '0', '-1', '0', '-1', '0', '0', '0', '0', '-1', '0', '-1', '0', '0', '0', '0', '-1', '0',
 '-1', '1', '0', '0', '0', '0', '0', '0', '1', '0', '0', '60', '0', '0', '0', '0', '47', '0', '0', '0',
 '0', '1', NULL);

replace into item_template values
 ('83073', '0', '4', '2', 'Seer\'s Mystical Harness', '', '60874', '3', '0', '1', '64667', '11245', '5', '-1', '-1', '55',
 '50', '0', '0', '0', '0', '0', '0', '6', '0', '1', '0', '5', '13', '4', '6',
 '6', '19', '0', '0', '0', '0', '0', '0', '0', '0', '0', '0', '0', '0', '0', '0', '0', '0',
 '0', '0', '0', '0', '0', '0', '0', '0', '0', '0', '0', '0', '0', '0', '0', '0', '0', '145', '0', '0', '0',
 '0', '0', '0', '18378', '1', '0', '0', '-1', '0', '-1', '0', '0', '0', '0', '-1', '0', '-1', '0', '0',
 '0', '0', '-1', '0', '-1', '0', '0', '0', '0', '-1', '0', '-1', '0', '0', '0', '0', '-1', '0',
 '-1', '1', '0', '0', '0', '0', '0', '0', '1', '0', '0', '100', '0', '0', '0', '0', '47', '0', '0', '0',
 '0', '1', NULL);

replace into item_template values
 ('83074', '0', '4', '2', 'Seer\'s Blessed Wrappings', '', '60875', '3', '0', '1', '64667', '11245', '8', '-1', '-1', '55',
 '50', '0', '0', '0', '0', '0', '0', '6', '0', '1', '0', '6', '9', '5', '13',
 '7', '17', '0', '0', '0', '0', '0', '0', '0', '0', '0', '0', '0', '0', '0', '0', '0', '0',
 '0', '0', '0', '0', '0', '0', '0', '0', '0', '0', '0', '0', '0', '0', '0', '0', '0', '115', '0', '0', '0',
 '0', '0', '0', '0', '1', '0', '0', '-1', '0', '-1', '0', '0', '0', '0', '-1', '0', '-1', '0', '0',
 '0', '0', '-1', '0', '-1', '0', '0', '0', '0', '-1', '0', '-1', '0', '0', '0', '0', '-1', '0',
 '-1', '1', '0', '0', '0', '0', '0', '0', '1', '0', '0', '55', '0', '0', '0', '0', '47', '0', '0', '0',
 '0', '1', NULL);

replace into item_template values
 ('83075', '0', '4', '2', 'Seer\'s Ceremonial Loincloth', '', '60876', '3', '0', '1', '64667', '11245', '7', '-1', '-1', '55',
 '50', '0', '0', '0', '0', '0', '0', '6', '0', '1', '0', '5', '19', '7', '8',
 '0', '9', '0', '0', '0', '0', '0', '0', '0', '0', '0', '0', '0', '0', '0', '0', '0', '0',
 '0', '0', '0', '0', '0', '0', '0', '0', '0', '0', '0', '0', '0', '0', '0', '0', '0', '143', '0', '0', '0',
 '0', '0', '0', '9346', '1', '0', '0', '-1', '0', '-1', '0', '0', '0', '0', '-1', '0', '-1', '0', '0',
 '0', '0', '-1', '0', '-1', '0', '0', '0', '0', '-1', '0', '-1', '0', '0', '0', '0', '-1', '0',
 '-1', '1', '0', '0', '0', '0', '0', '0', '1', '0', '0', '75', '0', '0', '0', '0', '47', '0', '0', '0',
 '0', '1', NULL);

replace into item_template values
 ('83076', '0', '4', '2', 'Seer\'s Adorned Girdle', '', '60877', '3', '0', '1', '64667', '11245', '6', '-1', '-1', '55',
 '50', '0', '0', '0', '0', '0', '0', '6', '0', '1', '0', '5', '13', '6', '15',
 '3', '8', '0', '0', '0', '0', '0', '0', '0', '0', '0', '0', '0', '0', '0', '0', '0', '0',
 '0', '0', '0', '0', '0', '0', '0', '0', '0', '0', '0', '0', '0', '0', '0', '0', '0', '92', '0', '0', '0',
 '0', '0', '0', '0', '1', '0', '0', '-1', '0', '-1', '0', '0', '0', '0', '-1', '0', '-1', '0', '0',
 '0', '0', '-1', '0', '-1', '0', '0', '0', '0', '-1', '0', '-1', '0', '0', '0', '0', '-1', '0',
 '-1', '1', '0', '0', '0', '0', '0', '0', '1', '0', '0', '35', '0', '0', '0', '0', '47', '0', '0', '0',
 '0', '1', NULL);

replace into item_template values
 ('83077', '0', '4', '2', 'Seer\'s Runed Handwraps', '', '60878', '3', '0', '1', '64667', '11245', '10', '-1', '-1', '55',
 '50', '0', '0', '0', '0', '0', '0', '6', '0', '1', '0', '7', '11', '5', '16',
 '0', '0', '0', '0', '0', '0', '0', '0', '0', '0', '0', '0', '0', '0', '0', '0', '0', '0',
 '0', '0', '0', '0', '0', '0', '0', '0', '0', '0', '0', '0', '0', '0', '0', '0', '0', '105', '0', '0', '0',
 '0', '0', '0', '0', '1', '0', '0', '-1', '0', '-1', '0', '0', '0', '0', '-1', '0', '-1', '0', '0',
 '0', '0', '-1', '0', '-1', '0', '0', '0', '0', '-1', '0', '-1', '0', '0', '0', '0', '-1', '0',
 '-1', '1', '0', '0', '0', '0', '0', '0', '1', '0', '0', '35', '0', '0', '0', '0', '47', '0', '0', '0',
 '0', '1', NULL);

replace into item_template values
 ('83078', '0', '4', '2', 'Seer\'s Headdress of Visions', '', '40207', '3', '0', '1', '64667', '11245', '1', '-1', '-1', '55',
 '50', '0', '0', '0', '0', '0', '0', '6', '0', '1', '0', '3', '10', '4', '8',
 '5', '16', '0', '0', '0', '0', '0', '0', '0', '0', '0', '0', '0', '0', '0', '0', '0', '0',
 '0', '0', '0', '0', '0', '0', '0', '0', '0', '0', '0', '0', '0', '0', '0', '0', '0', '135', '0', '0', '0',
 '0', '0', '0', '7679', '1', '0', '0', '-1', '0', '-1', '0', '0', '0', '0', '-1', '0', '-1', '0', '0',
 '0', '0', '-1', '0', '-1', '0', '0', '0', '0', '-1', '0', '-1', '0', '0', '0', '0', '-1', '0',
 '-1', '1', '0', '0', '0', '0', '0', '0', '1', '0', '0', '65', '0', '0', '0', '0', '47', '0', '0', '0',
 '0', '1', NULL);

replace into item_template values
 ('83079', '0', '4', '2', 'Robes of the Archdruid', '', '61115', '3', '0', '1', '105646', '28764', '5', '-1', '-1', '62',
 '60', '0', '0', '0', '0', '0', '0', '0', '0', '1', '0', '5', '17', '6', '14',
 '3', '16', '0', '0', '0', '0', '0', '0', '0', '0', '0', '0', '0', '0', '0', '0', '0', '0',
 '0', '0', '0', '0', '0', '0', '0', '0', '0', '0', '0', '0', '0', '0', '0', '0', '0', '167', '0', '0', '0',
 '0', '0', '0', '21618', '1', '0', '0', '-1', '0', '-1', '0', '0', '0', '0', '-1', '0', '-1', '0', '0',
 '0', '0', '-1', '0', '-1', '0', '0', '0', '0', '-1', '0', '-1', '0', '0', '0', '0', '-1', '0',
 '-1', '1', '0', '0', '0', '0', '0', '0', '1', '0', '0', '120', '0', '0', '0', '0', '49', '0', '0', '0',
 '0', '1', NULL);

replace into item_template values
 ('83080', '0', '4', '2', 'Vestments of Druidic Power', '', '61117', '3', '0', '1', '105646', '28764', '5', '-1', '-1', '62',
 '60', '0', '0', '0', '0', '0', '609', '7', '0', '1', '0', '5', '21', '6', '10',
 '4', '18', '0', '0', '0', '0', '0', '0', '0', '0', '0', '0', '0', '0', '0', '0', '0', '0',
 '0', '0', '0', '0', '0', '0', '0', '0', '0', '0', '0', '0', '0', '0', '0', '0', '0', '172', '0', '0', '5',
 '0', '0', '0', '9417', '1', '0', '0', '-1', '0', '-1', '0', '0', '0', '0', '-1', '0', '-1', '0', '0',
 '0', '0', '-1', '0', '-1', '0', '0', '0', '0', '-1', '0', '-1', '0', '0', '0', '0', '-1', '0',
 '-1', '1', '0', '0', '0', '0', '0', '0', '1', '0', '0', '120', '0', '0', '0', '0', '0', '0', '0', '0',
 '0', '1', NULL);

replace into item_template values
 ('83081', '0', '4', '2', 'Vestments of Natural Prowess', '', '61116', '2', '0', '1', '14535', '3462', '5', '-1', '-1', '30',
 '25', '0', '0', '0', '0', '0', '69', '5', '0', '1', '0', '4', '10', '5', '8',
 '0', '0', '0', '0', '0', '0', '0', '0', '0', '0', '0', '0', '0', '0', '0', '0', '0', '0',
 '0', '0', '0', '0', '0', '0', '0', '0', '0', '0', '0', '0', '0', '0', '0', '0', '0', '95', '0', '0', '5',
 '0', '0', '0', '0', '0', '0', '0', '-1', '0', '-1', '0', '0', '0', '0', '-1', '0', '-1', '0', '0',
 '0', '0', '-1', '0', '-1', '0', '0', '0', '0', '-1', '0', '-1', '0', '0', '0', '0', '-1', '0',
 '-1', '1', '0', '0', '0', '0', '0', '0', '1', '0', '0', '85', '0', '0', '0', '0', '0', '0', '0', '0',
 '0', '1', NULL);

replace into item_template values
 ('83082', '0', '4', '1', 'Enchanted Keeper\'s Robes', '', '61118', '3', '0', '1', '46464', '16438', '5', '-1', '-1', '45',
 '42', '0', '0', '0', '0', '0', '0', '0', '0', '1', '0', '5', '15', '6', '8',
 '0', '0', '0', '0', '0', '0', '0', '0', '0', '0', '0', '0', '0', '0', '0', '0', '0', '0',
 '0', '0', '0', '0', '0', '0', '0', '0', '0', '0', '0', '0', '0', '0', '0', '0', '0', '68', '0', '0', '5',
 '0', '0', '0', '14047', '1', '0', '0', '-1', '0', '-1', '0', '0', '0', '0', '-1', '0', '-1', '0', '0',
 '0', '0', '-1', '0', '-1', '0', '0', '0', '0', '-1', '0', '-1', '0', '0', '0', '0', '-1', '0',
 '-1', '2', '0', '0', '0', '0', '0', '0', '1', '0', '0', '80', '0', '0', '0', '0', '45', '0', '0', '0',
 '0', '1', NULL);

-- Skin id for human male: 16. Skin id for human female: 12, 14. Place this item into Dalaran's rep quartermaster.
replace into item_template values
 ('83090', '0', '15', '0', 'Wizardly Attire', 'You\'re a wizard, Harry.', '4127', '2', '0', '1', '0', '0', '0', '-1', '1', '0',
 '0', '0', '0', '0', '0', '0', '61', '7', '0', '1', '0', '0', '0', '0', '0',
 '0', '0', '0', '0', '0', '0', '0', '0', '0', '0', '0', '0', '0', '0', '0', '0', '0', '0',
 '0', '0', '0', '0', '0', '0', '0', '0', '0', '0', '0', '0', '0', '0', '0', '0', '0', '0', '0', '0', '0',
 '0', '0', '0', '0', '0', '0', '0', '-1', '0', '-1', '0', '0', '0', '0', '-1', '0', '-1', '0', '0',
 '0', '0', '-1', '0', '-1', '0', '0', '0', '0', '-1', '0', '-1', '0', '0', '0', '0', '-1', '0',
 '-1', '1', '0', '0', '0', '0', '0', '0', '1', '0', '0', '0', '0', '0', '0', '0', '0', '0', '0', '0',
 '0', '1', NULL);

-- Skin id for human male: 13, 14, 15. Skin id for human female: 13. Place this item into the loottable of a mob or boss in karazhan crypts. Low drop rate.
replace into item_template values
 ('83091', '0', '15', '0', 'Necrotic Corruption', 'A gift of pallid skin, hollow eyes, and shambling gaits.', '13709', '2', '0', '1', '0', '0', '0', '-1', '1', '0',
 '0', '0', '0', '0', '0', '0', '0', '0', '0', '1', '0', '0', '0', '0', '0',
 '0', '0', '0', '0', '0', '0', '0', '0', '0', '0', '0', '0', '0', '0', '0', '0', '0', '0',
 '0', '0', '0', '0', '0', '0', '0', '0', '0', '0', '0', '0', '0', '0', '0', '0', '0', '0', '0', '0', '0',
 '0', '0', '0', '0', '0', '0', '0', '-1', '0', '-1', '0', '0', '0', '0', '-1', '0', '-1', '0', '0',
 '0', '0', '-1', '0', '-1', '0', '0', '0', '0', '-1', '0', '-1', '0', '0', '0', '0', '-1', '0',
 '-1', '1', '0', '0', '0', '0', '0', '0', '1', '0', '0', '0', '0', '0', '0', '0', '0', '0', '0', '0',
 '0', '1', NULL);

-- Skin id for Night elf male: 13, 14, 15.Skin id for Night Elf Female: 9 and 10. Place into quartermater of Cenarion Circle.
replace into item_template values
 ('83092', '0', '15', '0', 'Blessing of the Wilds', 'The beauty and savageness of nature marks you.', '18524', '2', '0', '1', '0', '0', '0', '-1', '8', '0',
 '0', '0', '0', '0', '0', '0', '609', '7', '0', '1', '0', '0', '0', '0', '0',
 '0', '0', '0', '0', '0', '0', '0', '0', '0', '0', '0', '0', '0', '0', '0', '0', '0', '0',
 '0', '0', '0', '0', '0', '0', '0', '0', '0', '0', '0', '0', '0', '0', '0', '0', '0', '0', '0', '0', '0',
 '0', '0', '0', '0', '0', '0', '0', '-1', '0', '-1', '0', '0', '0', '0', '-1', '0', '-1', '0', '0',
 '0', '0', '-1', '0', '-1', '0', '0', '0', '0', '-1', '0', '-1', '0', '0', '0', '0', '-1', '0',
 '-1', '1', '0', '0', '0', '0', '0', '0', '1', '0', '0', '0', '0', '0', '0', '0', '0', '0', '0', '0',
 '0', '1', NULL);
 
 update item_template set spellid_1 = 12244, script_name = 'item_skin_change', buy_price = 95000, sell_price = 23750 where entry in (83090, 83091, 83092);