replace into creature_template values 
(91799, 0, 18144, 0, 0, 0, 'Moo', 'The Cow King', 0, 60, 60, 83643, 86398, 34335, 36510, 3075, 26, 0, 1, 1.14286, 0, 20, 5, 0, 1, 1, 474, 554, 0, 272, 1, 1200, 1500, 2, 0, 0, 0, 0, 0, 0, 0, 91.7, 134.9, 100, 7, 0, 0, 0, 0, 0, 0, 0, 0, 0, 0, 0, 0, 0, 0, 0, 0, 0, 0, 'EventAI', 1, 3, 0, 0, 3, 16080, 0, 0, 613105627, 0, 0, 0, 'the_cow_king'),
(91900, 0, 1060, 0, 0, 0, 'Babe', '', 0, 35, 35, 1342, 1342, 0, 0, 1357, 35, 2, 1.11, 1.14286, 1.8, 20, 5, 0, 0, 1, 51, 65, 0, 138, 1, 2000, 2000, 1, 768, 0, 0, 0, 0, 0, 0, 51.128, 70.301, 100, 10, 0, 0, 0, 0, 0, 0, 0, 0, 0, 0, 0, 0, 0, 0, 0, 0, 0, 0, '', 0, 3, 0, 0, 3, 0, 0, 0, 0, 0, 2, 0, ''),
(91901, 0, 18144, 0, 0, 0, 'Bonny', '', 0, 35, 35, 1342, 1342, 0, 0, 1357, 35, 2, 1.11, 1.14286, 1.8, 20, 5, 0, 0, 1, 51, 65, 0, 138, 1, 2000, 2000, 1, 768, 0, 0, 0, 0, 0, 0, 51.128, 70.301, 100, 10, 0, 0, 0, 0, 0, 0, 0, 0, 0, 0, 0, 0, 0, 0, 0, 0, 0, 0, '', 0, 3, 0, 0, 3, 0, 0, 0, 0, 0, 2, 0, ''),
(91902, 0, 18145, 0, 0, 0, 'Molasses', '', 0, 35, 35, 1342, 1342, 0, 0, 1357, 35, 2, 1.11, 1.14286, 1.8, 20, 5, 0, 0, 1, 51, 65, 0, 138, 1, 2000, 2000, 1, 768, 0, 0, 0, 0, 0, 0, 51.128, 70.301, 100, 10, 0, 0, 0, 0, 0, 0, 0, 0, 0, 0, 0, 0, 0, 0, 0, 0, 0, 0, '', 0, 3, 0, 0, 3, 0, 0, 0, 0, 0, 2, 0, ''),
(91903, 0, 18145, 0, 0, 0, 'Duke', '', 0, 35, 35, 1342, 1342, 0, 0, 1357, 35, 2, 1.11, 1.14286, 1.8, 20, 5, 0, 0, 1, 51, 65, 0, 138, 1, 2000, 2000, 1, 768, 0, 0, 0, 0, 0, 0, 51.128, 70.301, 100, 10, 0, 0, 0, 0, 0, 0, 0, 0, 0, 0, 0, 0, 0, 0, 0, 0, 0, 0, '', 0, 3, 0, 0, 3, 0, 0, 0, 0, 0, 2, 0, ''),
(91904, 0, 18144, 0, 0, 0, 'Larry', '', 0, 35, 35, 1342, 1342, 0, 0, 1357, 35, 2, 1.11, 1.14286, 1.8, 20, 5, 0, 0, 1, 51, 65, 0, 138, 1, 2000, 2000, 1, 768, 0, 0, 0, 0, 0, 0, 51.128, 70.301, 100, 10, 0, 0, 0, 0, 0, 0, 0, 0, 0, 0, 0, 0, 0, 0, 0, 0, 0, 0, '', 0, 3, 0, 0, 3, 0, 0, 0, 0, 0, 2, 0, ''),
(91905, 0, 12610, 0, 0, 0, 'Sailor Darkbay', 'Kul Tiras', 0, 45, 53, 1981, 4281, 0, 0, 2246, 15, 0, 1.11111, 1.14286, 0, 20, 5, 0, 0, 1, 300, 345, 0, 172, 1, 2000, 2000, 1, 768, 0, 0, 0, 0, 0, 0, 58.7664, 80.8038, 100, 7, 0, 0, 0, 0, 0, 0, 0, 0, 0, 0, 0, 0, 0, 0, 0, 0, 0, 0, '', 1, 1, 0, 0, 3, 0, 0, 0, 0, 0, 524290, 0, ''),
(91906, 0, 2423, 0, 0, 0, 'Deepwater Hydra', '', 0, 53, 53, 4554, 4945, 0, 0, 2808, 16, 0, 1, 1.14286, 0, 20, 5, 0, 1, 1, 243, 313, 0, 212, 1, 2000, 2000, 1, 32832, 0, 0, 0, 0, 0, 0, 50.796, 69.8445, 100, 10, 8, 12207, 0, 12207, 0, 0, 0, 0, 0, 0, 3417, 21790, 0, 0, 122070, 0, 0, 0, 'EventAI', 1, 3, 0, 0, 3, 0, 0, 0, 0, 0, 0, 0, ''),
(91950, 0, 1731, 0, 0, 0, 'Chef Jenkel', 'Cooking Trainer', 0, 35, 35, 1281, 2281, 0, 0, 1246, 15, 0, 1.11111, 1.14286, 0, 20, 5, 0, 0, 1, 300, 345, 0, 172, 1, 2000, 2000, 1, 768, 0, 0, 0, 0, 0, 0, 58.7664, 80.8038, 100, 7, 0, 0, 0, 0, 0, 0, 0, 0, 0, 0, 0, 0, 0, 0, 0, 0, 0, 0, '', 1, 1, 0, 0, 3, 0, 0, 0, 0, 0, 524290, 0, ''),
(91951, 0, 1516, 0, 0, 0, 'Cook Lopperson', 'Cooking Supplies', 0, 30, 30, 1981, 2281, 0, 0, 1246, 15, 0, 1.11111, 1.14286, 0, 20, 5, 0, 0, 1, 300, 345, 0, 172, 1, 2000, 2000, 1, 768, 0, 0, 0, 0, 0, 0, 58.7664, 80.8038, 100, 7, 0, 0, 0, 0, 0, 0, 0, 0, 0, 0, 0, 0, 0, 0, 0, 0, 0, 0, '', 1, 1, 0, 0, 3, 0, 0, 0, 0, 0, 524290, 0, ''),
(91952, 0, 4320, 0, 0, 0, 'Devon Harkwave', 'Kul Tiras', 0, 45, 45, 1981, 2281, 0, 0, 2246, 15, 0, 1.11111, 1.14286, 0, 20, 5, 0, 0, 1, 300, 345, 0, 172, 1, 2000, 2000, 1, 768, 0, 0, 0, 0, 0, 0, 58.7664, 80.8038, 100, 7, 0, 0, 0, 0, 0, 0, 0, 0, 0, 0, 0, 0, 0, 0, 0, 0, 0, 0, '', 1, 1, 0, 0, 3, 0, 0, 0, 0, 0, 524290, 0, ''),
(91953, 0, 1501, 0, 0, 0, 'Father Benofar', 'Kul Tiras', 0, 44, 44, 1281, 2281, 0, 0, 1646, 15, 0, 1.11111, 1.14286, 0, 20, 5, 0, 0, 1, 300, 345, 0, 172, 1, 2000, 2000, 1, 768, 0, 0, 0, 0, 0, 0, 58.7664, 80.8038, 100, 7, 0, 0, 0, 0, 0, 0, 0, 0, 0, 0, 0, 0, 0, 0, 0, 0, 0, 0, '', 1, 1, 0, 0, 3, 0, 0, 0, 0, 0, 524290, 0, ''),
(91954, 0, 3285, 0, 0, 0, 'Fisherman Delavey', 'Kul Tiras', 0, 43, 43, 1981, 2281, 0, 0, 2246, 15, 0, 1.11111, 1.14286, 0, 20, 5, 0, 0, 1, 300, 345, 0, 172, 1, 2000, 2000, 1, 4319, 0, 0, 0, 0, 0, 0, 58.7664, 80.8038, 100, 7, 0, 0, 0, 0, 0, 0, 0, 0, 0, 0, 0, 0, 0, 0, 0, 0, 0, 0, '', 1, 1, 0, 0, 3, 0, 0, 0, 0, 0, 524290, 0, ''),
(91955, 0, 4319, 0, 0, 0, 'Milroy Haveshine', 'Kul Tiras', 0, 50, 50, 1981, 2981, 0, 0, 2246, 15, 0, 1.11111, 1.14286, 0, 20, 5, 0, 0, 1, 300, 345, 0, 172, 1, 2000, 2000, 1, 4319, 0, 0, 0, 0, 0, 0, 58.7664, 80.8038, 100, 7, 0, 0, 0, 0, 0, 0, 0, 0, 0, 0, 0, 0, 0, 0, 0, 0, 0, 0, '', 1, 1, 0, 0, 3, 0, 0, 0, 0, 0, 524290, 0, ''),
(91956, 0, 2973, 0, 0, 0, 'Denia Hale', 'General Goods', 0, 47, 47, 1981, 2281, 0, 0, 2046, 15, 0, 1.11111, 1.14286, 0, 20, 5, 0, 0, 1, 300, 345, 0, 172, 1, 2000, 2000, 1, 768, 0, 0, 0, 0, 0, 0, 58.7664, 80.8038, 100, 7, 0, 0, 0, 0, 0, 0, 0, 0, 0, 0, 0, 0, 0, 0, 0, 0, 0, 0, '', 1, 1, 0, 0, 3, 0, 0, 0, 0, 0, 524290, 0, ''),
(91957, 0, 1490, 0, 0, 0, 'Sailor Kark', 'Kul Tiras', 0, 50, 50, 1981, 2981, 0, 0, 2246, 15, 0, 1.11111, 1.14286, 0, 20, 5, 0, 0, 1, 300, 345, 0, 172, 1, 2000, 2000, 1, 768, 0, 0, 0, 0, 0, 0, 58.7664, 80.8038, 100, 7, 0, 0, 0, 0, 0, 0, 0, 0, 0, 0, 0, 0, 0, 0, 0, 0, 0, 0, '', 1, 1, 0, 0, 3, 0, 0, 0, 0, 0, 524290, 0, ''),
(91958, 0, 1929, 0, 0, 0, 'Salty\' O\'Keef', 'Traitor', 0, 50, 50, 2981, 2981, 0, 0, 2246, 230, 0, 1.11111, 1.14286, 0, 20, 5, 0, 0, 1, 300, 345, 0, 172, 1, 2000, 2000, 1, 768, 0, 0, 0, 0, 0, 0, 58.7664, 80.8038, 100, 7, 0, 0, 0, 0, 0, 0, 0, 0, 0, 0, 0, 0, 0, 0, 0, 0, 0, 0, '', 1, 1, 0, 0, 3, 0, 0, 0, 0, 0, 524290, 0, ''),
(91959, 0, 4478, 0, 0, 0, 'Sailor \'Deepmug\'', 'Rum Vendor', 0, 48, 48, 2181, 2981, 0, 0, 2246, 15, 0, 1.11111, 1.14286, 0, 20, 5, 0, 0, 1, 300, 345, 0, 172, 1, 2000, 2000, 1, 768, 0, 0, 0, 0, 0, 0, 58.7664, 80.8038, 100, 7, 0, 0, 0, 0, 0, 0, 0, 0, 0, 0, 0, 0, 0, 0, 0, 0, 0, 0, '', 1, 1, 0, 0, 3, 0, 0, 0, 0, 0, 524290, 0, ''),
(91960, 0, 2347, 0, 0, 0, 'Junglepaw Panther', NULL, 0, 48, 50, 2568, 2768, 0, 0, 2101, 16, 0, 1, 1.14286, 0, 20, 5, 0, 0, 1, 60, 74, 0, 226, 1, 2000, 2000, 1, 0, 0, 2, 0, 0, 0, 0, 0, 0, 0, 1, 1, 2522, 0, 2522, 0, 0, 0, 0, 0, 0, 0, 0, 0, 0, 0, 5833, 0, 0, '', 1, 1, 0, 0, 3, 0, 0, 0, 0, 0, 0, 0, 'generic_spell_ai'),
(91961, 0, 2347, 0, 0, 0, 'Junglepaw Shadow Panther', NULL, 0, 51, 53, 2868, 3168, 0, 0, 2101, 16, 0, 1, 1.14286, 0, 20, 5, 0, 0, 1, 160, 174, 0, 226, 1, 2000, 2000, 1, 0, 0, 2, 0, 0, 0, 0, 0, 0, 0, 1, 1, 2522, 0, 2522, 0, 0, 0, 0, 0, 0, 0, 0, 0, 0, 0, 5833, 0, 0, '', 1, 1, 0, 0, 3, 0, 0, 0, 0, 0, 0, 0, 'generic_spell_ai'),
(91962, 0, 1039, 0, 0, 0, 'Saltsnap Crocolisk', '', 0, 49, 51, 2817, 3117, 0, 0, 2101, 16, 0, 1, 1.14286, 0, 20, 5, 0, 0, 1, 260, 374, 0, 204, 1, 2000, 2000, 1, 32768, 0, 6, 0, 0, 0, 0, 60.016, 82.522, 100, 1, 1, 4841, 0, 4841, 0, 0, 0, 0, 0, 0, 0, 0, 0, 0, 0, 5858, 0, 0, '', 0, 3, 0, 0, 3, 0, 0, 0, 0, 0, 0, 0, ''),
(91963, 0, 8802, 0, 0, 0, 'Deepstone Basilisk', '', 0, 51, 53, 3217, 3417, 0, 0, 3101, 16, 0, 1, 1.14286, 0, 20, 5, 0, 0, 1, 360, 474, 0, 204, 1, 2000, 2000, 1, 32768, 0, 6, 0, 0, 0, 0, 60.016, 82.522, 100, 1, 1, 4841, 0, 4841, 0, 0, 0, 0, 0, 0, 0, 0, 0, 0, 0, 5858, 0, 0, '', 0, 3, 0, 0, 3, 0, 0, 0, 0, 0, 0, 0, ''),
(91964, 0, 2174, 0, 0, 0, 'Saltjaw Basilisk', '', 0, 49, 51, 3017, 3217, 0, 0, 2101, 16, 0, 1, 1.14286, 0, 20, 5, 0, 0, 1, 260, 374, 0, 204, 1, 2000, 2000, 1, 32768, 0, 6, 0, 0, 0, 0, 60.016, 82.522, 100, 1, 1, 4841, 0, 4841, 0, 0, 0, 0, 0, 0, 0, 0, 0, 0, 0, 5858, 0, 0, '', 0, 3, 0, 0, 3, 0, 0, 0, 0, 0, 0, 0, ''),
(91965, 0, 2024, 0, 0, 0, 'Lurking Jungle Creeper', NULL, 0, 54, 54, 2550, 2633, 1982, 2041, 2588, 16, 0, 0.666668, 1.14286, 0, 20, 5, 0, 0, 1, 112, 139, 0, 244, 1, 2000, 2000, 2, 0, 0, 0, 0, 0, 0, 0, 70.4704, 96.8968, 100, 4, 0, 6519, 0, 0, 0, -51, 51, 0, 0, 0, 12747, 11640, 0, 0, 65190, 0, 99, 135, 'EventAI', 1, 3, 0, 0, 3, 0, 0, 0, 16384, 0, 0, 0, ''),
(91966, 0, 10991, 0, 0, 0, 'Venomous Jungle Serpent', NULL, 0, 51, 53, 916, 981, 0, 0, 3163, 90, 0, 1, 1.14286, 0, 20, 5, 0, 0, 1, 27, 34, 0, 238, 1, 2000, 2000, 1, 0, 0, 0, 0, 0, 0, 0, 71.2272, 97.9374, 100, 3, 0, 9776, 0, 0, 0, 0, 0, 0, 0, 0, 16866, 0, 0, 0, 97760, 0, 74, 102, '', 0, 3, 0, 0, 3, 0, 0, 0, 0, 0, 0, 0, ''),
(91967, 0, 5561, 0, 0, 0, 'Enraged Water Elemental', NULL, 0, 53, 54, 3292, 3292, 0, 0, 3216, 16, 0, 1.55556, 1.14286, 0, 20, 5, 0, 0, 1, 88, 106, 4, 244, 1, 2000, 2000, 1, 0, 0, 0, 0, 0, 0, 0, 67.2672, 92.4924, 100, 4, 0, 0, 0, 0, 0, 54, 54, 0, 54, 54, 0, 0, 0, 0, 0, 0, 51, 257, '', 0, 3, 0, 0, 3, 0, 0, 0, 16384, 16, 32, 0, ''),
(91968, 0, 9418, 0, 0, 0, 'Lykourgos the Reaver', NULL, 0, 53, 53, 3182, 3388, 0, 0, 3151, 16, 0, 1, 1.14286, 0, 20, 5, 0, 0, 1, 77, 96, 0, 238, 1, 1700, 2000, 1, 0, 0, 0, 0, 0, 0, 0, 70.4704, 96.8968, 100, 7, 0, 6005, 6005, 0, 0, 0, 0, 0, 104, 0, 3417, 8646, 11976, 0, 60050, 0, 111, 150, 'EventAI', 1, 3, 0, 0, 3, 0, 0, 0, 0, 0, 0, 0, '');

update creature_template set npc_flags = 1, faction = 189, unit_flags = 2, scale = 2.5 where entry = 91799;
update creature_template set display_id1 = 18149 where entry = 91800;
update creature_template set display_id1 = 3264 where entry = 91886;
update creature_template set display_id1 = 3264 where entry = 91773;
update creature_template set rank = 1 where entry = 70891;
update creature_template set scale = 1.2 where entry = 91797;
update creature_template set scale = 1.2 where entry = 91761;
update creature_template set scale = 0.9 where entry = 91762;
update creature_template set scale = 0.8 where entry = 91764;
update creature_template set scale = 1.3 where entry = 91798;
update creature_template set scale = 1.4 where entry = 91831;
update quest_template set suggestedplayers = 3 where entry = 80291;
update creature_template set name = 'Wallowfin Murloc' where entry = 91857;
update creature_template set name = 'Primalist Jongi' where entry = 91867;
update creature_template set name = 'Cannoneer Darlug' where entry = 91886;
update creature_template set equipment_id = 0, level_min = 55, level_max = 55 where entry = 91891;
update creature_template set equipment_id = 0 where entry = 91865;
update creature_template set inhabit_type = 2 where entry = 91837;
update creature_template set npc_flags = 4 where entry = 91956;
update creature_template set npc_flags = 4 where entry = 91959;
update creature_template set npc_flags = 4 where entry = 91951;
update creature_template set npc_flags = 1 where entry = 91953;
update creature_template set npc_flags = 16, trainer_type = 2 where entry = 91950;

REPLACE INTO `npc_vendor` VALUES (91959, 9260, 0, 0, 0, 0);

REPLACE INTO `npc_vendor` VALUES (91956, 159, 0, 0, 0, 0);
REPLACE INTO `npc_vendor` VALUES (91956, 1205, 0, 0, 0, 0);
REPLACE INTO `npc_vendor` VALUES (91956, 1645, 0, 0, 0, 0);
REPLACE INTO `npc_vendor` VALUES (91956, 1708, 0, 0, 0, 0);
REPLACE INTO `npc_vendor` VALUES (91956, 2515, 0, 0, 0, 0);
REPLACE INTO `npc_vendor` VALUES (91956, 2519, 0, 0, 0, 0);
REPLACE INTO `npc_vendor` VALUES (91956, 3030, 0, 0, 0, 0);
REPLACE INTO `npc_vendor` VALUES (91956, 3033, 0, 0, 0, 0);
REPLACE INTO `npc_vendor` VALUES (91956, 3107, 0, 0, 0, 0);
REPLACE INTO `npc_vendor` VALUES (91956, 3108, 0, 0, 0, 0);
REPLACE INTO `npc_vendor` VALUES (91956, 3135, 0, 0, 0, 0);
REPLACE INTO `npc_vendor` VALUES (91956, 3137, 0, 0, 0, 0);
REPLACE INTO `npc_vendor` VALUES (91956, 4470, 0, 0, 0, 0);
REPLACE INTO `npc_vendor` VALUES (91956, 4471, 0, 0, 0, 0);
REPLACE INTO `npc_vendor` VALUES (91956, 4497, 0, 0, 0, 0);
REPLACE INTO `npc_vendor` VALUES (91956, 4498, 0, 0, 0, 0);
REPLACE INTO `npc_vendor` VALUES (91956, 6183, 0, 0, 0, 0);
REPLACE INTO `npc_vendor` VALUES (91956, 11284, 0, 0, 0, 0);
REPLACE INTO `npc_vendor` VALUES (91956, 11285, 0, 0, 0, 0);
REPLACE INTO `npc_vendor` VALUES (91956, 15326, 0, 0, 0, 0);
REPLACE INTO `npc_vendor` VALUES (91956, 15327, 0, 0, 0, 0);

REPLACE INTO `npc_vendor` VALUES (91951, 159, 0, 0, 0, 0);
REPLACE INTO `npc_vendor` VALUES (91951, 2678, 0, 0, 0, 0);
REPLACE INTO `npc_vendor` VALUES (91951, 2692, 0, 0, 0, 0);
REPLACE INTO `npc_vendor` VALUES (91951, 3713, 0, 0, 0, 0);
REPLACE INTO `npc_vendor` VALUES (91951, 30817, 0, 0, 0, 0);
REPLACE INTO `npc_vendor` VALUES (91951, 40000, 0, 0, 0, 0);

REPLACE INTO `npc_trainer` VALUES (91950, 1290, 1, 0, 0, 0, 0, 5875);
REPLACE INTO `npc_trainer` VALUES (91950, 2551, 100, 0, 0, 5, 0, 5875);
REPLACE INTO `npc_trainer` VALUES (91950, 2559, 50, 185, 10, 0, 0, 5875);
REPLACE INTO `npc_trainer` VALUES (91950, 2561, 100, 185, 50, 0, 0, 5875);
REPLACE INTO `npc_trainer` VALUES (91950, 2562, 200, 185, 75, 0, 0, 5875);
REPLACE INTO `npc_trainer` VALUES (91950, 2563, 150, 185, 80, 0, 0, 5875);
REPLACE INTO `npc_trainer` VALUES (91950, 3412, 500, 185, 50, 10, 0, 5875);
REPLACE INTO `npc_trainer` VALUES (91950, 6502, 100, 185, 50, 0, 0, 5875);
REPLACE INTO `npc_trainer` VALUES (91950, 6503, 300, 185, 125, 0, 0, 5875);
REPLACE INTO `npc_trainer` VALUES (91950, 21176, 4000, 185, 200, 0, 0, 5875);


replace into creature_template_addon values 
(91881, 0, 0, 0, 0, 0, 234, 0, NULL),
(91885, 0, 0, 0, 0, 0, 234, 0, NULL),
(91880, 0, 0, 0, 0, 0, 234, 0, NULL),
(91884, 0, 0, 0, 0, 0, 234, 0, NULL),

(91877, 0, 0, 0, 0, 0, 234, 0, NULL),
(91878, 0, 0, 0, 0, 0, 234, 0, NULL),
(91879, 0, 0, 0, 0, 0, 234, 0, NULL);

set @equip_template = 55140; set @weapon_1 = 14879; set @weapon_2 = 0; set @creature = 91305;
replace into creature_equip_template values (@equip_template, 0, @weapon_1, @weapon_2, 0); 
update creature_template set equipment_id = @equip_template where entry = @creature;

set @equip_template = 55141; set @weapon_1 = 4560; set @weapon_2 = 0; set @creature = 91958;
replace into creature_equip_template values (@equip_template, 0, @weapon_1, @weapon_2, 0); 
update creature_template set equipment_id = @equip_template where entry = @creature;

set @equip_template = 55142; set @weapon_1 = 15972; set @weapon_2 = 0; set @creature = 91959;
replace into creature_equip_template values (@equip_template, 0, @weapon_1, @weapon_2, 0); 
update creature_template set equipment_id = @equip_template where entry = @creature;

set @gossip_menu_id = 60117; set @magic_number = 91799; 
replace into gossip_menu (entry, text_id, condition_id) VALUES (@gossip_menu_id, @magic_number, '0'); 
replace into broadcast_text (entry, Male_Text) values (@magic_number, 'What do you want in my realm, mortal?'); 
replace into npc_text (ID, BroadcastTextID0) values (@magic_number, @magic_number); 
update creature_template set gossip_menu_id = @gossip_menu_id where entry = @magic_number;

set @gossip_menu_id = 60119; set @magic_number = 91953; 
replace into gossip_menu (entry, text_id, condition_id) VALUES (@gossip_menu_id, @magic_number, '0'); 
replace into broadcast_text (entry, Male_Text) values (@magic_number, 'Even in a desolate island such as this, we must keep our faith.'); 
replace into npc_text (ID, BroadcastTextID0) values (@magic_number, @magic_number); 
update creature_template set gossip_menu_id = @gossip_menu_id where entry = @magic_number;

set @gossip_menu_id = 60120; set @magic_number = 91954; 
replace into gossip_menu (entry, text_id, condition_id) VALUES (@gossip_menu_id, @magic_number, '0'); 
replace into broadcast_text (entry, Male_Text) values (@magic_number, 'A wonderful day to fish, is it not?'); 
replace into npc_text (ID, BroadcastTextID0) values (@magic_number, @magic_number); 
update creature_template set gossip_menu_id = @gossip_menu_id where entry = @magic_number;



replace into item_template values
 ('83100', '0', '15', '0', 'Mysterious Cow Scroll', 'It beckons you.', '11161', '1', '0', '1', '0', '0', '0', '-1', '-1', '0',
 '0', '0', '0', '0', '0', '0', '0', '0', '1', '1', '0', '0', '0', '0', '0',
 '0', '0', '0', '0', '0', '0', '0', '0', '0', '0', '0', '0', '0', '0', '0', '0', '0', '0',
 '0', '0', '0', '0', '0', '0', '0', '0', '0', '0', '0', '0', '0', '0', '0', '0', '0', '0', '0', '0', '0',
 '0', '0', '0', '0', '0', '0', '0', '-1', '0', '-1', '0', '0', '0', '0', '-1', '0', '-1', '0', '0',
 '0', '0', '-1', '0', '-1', '0', '0', '0', '0', '-1', '0', '-1', '0', '0', '0', '0', '-1', '0',
 '-1', '1', '0', '0', '0', '684', '0', '0', '1', '0', '0', '0', '0', '0', '0', '0', '0', '0', '0', '0',
 '0', '1', NULL);

replace into creature_loot_template values (2442, 83100, 1, 6, 1, 1, 0, 0, 10);

-- Item changes:

-- Blacksmithing:

-- Dawnbringer Shoulders: 10 Spirit -> 10 Intellect

-- Heavy Timbermaw Belt: 9 Stamina -> 18 Stamina, 42 Attack Power -> %1 Dodge, + 60 Armor
-- Heavy Timbermaw Boots: 23 Stamina -> 21 Stamina, 20 Attack Power -> %1 Dodge, + 60 Armor

-- Heavy Obsidian Belt: 25 Strength -> 22 Stamina

-- Wildthorn Mail: 5 Stamina -> 11 Stamina, 11 Spirit -> 5 Intellect

-- Fiery Plate Gauntlets: 10 Fire Resistance -> 15 Fire Resistance, +10 Stamina

-- Girdle of the Dawn: 9 Stamina -> 12 Stamina, 21 Strength -> 12 Strength, + 8 Intellect, + %1 Block Chance, + 12 Block Value
-- Gloves of the Dawn: 10 Stamina -> 14 Stamina, 23 Strength -> 12 Strength, + 9 Intellect, + %1 Block Chance, + 14 Block Value

-- Fiery Chain Girdle: 9 Intellect -> 9 Agility, 8 Spirit -> 8 Intellect
-- Fiery Chain Shoulders: 14 Intellect -> 8 Intellect, +10 Agility

-- Helm of the Great Chief: 12 Stamina -> 26 Stamina, 30 Spirit -> 12 Agility, + 70 Armor, + 6 Defense

-- Blackfury: 105 - 158 Damage -> 155 - 238 Damage, 2.1 Attack Speed -> 3.3 Attack Speed

-- Dark Iron Destroyer: 10 Strength -> 12 Strength, 6 Fire Resistance -> 8 Fire Resistance

-- Enchanted Battlehammer: %1 Parry -> %1 Dodge, + 12 Stamina

-- Corruption: New Proc: Corrupts the target, causing 90 damage over 3 sec. (3 PPM)

-- Engineering:

-- Dark Iron Rifle: 53 - 100 Damage -> 70 - 106 Damage, 2.7 Attack Speed -> 3.1 Attack Speed

-- Flawless Arcanite Rifle: 65 - 122 Damage -> 68 - 126 Damage, 3.0 Attack Speed -> 3.1 Attack Speed

-- Core Marksman Rifle: 64 - 120 Damage -> 88 - 146 Damage, 2.6 Attack Speed -> 3.2 Attack Speed
-- Leatherworking:

-- Blood Tiger Breastplate: 13 Spirit -> 16 Agility, 16 Intellect -> 13 Intellect
-- Blood Tiger Shoulders: 10 Spirit -> 12 Agility, 12 Intellect -> 10 Intellect

-- Feathered Breastplate: 10 Intellect -> 24 Intellect, 24 Spirit -> 10 Spirit

-- Ironfeather Shoulders: 20 Intellect -> 18 Intellect, 8 Spirit -> 6 Spirit, + 10 Spellpower
-- Ironfeather Breastplate: 12 Intellect -> 24 Intellect, 28 Spirit -> 12 Spirit, + 14 Spellpower
-- New Ironfeather Armor (2) Set Bonus: %1 Spell Hit

-- Green Dragonscale Leggings: New Effect: Allows 5% of your Mana regeneration to continue while casting.
-- Green Dragonscale Gauntlets: New Effect: Allows 5% of your Mana regeneration to continue while casting.
-- Green Dragonscale Breastplate: New Effect: Allows 5% of your Mana regeneration to continue while casting.

-- Tailoring:

-- Argent Boots: 21 Stamina -> 18 Stamina, 57 Armor -> 107 Armor, + 13 Spellpower
-- Argent Shoulders: 23 Stamina -> 20 Stamina, 68 Armor -> 132 Armor, + 15 Spellpower

-- Wisdom of the Timbermaw: 21 Intellect -> 17 Intellect, 4 MP5 -> 6 MP5
-- Mantle of the Timbermaw: 21 Intellect -> 17 Intellect, 6 MP5 -> 8 MP5

-- Mooncloth Boots: 11 Stamina -> 20 Healing Power
-- Mooncloth Leggings: 12 Stamina -> 34 Healing Power
-- Mooncloth Vest: 19 Spirit -> 8 MP5
-- Mooncloth Robe: 25 Intellect -> 18 Intellect, 12 Stamina -> 47 Healing Power
-- Mooncloth Shoulders: 7 Stamina -> 20 Healing Power
-- Mooncloth Circlet: 13 Stamina -> 28 Healing Power 
-- Mooncloth Gloves: 9 Stamina -> 20 Healing Power

-- Belt of the Archmage: 10 Stamina -> 12 Spellpower
-- Gloves of Spell Mastery: 8 Spirit -> 12 Spellpower, No longer class restricted.

-- Blacksmithing
update item_template set stat_type1 = 5 where entry = 12625;
update item_template set stat_value1 = 18, spellid_1 = 13669, armor = 253 where entry = 19043;
update item_template set stat_value1 = 21, spellid_1 = 13669, armor = 318 where entry = 19048;
update item_template set stat_value1 = 22, stat_type1 = 7 where entry = 22197;
update item_template set stat_value1 = 5, stat_type1 = 5, stat_value2 = 11 where entry = 12624;
update item_template set fire_res = 15, stat_value1 = 10, stat_type1 = 7 where entry = 12631;
update item_template set stat_value2 = 12, stat_value1 = 12, stat_type3 = 5, stat_value3 = 8, spellid_1 = 13674, spelltrigger_1 = 1, spellid_2 = 25036, spelltrigger_2 = 1 where entry = 19051;
update item_template set stat_value2 = 14, stat_value1 = 12, stat_type3 = 5, stat_value3 = 9, spellid_1 = 13674, spelltrigger_1 = 1, spellid_2 = 23515, spelltrigger_2 = 1 where entry = 19057;
update item_template set stat_type2 = 3, stat_type3 = 5 where entry = 16989;
update item_template set stat_value1 = 10, stat_type3 = 3, stat_value3 = 10 where entry = 16988;
update item_template set stat_value1 = 26, stat_type2 = 3, stat_value3 = 12, stat_type3 = 3, armor = 362, spellid_1 = 13384, spelltrigger_1 = 1 where entry = 12636;	
update item_template set dmg_min1 = 155, dmg_max1 = 238, delay = 3300 where entry = 19167;
update item_template set fire_res = 8, stat_value1 = 12 where entry = 17016;
update item_template set spellid_1 = 13669, stat_value1 = 12, stat_type1 = 7 where entry = 12776;
update item_template set spellid_1 = 18088, spelltrigger_1 = 2, spellppmRate_1 = 3 where entry = 12782;
update item_template set dmg_min1 = 151, dmg_max1 = 227, delay = 3500, spellppmRate_1 = 1.2 where entry = 12790;
-- Engineering
update item_template set dmg_min1 = 70, dmg_max1 = 106, delay = 3100 where entry = 16004;
update item_template set dmg_min1 = 68, dmg_max1 = 126, delay = 3100 where entry = 16007;
update item_template set dmg_min1 = 88, dmg_max1 = 146, delay = 3200 where entry = 18282;
-- Leatherworking
update item_template set stat_type4 = 3, stat_value4 = 16, stat_value3 = 13 where entry = 19688;
update item_template set stat_type4 = 3, stat_value4 = 12, stat_value3 = 10 where entry = 19689;
update item_template set stat_value1 = 10, stat_value2 = 24 where entry = 8349;
update item_template set stat_value1 = 12, stat_value2 = 24, spellid_1 = 9343, spelltrigger_1 = 1 where entry = 15066;
update item_template set stat_value1 = 18, stat_value2 = 6, spellid_1 = 9416, spelltrigger_1 = 1 where entry = 15067;
update item_template set spellid_1 = 14521, spelltrigger_1 = 1 where entry = 15045;
update item_template set spellid_1 = 14521, spelltrigger_1 = 1 where entry = 20296;
update item_template set spellid_1 = 14521, spelltrigger_1 = 1 where entry = 15046;
-- Tailoring
update item_template set stat_value1 = 18, armor = 107, spellid_1 = 9342, spelltrigger_1 = 1 where entry = 19056;
update item_template set stat_value1 = 20, armor = 132, spellid_1 = 9344, spelltrigger_1 = 1 where entry = 19059;
update item_template set stat_value1 = 17, spellid_1 = 18378 where entry = 19050;
update item_template set stat_value1 = 17, spellid_1 = 18379 where entry = 19047;
update item_template set stat_value3 = 0, stat_type3 = 0, spellid_1 = 9407, spelltrigger_1 = 1 where entry = 15802;
update item_template set stat_value3 = 0, stat_type3 = 0, spellid_1 = 9316, spelltrigger_1 = 1 where entry = 14140;
update item_template set stat_value3 = 0, stat_type3 = 0, spellid_1 = 9407, spelltrigger_1 = 1 where entry = 18409;
update item_template set stat_value3 = 0, stat_type3 = 0, spellid_1 = 18029, spelltrigger_1 = 1 where entry = 14137;
update item_template set stat_value3 = 0, stat_type3 = 0, spellid_1 = 9407, spelltrigger_1 = 1 where entry = 14139;
update item_template set stat_value1 = 18, stat_value3 = 0, stat_type3 = 0, spellid_1 = 18034, spelltrigger_1 = 1 where entry = 18486;
update item_template set stat_value2 = 0, stat_type2 = 0, spellid_1 = 18378, spelltrigger_1 = 1 where entry = 14138;
update item_template set stat_value2 = 0, stat_type2 = 0, spellid_2 = 9417, spelltrigger_2 = 1 where entry = 18405;
update item_template set stat_value2 = 0, stat_type2 = 0, spellid_2 = 9417, spelltrigger_2 = 1, allowable_class = -1 where entry = 14146;

-- ...

replace into `creature_template` VALUES (80178, 0, 7164, 0, 0, 0, 'Grand Taskmaster Nert Blastentom', 'Leader of the Durotar Labor Union', 59011, 60, 60, 145319, 145319, 0, 0, 4852, 1682, 3, 1, 1.14286, 0, 20, 5, 0, 0, 1, 890, 1031, 0, 90, 1, 2000, 2000, 1, 512, 0, 0, 0, 0, 0, 0, 31.856, 43.802, 100, 7, 4096, 0, 0, 0, 0, 0, 0, 0, 30, 0, 0, 0, 0, 0, 0, 0, 0, 0, '', 0, 1, 0, 0, 3, 0, 0, 0, 0, 0, 2, 0, '');

update creature_template set rank = 1, racial_leader = 1 where entry = 80178;

