replace into creature_template values 
(91799, 0, 18144, 0, 0, 0, 'Moo', 'The Cow King', 0, 60, 60, 83643, 86398, 34335, 36510, 3075, 26, 0, 1, 1.14286, 0, 20, 5, 0, 1, 1, 474, 554, 0, 272, 1, 1200, 1500, 2, 0, 0, 0, 0, 0, 0, 0, 91.7, 134.9, 100, 7, 0, 0, 0, 0, 0, 0, 0, 0, 0, 0, 0, 0, 0, 0, 0, 0, 0, 0, 'EventAI', 1, 3, 0, 0, 3, 16080, 0, 0, 613105627, 0, 0, 0, 'the_cow_king'),
(91900, 0, 1060, 0, 0, 0, 'Babe', '', 0, 35, 35, 1342, 1342, 0, 0, 1357, 35, 2, 1.11, 1.14286, 1.8, 20, 5, 0, 0, 1, 51, 65, 0, 138, 1, 2000, 2000, 1, 768, 0, 0, 0, 0, 0, 0, 51.128, 70.301, 100, 10, 0, 0, 0, 0, 0, 0, 0, 0, 0, 0, 0, 0, 0, 0, 0, 0, 0, 0, '', 0, 3, 0, 0, 3, 0, 0, 0, 0, 0, 2, 0, ''),
(91901, 0, 18144, 0, 0, 0, 'Bonny', '', 0, 35, 35, 1342, 1342, 0, 0, 1357, 35, 2, 1.11, 1.14286, 1.8, 20, 5, 0, 0, 1, 51, 65, 0, 138, 1, 2000, 2000, 1, 768, 0, 0, 0, 0, 0, 0, 51.128, 70.301, 100, 10, 0, 0, 0, 0, 0, 0, 0, 0, 0, 0, 0, 0, 0, 0, 0, 0, 0, 0, '', 0, 3, 0, 0, 3, 0, 0, 0, 0, 0, 2, 0, ''),
(91902, 0, 18145, 0, 0, 0, 'Molasses', '', 0, 35, 35, 1342, 1342, 0, 0, 1357, 35, 2, 1.11, 1.14286, 1.8, 20, 5, 0, 0, 1, 51, 65, 0, 138, 1, 2000, 2000, 1, 768, 0, 0, 0, 0, 0, 0, 51.128, 70.301, 100, 10, 0, 0, 0, 0, 0, 0, 0, 0, 0, 0, 0, 0, 0, 0, 0, 0, 0, 0, '', 0, 3, 0, 0, 3, 0, 0, 0, 0, 0, 2, 0, ''),
(91903, 0, 18145, 0, 0, 0, 'Duke', '', 0, 35, 35, 1342, 1342, 0, 0, 1357, 35, 2, 1.11, 1.14286, 1.8, 20, 5, 0, 0, 1, 51, 65, 0, 138, 1, 2000, 2000, 1, 768, 0, 0, 0, 0, 0, 0, 51.128, 70.301, 100, 10, 0, 0, 0, 0, 0, 0, 0, 0, 0, 0, 0, 0, 0, 0, 0, 0, 0, 0, '', 0, 3, 0, 0, 3, 0, 0, 0, 0, 0, 2, 0, ''),
(91904, 0, 18144, 0, 0, 0, 'Larry', '', 0, 35, 35, 1342, 1342, 0, 0, 1357, 35, 2, 1.11, 1.14286, 1.8, 20, 5, 0, 0, 1, 51, 65, 0, 138, 1, 2000, 2000, 1, 768, 0, 0, 0, 0, 0, 0, 51.128, 70.301, 100, 10, 0, 0, 0, 0, 0, 0, 0, 0, 0, 0, 0, 0, 0, 0, 0, 0, 0, 0, '', 0, 3, 0, 0, 3, 0, 0, 0, 0, 0, 2, 0, ''),
(91905, 0, 12610, 0, 0, 0, 'Sailor Darkbay', 'Kul Tiras', 0, 45, 53, 1981, 4281, 0, 0, 2246, 15, 0, 1.11111, 1.14286, 0, 20, 5, 0, 0, 1, 300, 345, 0, 172, 1, 2000, 2000, 1, 768, 0, 0, 0, 0, 0, 0, 58.7664, 80.8038, 100, 7, 0, 0, 0, 0, 0, 0, 0, 0, 0, 0, 0, 0, 0, 0, 0, 0, 0, 0, '', 1, 1, 0, 0, 3, 0, 0, 0, 0, 0, 524290, 0, ''),
(91906, 0, 2423, 0, 0, 0, 'Deepwater Hydra', '', 0, 53, 53, 4554, 4945, 0, 0, 2808, 16, 0, 1, 1.14286, 0, 20, 5, 0, 1, 1, 243, 313, 0, 212, 1, 2000, 2000, 1, 32832, 0, 0, 0, 0, 0, 0, 50.796, 69.8445, 100, 10, 8, 12207, 0, 12207, 0, 0, 0, 0, 0, 0, 3417, 21790, 0, 0, 122070, 0, 0, 0, 'EventAI', 1, 3, 0, 0, 3, 0, 0, 0, 0, 0, 0, 0, ''),
(91950, 0, 1731, 0, 0, 0, 'Chef Jenkel', 'Cooking Trainer', 0, 35, 35, 1281, 2281, 0, 0, 1246, 15, 0, 1.11111, 1.14286, 0, 20, 5, 0, 0, 1, 300, 345, 0, 172, 1, 2000, 2000, 1, 768, 0, 0, 0, 0, 0, 0, 58.7664, 80.8038, 100, 7, 0, 0, 0, 0, 0, 0, 0, 0, 0, 0, 0, 0, 0, 0, 0, 0, 0, 0, '', 1, 1, 0, 0, 3, 0, 0, 0, 0, 0, 524290, 0, ''),
(91951, 0, 1516, 0, 0, 0, 'Cook Lopperson', 'Cooking Supplies', 0, 30, 30, 1981, 2281, 0, 0, 1246, 15, 0, 1.11111, 1.14286, 0, 20, 5, 0, 0, 1, 300, 345, 0, 172, 1, 2000, 2000, 1, 768, 0, 0, 0, 0, 0, 0, 58.7664, 80.8038, 100, 7, 0, 0, 0, 0, 0, 0, 0, 0, 0, 0, 0, 0, 0, 0, 0, 0, 0, 0, '', 1, 1, 0, 0, 3, 0, 0, 0, 0, 0, 524290, 0, ''),
(91952, 0, 4320, 0, 0, 0, 'Devon Harkwave', 'Kul Tiras', 0, 45, 45, 1981, 2281, 0, 0, 2246, 15, 0, 1.11111, 1.14286, 0, 20, 5, 0, 0, 1, 300, 345, 0, 172, 1, 2000, 2000, 1, 768, 0, 0, 0, 0, 0, 0, 58.7664, 80.8038, 100, 7, 0, 0, 0, 0, 0, 0, 0, 0, 0, 0, 0, 0, 0, 0, 0, 0, 0, 0, '', 1, 1, 0, 0, 3, 0, 0, 0, 0, 0, 524290, 0, ''),
(91953, 0, 1501, 0, 0, 0, 'Father Benofar', 'Kul Tiras', 0, 44, 44, 1281, 2281, 0, 0, 1646, 15, 0, 1.11111, 1.14286, 0, 20, 5, 0, 0, 1, 300, 345, 0, 172, 1, 2000, 2000, 1, 768, 0, 0, 0, 0, 0, 0, 58.7664, 80.8038, 100, 7, 0, 0, 0, 0, 0, 0, 0, 0, 0, 0, 0, 0, 0, 0, 0, 0, 0, 0, '', 1, 1, 0, 0, 3, 0, 0, 0, 0, 0, 524290, 0, ''),
(91954, 0, 3285, 0, 0, 0, 'Fisherman Delavey', 'Kul Tiras', 0, 43, 43, 1981, 2281, 0, 0, 2246, 15, 0, 1.11111, 1.14286, 0, 20, 5, 0, 0, 1, 300, 345, 0, 172, 1, 2000, 2000, 1, 4319, 0, 0, 0, 0, 0, 0, 58.7664, 80.8038, 100, 7, 0, 0, 0, 0, 0, 0, 0, 0, 0, 0, 0, 0, 0, 0, 0, 0, 0, 0, '', 1, 1, 0, 0, 3, 0, 0, 0, 0, 0, 524290, 0, ''),
(91955, 0, 4319, 0, 0, 0, 'Milroy Haveshine', 'Kul Tiras', 0, 50, 50, 1981, 2981, 0, 0, 2246, 15, 0, 1.11111, 1.14286, 0, 20, 5, 0, 0, 1, 300, 345, 0, 172, 1, 2000, 2000, 1, 4319, 0, 0, 0, 0, 0, 0, 58.7664, 80.8038, 100, 7, 0, 0, 0, 0, 0, 0, 0, 0, 0, 0, 0, 0, 0, 0, 0, 0, 0, 0, '', 1, 1, 0, 0, 3, 0, 0, 0, 0, 0, 524290, 0, ''),
(91956, 0, 2973, 0, 0, 0, 'Denia Hale', 'General Goods', 0, 47, 47, 1981, 2281, 0, 0, 2046, 15, 0, 1.11111, 1.14286, 0, 20, 5, 0, 0, 1, 300, 345, 0, 172, 1, 2000, 2000, 1, 768, 0, 0, 0, 0, 0, 0, 58.7664, 80.8038, 100, 7, 0, 0, 0, 0, 0, 0, 0, 0, 0, 0, 0, 0, 0, 0, 0, 0, 0, 0, '', 1, 1, 0, 0, 3, 0, 0, 0, 0, 0, 524290, 0, ''),
(91957, 0, 1490, 0, 0, 0, 'Sailor Kark', 'Kul Tiras', 0, 50, 50, 1981, 2981, 0, 0, 2246, 15, 0, 1.11111, 1.14286, 0, 20, 5, 0, 0, 1, 300, 345, 0, 172, 1, 2000, 2000, 1, 768, 0, 0, 0, 0, 0, 0, 58.7664, 80.8038, 100, 7, 0, 0, 0, 0, 0, 0, 0, 0, 0, 0, 0, 0, 0, 0, 0, 0, 0, 0, '', 1, 1, 0, 0, 3, 0, 0, 0, 0, 0, 524290, 0, ''),
(91958, 0, 1929, 0, 0, 0, 'Salty\' O\'Keef', 'Traitor', 0, 50, 50, 2981, 2981, 0, 0, 2246, 230, 0, 1.11111, 1.14286, 0, 20, 5, 0, 0, 1, 300, 345, 0, 172, 1, 2000, 2000, 1, 768, 0, 0, 0, 0, 0, 0, 58.7664, 80.8038, 100, 7, 0, 0, 0, 0, 0, 0, 0, 0, 0, 0, 0, 0, 0, 0, 0, 0, 0, 0, '', 1, 1, 0, 0, 3, 0, 0, 0, 0, 0, 524290, 0, ''),
(91959, 0, 4478, 0, 0, 0, 'Sailor \'Deepmug\'', 'Rum Vendor', 0, 48, 48, 2181, 2981, 0, 0, 2246, 15, 0, 1.11111, 1.14286, 0, 20, 5, 0, 0, 1, 300, 345, 0, 172, 1, 2000, 2000, 1, 768, 0, 0, 0, 0, 0, 0, 58.7664, 80.8038, 100, 7, 0, 0, 0, 0, 0, 0, 0, 0, 0, 0, 0, 0, 0, 0, 0, 0, 0, 0, '', 1, 1, 0, 0, 3, 0, 0, 0, 0, 0, 524290, 0, ''),
(91960, 0, 2347, 0, 0, 0, 'Junglepaw Panther', NULL, 0, 48, 50, 2568, 2768, 0, 0, 2101, 16, 0, 1, 1.14286, 0, 20, 5, 0, 0, 1, 60, 74, 0, 226, 1, 2000, 2000, 1, 0, 0, 2, 0, 0, 0, 0, 0, 0, 0, 1, 1, 2522, 0, 2522, 0, 0, 0, 0, 0, 0, 0, 0, 0, 0, 0, 5833, 0, 0, '', 1, 1, 0, 0, 3, 0, 0, 0, 0, 0, 0, 0, 'generic_spell_ai'),
(91961, 0, 2347, 0, 0, 0, 'Junglepaw Shadow Panther', NULL, 0, 51, 53, 2868, 3168, 0, 0, 2101, 16, 0, 1, 1.14286, 0, 20, 5, 0, 0, 1, 160, 174, 0, 226, 1, 2000, 2000, 1, 0, 0, 2, 0, 0, 0, 0, 0, 0, 0, 1, 1, 2522, 0, 2522, 0, 0, 0, 0, 0, 0, 0, 0, 0, 0, 0, 5833, 0, 0, '', 1, 1, 0, 0, 3, 0, 0, 0, 0, 0, 0, 0, 'generic_spell_ai'),
(91962, 0, 1039, 0, 0, 0, 'Saltsnap Crocolisk', '', 0, 49, 51, 2817, 3117, 0, 0, 2101, 16, 0, 1, 1.14286, 0, 20, 5, 0, 0, 1, 260, 374, 0, 204, 1, 2000, 2000, 1, 32768, 0, 6, 0, 0, 0, 0, 60.016, 82.522, 100, 1, 1, 4841, 0, 4841, 0, 0, 0, 0, 0, 0, 0, 0, 0, 0, 0, 5858, 0, 0, '', 0, 3, 0, 0, 3, 0, 0, 0, 0, 0, 0, 0, ''),
(91963, 0, 8802, 0, 0, 0, 'Deepstone Basilisk', '', 0, 51, 53, 3217, 3417, 0, 0, 3101, 16, 0, 1, 1.14286, 0, 20, 5, 0, 0, 1, 360, 474, 0, 204, 1, 2000, 2000, 1, 32768, 0, 6, 0, 0, 0, 0, 60.016, 82.522, 100, 1, 1, 4841, 0, 4841, 0, 0, 0, 0, 0, 0, 0, 0, 0, 0, 0, 5858, 0, 0, '', 0, 3, 0, 0, 3, 0, 0, 0, 0, 0, 0, 0, ''),
(91964, 0, 2174, 0, 0, 0, 'Saltjaw Basilisk', '', 0, 49, 51, 3017, 3217, 0, 0, 2101, 16, 0, 1, 1.14286, 0, 20, 5, 0, 0, 1, 260, 374, 0, 204, 1, 2000, 2000, 1, 32768, 0, 6, 0, 0, 0, 0, 60.016, 82.522, 100, 1, 1, 4841, 0, 4841, 0, 0, 0, 0, 0, 0, 0, 0, 0, 0, 0, 5858, 0, 0, '', 0, 3, 0, 0, 3, 0, 0, 0, 0, 0, 0, 0, ''),
(91965, 0, 2024, 0, 0, 0, 'Lurking Jungle Creeper', NULL, 0, 54, 54, 2550, 2633, 1982, 2041, 2588, 16, 0, 0.666668, 1.14286, 0, 20, 5, 0, 0, 1, 112, 139, 0, 244, 1, 2000, 2000, 2, 0, 0, 0, 0, 0, 0, 0, 70.4704, 96.8968, 100, 4, 0, 6519, 0, 0, 0, -51, 51, 0, 0, 0, 12747, 11640, 0, 0, 65190, 0, 99, 135, 'EventAI', 1, 3, 0, 0, 3, 0, 0, 0, 16384, 0, 0, 0, ''),
(91966, 0, 10991, 0, 0, 0, 'Venomous Jungle Serpent', NULL, 0, 51, 53, 916, 981, 0, 0, 3163, 90, 0, 1, 1.14286, 0, 20, 5, 0, 0, 1, 27, 34, 0, 238, 1, 2000, 2000, 1, 0, 0, 0, 0, 0, 0, 0, 71.2272, 97.9374, 100, 3, 0, 9776, 0, 0, 0, 0, 0, 0, 0, 0, 16866, 0, 0, 0, 97760, 0, 74, 102, '', 0, 3, 0, 0, 3, 0, 0, 0, 0, 0, 0, 0, ''),
(91967, 0, 5561, 0, 0, 0, 'Enraged Water Elemental', NULL, 0, 53, 54, 3292, 3292, 0, 0, 3216, 16, 0, 1.55556, 1.14286, 0, 20, 5, 0, 0, 1, 88, 106, 4, 244, 1, 2000, 2000, 1, 0, 0, 0, 0, 0, 0, 0, 67.2672, 92.4924, 100, 4, 0, 0, 0, 0, 0, 54, 54, 0, 54, 54, 0, 0, 0, 0, 0, 0, 51, 257, '', 0, 3, 0, 0, 3, 0, 0, 0, 16384, 16, 32, 0, ''),
(91968, 0, 9418, 0, 0, 0, 'Lykourgos the Reaver', NULL, 0, 53, 53, 3182, 3388, 0, 0, 3151, 16, 0, 1, 1.14286, 0, 20, 5, 0, 0, 1, 77, 96, 0, 238, 1, 1700, 2000, 1, 0, 0, 0, 0, 0, 0, 0, 70.4704, 96.8968, 100, 7, 0, 6005, 6005, 0, 0, 0, 0, 0, 104, 0, 3417, 8646, 11976, 0, 60050, 0, 111, 150, 'EventAI', 1, 3, 0, 0, 3, 0, 0, 0, 0, 0, 0, 0, ''),
(91969, 0, 2632, 0, 0, 0, 'Miner Gill', NULL, 0, 15, 15, 328, 328, 0, 0, 20, 68, 2, 1, 1.14286, 0, 20, 5, 0, 1, 1, 52, 68, 0, 74, 1, 2000, 2000, 1, 37376, 0, 0, 0, 0, 0, 0, 20.46, 28.1325, 100, 7, 0, 0, 0, 0, 0, 0, 0, 0, 0, 0, 0, 0, 0, 0, 0, 0, 0, 0, 'EventAI', 0, 3, 0, 0, 3, 6522, 0, 0, 0, 0, 524298, 0, ''),
(91970, 0, 4010, 0, 0, 0, 'Miner Miya', NULL, 0, 17, 17, 428, 428, 0, 0, 20, 68, 2, 1, 1.14286, 0, 20, 5, 0, 1, 1, 82, 128, 0, 74, 1, 2000, 2000, 1, 37376, 0, 0, 0, 0, 0, 0, 20.46, 28.1325, 100, 7, 0, 0, 0, 0, 0, 0, 0, 0, 0, 0, 0, 0, 0, 0, 0, 0, 0, 0, 'EventAI', 0, 3, 0, 0, 3, 6522, 0, 0, 0, 0, 524298, 0, ''),
(91971, 0, 2617, 0, 0, 0, 'Miner Nerik', NULL, 0, 16, 16, 388, 388, 0, 0, 20, 68, 2, 1, 1.14286, 0, 20, 5, 0, 1, 1, 52, 68, 0, 74, 1, 2000, 2000, 1, 37376, 0, 0, 0, 0, 0, 0, 20.46, 28.1325, 100, 7, 0, 0, 0, 0, 0, 0, 0, 0, 0, 0, 0, 0, 0, 0, 0, 0, 0, 0, 'EventAI', 0, 3, 0, 0, 3, 6522, 0, 0, 0, 0, 524298, 0, ''),
(91972, 0, 2662, 0, 0, 0, 'Barmaid Dela', '', 0, 25, 25, 902, 902, 0, 0, 1200, 68, 6, 1, 1.14286, 0, 20, 5, 0, 0, 1, 42, 53, 0, 122, 1, 2000, 2000, 1, 4608, 0, 0, 0, 0, 0, 0, 45.144, 62.073, 100, 6, 0, 0, 0, 0, 0, 0, 0, 0, 0, 0, 0, 0, 0, 0, 0, 0, 0, 0, 'EventAI', 0, 1, 0, 0, 3, 4610, 0, 0, 8388624, 0, 524298, 0, ''),
(91973, 0, 4045, 0, 0, 0, 'Grock', NULL, 0, 45, 45, 2217, 2217, 0, 0, 2725, 29, 2, 1, 1.14286, 0, 20, 5, 0, 0, 1, 72, 93, 0, 204, 1, 2000, 2000, 1, 4608, 0, 0, 0, 0, 0, 0, 61.776, 84.942, 100, 7, 0, 0, 0, 0, 0, 0, 0, 0, 0, 0, 0, 0, 0, 0, 0, 0, 0, 0, 'EventAI', 0, 3, 0, 0, 3, 7790, 0, 0, 0, 0, 524298, 0, ''),
(91974, 0, 4885, 0, 0, 0, 'Captain Silas', 'The Army of Lordaeron', 0, 20, 20, 1547, 1652, 0, 0, 817, 17, 0, 1, 1.14286, 0, 20, 5, 0, 1, 1, 79, 103, 0, 90, 1, 2000, 2000, 1, 64, 0, 0, 0, 0, 0, 0, 25.08, 34.485, 100, 7, 0, 636, 636, 0, 0, 10, 10, 10, 10, 10, 0, 0, 0, 0, 0, 0, 89, 121, 'EventAI', 1, 3, 0, 0, 3, 636, 0, 0, 0, 0, 0, 0, ''),
(91975, 0, 6608, 6609, 0, 0, 'Remnants Priest', 'The Army of Lordaeron', 0, 16, 17, 700, 749, 511, 552, 1004, 23, 0, 1.2, 1.14286, 1.15, 20, 5, 0, 1, 1, 46, 89, 0, 122, 1, 2000, 1540, 2, 32832, 0, 0, 0, 0, 0, 0, 38.192, 52.514, 100, 7, 0, 6392, 0, 0, 0, 0, 0, 0, 0, 0, 0, 0, 0, 0, 0, 0, 191, 254, 'EventAI', 1, 3, 0, 0, 3, 6392, 0, 0, 0, 0, 0, 0, ''),
(91976, 0, 3373, 0, 0, 0, 'Barkeep Clemens', 'The Army of Lordaeron', 0, 15, 15, 602, 602, 0, 0, 1200, 68, 6, 1, 1.14286, 0, 20, 5, 0, 0, 1, 42, 53, 0, 122, 1, 2000, 2000, 1, 4608, 0, 0, 0, 0, 0, 0, 45.144, 62.073, 100, 6, 0, 0, 0, 0, 0, 0, 0, 0, 0, 0, 0, 0, 0, 0, 0, 0, 0, 0, 'EventAI', 0, 1, 0, 0, 3, 4610, 0, 0, 8388624, 0, 524298, 0, ''),
(91977, 0, 3434, 0, 0, 0, 'Olfan Goldenbrow', 'The Army of Lordaeron', 0, 15, 15, 602, 602, 0, 0, 1200, 68, 6, 1, 1.14286, 0, 20, 5, 0, 0, 1, 42, 53, 0, 122, 1, 2000, 2000, 1, 4608, 0, 0, 0, 0, 0, 0, 45.144, 62.073, 100, 6, 0, 0, 0, 0, 0, 0, 0, 0, 0, 0, 0, 0, 0, 0, 0, 0, 0, 0, 'EventAI', 0, 1, 0, 0, 3, 4610, 0, 0, 8388624, 0, 524298, 0, ''),
(91978, 0, 3613, 0, 0, 0, 'Cort Barton', 'The Army of Lordaeron', 0, 14, 14, 502, 502, 0, 0, 1200, 68, 6, 1, 1.14286, 0, 20, 5, 0, 0, 1, 42, 53, 0, 122, 1, 2000, 2000, 1, 4608, 0, 0, 0, 0, 0, 0, 45.144, 62.073, 100, 6, 0, 0, 0, 0, 0, 0, 0, 0, 0, 0, 0, 0, 0, 0, 0, 0, 0, 0, 'EventAI', 0, 1, 0, 0, 3, 4610, 0, 0, 8388624, 0, 524298, 0, ''),
(91979, 0, 3613, 0, 0, 0, 'Brayton Garthside', 'The Army of Lordaeron', 0, 14, 14, 502, 502, 0, 0, 1200, 68, 6, 1, 1.14286, 0, 20, 5, 0, 0, 1, 42, 53, 0, 122, 1, 2000, 2000, 1, 4608, 0, 0, 0, 0, 0, 0, 45.144, 62.073, 100, 6, 0, 0, 0, 0, 0, 0, 0, 0, 0, 0, 0, 0, 0, 0, 0, 0, 0, 0, 'EventAI', 0, 1, 0, 0, 3, 4610, 0, 0, 8388624, 0, 524298, 0, ''),
(91980, 0, 11036, 0, 0, 0, 'Remnants Farmer', 'The Army of Lordaeron', 0, 13, 15, 402, 552, 0, 0, 1200, 68, 6, 1, 1.14286, 0, 20, 5, 0, 0, 1, 52, 83, 0, 122, 1, 2000, 2000, 1, 4608, 0, 0, 0, 0, 0, 0, 45.144, 62.073, 100, 6, 0, 0, 0, 0, 0, 0, 0, 0, 0, 0, 0, 0, 0, 0, 0, 0, 0, 0, 'EventAI', 0, 1, 0, 0, 3, 4610, 0, 0, 8388624, 0, 524298, 0, ''),
(91981, 0, 2372, 0, 0, 0, 'Remnants Militia', 'The Army of Lordaeron', 0, 14, 16, 502, 602, 0, 0, 1200, 68, 6, 1, 1.14286, 0, 20, 5, 0, 0, 1, 62, 73, 0, 122, 1, 2000, 2000, 1, 4608, 0, 0, 0, 0, 0, 0, 45.144, 62.073, 100, 6, 0, 0, 0, 0, 0, 0, 0, 0, 0, 0, 0, 0, 0, 0, 0, 0, 0, 0, 'EventAI', 0, 1, 0, 0, 3, 4610, 0, 0, 8388624, 0, 524298, 0, ''),
(91982, 0, 8545, 0, 0, 0, 'Argon Halmantle', 'Leather Armor Merchant', 0, 25, 25, 1002, 1002, 0, 0, 1200, 68, 16388, 1, 1.14286, 0, 20, 5, 0, 0, 1, 42, 53, 0, 122, 1, 2000, 2000, 1, 37376, 0, 0, 0, 0, 0, 0, 45.144, 62.073, 100, 7, 0, 0, 0, 0, 0, 0, 0, 0, 0, 0, 0, 0, 0, 0, 0, 0, 0, 0, 'EventAI', 0, 3, 0, 0, 3, 5820, 0, 0, 0, 0, 524298, 0, ''),
(91983, 0, 10619, 0, 0, 0, 'Randal Portman', 'Leatherworking Supplies', 0, 18, 18, 898, 898, 0, 0, 4500, 29, 6, 1, 1.14286, 0, 20, 5, 0, 0, 1, 36, 75, 0, 248, 1, 2000, 2000, 1, 0, 0, 0, 0, 0, 0, 0, 70.664, 97.163, 100, 7, 0, 0, 0, 0, 0, 0, 0, 0, 0, 0, 0, 0, 0, 0, 0, 0, 0, 0, '', 0, 3, 0, 0, 3, 12943, 0, 0, 0, 0, 2, 0, ''),
(91984, 0, 1006, 0, 0, 0, 'Tirisclaw Bear', NULL, 0, 15, 16, 427, 463, 0, 0, 423, 44, 0, 1, 1.14286, 0, 20, 5, 0, 0, 1, 26, 34, 0, 80, 1, 2000, 2000, 1, 0, 0, 4, 0, 0, 0, 0, 28.6704, 39.4218, 100, 1, 1, 1189, 0, 1189, 0, 0, 0, 0, 0, 0, 0, 0, 0, 0, 0, 5801, 0, 0, '', 0, 1, 0, 0, 3, 0, 0, 0, 0, 0, 0, 0, ''),
(91985, 0, 1006, 0, 0, 0, 'Tirisclaw Cub', NULL, 0, 13, 14, 327, 363, 0, 0, 423, 44, 0, 1, 1.14286, 0, 20, 5, 0, 0, 1, 26, 34, 0, 80, 1, 2000, 2000, 1, 0, 0, 4, 0, 0, 0, 0, 28.6704, 39.4218, 100, 1, 1, 1189, 0, 1189, 0, 0, 0, 0, 0, 0, 0, 0, 0, 0, 0, 5801, 0, 0, '', 0, 1, 0, 0, 3, 0, 0, 0, 0, 0, 0, 0, ''),
(91986, 0, 1083, 0, 0, 0, 'Tirisclaw Roamer', NULL, 0, 17, 18, 350, 377, 390, 408, 637, 70, 0, 1, 1.14286, 0, 20, 5, 0, 0, 1, 23, 30, 0, 84, 1, 2000, 2000, 2, 0, 0, 0, 0, 0, 0, 0, 28.6704, 39.4218, 100, 6, 0, 1940, 1940, 0, 0, 0, 0, 0, 0, 0, 3237, 3256, 20798, 0, 19400, 0, 20, 30, '', 1, 1, 0, 0, 3, 1940, 0, 0, 8388624, 0, 0, 0, ''),
(91987, 7, 503, 0, 0, 0, 'Cragtusk Boar', NULL, 0, 14, 15, 300, 328, 0, 0, 677, 189, 0, 1, 1.14286, 0, 20, 5, 0, 0, 1, 21, 27, 0, 74, 1, 2000, 2000, 1, 0, 0, 5, 0, 0, 0, 0, 21.2784, 29.2578, 100, 1, 1, 1191, 0, 1191, 0, 0, 0, 0, 0, 0, 6268, 0, 0, 0, 0, 9087, 0, 0, 'EventAI', 1, 1, 0, 0, 3, 0, 0, 0, 0, 0, 0, 0, ''),
(91988, 0, 4124, 0, 0, 0, 'Graypaw Roamer', NULL, 0, 17, 18, 350, 377, 390, 408, 637, 70, 0, 1, 1.14286, 0, 20, 5, 0, 0, 1, 23, 30, 0, 84, 1, 2000, 2000, 2, 0, 0, 0, 0, 0, 0, 0, 28.6704, 39.4218, 100, 6, 0, 1940, 1940, 0, 0, 0, 0, 0, 0, 0, 3237, 3256, 20798, 0, 19400, 0, 20, 30, '', 1, 1, 0, 0, 3, 1940, 0, 0, 8388624, 0, 0, 0, ''),
(91989, 0, 903, 0, 0, 0, 'Graypaw Wolf', NULL, 0, 13, 14, 273, 273, 0, 0, 608, 38, 0, 1, 1.14286, 0, 20, 5, 0, 4, 1, 24, 29, 0, 68, 1, 2000, 2000, 1, 0, 0, 1, 0, 0, 0, 0, 18.984, 26.103, 100, 1, 1, 0, 0, 0, 0, 70, 70, 70, 70, 70, 13445, 0, 0, 0, 124310, 0, 0, 0, '', 1, 1, 0, 0, 3, 0, 0, 0, 0, 0, 0, 0, ''),
(91990, 0, 903, 0, 0, 0, 'Graypaw Alpha', NULL, 0, 14, 15, 573, 673, 0, 0, 608, 38, 0, 1, 1.14286, 0, 20, 5, 0, 4, 1, 24, 29, 0, 68, 1, 2000, 2000, 1, 0, 0, 1, 0, 0, 0, 0, 18.984, 26.103, 100, 1, 1, 0, 0, 0, 0, 70, 70, 70, 70, 70, 13445, 0, 0, 0, 124310, 0, 0, 0, '', 1, 1, 0, 0, 3, 0, 0, 0, 0, 0, 0, 0, '');

update creature_template set scale = 0.6 where entry = 91985;
update creature_template set scale = 1.2 where entry = 91990;
update creature_template set rank = 0, scale = 0.9 where entry = 91989;

set @equip_template = 55143; set @weapon_1 = 2901; set @weapon_2 = 0; set @creature = 91969;
replace into creature_equip_template values (@equip_template, 0, @weapon_1, @weapon_2, 0); 
update creature_template set equipment_id = @equip_template where entry = @creature;

set @equip_template = 55144; set @weapon_1 = 2901; set @weapon_2 = 0; set @creature = 91970;
replace into creature_equip_template values (@equip_template, 0, @weapon_1, @weapon_2, 0); 
update creature_template set equipment_id = @equip_template where entry = @creature;

set @equip_template = 55145; set @weapon_1 = 2901; set @weapon_2 = 0; set @creature = 91971;
replace into creature_equip_template values (@equip_template, 0, @weapon_1, @weapon_2, 0); 
update creature_template set equipment_id = @equip_template where entry = @creature;

set @equip_template = 55146; set @weapon_1 = 3362; set @weapon_2 = 0; set @creature = 91972;
replace into creature_equip_template values (@equip_template, 0, @weapon_1, @weapon_2, 0); 
update creature_template set equipment_id = @equip_template where entry = @creature;

set @equip_template = 55147; set @weapon_1 = 12249; set @weapon_2 = 0; set @creature = 91973;
replace into creature_equip_template values (@equip_template, 0, @weapon_1, @weapon_2, 0); 
update creature_template set equipment_id = @equip_template where entry = @creature;

set @equip_template = 55148; set @weapon_1 = 3196; set @weapon_2 = 0; set @creature = 91974;
replace into creature_equip_template values (@equip_template, 0, @weapon_1, @weapon_2, 0); 
update creature_template set equipment_id = @equip_template where entry = @creature;

set @equip_template = 55149; set @weapon_1 = 14845; set @weapon_2 = 0; set @creature = 91975;
replace into creature_equip_template values (@equip_template, 0, @weapon_1, @weapon_2, 0); 
update creature_template set equipment_id = @equip_template where entry = @creature;

set @equip_template = 55150; set @weapon_1 = 0; set @weapon_2 = 7608; set @creature = 91976;
replace into creature_equip_template values (@equip_template, 0, @weapon_1, @weapon_2, 0); 
update creature_template set equipment_id = @equip_template where entry = @creature;

set @equip_template = 55151; set @weapon_1 = 5956; set @weapon_2 = 0; set @creature = 91977;
replace into creature_equip_template values (@equip_template, 0, @weapon_1, @weapon_2, 0); 
update creature_template set equipment_id = @equip_template where entry = @creature;

set @equip_template = 55152; set @weapon_1 = 1415; set @weapon_2 = 0; set @creature = 91978;
replace into creature_equip_template values (@equip_template, 0, @weapon_1, @weapon_2, 0); 
update creature_template set equipment_id = @equip_template where entry = @creature;

set @equip_template = 55153; set @weapon_1 = 1415; set @weapon_2 = 0; set @creature = 91979;
replace into creature_equip_template values (@equip_template, 0, @weapon_1, @weapon_2, 0); 
update creature_template set equipment_id = @equip_template where entry = @creature;

set @equip_template = 55154; set @weapon_1 = 1485; set @weapon_2 = 0; set @creature = 91980;
replace into creature_equip_template values (@equip_template, 0, @weapon_1, @weapon_2, 0); 
update creature_template set equipment_id = @equip_template where entry = @creature;

set @equip_template = 55155; set @weapon_1 = 7329; set @weapon_2 = 17482; set @creature = 91981;
replace into creature_equip_template values (@equip_template, 0, @weapon_1, @weapon_2, 0); 
update creature_template set equipment_id = @equip_template where entry = @creature;

set @equip_template = 55156; set @weapon_1 = 2092; set @weapon_2 = 17482; set @creature = 91983;
replace into creature_equip_template values (@equip_template, 0, @weapon_1, @weapon_2, 0); 
update creature_template set equipment_id = @equip_template where entry = @creature;

update creature_template set faction = 88 where subname = 'The Army of Lordaeron';
update creature_template set npc_flags = 1, faction = 189, unit_flags = 2, scale = 2.5 where entry = 91799;
update creature_template set display_id1 = 18149 where entry = 91800;
update creature_template set display_id1 = 3264 where entry = 91886;
update creature_template set display_id1 = 3264 where entry = 91773;
update creature_template set rank = 1 where entry = 70891;
update creature_template set scale = 1.2 where entry = 91797;
update creature_template set scale = 1.2 where entry = 91761;
update creature_template set scale = 0.9 where entry = 91762;
update creature_template set scale = 0.8 where entry = 91764;
update creature_template set scale = 1.3 where entry = 91798;
update creature_template set scale = 1.4 where entry = 91831;
update quest_template set suggestedplayers = 3 where entry = 80291;
update creature_template set name = 'Wallowfin Murloc' where entry = 91857;
update creature_template set name = 'Primalist Jongi' where entry = 91867;
update creature_template set name = 'Cannoneer Darlug' where entry = 91886;
update creature_template set equipment_id = 0, level_min = 55, level_max = 55 where entry = 91891;
update creature_template set equipment_id = 0 where entry = 91865;
update creature_template set inhabit_type = 2 where entry = 91837;
update creature_template set npc_flags = 4 where entry = 91956;
update creature_template set npc_flags = 4 where entry = 91959;
update creature_template set npc_flags = 4 where entry = 91951;
update creature_template set npc_flags = 4 where entry = 91972;
update creature_template set npc_flags = 4 where entry = 91982;
update creature_template set npc_flags = 1 where entry = 91953;
update creature_template set npc_flags = 2 where entry = 91969;
update creature_template set npc_flags = 2 where entry = 91970;
update creature_template set npc_flags = 2 where entry = 91976;
update creature_template set npc_flags = 2 where entry = 91971;
update creature_template set npc_flags = 16, trainer_type = 2 where entry = 91950;

REPLACE INTO `npc_vendor` VALUES (91983, 2320, 0, 0, 0, 0);
REPLACE INTO `npc_vendor` VALUES (91983, 2321, 0, 0, 0, 0);
REPLACE INTO `npc_vendor` VALUES (91983, 2325, 0, 0, 0, 0);
REPLACE INTO `npc_vendor` VALUES (91983, 2604, 0, 0, 0, 0);
REPLACE INTO `npc_vendor` VALUES (91983, 2605, 0, 0, 0, 0);
REPLACE INTO `npc_vendor` VALUES (91983, 4289, 0, 0, 0, 0);
REPLACE INTO `npc_vendor` VALUES (91983, 4291, 0, 0, 0, 0);
REPLACE INTO `npc_vendor` VALUES (91983, 4340, 0, 0, 0, 0);
REPLACE INTO `npc_vendor` VALUES (91983, 4341, 0, 0, 0, 0);
REPLACE INTO `npc_vendor` VALUES (91983, 4342, 0, 0, 0, 0);
REPLACE INTO `npc_vendor` VALUES (91983, 6260, 0, 0, 0, 0);
REPLACE INTO `npc_vendor` VALUES (91983, 6261, 0, 0, 0, 0);
REPLACE INTO `npc_vendor` VALUES (91983, 7005, 0, 0, 0, 0);
REPLACE INTO `npc_vendor` VALUES (91983, 8343, 0, 0, 0, 0);
REPLACE INTO `npc_vendor` VALUES (91983, 10290, 0, 0, 0, 0);
REPLACE INTO `npc_vendor` VALUES (91983, 14341, 0, 0, 0, 0);
REPLACE INTO `npc_vendor` VALUES (91983, 15725, 1, 7200, 3, 0);
REPLACE INTO `npc_vendor` VALUES (91983, 15741, 1, 7200, 3, 0);

REPLACE INTO `npc_vendor` VALUES (91982, 236, 0, 0, 0, 0);
REPLACE INTO `npc_vendor` VALUES (91982, 237, 0, 0, 0, 0);
REPLACE INTO `npc_vendor` VALUES (91982, 238, 0, 0, 0, 0);
REPLACE INTO `npc_vendor` VALUES (91982, 239, 0, 0, 0, 0);
REPLACE INTO `npc_vendor` VALUES (91982, 796, 0, 0, 0, 0);
REPLACE INTO `npc_vendor` VALUES (91982, 797, 0, 0, 0, 0);
REPLACE INTO `npc_vendor` VALUES (91982, 798, 0, 0, 0, 0);
REPLACE INTO `npc_vendor` VALUES (91982, 799, 0, 0, 0, 0);
REPLACE INTO `npc_vendor` VALUES (91982, 843, 0, 0, 0, 0);
REPLACE INTO `npc_vendor` VALUES (91982, 844, 0, 0, 0, 0);
REPLACE INTO `npc_vendor` VALUES (91982, 845, 0, 0, 0, 0);
REPLACE INTO `npc_vendor` VALUES (91982, 846, 0, 0, 0, 0);
REPLACE INTO `npc_vendor` VALUES (91982, 1839, 0, 0, 0, 0);
REPLACE INTO `npc_vendor` VALUES (91982, 1840, 0, 0, 0, 0);
REPLACE INTO `npc_vendor` VALUES (91982, 1843, 0, 0, 0, 0);
REPLACE INTO `npc_vendor` VALUES (91982, 1844, 0, 0, 0, 0);
REPLACE INTO `npc_vendor` VALUES (91982, 1849, 0, 0, 0, 0);
REPLACE INTO `npc_vendor` VALUES (91982, 1850, 0, 0, 0, 0);
REPLACE INTO `npc_vendor` VALUES (91982, 2141, 0, 0, 0, 0);
REPLACE INTO `npc_vendor` VALUES (91982, 2142, 0, 0, 0, 0);
REPLACE INTO `npc_vendor` VALUES (91982, 2143, 0, 0, 0, 0);
REPLACE INTO `npc_vendor` VALUES (91982, 2144, 0, 0, 0, 0);
REPLACE INTO `npc_vendor` VALUES (91982, 2145, 0, 0, 0, 0);
REPLACE INTO `npc_vendor` VALUES (91982, 2146, 0, 0, 0, 0);
REPLACE INTO `npc_vendor` VALUES (91982, 2463, 0, 0, 0, 0);
REPLACE INTO `npc_vendor` VALUES (91982, 2464, 0, 0, 0, 0);
REPLACE INTO `npc_vendor` VALUES (91982, 2465, 0, 0, 0, 0);
REPLACE INTO `npc_vendor` VALUES (91982, 2467, 0, 0, 0, 0);
REPLACE INTO `npc_vendor` VALUES (91982, 2468, 0, 0, 0, 0);
REPLACE INTO `npc_vendor` VALUES (91982, 2469, 0, 0, 0, 0);
REPLACE INTO `npc_vendor` VALUES (91982, 2470, 0, 0, 0, 0);
REPLACE INTO `npc_vendor` VALUES (91982, 2471, 0, 0, 0, 0);
REPLACE INTO `npc_vendor` VALUES (91982, 2472, 0, 0, 0, 0);
REPLACE INTO `npc_vendor` VALUES (91982, 2473, 0, 0, 0, 0);
REPLACE INTO `npc_vendor` VALUES (91982, 2474, 0, 0, 0, 0);
REPLACE INTO `npc_vendor` VALUES (91982, 2475, 0, 0, 0, 0);
REPLACE INTO `npc_vendor` VALUES (91982, 3890, 0, 0, 0, 0);
REPLACE INTO `npc_vendor` VALUES (91982, 3893, 0, 0, 0, 0);


REPLACE INTO `npc_vendor` VALUES (91959, 9260, 0, 0, 0, 0);

REPLACE INTO `npc_vendor` VALUES (91972, 159, 0, 0, 0, 0);
REPLACE INTO `npc_vendor` VALUES (91972, 1179, 0, 0, 0, 0);
REPLACE INTO `npc_vendor` VALUES (91972, 1205, 0, 0, 0, 0);
REPLACE INTO `npc_vendor` VALUES (91972, 1645, 0, 0, 0, 0);
REPLACE INTO `npc_vendor` VALUES (91972, 1708, 0, 0, 0, 0);
REPLACE INTO `npc_vendor` VALUES (91972, 2593, 0, 0, 0, 0);
REPLACE INTO `npc_vendor` VALUES (91972, 2594, 0, 0, 0, 0);
REPLACE INTO `npc_vendor` VALUES (91972, 2595, 0, 0, 0, 0);
REPLACE INTO `npc_vendor` VALUES (91972, 2596, 0, 0, 0, 0);
REPLACE INTO `npc_vendor` VALUES (91972, 2686, 0, 0, 0, 0);
REPLACE INTO `npc_vendor` VALUES (91972, 2723, 0, 0, 0, 0);
REPLACE INTO `npc_vendor` VALUES (91972, 8766, 0, 0, 0, 0);


REPLACE INTO `npc_vendor` VALUES (91956, 159, 0, 0, 0, 0);
REPLACE INTO `npc_vendor` VALUES (91956, 1205, 0, 0, 0, 0);
REPLACE INTO `npc_vendor` VALUES (91956, 1645, 0, 0, 0, 0);
REPLACE INTO `npc_vendor` VALUES (91956, 1708, 0, 0, 0, 0);
REPLACE INTO `npc_vendor` VALUES (91956, 2515, 0, 0, 0, 0);
REPLACE INTO `npc_vendor` VALUES (91956, 2519, 0, 0, 0, 0);
REPLACE INTO `npc_vendor` VALUES (91956, 3030, 0, 0, 0, 0);
REPLACE INTO `npc_vendor` VALUES (91956, 3033, 0, 0, 0, 0);
REPLACE INTO `npc_vendor` VALUES (91956, 3107, 0, 0, 0, 0);
REPLACE INTO `npc_vendor` VALUES (91956, 3108, 0, 0, 0, 0);
REPLACE INTO `npc_vendor` VALUES (91956, 3135, 0, 0, 0, 0);
REPLACE INTO `npc_vendor` VALUES (91956, 3137, 0, 0, 0, 0);
REPLACE INTO `npc_vendor` VALUES (91956, 4470, 0, 0, 0, 0);
REPLACE INTO `npc_vendor` VALUES (91956, 4471, 0, 0, 0, 0);
REPLACE INTO `npc_vendor` VALUES (91956, 4497, 0, 0, 0, 0);
REPLACE INTO `npc_vendor` VALUES (91956, 4498, 0, 0, 0, 0);
REPLACE INTO `npc_vendor` VALUES (91956, 6183, 0, 0, 0, 0);
REPLACE INTO `npc_vendor` VALUES (91956, 11284, 0, 0, 0, 0);
REPLACE INTO `npc_vendor` VALUES (91956, 11285, 0, 0, 0, 0);
REPLACE INTO `npc_vendor` VALUES (91956, 15326, 0, 0, 0, 0);
REPLACE INTO `npc_vendor` VALUES (91956, 15327, 0, 0, 0, 0);

REPLACE INTO `npc_vendor` VALUES (91951, 159, 0, 0, 0, 0);
REPLACE INTO `npc_vendor` VALUES (91951, 2678, 0, 0, 0, 0);
REPLACE INTO `npc_vendor` VALUES (91951, 2692, 0, 0, 0, 0);
REPLACE INTO `npc_vendor` VALUES (91951, 3713, 0, 0, 0, 0);
REPLACE INTO `npc_vendor` VALUES (91951, 30817, 0, 0, 0, 0);
REPLACE INTO `npc_vendor` VALUES (91951, 40000, 0, 0, 0, 0);

REPLACE INTO `npc_trainer` VALUES (91950, 1290, 1, 0, 0, 0, 0, 5875);
REPLACE INTO `npc_trainer` VALUES (91950, 2551, 100, 0, 0, 5, 0, 5875);
REPLACE INTO `npc_trainer` VALUES (91950, 2559, 50, 185, 10, 0, 0, 5875);
REPLACE INTO `npc_trainer` VALUES (91950, 2561, 100, 185, 50, 0, 0, 5875);
REPLACE INTO `npc_trainer` VALUES (91950, 2562, 200, 185, 75, 0, 0, 5875);
REPLACE INTO `npc_trainer` VALUES (91950, 2563, 150, 185, 80, 0, 0, 5875);
REPLACE INTO `npc_trainer` VALUES (91950, 3412, 500, 185, 50, 10, 0, 5875);
REPLACE INTO `npc_trainer` VALUES (91950, 6502, 100, 185, 50, 0, 0, 5875);
REPLACE INTO `npc_trainer` VALUES (91950, 6503, 300, 185, 125, 0, 0, 5875);
REPLACE INTO `npc_trainer` VALUES (91950, 21176, 4000, 185, 200, 0, 0, 5875);


replace into creature_template_addon values 
(91881, 0, 0, 0, 0, 0, 234, 0, NULL),
(91885, 0, 0, 0, 0, 0, 234, 0, NULL),
(91880, 0, 0, 0, 0, 0, 234, 0, NULL),
(91884, 0, 0, 0, 0, 0, 234, 0, NULL),

(91877, 0, 0, 0, 0, 0, 234, 0, NULL),
(91878, 0, 0, 0, 0, 0, 234, 0, NULL),
(91879, 0, 0, 0, 0, 0, 234, 0, NULL);

set @equip_template = 55140; set @weapon_1 = 14879; set @weapon_2 = 0; set @creature = 91305;
replace into creature_equip_template values (@equip_template, 0, @weapon_1, @weapon_2, 0); 
update creature_template set equipment_id = @equip_template where entry = @creature;

set @equip_template = 55141; set @weapon_1 = 4560; set @weapon_2 = 0; set @creature = 91958;
replace into creature_equip_template values (@equip_template, 0, @weapon_1, @weapon_2, 0); 
update creature_template set equipment_id = @equip_template where entry = @creature;

set @equip_template = 55142; set @weapon_1 = 15972; set @weapon_2 = 0; set @creature = 91959;
replace into creature_equip_template values (@equip_template, 0, @weapon_1, @weapon_2, 0); 
update creature_template set equipment_id = @equip_template where entry = @creature;

set @gossip_menu_id = 60117; set @magic_number = 91799; 
replace into gossip_menu (entry, text_id, condition_id) VALUES (@gossip_menu_id, @magic_number, '0'); 
replace into broadcast_text (entry, Male_Text) values (@magic_number, 'What do you want in my realm, mortal?'); 
replace into npc_text (ID, BroadcastTextID0) values (@magic_number, @magic_number); 
update creature_template set gossip_menu_id = @gossip_menu_id where entry = @magic_number;

set @gossip_menu_id = 60119; set @magic_number = 91953; 
replace into gossip_menu (entry, text_id, condition_id) VALUES (@gossip_menu_id, @magic_number, '0'); 
replace into broadcast_text (entry, Male_Text) values (@magic_number, 'Even in a desolate island such as this, we must keep our faith.'); 
replace into npc_text (ID, BroadcastTextID0) values (@magic_number, @magic_number); 
update creature_template set gossip_menu_id = @gossip_menu_id where entry = @magic_number;

set @gossip_menu_id = 60120; set @magic_number = 91954; 
replace into gossip_menu (entry, text_id, condition_id) VALUES (@gossip_menu_id, @magic_number, '0'); 
replace into broadcast_text (entry, Male_Text) values (@magic_number, 'A wonderful day to fish, is it not?'); 
replace into npc_text (ID, BroadcastTextID0) values (@magic_number, @magic_number); 
update creature_template set gossip_menu_id = @gossip_menu_id where entry = @magic_number;

-- 60121-60126 reserved.



replace into item_template values
 ('83100', '0', '15', '0', 'Mysterious Cow Scroll', 'It beckons you.', '11161', '1', '0', '1', '0', '0', '0', '-1', '-1', '0',
 '0', '0', '0', '0', '0', '0', '0', '0', '1', '1', '0', '0', '0', '0', '0',
 '0', '0', '0', '0', '0', '0', '0', '0', '0', '0', '0', '0', '0', '0', '0', '0', '0', '0',
 '0', '0', '0', '0', '0', '0', '0', '0', '0', '0', '0', '0', '0', '0', '0', '0', '0', '0', '0', '0', '0',
 '0', '0', '0', '0', '0', '0', '0', '-1', '0', '-1', '0', '0', '0', '0', '-1', '0', '-1', '0', '0',
 '0', '0', '-1', '0', '-1', '0', '0', '0', '0', '-1', '0', '-1', '0', '0', '0', '0', '-1', '0',
 '-1', '1', '0', '0', '0', '684', '0', '0', '1', '0', '0', '0', '0', '0', '0', '0', '0', '0', '0', '0',
 '0', '1', NULL);

replace into creature_loot_template values (2442, 83100, 1, 6, 1, 1, 0, 0, 10);

-- Item changes:

-- Blacksmithing:

-- Dawnbringer Shoulders: 10 Spirit -> 10 Intellect

-- Heavy Timbermaw Belt: 9 Stamina -> 18 Stamina, 42 Attack Power -> %1 Dodge, + 60 Armor
-- Heavy Timbermaw Boots: 23 Stamina -> 21 Stamina, 20 Attack Power -> %1 Dodge, + 60 Armor

-- Heavy Obsidian Belt: 25 Strength -> 22 Stamina

-- Wildthorn Mail: 5 Stamina -> 11 Stamina, 11 Spirit -> 5 Intellect

-- Fiery Plate Gauntlets: 10 Fire Resistance -> 15 Fire Resistance, +10 Stamina

-- Girdle of the Dawn: 9 Stamina -> 12 Stamina, 21 Strength -> 12 Strength, + 8 Intellect, + %1 Block Chance, + 12 Block Value
-- Gloves of the Dawn: 10 Stamina -> 14 Stamina, 23 Strength -> 12 Strength, + 9 Intellect, + %1 Block Chance, + 14 Block Value

-- Fiery Chain Girdle: 9 Intellect -> 9 Agility, 8 Spirit -> 8 Intellect
-- Fiery Chain Shoulders: 14 Intellect -> 8 Intellect, +10 Agility

-- Helm of the Great Chief: 12 Stamina -> 26 Stamina, 30 Spirit -> 12 Agility, + 70 Armor, + 6 Defense

-- Blackfury: 105 - 158 Damage -> 155 - 238 Damage, 2.1 Attack Speed -> 3.3 Attack Speed

-- Dark Iron Destroyer: 10 Strength -> 12 Strength, 6 Fire Resistance -> 8 Fire Resistance

-- Enchanted Battlehammer: %1 Parry -> %1 Dodge, + 12 Stamina

-- Corruption: New Proc: Corrupts the target, causing 90 damage over 3 sec. (3 PPM)

-- Engineering:

-- Dark Iron Rifle: 53 - 100 Damage -> 70 - 106 Damage, 2.7 Attack Speed -> 3.1 Attack Speed

-- Flawless Arcanite Rifle: 65 - 122 Damage -> 68 - 126 Damage, 3.0 Attack Speed -> 3.1 Attack Speed

-- Core Marksman Rifle: 64 - 120 Damage -> 88 - 146 Damage, 2.6 Attack Speed -> 3.2 Attack Speed
-- Leatherworking:

-- Blood Tiger Breastplate: 13 Spirit -> 16 Agility, 16 Intellect -> 13 Intellect
-- Blood Tiger Shoulders: 10 Spirit -> 12 Agility, 12 Intellect -> 10 Intellect

-- Feathered Breastplate: 10 Intellect -> 24 Intellect, 24 Spirit -> 10 Spirit

-- Ironfeather Shoulders: 20 Intellect -> 18 Intellect, 8 Spirit -> 6 Spirit, + 10 Spellpower
-- Ironfeather Breastplate: 12 Intellect -> 24 Intellect, 28 Spirit -> 12 Spirit, + 14 Spellpower
-- New Ironfeather Armor (2) Set Bonus: %1 Spell Hit

-- Green Dragonscale Leggings: New Effect: Allows 5% of your Mana regeneration to continue while casting.
-- Green Dragonscale Gauntlets: New Effect: Allows 5% of your Mana regeneration to continue while casting.
-- Green Dragonscale Breastplate: New Effect: Allows 5% of your Mana regeneration to continue while casting.

-- Tailoring:

-- Argent Boots: 21 Stamina -> 18 Stamina, 57 Armor -> 107 Armor, + 13 Spellpower
-- Argent Shoulders: 23 Stamina -> 20 Stamina, 68 Armor -> 132 Armor, + 15 Spellpower

-- Wisdom of the Timbermaw: 21 Intellect -> 17 Intellect, 4 MP5 -> 6 MP5
-- Mantle of the Timbermaw: 21 Intellect -> 17 Intellect, 6 MP5 -> 8 MP5

-- Mooncloth Boots: 11 Stamina -> 20 Healing Power
-- Mooncloth Leggings: 12 Stamina -> 34 Healing Power
-- Mooncloth Vest: 19 Spirit -> 8 MP5
-- Mooncloth Robe: 25 Intellect -> 18 Intellect, 12 Stamina -> 47 Healing Power
-- Mooncloth Shoulders: 7 Stamina -> 20 Healing Power
-- Mooncloth Circlet: 13 Stamina -> 28 Healing Power 
-- Mooncloth Gloves: 9 Stamina -> 20 Healing Power

-- Belt of the Archmage: 10 Stamina -> 12 Spellpower
-- Gloves of Spell Mastery: 8 Spirit -> 12 Spellpower, No longer class restricted.

-- Blacksmithing
update item_template set stat_type1 = 5 where entry = 12625;
update item_template set stat_value1 = 18, spellid_1 = 13669, armor = 253 where entry = 19043;
update item_template set stat_value1 = 21, spellid_1 = 13669, armor = 318 where entry = 19048;
update item_template set stat_value1 = 22, stat_type1 = 7 where entry = 22197;
update item_template set stat_value1 = 5, stat_type1 = 5, stat_value2 = 11 where entry = 12624;
update item_template set fire_res = 15, stat_value1 = 10, stat_type1 = 7 where entry = 12631;
update item_template set stat_value2 = 12, stat_value1 = 12, stat_type3 = 5, stat_value3 = 8, spellid_1 = 13674, spelltrigger_1 = 1, spellid_2 = 25036, spelltrigger_2 = 1 where entry = 19051;
update item_template set stat_value2 = 14, stat_value1 = 12, stat_type3 = 5, stat_value3 = 9, spellid_1 = 13674, spelltrigger_1 = 1, spellid_2 = 23515, spelltrigger_2 = 1 where entry = 19057;
update item_template set stat_type2 = 3, stat_type3 = 5 where entry = 16989;
update item_template set stat_value1 = 10, stat_type3 = 3, stat_value3 = 10 where entry = 16988;
update item_template set stat_value1 = 26, stat_type2 = 3, stat_value3 = 12, stat_type3 = 3, armor = 362, spellid_1 = 13384, spelltrigger_1 = 1 where entry = 12636;	
update item_template set dmg_min1 = 155, dmg_max1 = 238, delay = 3300 where entry = 19167;
update item_template set fire_res = 8, stat_value1 = 12 where entry = 17016;
update item_template set spellid_1 = 13669, stat_value1 = 12, stat_type1 = 7 where entry = 12776;
update item_template set spellid_1 = 18088, spelltrigger_1 = 2, spellppmRate_1 = 3 where entry = 12782;
update item_template set dmg_min1 = 151, dmg_max1 = 227, delay = 3500, spellppmRate_1 = 1.2 where entry = 12790;
-- Engineering
update item_template set dmg_min1 = 70, dmg_max1 = 106, delay = 3100 where entry = 16004;
update item_template set dmg_min1 = 68, dmg_max1 = 126, delay = 3100 where entry = 16007;
update item_template set dmg_min1 = 88, dmg_max1 = 146, delay = 3200 where entry = 18282;
-- Leatherworking
update item_template set stat_type4 = 3, stat_value4 = 16, stat_value3 = 13 where entry = 19688;
update item_template set stat_type4 = 3, stat_value4 = 12, stat_value3 = 10 where entry = 19689;
update item_template set stat_value1 = 10, stat_value2 = 24 where entry = 8349;
update item_template set stat_value1 = 12, stat_value2 = 24, spellid_1 = 9343, spelltrigger_1 = 1 where entry = 15066;
update item_template set stat_value1 = 18, stat_value2 = 6, spellid_1 = 9416, spelltrigger_1 = 1 where entry = 15067;
update item_template set spellid_1 = 14521, spelltrigger_1 = 1 where entry = 15045;
update item_template set spellid_1 = 14521, spelltrigger_1 = 1 where entry = 20296;
update item_template set spellid_1 = 14521, spelltrigger_1 = 1 where entry = 15046;
-- Tailoring
update item_template set stat_value1 = 18, armor = 107, spellid_1 = 9342, spelltrigger_1 = 1 where entry = 19056;
update item_template set stat_value1 = 20, armor = 132, spellid_1 = 9344, spelltrigger_1 = 1 where entry = 19059;
update item_template set stat_value1 = 17, spellid_1 = 18378 where entry = 19050;
update item_template set stat_value1 = 17, spellid_1 = 18379 where entry = 19047;
update item_template set stat_value3 = 0, stat_type3 = 0, spellid_1 = 9407, spelltrigger_1 = 1 where entry = 15802;
update item_template set stat_value3 = 0, stat_type3 = 0, spellid_1 = 9316, spelltrigger_1 = 1 where entry = 14140;
update item_template set stat_value3 = 0, stat_type3 = 0, spellid_1 = 9407, spelltrigger_1 = 1 where entry = 18409;
update item_template set stat_value3 = 0, stat_type3 = 0, spellid_1 = 18029, spelltrigger_1 = 1 where entry = 14137;
update item_template set stat_value3 = 0, stat_type3 = 0, spellid_1 = 9407, spelltrigger_1 = 1 where entry = 14139;
update item_template set stat_value1 = 18, stat_value3 = 0, stat_type3 = 0, spellid_1 = 18034, spelltrigger_1 = 1 where entry = 18486;
update item_template set stat_value2 = 0, stat_type2 = 0, spellid_1 = 18378, spelltrigger_1 = 1 where entry = 14138;
update item_template set stat_value2 = 0, stat_type2 = 0, spellid_2 = 9417, spelltrigger_2 = 1 where entry = 18405;
update item_template set stat_value2 = 0, stat_type2 = 0, spellid_2 = 9417, spelltrigger_2 = 1, allowable_class = -1 where entry = 14146;

-- ...

replace into `creature_template` VALUES (80178, 0, 7164, 0, 0, 0, 'Grand Taskmaster Nert Blastentom', 'Leader of the Durotar Labor Union', 59011, 60, 60, 145319, 145319, 0, 0, 4852, 1682, 3, 1, 1.14286, 0, 20, 5, 0, 0, 1, 890, 1031, 0, 90, 1, 2000, 2000, 1, 512, 0, 0, 0, 0, 0, 0, 31.856, 43.802, 100, 7, 4096, 0, 0, 0, 0, 0, 0, 0, 30, 0, 0, 0, 0, 0, 0, 0, 0, 0, '', 0, 1, 0, 0, 3, 0, 0, 0, 0, 0, 2, 0, '');

update creature_template set rank = 1, racial_leader = 1 where entry = 80178;

replace into gameobject_template values 

(180504, 0, 9, 107, 'Birth of Durotar Labor Union I', 0, 0, 1, 10000, 0, 1, 0, 0, 0, 0, 0, 0, 0, 0, 0, 0, 0, 0, 0, 0, 0, 0, 0, 0, 0, 0, 0, 0, 0, 0, ''),
(180505, 0, 9, 107, 'Birth of Durotar Labor Union II', 0, 0, 1, 10010, 0, 1, 0, 0, 0, 0, 0, 0, 0, 0, 0, 0, 0, 0, 0, 0, 0, 0, 0, 0, 0, 0, 0, 0, 0, 0, ''),
(180506, 0, 9, 107, 'Birth of Durotar Labor Union III', 0, 0, 1, 10020, 0, 1, 0, 0, 0, 0, 0, 0, 0, 0, 0, 0, 0, 0, 0, 0, 0, 0, 0, 0, 0, 0, 0, 0, 0, 0, ''),
(180507, 0, 9, 107, 'Birth of Durotar Labor Union IV', 0, 0, 1, 10030, 0, 1, 0, 0, 0, 0, 0, 0, 0, 0, 0, 0, 0, 0, 0, 0, 0, 0, 0, 0, 0, 0, 0, 0, 0, 0, '');

replace into page_text values 
(10000, 'True to their nature, the Goblins have always scavenged for artifacts and relics that would make them profit. It was because of his greed that the Trade Prince of the Venture Trade Company sent a group of Goblins far into the depths of the Stonetalon Mountains. It is said that a shadowy figure sold them a tip about a grave that must never be open yet one that also holds a way to quickly amass gold.\n\nIf it was anyone else but a goblin, they would properly turn tail and not list a word, yet when it comes to gold, a goblin is easily persuaded.', 10001),
(10001, 'Their task proved to be a harsh one, many only found their own death in those Mountains, either at the hands of the savage wildlife, the Night Elves which were guarding the tomb or at the means of their own creation.\n\nAs they slowly progressed to the tomb, some succumbed to fear, there was something dark in there. For a few of them it was not worth wasting their life for someone else\'s gold, so with the little means they had a group of them take flight and aim for Durotar.', 0),
(10010, 'Led by the former Foreman, Nert Blastentom, the rebellious Goblins crashed their plane close to the town of Razor Hill. It was there that Nert had an acquaintance that would prove useful in their plan to hide under the Horde\'s banner.\n\nThe local chef was someone Nert met in the past in Ratchet when Nert was but a lowly merchant who attempted to sell the orc counterfeit merchandise.', 10011),
(10011, 'With the efforts of the few Goblins that followed him, Nert hunted the local boars for a mischievous bribery he\'d offer the guards to allow them passage through their lands.\n\nThanks to his employee, Agnes, who had a very special bag of spices, the orcish chef managed to turn a simple meal into a feast.\n\nBeing successful in their plot to bribe the local guards, the Goblins were allowed safe passage through the Horde\'s lands and a protection they would most likely enjoy.', 0),
(10020, 'Knowing that he\'d have to prove to the Horde that he and his former employees are capable of aiding the cause, Nert traveled to Ratchet to meet with Gazlowe. Gazlowe had connections inside the Horde and he\'d be a great token for Nert to use against those that would have them exiled, or in the worst case, killed because of the Venture Trade Company\'s reputation.\n\nGazlowe didn\'t agree at first. He\'d take some days to consider whether to help these refugees or not. In the end he reached the conclusion that the Horde lacks a Goblin\'s touch and called for Nert making him the proposition of forming an union that any Goblin who would decide to be part of the Horde could join.', 10021),
(10021, 'Nert was puzzled by this but saw a great opportunity, and decided to go along with the plan. And so a new union was born, claiming the name of Durotar Labor Union, this new group of Goblins would accept Goblins from all around the world that would wish to join the Horde.\n\nClaiming the title of Grand Taskmaster of the Durotar Labor Union, Nert would soon have the opportunity to prove his people\'s worth to the Horde.', 0),
(10030, 'With the Durotar Labor Union founded and Gazlowe vouching for them before the Warchief of the Horde, all Nert had to do was wait for a task. He left some of his men in Durotar to aid with the various needs, while others were sent through Kalimdor to raise their reputation. As for him and a small group, they\'d settle in the Dustallow Marsh, giving birth to a new Horde settlement called Mudsprocket.\n\nFor a few months, the Goblins had to adapt with the harsh environment, not only were they assaulted by the local wildlife but they\'d even have to craft meticulous tools to push back the spawns of Onyxia.', 10031),
(10031, 'In the end, after waiting patiently, the Warchief issued the Durotar Labor Union to create a port close to the Horde\'s capital, Orgrimmar. The port would take immense work but was it not for the oil resources in the vicinity of Bladefist Bay, it would\'ve taken them even longer.\n\nAfter much dedication and much, much labor, the port which would soon become the main city of the Goblins was complete. Nert would name it Sparkwater Port, and with that he\'d paint his and the Durotar Labor Union\'s name into the Horde\'s history.', 0);
