update item_template set display_id = 34469 where entry = 80776;

replace into `item_template` values 
(50511, 0, 4, 1, 'Dressing Box: Goldweave Raiment', 'It\'s yellow.', 35406, 1, 4, 1, 50000, 0, 0, -1, -1, 0, 0, 0, 0, 0, 0, 0, 0, 0, 0, 1, 0, 0, 0, 0, 0, 0, 0, 0, 0, 0, 0, 0, 0, 0, 0, 0, 0, 0, 0, 0, 0, 1000, 0, 0, 0, 0, 0, 0, 0, 0, 0, 0, 0, 0, 0, 0, 0, 0, 0, 0, 0, 0, 0, 0, 0, 0, 0, 0, 0, 0, 0, -1, 0, -1, 0, 0, 0, 0, -1, 0, -1, 0, 0, 0, 0, -1, 0, -1, 0, 0, 0, 0, -1, 0, -1, 0, 0, 0, 0, -1, 0, -1, 1, 0, 0, 0, 0, 0, 0, 0, 0, 0, 0, 0, 0, 0, 0, 0, 0, 0, 0, 0, 1, NULL),
(50512, 0, 4, 1, 'Goldweave Sash', '', 16829, 1, 0, 1, 0, 0, 20, -1, -1, 0, 0, 0, 0, 0, 0, 0, 0, 0, 0, 1, 0, 0, 0, 0, 0, 0, 0, 0, 0, 0, 0, 0, 0, 0, 0, 0, 0, 0, 0, 0, 0, 1000, 0, 0, 0, 0, 0, 0, 0, 0, 0, 0, 0, 0, 0, 0, 0, 0, 0, 0, 0, 0, 0, 0, 0, 0, 0, 0, 0, 0, 0, -1, 0, -1, 0, 0, 0, 0, -1, 0, -1, 0, 0, 0, 0, -1, 0, -1, 0, 0, 0, 0, -1, 0, -1, 0, 0, 0, 0, -1, 0, -1, 1, 0, 0, 0, 0, 0, 0, 0, 0, 0, 0, 0, 0, 0, 0, 0, 0, 0, 0, 0, 1, NULL),
(50513, 0, 4, 1, 'Dressing Box: Necromancer', 'Do you smell something? *sniff* Oh, it\'s just the troops.', 35406, 1, 4, 1, 50000, 0, 0, -1, -1, 0, 0, 0, 0, 0, 0, 0, 0, 0, 0, 1, 0, 0, 0, 0, 0, 0, 0, 0, 0, 0, 0, 0, 0, 0, 0, 0, 0, 0, 0, 0, 0, 1000, 0, 0, 0, 0, 0, 0, 0, 0, 0, 0, 0, 0, 0, 0, 0, 0, 0, 0, 0, 0, 0, 0, 0, 0, 0, 0, 0, 0, 0, -1, 0, -1, 0, 0, 0, 0, -1, 0, -1, 0, 0, 0, 0, -1, 0, -1, 0, 0, 0, 0, -1, 0, -1, 0, 0, 0, 0, -1, 0, -1, 1, 0, 0, 0, 0, 0, 0, 0, 0, 0, 0, 0, 0, 0, 0, 0, 0, 0, 0, 0, 1, NULL),
(50514, 0, 4, 1, 'Necromancer\'s Cuirass', '', 35121, 1, 0, 1, 0, 0, 5, -1, -1, 0, 0, 0, 0, 0, 0, 0, 0, 0, 0, 1, 0, 0, 0, 0, 0, 0, 0, 0, 0, 0, 0, 0, 0, 0, 0, 0, 0, 0, 0, 0, 0, 1000, 0, 0, 0, 0, 0, 0, 0, 0, 0, 0, 0, 0, 0, 0, 0, 0, 0, 0, 0, 0, 0, 0, 0, 0, 0, 0, 0, 0, 0, -1, 0, -1, 0, 0, 0, 0, -1, 0, -1, 0, 0, 0, 0, -1, 0, -1, 0, 0, 0, 0, -1, 0, -1, 0, 0, 0, 0, -1, 0, -1, 1, 0, 0, 0, 0, 0, 0, 0, 0, 0, 0, 0, 0, 0, 0, 0, 0, 0, 0, 0, 1, NULL),
(50515, 0, 4, 1, 'Necromancer\'s Belt', '', 35122, 1, 0, 1, 0, 0, 6, -1, -1, 0, 0, 0, 0, 0, 0, 0, 0, 0, 0, 1, 0, 0, 0, 0, 0, 0, 0, 0, 0, 0, 0, 0, 0, 0, 0, 0, 0, 0, 0, 0, 0, 1000, 0, 0, 0, 0, 0, 0, 0, 0, 0, 0, 0, 0, 0, 0, 0, 0, 0, 0, 0, 0, 0, 0, 0, 0, 0, 0, 0, 0, 0, -1, 0, -1, 0, 0, 0, 0, -1, 0, -1, 0, 0, 0, 0, -1, 0, -1, 0, 0, 0, 0, -1, 0, -1, 0, 0, 0, 0, -1, 0, -1, 1, 0, 0, 0, 0, 0, 0, 0, 0, 0, 0, 0, 0, 0, 0, 0, 0, 0, 0, 0, 1, NULL),
(50516, 0, 4, 1, 'Necromancer\'s Pants', '', 35123, 1, 0, 1, 0, 0, 7, -1, -1, 0, 0, 0, 0, 0, 0, 0, 0, 0, 0, 1, 0, 0, 0, 0, 0, 0, 0, 0, 0, 0, 0, 0, 0, 0, 0, 0, 0, 0, 0, 0, 0, 1000, 0, 0, 0, 0, 0, 0, 0, 0, 0, 0, 0, 0, 0, 0, 0, 0, 0, 0, 0, 0, 0, 0, 0, 0, 0, 0, 0, 0, 0, -1, 0, -1, 0, 0, 0, 0, -1, 0, -1, 0, 0, 0, 0, -1, 0, -1, 0, 0, 0, 0, -1, 0, -1, 0, 0, 0, 0, -1, 0, -1, 1, 0, 0, 0, 0, 0, 0, 0, 0, 0, 0, 0, 0, 0, 0, 0, 0, 0, 0, 0, 1, NULL),
(50517, 0, 4, 1, 'Necromancer\'s Boots', '', 9098, 1, 0, 1, 0, 0, 8, -1, -1, 0, 0, 0, 0, 0, 0, 0, 0, 0, 0, 1, 0, 0, 0, 0, 0, 0, 0, 0, 0, 0, 0, 0, 0, 0, 0, 0, 0, 0, 0, 0, 0, 1000, 0, 0, 0, 0, 0, 0, 0, 0, 0, 0, 0, 0, 0, 0, 0, 0, 0, 0, 0, 0, 0, 0, 0, 0, 0, 0, 0, 0, 0, -1, 0, -1, 0, 0, 0, 0, -1, 0, -1, 0, 0, 0, 0, -1, 0, -1, 0, 0, 0, 0, -1, 0, -1, 0, 0, 0, 0, -1, 0, -1, 1, 0, 0, 0, 0, 0, 0, 0, 0, 0, 0, 0, 0, 0, 0, 0, 0, 0, 0, 0, 1, NULL),
(50518, 0, 4, 1, 'Necromancer\'s Shoulders', '', 35136, 1, 0, 1, 0, 0, 3, -1, -1, 0, 0, 0, 0, 0, 0, 0, 0, 0, 0, 1, 0, 0, 0, 0, 0, 0, 0, 0, 0, 0, 0, 0, 0, 0, 0, 0, 0, 0, 0, 0, 0, 1000, 0, 0, 0, 0, 0, 0, 0, 0, 0, 0, 0, 0, 0, 0, 0, 0, 0, 0, 0, 0, 0, 0, 0, 0, 0, 0, 0, 0, 0, -1, 0, -1, 0, 0, 0, 0, -1, 0, -1, 0, 0, 0, 0, -1, 0, -1, 0, 0, 0, 0, -1, 0, -1, 0, 0, 0, 0, -1, 0, -1, 1, 0, 0, 0, 0, 0, 0, 0, 0, 0, 0, 0, 0, 0, 0, 0, 0, 0, 0, 0, 1, NULL),
(50519, 0, 4, 1, 'Necromancer\'s Cowl', '', 35137, 1, 0, 1, 0, 0, 1, -1, -1, 0, 0, 0, 0, 0, 0, 0, 0, 0, 0, 1, 0, 0, 0, 0, 0, 0, 0, 0, 0, 0, 0, 0, 0, 0, 0, 0, 0, 0, 0, 0, 0, 1000, 0, 0, 0, 0, 0, 0, 0, 0, 0, 0, 0, 0, 0, 0, 0, 0, 0, 0, 0, 0, 0, 0, 0, 0, 0, 0, 0, 0, 0, -1, 0, -1, 0, 0, 0, 0, -1, 0, -1, 0, 0, 0, 0, -1, 0, -1, 0, 0, 0, 0, -1, 0, -1, 0, 0, 0, 0, -1, 0, -1, 1, 0, 0, 0, 0, 0, 0, 0, 0, 0, 0, 0, 0, 0, 0, 0, 0, 0, 0, 0, 1, NULL),
(50520, 0, 0, 0, 'Torta\'s Test Tabard', '', 24611, 1, 0, 1, 0, 0, 19, -1, -1, 0, 0, 0, 0, 0, 0, 0, 0, 0, 0, 1, 0, 0, 0, 0, 0, 0, 0, 0, 0, 0, 0, 0, 0, 0, 0, 0, 0, 0, 0, 0, 0, 1000, 0, 0, 0, 0, 0, 0, 0, 0, 0, 0, 0, 0, 0, 0, 0, 0, 0, 0, 0, 0, 0, 0, 0, 0, 0, 0, 0, 0, 0, -1, 0, -1, 0, 0, 0, 0, -1, 0, -1, 0, 0, 0, 0, -1, 0, -1, 0, 0, 0, 0, -1, 0, -1, 0, 0, 0, 0, -1, 0, -1, 1, 0, 0, 0, 0, 0, 0, 0, 0, 0, 0, 0, 0, 0, 0, 0, 0, 0, 0, 0, 1, NULL),
(50521, 0, 13, 0, 'Glyph of Exhaustion', 'This glyph prevents you from ever receiving rested experience.', 7694, 1, 0, 1, 0, 0, 0, -1, -1, 0, 0, 0, 0, 0, 0, 0, 0, 0, 1, 1, 0, 0, 0, 0, 0, 0, 0, 0, 0, 0, 0, 0, 0, 0, 0, 0, 0, 0, 0, 0, 0, 1000, 0, 0, 0, 0, 0, 0, 0, 0, 0, 0, 0, 0, 0, 0, 0, 0, 0, 0, 0, 0, 0, 0, 0, 0, 0, 0, 0, 0, 0, 0, 0, -1, 0, 0, 0, 0, -1, 0, -1, 0, 0, 0, 0, -1, 0, -1, 0, 0, 0, 0, -1, 0, -1, 0, 0, 0, 0, -1, 0, -1, 0, 0, 0, 0, 0, 0, 0, 0, 0, 0, 0, 0, 0, 0, 9, 0, 0, 0, 0, 0, 1, ''),
(50522, 0, 15, 0, 'Goblin Race Car Manual', '', 8117, 1, 16384, 1, 0, 0, 0, -1, -1, 0, 0, 0, 0, 0, 0, 0, 0, 0, 0, 1, 0, 0, 0, 0, 0, 0, 0, 0, 0, 0, 0, 0, 0, 0, 0, 0, 0, 0, 0, 0, 0, 1000, 0, 0, 0, 0, 0, 0, 0, 0, 0, 0, 0, 0, 0, 0, 0, 0, 0, 0, 0, 0, 0, 0, 0, 0, 0, 0, 0, 0, 0, -1, 0, -1, 0, 0, 0, 0, -1, 0, -1, 0, 0, 0, 0, -1, 0, -1, 0, 0, 0, 0, -1, 0, -1, 0, 0, 0, 0, -1, 0, -1, 1, 50066, 0, 0, 0, 0, -1, 0, 0, 0, 0, 0, 0, 0, 0, 0, 0, 0, 0, 0, 1, NULL),
(50523, 0, 15, 0, 'Gnome Race Car Manual', '', 8117, 1, 16384, 1, 0, 0, 0, -1, -1, 0, 0, 0, 0, 0, 0, 0, 0, 0, 0, 1, 0, 0, 0, 0, 0, 0, 0, 0, 0, 0, 0, 0, 0, 0, 0, 0, 0, 0, 0, 0, 0, 1000, 0, 0, 0, 0, 0, 0, 0, 0, 0, 0, 0, 0, 0, 0, 0, 0, 0, 0, 0, 0, 0, 0, 0, 0, 0, 0, 0, 0, 0, -1, 0, -1, 0, 0, 0, 0, -1, 0, -1, 0, 0, 0, 0, -1, 0, -1, 0, 0, 0, 0, -1, 0, -1, 0, 0, 0, 0, -1, 0, -1, 1, 50067, 0, 0, 0, 0, -1, 0, 0, 0, 0, 0, 0, 0, 0, 0, 0, 0, 0, 0, 1, NULL),
(50524, 0, 4, 0, 'Gnome Car Key', 'Allows you to control marvelous gnomish invention. Handle with care.', 2530, 2, 0, 1, 25000, 25000, 12, -1, -1, 50, 0, 0, 0, 0, 0, 0, 0, 0, 0, 1, 0, 0, 0, 0, 0, 0, 0, 0, 0, 0, 0, 0, 0, 0, 0, 0, 0, 0, 0, 0, 0, 1300, 0, 0, 0, 0, 0, 0, 0, 0, 0, 0, 0, 0, 0, 0, 0, 0, 0, 0, 0, 0, 0, 0, 0, 0, 0, 13587, 1, 0, 0, -1, 0, -1, 0, 0, 0, 0, -1, 0, -1, 0, 0, 0, 0, -1, 0, -1, 0, 0, 0, 0, -1, 0, -1, 0, 0, 0, 0, -1, 0, -1, 0, 0, 0, 0, 0, 0, 0, 0, 0, 0, 0, 0, 0, 0, 0, 0, 0, 0, 0, 0, 1, NULL),
(50525, 0, 4, 0, 'Goblin Car Key', 'You\'re driving the best GOBLIN car ever, kid! What makes it fast? Explosions of course!', 3885, 2, 0, 1, 25000, 25000, 12, -1, -1, 50, 0, 0, 0, 0, 0, 0, 0, 0, 0, 1, 0, 0, 0, 0, 0, 0, 0, 0, 0, 0, 0, 0, 0, 0, 0, 0, 0, 0, 0, 0, 0, 1300, 0, 0, 0, 0, 0, 0, 0, 0, 0, 0, 0, 0, 0, 0, 0, 0, 0, 0, 0, 0, 0, 0, 0, 0, 0, 13587, 1, 0, 0, -1, 0, -1, 0, 0, 0, 0, -1, 0, -1, 0, 0, 0, 0, -1, 0, -1, 0, 0, 0, 0, -1, 0, -1, 0, 0, 0, 0, -1, 0, -1, 0, 0, 0, 0, 0, 0, 0, 0, 0, 0, 0, 0, 0, 0, 0, 0, 0, 0, 0, 0, 1, NULL),
(50530, 0, 2, 10, 'Torta\'s Broom of Doom', 'A heretic can be tolerated. But a heresy cannot.', 1661, 2, 0, 1, 0, 0, 17, -1, -1, 60, 0, 0, 0, 0, 0, 0, 0, 0, 0, 1, 0, 0, 0, 0, 0, 0, 0, 0, 0, 0, 0, 0, 0, 0, 0, 0, 0, 0, 0, 0, 0, 2000, 0, 0, 500, 1000, 1, 0, 0, 0, 0, 0, 0, 0, 0, 0, 0, 0, 0, 0, 0, 0, 0, 0, 0, 0, 0, 10689, 0, 0, 0, -1, 0, -1, 0, 0, 0, 0, -1, 0, -1, 0, 0, 0, 0, -1, 0, -1, 0, 0, 0, 0, -1, 0, -1, 0, 0, 0, 0, -1, 0, -1, 1, 0, 0, 0, 0, 0, 2, 1, 0, 0, 0, 0, 0, 0, 0, 0, 0, 0, 0, 0, 1, NULL),
(50600, 0, 15, 0, 'Summon: Barber', 'Summons your personal barber Sniptip, for when you need a quick style change.', 9825, 1, 0, 1, 0, 0, 0, -1, -1, 0, 0, 0, 0, 0, 0, 0, 0, 0, 1, 20, 0, 0, 0, 0, 0, 0, 0, 0, 0, 0, 0, 0, 0, 0, 0, 0, 0, 0, 0, 0, 0, 1000, 0, 0, 0, 0, 0, 0, 0, 0, 0, 0, 0, 0, 0, 0, 0, 0, 0, 0, 0, 0, 0, 0, 0, 0, 0, 28505, 0, 0, 0, 1000, 0, -1, 0, 0, 0, 0, -1, 0, -1, 0, 0, 0, 0, -1, 0, -1, 0, 0, 0, 0, -1, 0, -1, 0, 0, 0, 0, -1, 0, -1, 1, 0, 0, 0, 0, 0, 0, 0, 0, 0, 0, 0, 0, 0, 0, 0, 0, 0, 0, 0, 1, ''),
(50601, 0, 15, 0, 'Summon: Surgeon', 'Summon Dr. Topnose, your own private surgeon. List of services include scar removal, broken nose fix and others.', 22464, 1, 0, 1, 0, 0, 0, -1, -1, 0, 0, 0, 0, 0, 0, 0, 0, 0, 1, 20, 0, 0, 0, 0, 0, 0, 0, 0, 0, 0, 0, 0, 0, 0, 0, 0, 0, 0, 0, 0, 0, 1000, 0, 0, 0, 0, 0, 0, 0, 0, 0, 0, 0, 0, 0, 0, 0, 0, 0, 0, 0, 0, 0, 0, 0, 0, 0, 28505, 0, 0, 0, 1000, 0, -1, 0, 0, 0, 0, -1, 0, -1, 0, 0, 0, 0, -1, 0, -1, 0, 0, 0, 0, -1, 0, -1, 0, 0, 0, 0, -1, 0, -1, 1, 0, 0, 0, 0, 0, 0, 0, 0, 0, 0, 0, 0, 0, 0, 0, 0, 0, 0, 0, 1, ''),
(50602, 0, 15, 0, 'Summon: Auctioneer', 'Summon your local Goblin entrepreneur. Buy, sell, bid — he’s got the best deals anywhere!', 7260, 1, 0, 1, 0, 0, 0, -1, -1, 0, 0, 0, 0, 0, 0, 0, 0, 0, 1, 20, 0, 0, 0, 0, 0, 0, 0, 0, 0, 0, 0, 0, 0, 0, 0, 0, 0, 0, 0, 0, 0, 1000, 0, 0, 0, 0, 0, 0, 0, 0, 0, 0, 0, 0, 0, 0, 0, 0, 0, 0, 0, 0, 0, 0, 0, 0, 0, 28505, 0, 0, 0, 1000, 0, -1, 0, 0, 0, 0, -1, 0, -1, 0, 0, 0, 0, -1, 0, -1, 0, 0, 0, 0, -1, 0, -1, 0, 0, 0, 0, -1, 0, -1, 1, 0, 0, 0, 0, 0, 0, 0, 0, 0, 0, 0, 0, 0, 0, 0, 0, 0, 0, 0, 1, ''),
(50603, 0, 15, 0, 'Race Change Token: Human', 'Right click to use.', 30658, 1, 0, 1, 0, 0, 0, -1, -1, 0, 0, 0, 0, 0, 0, 0, 0, 0, 0, 20, 0, 0, 0, 0, 0, 0, 0, 0, 0, 0, 0, 0, 0, 0, 0, 0, 0, 0, 0, 0, 0, 1000, 0, 0, 0, 0, 0, 0, 0, 0, 0, 0, 0, 0, 0, 0, 0, 0, 0, 0, 0, 0, 0, 0, 0, 0, 0, 1575, 0, -1, 0, 1000, 0, -1, 0, 0, 0, 0, -1, 0, -1, 0, 0, 0, 0, -1, 0, -1, 0, 0, 0, 0, -1, 0, -1, 0, 0, 0, 0, -1, 0, -1, 1, 0, 0, 0, 0, 0, 0, 0, 0, 0, 0, 0, 0, 0, 0, 0, 0, 0, 0, 0, 1, 'shop_racechange'),
(50604, 0, 15, 0, 'Race Change Token: Gnome', 'Right click to use.', 30658, 1, 0, 1, 0, 0, 0, -1, -1, 0, 0, 0, 0, 0, 0, 0, 0, 0, 0, 20, 0, 0, 0, 0, 0, 0, 0, 0, 0, 0, 0, 0, 0, 0, 0, 0, 0, 0, 0, 0, 0, 1000, 0, 0, 0, 0, 0, 0, 0, 0, 0, 0, 0, 0, 0, 0, 0, 0, 0, 0, 0, 0, 0, 0, 0, 0, 0, 1575, 0, -1, 0, 1000, 0, -1, 0, 0, 0, 0, -1, 0, -1, 0, 0, 0, 0, -1, 0, -1, 0, 0, 0, 0, -1, 0, -1, 0, 0, 0, 0, -1, 0, -1, 1, 0, 0, 0, 0, 0, 0, 0, 0, 0, 0, 0, 0, 0, 0, 0, 0, 0, 0, 0, 1, 'shop_racechange'),
(50605, 0, 15, 0, 'Race Change Token: Dwarf', 'Right click to use.', 30658, 1, 0, 1, 0, 0, 0, -1, -1, 0, 0, 0, 0, 0, 0, 0, 0, 0, 0, 20, 0, 0, 0, 0, 0, 0, 0, 0, 0, 0, 0, 0, 0, 0, 0, 0, 0, 0, 0, 0, 0, 1000, 0, 0, 0, 0, 0, 0, 0, 0, 0, 0, 0, 0, 0, 0, 0, 0, 0, 0, 0, 0, 0, 0, 0, 0, 0, 1575, 0, -1, 0, 1000, 0, -1, 0, 0, 0, 0, -1, 0, -1, 0, 0, 0, 0, -1, 0, -1, 0, 0, 0, 0, -1, 0, -1, 0, 0, 0, 0, -1, 0, -1, 1, 0, 0, 0, 0, 0, 0, 0, 0, 0, 0, 0, 0, 0, 0, 0, 0, 0, 0, 0, 1, 'shop_racechange'),
(50606, 0, 15, 0, 'Race Change Token: Night Elf', 'Right click to use.', 30658, 1, 0, 1, 0, 0, 0, -1, -1, 0, 0, 0, 0, 0, 0, 0, 0, 0, 0, 20, 0, 0, 0, 0, 0, 0, 0, 0, 0, 0, 0, 0, 0, 0, 0, 0, 0, 0, 0, 0, 0, 1000, 0, 0, 0, 0, 0, 0, 0, 0, 0, 0, 0, 0, 0, 0, 0, 0, 0, 0, 0, 0, 0, 0, 0, 0, 0, 1575, 0, -1, 0, 1000, 0, -1, 0, 0, 0, 0, -1, 0, -1, 0, 0, 0, 0, -1, 0, -1, 0, 0, 0, 0, -1, 0, -1, 0, 0, 0, 0, -1, 0, -1, 1, 0, 0, 0, 0, 0, 0, 0, 0, 0, 0, 0, 0, 0, 0, 0, 0, 0, 0, 0, 1, 'shop_racechange'),
(50607, 0, 15, 0, 'Race Change Token: Orc', 'Right click to use.', 30658, 1, 0, 1, 0, 0, 0, -1, -1, 0, 0, 0, 0, 0, 0, 0, 0, 0, 0, 20, 0, 0, 0, 0, 0, 0, 0, 0, 0, 0, 0, 0, 0, 0, 0, 0, 0, 0, 0, 0, 0, 1000, 0, 0, 0, 0, 0, 0, 0, 0, 0, 0, 0, 0, 0, 0, 0, 0, 0, 0, 0, 0, 0, 0, 0, 0, 0, 1575, 0, -1, 0, 1000, 0, -1, 0, 0, 0, 0, -1, 0, -1, 0, 0, 0, 0, -1, 0, -1, 0, 0, 0, 0, -1, 0, -1, 0, 0, 0, 0, -1, 0, -1, 1, 0, 0, 0, 0, 0, 0, 0, 0, 0, 0, 0, 0, 0, 0, 0, 0, 0, 0, 0, 1, 'shop_racechange'),
(50608, 0, 15, 0, 'Race Change Token: Troll', 'Right click to use.', 30658, 1, 0, 1, 0, 0, 0, -1, -1, 0, 0, 0, 0, 0, 0, 0, 0, 0, 0, 20, 0, 0, 0, 0, 0, 0, 0, 0, 0, 0, 0, 0, 0, 0, 0, 0, 0, 0, 0, 0, 0, 1000, 0, 0, 0, 0, 0, 0, 0, 0, 0, 0, 0, 0, 0, 0, 0, 0, 0, 0, 0, 0, 0, 0, 0, 0, 0, 1575, 0, -1, 0, 1000, 0, -1, 0, 0, 0, 0, -1, 0, -1, 0, 0, 0, 0, -1, 0, -1, 0, 0, 0, 0, -1, 0, -1, 0, 0, 0, 0, -1, 0, -1, 1, 0, 0, 0, 0, 0, 0, 0, 0, 0, 0, 0, 0, 0, 0, 0, 0, 0, 0, 0, 1, 'shop_racechange'),
(50609, 0, 15, 0, 'Race Change Token: Tauren', 'Right click to use.', 30658, 1, 0, 1, 0, 0, 0, -1, -1, 0, 0, 0, 0, 0, 0, 0, 0, 0, 0, 20, 0, 0, 0, 0, 0, 0, 0, 0, 0, 0, 0, 0, 0, 0, 0, 0, 0, 0, 0, 0, 0, 1000, 0, 0, 0, 0, 0, 0, 0, 0, 0, 0, 0, 0, 0, 0, 0, 0, 0, 0, 0, 0, 0, 0, 0, 0, 0, 1575, 0, -1, 0, 1000, 0, -1, 0, 0, 0, 0, -1, 0, -1, 0, 0, 0, 0, -1, 0, -1, 0, 0, 0, 0, -1, 0, -1, 0, 0, 0, 0, -1, 0, -1, 1, 0, 0, 0, 0, 0, 0, 0, 0, 0, 0, 0, 0, 0, 0, 0, 0, 0, 0, 0, 1, 'shop_racechange'),
(50610, 0, 15, 0, 'Race Change Token: Undead', 'Right click to use.', 30658, 1, 0, 1, 0, 0, 0, -1, -1, 0, 0, 0, 0, 0, 0, 0, 0, 0, 0, 20, 0, 0, 0, 0, 0, 0, 0, 0, 0, 0, 0, 0, 0, 0, 0, 0, 0, 0, 0, 0, 0, 1000, 0, 0, 0, 0, 0, 0, 0, 0, 0, 0, 0, 0, 0, 0, 0, 0, 0, 0, 0, 0, 0, 0, 0, 0, 0, 1575, 0, -1, 0, 1000, 0, -1, 0, 0, 0, 0, -1, 0, -1, 0, 0, 0, 0, -1, 0, -1, 0, 0, 0, 0, -1, 0, -1, 0, 0, 0, 0, -1, 0, -1, 1, 0, 0, 0, 0, 0, 0, 0, 0, 0, 0, 0, 0, 0, 0, 0, 0, 0, 0, 0, 1, 'shop_racechange'),
(50611, 0, 15, 0, 'Character: Change Gender', 'Right click to use.', 30658, 1, 0, 1, 0, 0, 0, -1, -1, 0, 0, 0, 0, 0, 0, 0, 0, 0, 0, 20, 0, 0, 0, 0, 0, 0, 0, 0, 0, 0, 0, 0, 0, 0, 0, 0, 0, 0, 0, 0, 0, 1000, 0, 0, 0, 0, 0, 0, 0, 0, 0, 0, 0, 0, 0, 0, 0, 0, 0, 0, 0, 0, 0, 0, 0, 0, 0, 1575, 0, -1, 0, 1000, 0, -1, 0, 0, 0, 0, -1, 0, -1, 0, 0, 0, 0, -1, 0, -1, 0, 0, 0, 0, -1, 0, -1, 0, 0, 0, 0, -1, 0, -1, 1, 0, 0, 0, 0, 0, 0, 0, 0, 0, 0, 0, 0, 0, 0, 0, 0, 0, 0, 0, 1, 'shop_changegender');

update creature_template set scale = 1.6 where entry = 80830;
update creature_template set scale = 1.3, faction = 29 where entry = 80831;

update item_template set sheath = 1 where entry = 80775;
update item_template set display_id = 1297 where entry = 30817;

-- Level 10 Alliance Weapons

replace into item_template values
 ('80500', '0', '2', '15', 'Fair Razor Knife', '', '40038', '2', '0', '1', '400', '125', '13', '12', '-1', '16',
 '10', '0', '0', '0', '0', '0', '269', '4', '0', '1', '0', '3', '2', '0', '0',
 '0', '0', '0', '0', '0', '0', '0', '0', '0', '0', '0', '0', '0', '0', '0', '0', '1400', '0',
 '0', '8', '15', '0', '0', '0', '0', '0', '0', '0', '0', '0', '0', '0', '0', '0', '0', '0', '0', '0', '0',
 '0', '0', '0', '0', '0', '0', '0', '-1', '0', '-1', '0', '0', '0', '0', '-1', '0', '-1', '0', '0',
 '0', '0', '-1', '0', '-1', '0', '0', '0', '0', '-1', '0', '-1', '0', '0', '0', '0', '-1', '0',
 '-1', '1', '0', '0', '0', '0', '0', '1', '3', '0', '0', '35', '0', '0', '0', '0', '0', '0', '0', '0',
 '0', '1', NULL);
replace into item_template values
 ('80501', '0', '2', '15', 'Encrusted Ceremonial Dagger', '', '40039', '2', '0', '1', '400', '125', '21', '1424', '-1', '16',
 '10', '0', '0', '0', '0', '0', '269', '4', '0', '1', '0', '5', '2', '0', '0',
 '0', '0', '0', '0', '0', '0', '0', '0', '0', '0', '0', '0', '0', '0', '0', '0', '1400', '0',
 '0', '8', '15', '0', '0', '0', '0', '0', '0', '0', '0', '0', '0', '0', '0', '0', '0', '0', '0', '0', '0',
 '0', '0', '0', '0', '0', '0', '0', '-1', '0', '-1', '0', '0', '0', '0', '-1', '0', '-1', '0', '0',
 '0', '0', '-1', '0', '-1', '0', '0', '0', '0', '-1', '0', '-1', '0', '0', '0', '0', '-1', '0',
 '-1', '1', '0', '0', '0', '0', '0', '1', '3', '0', '0', '35', '0', '0', '0', '0', '0', '0', '0', '0',
 '0', '1', NULL);
 replace into item_template values
 ('80502', '0', '2', '7', 'Sturdy Broadsword', '', '33220', '2', '0', '1', '400', '125', '13', '11', '-1', '16',
 '10', '0', '0', '0', '0', '0', '0', '0', '0', '1', '0', '0', '0', '0', '0',
 '0', '0', '0', '0', '0', '0', '0', '0', '0', '0', '0', '0', '0', '0', '0', '0', '2100', '0',
 '0', '13', '21', '0', '0', '0', '0', '0', '0', '0', '0', '0', '0', '0', '0', '0', '0', '0', '0', '0', '0',
 '0', '0', '0', '9137', '1', '0', '0', '-1', '0', '-1', '0', '0', '0', '0', '-1', '0', '-1', '0', '0',
 '0', '0', '-1', '0', '-1', '0', '0', '0', '0', '-1', '0', '-1', '0', '0', '0', '0', '-1', '0',
 '-1', '1', '0', '0', '0', '0', '0', '1', '3', '0', '0', '50', '0', '0', '0', '0', '0', '0', '0', '0',
 '0', '1', NULL);
 replace into item_template values
 ('80503', '0', '2', '8', 'Sun Tracery Claymore', '', '36254', '2', '0', '1', '600', '150', '17', '3', '-1', '16',
 '10', '0', '0', '0', '0', '0', '269', '4', '0', '1', '0', '4', '5', '0', '0',
 '0', '0', '0', '0', '0', '0', '0', '0', '0', '0', '0', '0', '0', '0', '0', '0', '2800', '0',
 '0', '24', '36', '0', '0', '0', '0', '0', '0', '0', '0', '0', '0', '0', '0', '0', '0', '0', '0', '0', '0',
 '0', '0', '0', '0', '0', '0', '0', '-1', '0', '-1', '0', '0', '0', '0', '-1', '0', '-1', '0', '0',
 '0', '0', '-1', '0', '-1', '0', '0', '0', '0', '-1', '0', '-1', '0', '0', '0', '0', '-1', '0',
 '-1', '1', '0', '0', '0', '0', '0', '1', '1', '0', '0', '55', '0', '0', '0', '0', '0', '0', '0', '0',
 '0', '1', NULL);
 replace into item_template values
 ('80504', '0', '2', '6', 'Cuirassier Impaler', '', '37410', '2', '0', '1', '600', '150', '17', '7', '-1', '16',
 '10', '0', '0', '0', '0', '0', '269', '4', '0', '1', '0', '0', '0', '0', '0',
 '0', '0', '0', '0', '0', '0', '0', '0', '0', '0', '0', '0', '0', '0', '0', '0', '2500', '0',
 '0', '21', '33', '0', '0', '0', '0', '0', '0', '0', '0', '0', '0', '0', '0', '0', '0', '0', '0', '0', '0',
 '0', '0', '0', '9140', '1', '0', '0', '-1', '0', '-1', '0', '0', '0', '0', '-1', '0', '-1', '0', '0',
 '0', '0', '-1', '0', '-1', '0', '0', '0', '0', '-1', '0', '-1', '0', '0', '0', '0', '-1', '0',
 '-1', '1', '0', '0', '0', '0', '0', '1', '2', '0', '0', '55', '0', '0', '0', '0', '0', '0', '0', '0',
 '0', '1', NULL);
 replace into item_template values
 ('80505', '0', '2', '14', 'Tome of Basic Invocations', '', '31138', '2', '0', '1', '400', '150', '23', '1424', '-1', '16',
 '10', '0', '0', '0', '0', '0', '269', '4', '0', '1', '0', '5', '3', '0', '0',
 '0', '0', '0', '0', '0', '0', '0', '0', '0', '0', '0', '0', '0', '0', '0', '0', '0', '0',
 '0', '0', '0', '0', '0', '0', '0', '0', '0', '0', '0', '0', '0', '0', '0', '0', '0', '0', '0', '0', '0',
 '0', '0', '0', '0', '0', '0', '0', '-1', '0', '-1', '0', '0', '0', '0', '-1', '0', '-1', '0', '0',
 '0', '0', '-1', '0', '-1', '0', '0', '0', '0', '-1', '0', '-1', '0', '0', '0', '0', '-1', '0',
 '-1', '1', '0', '0', '0', '0', '0', '8', '6', '0', '0', '0', '0', '0', '0', '0', '0', '0', '0', '0',
 '0', '1', NULL);
 replace into item_template values
 ('80506', '0', '2', '10', 'Gold-trimmed Staff', '', '40048', '2', '0', '1', '600', '150', '17', '1424', '-1', '16',
 '10', '0', '0', '0', '0', '0', '0', '0', '0', '1', '0', '5', '5', '0', '0',
 '0', '0', '0', '0', '0', '0', '0', '0', '0', '0', '0', '0', '0', '0', '0', '0', '2500', '0',
 '0', '21', '33', '0', '0', '0', '0', '0', '0', '0', '0', '0', '0', '0', '0', '0', '0', '0', '0', '0', '0',
 '0', '0', '0', '0', '0', '0', '0', '-1', '0', '-1', '0', '0', '0', '0', '-1', '0', '-1', '0', '0',
 '0', '0', '-1', '0', '-1', '0', '0', '0', '0', '-1', '0', '-1', '0', '0', '0', '0', '-1', '0',
 '-1', '1', '0', '0', '0', '0', '0', '0', '1', '0', '0', '0', '0', '0', '0', '0', '0', '0', '0', '0',
 '0', '1', NULL);
 replace into item_template values
 ('80507', '0', '4', '6', 'Crested Golden Shield', '', '40070', '2', '0', '1', '400', '150', '14', '3', '-1', '16',
 '10', '0', '0', '0', '0', '0', '269', '4', '0', '1', '0', '7', '3', '0', '0',
 '0', '0', '0', '0', '0', '0', '0', '0', '0', '0', '0', '0', '0', '0', '0', '0', '0', '0',
 '0', '0', '0', '0', '0', '0', '0', '0', '0', '0', '0', '0', '0', '0', '0', '0', '6', '345', '0', '0', '0',
 '0', '0', '0', '0', '0', '0', '0', '-1', '0', '-1', '0', '0', '0', '0', '-1', '0', '-1', '0', '0',
 '0', '0', '-1', '0', '-1', '0', '0', '0', '0', '-1', '0', '-1', '0', '0', '0', '0', '-1', '0',
 '-1', '1', '0', '0', '0', '0', '0', '1', '4', '0', '0', '55', '0', '0', '0', '0', '0', '0', '0', '0',
 '0', '1', NULL);
 replace into item_template values
 ('80508', '0', '2', '19', 'Scribe\'s Ceremonial Staff', '', '40047', '2', '0', '1', '400', '150', '15', '400', '-1', '16',
 '10', '0', '0', '0', '0', '0', '269', '4', '0', '1', '0', '0', '0', '0', '0',
 '0', '0', '0', '0', '0', '0', '0', '0', '0', '0', '0', '0', '0', '0', '0', '0', '1400', '0',
 '0', '11', '22', '6', '0', '0', '0', '0', '0', '0', '0', '0', '0', '0', '0', '0', '0', '0', '0', '0', '0',
 '0', '0', '0', '0', '0', '0', '0', '-1', '0', '-1', '0', '0', '0', '0', '-1', '0', '-1', '0', '0',
 '0', '0', '-1', '0', '-1', '0', '0', '0', '0', '-1', '0', '-1', '0', '0', '0', '0', '-1', '0',
 '-1', '1', '0', '0', '0', '0', '0', '2', '6', '0', '0', '35', '0', '0', '0', '0', '0', '0', '0', '0',
 '0', '1', NULL);
 replace into item_template values
 ('80509', '0', '2', '2', 'Well-balanced Short Bow', '', '40053', '2', '0', '1', '400', '150', '15', '13', '-1', '16',
 '10', '0', '0', '0', '0', '0', '269', '3', '0', '1', '0', '0', '0', '0', '0',
 '0', '0', '0', '0', '0', '0', '0', '0', '0', '0', '0', '0', '0', '0', '0', '0', '1700', '100',
 '2', '8', '15', '0', '0', '0', '0', '0', '0', '0', '0', '0', '0', '0', '0', '0', '0', '0', '0', '0', '0',
 '0', '0', '0', '0', '0', '0', '0', '-1', '0', '-1', '0', '0', '0', '0', '-1', '0', '-1', '0', '0',
 '0', '0', '-1', '0', '-1', '0', '0', '0', '0', '-1', '0', '-1', '0', '0', '0', '0', '-1', '0',
 '-1', '1', '0', '0', '0', '0', '0', '2', '1', '0', '0', '40', '0', '0', '0', '0', '0', '0', '0', '0',
 '0', '1', NULL);
 replace into item_template values
 ('80510', '0', '2', '4', 'Gold-Trimmed Scepter', '', '40042', '2', '0', '1', '400', '150', '13', '1035', '-1', '16',
 '10', '0', '0', '0', '0', '0', '269', '4', '0', '1', '0', '4', '2', '0', '0',
 '0', '0', '0', '0', '0', '0', '0', '0', '0', '0', '0', '0', '0', '0', '0', '0', '2400', '0',
 '0', '13', '26', '0', '0', '0', '0', '0', '0', '0', '0', '0', '0', '0', '0', '0', '0', '0', '0', '0', '0',
 '0', '0', '0', '0', '0', '0', '0', '-1', '0', '-1', '0', '0', '0', '0', '-1', '0', '-1', '0', '0',
 '0', '0', '-1', '0', '-1', '0', '0', '0', '0', '-1', '0', '-1', '0', '0', '0', '0', '-1', '0',
 '-1', '1', '0', '0', '0', '0', '0', '1', '3', '0', '0', '50', '0', '0', '0', '0', '0', '0', '0', '0',
 '0', '1', NULL);
 replace into item_template values
 ('80511', '0', '2', '5', 'Silver-Trimmed Mace', '', '40046', '2', '0', '1', '600', '150', '17', '1027', '-1', '16',
 '10', '0', '0', '0', '0', '0', '269', '4', '0', '1', '0', '4', '5', '0', '0',
 '0', '0', '0', '0', '0', '0', '0', '0', '0', '0', '0', '0', '0', '0', '0', '0', '2700', '0',
 '0', '23', '35', '0', '0', '0', '0', '0', '0', '0', '0', '0', '0', '0', '0', '0', '0', '0', '0', '0', '0',
 '0', '0', '0', '0', '0', '0', '0', '-1', '0', '-1', '0', '0', '0', '0', '-1', '0', '-1', '0', '0',
 '0', '0', '-1', '0', '-1', '0', '0', '0', '0', '-1', '0', '-1', '0', '0', '0', '0', '-1', '0',
 '-1', '1', '0', '0', '0', '0', '0', '1', '1', '0', '0', '55', '0', '0', '0', '0', '0', '0', '0', '0',
 '0', '1', NULL);
 replace into item_template values
 ('80512', '0', '2', '0', 'Remarkable Razored Hatchet', '', '40036', '2', '0', '1', '400', '150', '13', '7', '-1', '16',
 '10', '0', '0', '0', '0', '0', '269', '4', '0', '1', '0', '4', '2', '0', '0',
 '0', '0', '0', '0', '0', '0', '0', '0', '0', '0', '0', '0', '0', '0', '0', '0', '2400', '0',
 '0', '13', '26', '0', '0', '0', '0', '0', '0', '0', '0', '0', '0', '0', '0', '0', '0', '0', '0', '0', '0',
 '0', '0', '0', '0', '0', '0', '0', '-1', '0', '-1', '0', '0', '0', '0', '-1', '0', '-1', '0', '0',
 '0', '0', '-1', '0', '-1', '0', '0', '0', '0', '-1', '0', '-1', '0', '0', '0', '0', '-1', '0',
 '-1', '1', '0', '0', '0', '0', '0', '1', '3', '0', '0', '50', '0', '0', '0', '0', '0', '0', '0', '0',
 '0', '1', NULL);
 replace into item_template values
 ('80513', '0', '2', '1', 'Elegant Broad Axe', '', '33233', '2', '0', '1', '600', '150', '17', '7', '-1', '16',
 '10', '0', '0', '0', '0', '0', '269', '4', '0', '1', '0', '4', '5', '0', '0',
 '0', '0', '0', '0', '0', '0', '0', '0', '0', '0', '0', '0', '0', '0', '0', '0', '2700', '0',
 '0', '23', '35', '0', '0', '0', '0', '0', '0', '0', '0', '0', '0', '0', '0', '0', '0', '0', '0', '0', '0',
 '0', '0', '0', '0', '0', '0', '0', '-1', '0', '-1', '0', '0', '0', '0', '-1', '0', '-1', '0', '0',
 '0', '0', '-1', '0', '-1', '0', '0', '0', '0', '-1', '0', '-1', '0', '0', '0', '0', '-1', '0',
 '-1', '1', '0', '0', '0', '0', '0', '1', '1', '0', '0', '55', '0', '0', '0', '0', '0', '0', '0', '0',
 '0', '1', NULL);
 replace into item_template values
 ('80514', '0', '2', '10', 'Hardened Root Staff', '', '20330', '2', '0', '1', '600', '150', '17', '1029', '-1', '36',
 '30', '0', '0', '0', '0', '0', '269', '4', '0', '1', '0', '7', '5', '0', '0',
 '0', '0', '0', '0', '0', '0', '0', '0', '0', '0', '0', '0', '0', '0', '0', '0', '2800', '0',
 '0', '24', '36', '0', '0', '0', '0', '0', '0', '0', '0', '0', '0', '0', '0', '0', '0', '0', '0', '0', '0',
 '0', '0', '0', '0', '0', '0', '0', '-1', '0', '-1', '0', '0', '0', '0', '-1', '0', '-1', '0', '0',
 '0', '0', '-1', '0', '-1', '0', '0', '0', '0', '-1', '0', '-1', '0', '0', '0', '0', '-1', '0',
 '-1', '1', '0', '0', '0', '0', '0', '2', '2', '0', '0', '55', '0', '0', '0', '0', '0', '0', '0', '0',
 '0', '1', NULL);
 
-- Level 10 Horde Weapons
 
 replace into item_template values
 ('80600', '0', '2', '15', 'Crude Sharp Shiv', '', '50525', '2', '0', '1', '400', '125', '13', '77', '-1', '16',
 '10', '0', '0', '0', '0', '0', '893', '4', '0', '1', '0', '3', '2', '0', '0',
 '0', '0', '0', '0', '0', '0', '0', '0', '0', '0', '0', '0', '0', '0', '0', '0', '1400', '0',
 '0', '8', '15', '0', '0', '0', '0', '0', '0', '0', '0', '0', '0', '0', '0', '0', '0', '0', '0', '0', '0',
 '0', '0', '0', '0', '0', '0', '0', '-1', '0', '-1', '0', '0', '0', '0', '-1', '0', '-1', '0', '0',
 '0', '0', '-1', '0', '-1', '0', '0', '0', '0', '-1', '0', '-1', '0', '0', '0', '0', '-1', '0',
 '-1', '1', '0', '0', '0', '0', '0', '1', '3', '0', '0', '35', '0', '0', '0', '0', '0', '0', '0', '0',
 '0', '1', NULL);
 replace into item_template values
 ('80601', '0', '2', '15', 'Runescribed Dagger', '', '50529', '2', '0', '1', '400', '125', '21', '1488', '-1', '16',
 '10', '0', '0', '0', '0', '0', '893', '4', '0', '1', '0', '5', '2', '0', '0',
 '0', '0', '0', '0', '0', '0', '0', '0', '0', '0', '0', '0', '0', '0', '0', '0', '1400', '0',
 '0', '8', '15', '0', '0', '0', '0', '0', '0', '0', '0', '0', '0', '0', '0', '0', '0', '0', '0', '0', '0',
 '0', '0', '0', '0', '0', '0', '0', '-1', '0', '-1', '0', '0', '0', '0', '-1', '0', '-1', '0', '0',
 '0', '0', '-1', '0', '-1', '0', '0', '0', '0', '-1', '0', '-1', '0', '0', '0', '0', '-1', '0',
 '-1', '1', '0', '0', '0', '0', '0', '0', '1', '0', '0', '0', '0', '0', '0', '0', '0', '0', '0', '0',
 '0', '1', NULL);
 replace into item_template values
 ('80602', '0', '2', '4', 'Heavy Smasher', '', '50544', '2', '0', '1', '400', '125', '13', '1033', '-1', '16',
 '10', '0', '0', '0', '0', '0', '893', '4', '0', '1', '0', '4', '2', '0', '0',
 '0', '0', '0', '0', '0', '0', '0', '0', '0', '0', '0', '0', '0', '0', '0', '0', '2400', '0',
 '0', '13', '26', '0', '0', '0', '0', '0', '0', '0', '0', '0', '0', '0', '0', '0', '0', '0', '0', '0', '0',
 '0', '0', '0', '0', '0', '0', '0', '-1', '0', '-1', '0', '0', '0', '0', '-1', '0', '-1', '0', '0',
 '0', '0', '-1', '0', '-1', '0', '0', '0', '0', '-1', '0', '-1', '0', '0', '0', '0', '-1', '0',
 '-1', '1', '0', '0', '0', '0', '0', '1', '3', '0', '0', '50', '0', '0', '0', '0', '0', '0', '0', '0',
 '0', '1', NULL);
 replace into item_template values
 ('80603', '0', '2', '5', 'Bonesplashing Maul', '', '1243', '2', '0', '1', '600', '150', '17', '1025', '-1', '16',
 '10', '0', '0', '0', '0', '0', '893', '4', '0', '1', '0', '4', '5', '0', '0',
 '0', '0', '0', '0', '0', '0', '0', '0', '0', '0', '0', '0', '0', '0', '0', '0', '2700', '0',
 '0', '23', '35', '0', '0', '0', '0', '0', '0', '0', '0', '0', '0', '0', '0', '0', '0', '0', '0', '0', '0',
 '0', '0', '0', '0', '0', '0', '0', '-1', '0', '-1', '0', '0', '0', '0', '-1', '0', '-1', '0', '0',
 '0', '0', '-1', '0', '-1', '0', '0', '0', '0', '-1', '0', '-1', '0', '0', '0', '0', '-1', '0',
 '-1', '1', '0', '0', '0', '0', '0', '1', '1', '0', '0', '55', '0', '0', '0', '0', '0', '0', '0', '0',
 '0', '1', NULL);
 replace into item_template values
 ('80604', '0', '2', '0', 'Bearded Hatchet', '', '50480', '2', '0', '1', '400', '125', '13', '5', '-1', '16',
 '10', '0', '0', '0', '0', '0', '893', '4', '0', '1', '0', '4', '2', '0', '0',
 '0', '0', '0', '0', '0', '0', '0', '0', '0', '0', '0', '0', '0', '0', '0', '0', '2400', '0',
 '0', '13', '26', '0', '0', '0', '0', '0', '0', '0', '0', '0', '0', '0', '0', '0', '0', '0', '0', '0', '0',
 '0', '0', '0', '0', '0', '0', '0', '-1', '0', '-1', '0', '0', '0', '0', '-1', '0', '-1', '0', '0',
 '0', '0', '-1', '0', '-1', '0', '0', '0', '0', '-1', '0', '-1', '0', '0', '0', '0', '-1', '0',
 '-1', '1', '0', '0', '0', '0', '0', '1', '3', '0', '0', '50', '0', '0', '0', '0', '0', '0', '0', '0',
 '0', '1', NULL);
 replace into item_template values
 ('80605', '0', '2', '1', 'Heavy Revantusk War Axe', '', '50485', '2', '0', '1', '600', '150', '17', '5', '-1', '16',
 '10', '0', '0', '0', '0', '0', '0', '0', '0', '1', '0', '4', '5', '0', '0',
 '0', '0', '0', '0', '0', '0', '0', '0', '0', '0', '0', '0', '0', '0', '0', '0', '2700', '0',
 '0', '23', '35', '0', '0', '0', '0', '0', '0', '0', '0', '0', '0', '0', '0', '0', '0', '0', '0', '0', '0',
 '0', '0', '0', '0', '0', '0', '0', '-1', '0', '-1', '0', '0', '0', '0', '-1', '0', '-1', '0', '0',
 '0', '0', '-1', '0', '-1', '0', '0', '0', '0', '-1', '0', '-1', '0', '0', '0', '0', '-1', '0',
 '-1', '1', '0', '0', '0', '0', '0', '1', '1', '0', '0', '50', '0', '0', '0', '0', '0', '0', '0', '0',
 '0', '1', NULL);
 replace into item_template values
 ('80606', '0', '2', '7', 'Flesh Cutter', '', '50511', '2', '0', '1', '400', '125', '13', '13', '-1', '16',
 '10', '0', '0', '0', '0', '0', '893', '4', '0', '1', '0', '0', '0', '0', '0',
 '0', '0', '0', '0', '0', '0', '0', '0', '0', '0', '0', '0', '0', '0', '0', '0', '2100', '0',
 '0', '12', '22', '0', '0', '0', '0', '0', '0', '0', '0', '0', '0', '0', '0', '0', '0', '0', '0', '0', '0',
 '0', '0', '0', '9137', '1', '0', '0', '-1', '0', '-1', '0', '0', '0', '0', '-1', '0', '-1', '0', '0',
 '0', '0', '-1', '0', '-1', '0', '0', '0', '0', '-1', '0', '-1', '0', '0', '0', '0', '-1', '0',
 '-1', '1', '0', '0', '0', '0', '0', '1', '3', '0', '0', '50', '0', '0', '0', '0', '0', '0', '0', '0',
 '0', '1', NULL);
 replace into item_template values
 ('80607', '0', '2', '8', 'Crude Sharp Claymore', '', '50522', '2', '0', '1', '600', '125', '17', '5', '-1', '16',
 '10', '0', '0', '0', '0', '0', '893', '4', '0', '1', '0', '0', '0', '0', '0',
 '0', '0', '0', '0', '0', '0', '0', '0', '0', '0', '0', '0', '0', '0', '0', '0', '2800', '0',
 '0', '24', '36', '0', '0', '0', '0', '0', '0', '0', '0', '0', '0', '0', '0', '0', '0', '0', '0', '0', '0',
 '0', '0', '0', '9140', '1', '0', '0', '-1', '0', '-1', '0', '0', '0', '0', '-1', '0', '-1', '0', '0',
 '0', '0', '-1', '0', '-1', '0', '0', '0', '0', '-1', '0', '-1', '0', '0', '0', '0', '-1', '0',
 '-1', '1', '0', '0', '0', '0', '0', '1', '1', '0', '0', '55', '0', '0', '0', '0', '0', '0', '0', '0',
 '0', '1', NULL);
 replace into item_template values
 ('80608', '0', '2', '6', 'Gnarled Spear', '', '1733', '2', '0', '1', '600', '150', '17', '5', '-1', '16',
 '10', '0', '0', '0', '0', '0', '893', '4', '0', '1', '0', '0', '0', '0', '0',
 '0', '0', '0', '0', '0', '0', '0', '0', '0', '0', '0', '0', '0', '0', '0', '0', '2500', '0',
 '0', '21', '33', '0', '0', '0', '0', '0', '0', '0', '0', '0', '0', '0', '0', '0', '0', '0', '0', '0', '0',
 '0', '0', '0', '9140', '1', '0', '0', '-1', '0', '-1', '0', '0', '0', '0', '-1', '0', '-1', '0', '0',
 '0', '0', '-1', '0', '-1', '0', '0', '0', '0', '-1', '0', '-1', '0', '0', '0', '0', '-1', '0',
 '-1', '1', '0', '0', '0', '0', '0', '1', '2', '0', '0', '55', '0', '0', '0', '0', '0', '0', '0', '0',
 '0', '1', NULL);
 replace into item_template values
 ('80609', '0', '4', '0', 'Book of Invocation', '', '31138', '2', '0', '1', '400', '125', '23', '1488', '-1', '16',
 '10', '0', '0', '0', '0', '0', '893', '4', '0', '1', '0', '5', '3', '0', '0',
 '0', '0', '0', '0', '0', '0', '0', '0', '0', '0', '0', '0', '0', '0', '0', '0', '0', '0',
 '0', '0', '0', '0', '0', '0', '0', '0', '0', '0', '0', '0', '0', '0', '0', '0', '0', '0', '0', '0', '0',
 '0', '0', '0', '0', '0', '0', '0', '-1', '0', '-1', '0', '0', '0', '0', '-1', '0', '-1', '0', '0',
 '0', '0', '-1', '0', '-1', '0', '0', '0', '0', '-1', '0', '-1', '0', '0', '0', '0', '-1', '0',
 '-1', '1', '0', '0', '0', '0', '0', '8', '6', '0', '0', '0', '0', '0', '0', '0', '0', '0', '0', '0',
 '0', '1', NULL);
 replace into item_template values
 ('80610', '0', '2', '10', 'Bronze Bound Staff', '', '50567', '2', '0', '1', '600', '150', '17', '1488', '-1', '16',
 '10', '0', '0', '0', '0', '0', '893', '4', '0', '1', '0', '5', '5', '0', '0',
 '0', '0', '0', '0', '0', '0', '0', '0', '0', '0', '0', '0', '0', '0', '0', '0', '2500', '0',
 '0', '21', '33', '0', '0', '0', '0', '0', '0', '0', '0', '0', '0', '0', '0', '0', '0', '0', '0', '0', '0',
 '0', '0', '0', '0', '0', '0', '0', '-1', '0', '-1', '0', '0', '0', '0', '-1', '0', '-1', '0', '0',
 '0', '0', '-1', '0', '-1', '0', '0', '0', '0', '-1', '0', '-1', '0', '0', '0', '0', '-1', '0',
 '-1', '1', '0', '0', '0', '0', '0', '1', '2', '0', '0', '55', '0', '0', '0', '0', '0', '0', '0', '0',
 '0', '1', NULL);
 replace into item_template values
 ('80611', '0', '4', '6', 'Round Bronzeplated Targe', '', '50562', '2', '0', '1', '400', '125', '14', '65', '-1', '16',
 '10', '0', '0', '0', '0', '0', '893', '4', '0', '1', '0', '7', '3', '0', '0',
 '0', '0', '0', '0', '0', '0', '0', '0', '0', '0', '0', '0', '0', '0', '0', '0', '0', '0',
 '0', '0', '0', '0', '0', '0', '0', '0', '0', '0', '0', '0', '0', '0', '0', '0', '6', '345', '0', '0', '0',
 '0', '0', '0', '0', '0', '0', '0', '-1', '0', '-1', '0', '0', '0', '0', '-1', '0', '-1', '0', '0',
 '0', '0', '-1', '0', '-1', '0', '0', '0', '0', '-1', '0', '-1', '0', '0', '0', '0', '-1', '0',
 '-1', '1', '0', '0', '0', '0', '0', '1', '4', '0', '0', '55', '0', '0', '0', '0', '0', '0', '0', '0',
 '0', '1', NULL);
 replace into item_template values
 ('80612', '0', '2', '19', 'Scribing Stick', '', '50568', '2', '0', '1', '400', '150', '15', '400', '-1', '16',
 '10', '0', '0', '0', '0', '0', '893', '4', '0', '1', '0', '0', '0', '0', '0',
 '0', '0', '0', '0', '0', '0', '0', '0', '0', '0', '0', '0', '0', '0', '0', '0', '1400', '100',
 '0', '11', '22', '6', '0', '0', '0', '0', '0', '0', '0', '0', '0', '0', '0', '0', '0', '0', '0', '0', '0',
 '0', '0', '0', '0', '0', '0', '0', '-1', '0', '-1', '0', '0', '0', '0', '-1', '0', '-1', '0', '0',
 '0', '0', '-1', '0', '-1', '0', '0', '0', '0', '-1', '0', '-1', '0', '0', '0', '0', '-1', '0',
 '-1', '1', '0', '0', '0', '0', '0', '2', '6', '0', '0', '35', '0', '0', '0', '0', '0', '0', '0', '0',
 '0', '1', NULL);
 replace into item_template values
 ('80613', '0', '2', '2', 'Sturdy Short Bow', '', '50488', '2', '0', '1', '400', '150', '15', '13', '-1', '16',
 '10', '0', '0', '0', '0', '0', '893', '4', '0', '1', '0', '0', '0', '0', '0',
 '0', '0', '0', '0', '0', '0', '0', '0', '0', '0', '0', '0', '0', '0', '0', '0', '1700', '100',
 '2', '7', '14', '0', '0', '0', '0', '0', '0', '0', '0', '0', '0', '0', '0', '0', '0', '0', '0', '0', '0',
 '0', '0', '0', '0', '0', '0', '0', '-1', '0', '-1', '0', '0', '0', '0', '-1', '0', '-1', '0', '0',
 '0', '0', '-1', '0', '-1', '0', '0', '0', '0', '-1', '0', '-1', '0', '0', '0', '0', '-1', '0',
 '-1', '1', '0', '0', '0', '0', '0', '2', '1', '0', '0', '40', '0', '0', '0', '0', '0', '0', '0', '0',
 '0', '1', NULL);
 replace into item_template values
 ('80614', '0', '2', '10', 'Withered Root Staff', '', '20330', '2', '0', '1', '600', '150', '17', '1093', '-1', '36',
 '30', '0', '0', '0', '0', '0', '893', '4', '0', '1', '0', '7', '5', '0', '0',
 '0', '0', '0', '0', '0', '0', '0', '0', '0', '0', '0', '0', '0', '0', '0', '0', '2800', '0',
 '0', '24', '36', '0', '0', '0', '0', '0', '0', '0', '0', '0', '0', '0', '0', '0', '0', '0', '0', '0', '0',
 '0', '0', '0', '0', '0', '0', '0', '-1', '0', '-1', '0', '0', '0', '0', '-1', '0', '-1', '0', '0',
 '0', '0', '-1', '0', '-1', '0', '0', '0', '0', '-1', '0', '-1', '0', '0', '0', '0', '-1', '0',
 '-1', '1', '0', '0', '0', '0', '0', '2', '2', '0', '0', '55', '0', '0', '0', '0', '0', '0', '0', '0',
 '0', '1', NULL);
 
-- Level 30 Alliance Weapons
 
 replace into item_template values
 ('80515', '0', '2', '15', 'Long Subtle Needler', '', '5928', '3', '0', '1', '2000', '500', '13', '13', '-1', '36',
 '30', '0', '0', '0', '0', '0', '269', '5', '0', '1', '0', '3', '6', '7', '4',
 '0', '0', '0', '0', '0', '0', '0', '0', '0', '0', '0', '0', '0', '0', '0', '0', '1400', '0',
 '0', '23', '44', '0', '0', '0', '0', '0', '0', '0', '0', '0', '0', '0', '0', '0', '0', '0', '0', '0', '0',
 '0', '0', '0', '0', '0', '0', '0', '-1', '0', '-1', '0', '0', '0', '0', '-1', '0', '-1', '0', '0',
 '0', '0', '-1', '0', '-1', '0', '0', '0', '0', '-1', '0', '-1', '0', '0', '0', '0', '-1', '0',
 '-1', '1', '0', '0', '0', '0', '0', '1', '3', '0', '0', '65', '0', '0', '0', '0', '0', '0', '0', '0',
 '0', '1', NULL);
 replace into item_template values
 ('80516', '0', '2', '15', 'Curved Rite Broadknife', '', '5928', '3', '0', '1', '2000', '500', '21', '1424', '-1', '36',
 '30', '0', '0', '0', '0', '0', '269', '5', '0', '1', '0', '5', '4', '0', '0',
 '0', '0', '0', '0', '0', '0', '0', '0', '0', '0', '0', '0', '0', '0', '0', '0', '1400', '0',
 '0', '23', '44', '0', '0', '0', '0', '0', '0', '0', '0', '0', '0', '0', '0', '0', '0', '0', '0', '0', '0',
 '0', '0', '0', '9397', '1', '0', '0', '-1', '0', '-1', '0', '0', '0', '0', '-1', '0', '-1', '0', '0',
 '0', '0', '-1', '0', '-1', '0', '0', '0', '0', '-1', '0', '-1', '0', '0', '0', '0', '-1', '0',
 '-1', '1', '0', '0', '0', '0', '0', '1', '3', '0', '0', '65', '0', '0', '0', '0', '0', '0', '0', '0',
 '0', '1', NULL);
 replace into item_template values
 ('80517', '0', '2', '4', 'Shinbreaker', '', '5928', '3', '0', '1', '2000', '500', '13', '11', '-1', '36',
 '30', '0', '0', '0', '0', '0', '269', '5', '0', '1', '0', '4', '7', '7', '3',
 '0', '0', '0', '0', '0', '0', '0', '0', '0', '0', '0', '0', '0', '0', '0', '0', '2600', '0',
 '0', '43', '82', '0', '0', '0', '0', '0', '0', '0', '0', '0', '0', '0', '0', '0', '0', '0', '0', '0', '0',
 '0', '0', '0', '0', '0', '0', '0', '-1', '0', '-1', '0', '0', '0', '0', '-1', '0', '-1', '0', '0',
 '0', '0', '-1', '0', '-1', '0', '0', '0', '0', '-1', '0', '-1', '0', '0', '0', '0', '-1', '0',
 '-1', '1', '0', '0', '0', '0', '0', '1', '3', '0', '0', '90', '0', '0', '0', '0', '0', '0', '0', '0',
 '0', '1', NULL);
 replace into item_template values
 ('80518', '0', '2', '5', 'Bulky Bonebreaker', '', '5928', '3', '0', '1', '3000', '750', '17', '1027', '-1', '36',
 '30', '0', '0', '0', '0', '0', '269', '5', '0', '1', '0', '4', '16', '7', '10',
 '0', '0', '0', '0', '0', '0', '0', '0', '0', '0', '0', '0', '0', '0', '0', '0', '3100', '0',
 '0', '77', '117', '0', '0', '0', '0', '0', '0', '0', '0', '0', '0', '0', '0', '0', '0', '0', '0', '0', '0',
 '0', '0', '0', '0', '0', '0', '0', '-1', '0', '-1', '0', '0', '0', '0', '-1', '0', '-1', '0', '0',
 '0', '0', '-1', '0', '-1', '0', '0', '0', '0', '-1', '0', '-1', '0', '0', '0', '0', '-1', '0',
 '-1', '1', '0', '0', '0', '0', '0', '1', '1', '0', '0', '100', '0', '0', '0', '0', '0', '0', '0', '0',
 '0', '1', NULL);
 replace into item_template values
 ('80519', '0', '2', '4', 'Consecrated Scepter', '', '5928', '3', '0', '1', '2000', '500', '21', '1042', '-1', '36',
 '30', '0', '0', '0', '0', '0', '269', '5', '0', '1', '0', '5', '4', '0', '0',
 '0', '0', '0', '0', '0', '0', '0', '0', '0', '0', '0', '0', '0', '0', '0', '0', '2400', '0',
 '0', '40', '75', '0', '0', '0', '0', '0', '0', '0', '0', '0', '0', '0', '0', '0', '0', '0', '0', '0', '0',
 '0', '0', '0', '7680', '1', '0', '0', '-1', '0', '-1', '0', '0', '0', '0', '-1', '0', '-1', '0', '0',
 '0', '0', '-1', '0', '-1', '0', '0', '0', '0', '-1', '0', '-1', '0', '0', '0', '0', '-1', '0',
 '-1', '1', '0', '0', '0', '0', '0', '1', '3', '0', '0', '90', '0', '0', '0', '0', '0', '0', '0', '0',
 '0', '1', NULL);
 replace into item_template values
 ('80520', '0', '2', '8', 'Longbladed Amputator', '', '5928', '3', '0', '1', '3000', '750', '17', '7', '-1', '36',
 '30', '0', '0', '0', '0', '0', '269', '5', '0', '1', '0', '7', '10', '0', '0',
 '0', '0', '0', '0', '0', '0', '0', '0', '0', '0', '0', '0', '0', '0', '0', '0', '2900', '0',
 '0', '73', '108', '0', '0', '0', '0', '0', '0', '0', '0', '0', '0', '0', '0', '0', '0', '0', '0', '0', '0',
 '0', '0', '0', '15807', '1', '0', '0', '-1', '0', '-1', '0', '0', '0', '0', '-1', '0', '-1', '0', '0',
 '0', '0', '-1', '0', '-1', '0', '0', '0', '0', '-1', '0', '-1', '0', '0', '0', '0', '-1', '0',
 '-1', '1', '0', '0', '0', '0', '0', '1', '1', '0', '0', '100', '0', '0', '0', '0', '0', '0', '0', '0',
 '0', '1', NULL);
 replace into item_template values
 ('80521', '0', '2', '7', 'Deflecting Broadsword', '', '5928', '3', '0', '1', '2000', '500', '21', '3', '-1', '36',
 '30', '0', '0', '0', '0', '0', '269', '5', '0', '1', '0', '7', '6', '0', '0',
 '0', '0', '0', '0', '0', '0', '0', '0', '0', '0', '0', '0', '0', '0', '0', '0', '1900', '0',
 '0', '32', '60', '0', '0', '0', '0', '0', '0', '0', '0', '0', '0', '0', '0', '0', '0', '0', '0', '0', '0',
 '0', '0', '0', '7514', '1', '0', '0', '-1', '0', '-1', '0', '0', '0', '0', '-1', '0', '-1', '0', '0',
 '0', '0', '-1', '0', '-1', '0', '0', '0', '0', '-1', '0', '-1', '0', '0', '0', '0', '-1', '0',
 '-1', '1', '0', '0', '0', '0', '0', '1', '3', '0', '0', '90', '0', '0', '0', '0', '0', '0', '0', '0',
 '0', '1', NULL);
 replace into item_template values
 ('80522', '0', '2', '0', 'Heavy Slicer', '', '5928', '3', '0', '1', '2000', '500', '13', '5', '-1', '36',
 '30', '0', '0', '0', '0', '0', '269', '5', '0', '1', '0', '4', '7', '7', '3',
 '0', '0', '0', '0', '0', '0', '0', '0', '0', '0', '0', '0', '0', '0', '0', '0', '1400', '0',
 '0', '23', '44', '0', '0', '0', '0', '0', '0', '0', '0', '0', '0', '0', '0', '0', '0', '0', '0', '0', '0',
 '0', '0', '0', '0', '0', '0', '0', '-1', '0', '-1', '0', '0', '0', '0', '-1', '0', '-1', '0', '0',
 '0', '0', '-1', '0', '-1', '0', '0', '0', '0', '-1', '0', '-1', '0', '0', '0', '0', '-1', '0',
 '-1', '1', '0', '0', '0', '0', '0', '1', '3', '0', '0', '90', '0', '0', '0', '0', '0', '0', '0', '0',
 '0', '1', NULL);
 replace into item_template values
 ('80524', '0', '2', '1', 'Stonecleaver', '', '5928', '3', '0', '1', '3000', '750', '17', '7', '-1', '36',
 '30', '0', '0', '0', '0', '0', '269', '5', '0', '1', '0', '4', '16', '7', '10',
 '0', '0', '0', '0', '0', '0', '0', '0', '0', '0', '0', '0', '0', '0', '0', '0', '3100', '0',
 '0', '77', '117', '0', '0', '0', '0', '0', '0', '0', '0', '0', '0', '0', '0', '0', '0', '0', '0', '0', '0',
 '0', '0', '0', '0', '0', '0', '0', '-1', '0', '-1', '0', '0', '0', '0', '-1', '0', '-1', '0', '0',
 '0', '0', '-1', '0', '-1', '0', '0', '0', '0', '-1', '0', '-1', '0', '0', '0', '0', '-1', '0',
 '-1', '1', '0', '0', '0', '0', '0', '1', '1', '0', '0', '100', '0', '0', '0', '0', '0', '0', '0', '0',
 '0', '1', NULL);
 replace into item_template values
 ('80524', '0', '2', '6', 'Plumage Adorned Spear', '', '5928', '3', '0', '1', '3000', '750', '17', '7', '-1', '36',
 '30', '0', '0', '0', '0', '0', '269', '5', '0', '1', '0', '7', '10', '0', '0',
 '0', '0', '0', '0', '0', '0', '0', '0', '0', '0', '0', '0', '0', '0', '0', '0', '2900', '0',
 '0', '73', '108', '0', '0', '0', '0', '0', '0', '0', '0', '0', '0', '0', '0', '0', '0', '0', '0', '0', '0',
 '0', '0', '0', '15807', '1', '0', '0', '-1', '0', '-1', '0', '0', '0', '0', '-1', '0', '-1', '0', '0',
 '0', '0', '-1', '0', '-1', '0', '0', '0', '0', '-1', '0', '-1', '0', '0', '0', '0', '-1', '0',
 '-1', '1', '0', '0', '0', '0', '0', '1', '1', '0', '0', '100', '0', '0', '0', '0', '0', '0', '0', '0',
 '0', '1', NULL);
 replace into item_template values
 ('80525', '0', '4', '0', 'Tome of Advanced Spellweaving', '', '5928', '3', '0', '1', '2000', '500', '23', '1426', '-1', '36',
 '30', '0', '0', '0', '0', '0', '269', '5', '0', '1', '0', '5', '6', '0', '0',
 '0', '0', '0', '0', '0', '0', '0', '0', '0', '0', '0', '0', '0', '0', '0', '0', '0', '0',
 '0', '0', '0', '0', '0', '0', '0', '0', '0', '0', '0', '0', '0', '0', '0', '0', '0', '0', '0', '0', '0',
 '0', '0', '0', '9415', '1', '0', '0', '-1', '0', '-1', '0', '0', '0', '0', '-1', '0', '-1', '0', '0',
 '0', '0', '-1', '0', '-1', '0', '0', '0', '0', '-1', '0', '-1', '0', '0', '0', '0', '-1', '0',
 '-1', '1', '0', '0', '0', '0', '0', '8', '6', '0', '0', '0', '0', '0', '0', '0', '0', '0', '0', '0',
 '0', '1', NULL);
 replace into item_template values
 ('80526', '0', '2', '10', 'Crackling Power Staff', '', '5928', '3', '0', '1', '3000', '750', '17', '1424', '-1', '36',
 '30', '0', '0', '0', '0', '0', '269', '5', '0', '1', '0', '5', '7', '7', '7',
 '0', '0', '0', '0', '0', '0', '0', '0', '0', '0', '0', '0', '0', '0', '0', '0', '2400', '0',
 '0', '57', '87', '0', '0', '0', '0', '0', '0', '0', '0', '0', '0', '0', '0', '0', '0', '0', '0', '0', '0',
 '0', '0', '0', '9343', '1', '0', '0', '-1', '0', '-1', '0', '0', '0', '0', '-1', '0', '-1', '0', '0',
 '0', '0', '-1', '0', '-1', '0', '0', '0', '0', '-1', '0', '-1', '0', '0', '0', '0', '-1', '0',
 '-1', '1', '0', '0', '0', '0', '0', '1', '2', '0', '0', '100', '0', '0', '0', '0', '0', '0', '0', '0',
 '0', '1', NULL);
 replace into item_template values
 ('80527', '0', '2', '10', 'Medic\'s Cane', '', '5928', '3', '0', '1', '3000', '750', '17', '1040', '-1', '36',
 '30', '0', '0', '0', '0', '0', '269', '5', '0', '1', '0', '5', '4', '6', '8',
 '0', '0', '0', '0', '0', '0', '0', '0', '0', '0', '0', '0', '0', '0', '0', '0', '2400', '0',
 '0', '57', '87', '0', '0', '0', '0', '0', '0', '0', '0', '0', '0', '0', '0', '0', '0', '0', '0', '0', '0',
 '0', '0', '0', '9317', '0', '0', '0', '-1', '0', '-1', '0', '0', '0', '0', '-1', '0', '-1', '0', '0',
 '0', '0', '-1', '0', '-1', '0', '0', '0', '0', '-1', '0', '-1', '0', '0', '0', '0', '-1', '0',
 '-1', '1', '0', '0', '0', '0', '0', '1', '2', '0', '0', '100', '0', '0', '0', '0', '0', '0', '0', '0',
 '0', '1', NULL);
 replace into item_template values
 ('80528', '0', '4', '6', 'Tempered Defender', '', '5928', '3', '0', '1', '2000', '500', '14', '3', '-1', '36',
 '30', '0', '0', '0', '0', '0', '269', '5', '0', '1', '0', '4', '5', '7', '10',
 '0', '0', '0', '0', '0', '0', '0', '0', '0', '0', '0', '0', '0', '0', '0', '0', '0', '0',
 '0', '0', '0', '0', '0', '0', '0', '0', '0', '0', '0', '0', '0', '0', '0', '0', '17', '776', '0', '0', '0',
 '0', '0', '0', '0', '0', '0', '0', '-1', '0', '-1', '0', '0', '0', '0', '-1', '0', '-1', '0', '0',
 '0', '0', '-1', '0', '-1', '0', '0', '0', '0', '-1', '0', '-1', '0', '0', '0', '0', '-1', '0',
 '-1', '1', '0', '0', '0', '0', '0', '1', '4', '0', '0', '100', '0', '0', '0', '0', '0', '0', '0', '0',
 '0', '1', NULL);
 replace into item_template values
 ('80529', '0', '2', '19', 'Rod of Charring', '', '5928', '3', '0', '1', '2000', '500', '15', '400', '-1', '36',
 '30', '0', '0', '0', '0', '0', '269', '5', '0', '1', '0', '0', '0', '0', '0',
 '0', '0', '0', '0', '0', '0', '0', '0', '0', '0', '0', '0', '0', '0', '0', '0', '1800', '100',
 '0', '45', '74', '2', '0', '0', '0', '0', '0', '0', '0', '0', '0', '0', '0', '0', '0', '0', '0', '0', '0',
 '0', '0', '0', '0', '0', '0', '0', '-1', '0', '-1', '0', '0', '0', '0', '-1', '0', '-1', '0', '0',
 '0', '0', '-1', '0', '-1', '0', '0', '0', '0', '-1', '0', '-1', '0', '0', '0', '0', '-1', '0',
 '-1', '1', '0', '0', '0', '0', '0', '4', '3', '0', '0', '65', '0', '0', '0', '0', '0', '0', '0', '0',
 '0', '1', NULL);
 replace into item_template values
 ('80530', '0', '2', '2', 'Slog Enforcer\'s Bow', '', '5928', '3', '0', '1', '2000', '500', '15', '13', '-1', '36',
 '30', '0', '0', '0', '0', '0', '269', '5', '0', '1', '0', '0', '0', '0', '0',
 '0', '0', '0', '0', '0', '0', '0', '0', '0', '0', '0', '0', '0', '0', '0', '0', '2800', '100',
 '2', '36', '68', '0', '0', '0', '0', '0', '0', '0', '0', '0', '0', '0', '0', '0', '0', '0', '0', '0', '0',
 '0', '0', '0', '0', '0', '0', '0', '-1', '0', '-1', '0', '0', '0', '0', '-1', '0', '-1', '0', '0',
 '0', '0', '-1', '0', '-1', '0', '0', '0', '0', '-1', '0', '-1', '0', '0', '0', '0', '-1', '0',
 '-1', '1', '0', '0', '0', '0', '0', '2', '1', '0', '0', '75', '0', '0', '0', '0', '0', '0', '0', '0',
 '0', '1', NULL);
 replace into item_template values
 ('80531', '0', '2', '10', 'Glyphed Baton', '', '5928', '3', '0', '1', '3000', '500', '17', '1029', '-1', '36',
 '0', '0', '0', '0', '0', '0', '269', '5', '0', '1', '0', '3', '5', '7', '13',
 '0', '0', '0', '0', '0', '0', '0', '0', '0', '0', '0', '0', '0', '0', '0', '0', '2800', '0',
 '0', '68', '108', '0', '0', '0', '0', '0', '0', '0', '0', '0', '0', '0', '0', '0', '0', '80', '0', '0', '0',
 '0', '0', '0', '0', '0', '0', '0', '-1', '0', '-1', '0', '0', '0', '0', '-1', '0', '-1', '0', '0',
 '0', '0', '-1', '0', '-1', '0', '0', '0', '0', '-1', '0', '-1', '0', '0', '0', '0', '-1', '0',
 '-1', '1', '0', '0', '0', '0', '0', '1', '2', '0', '0', '100', '0', '0', '0', '0', '0', '0', '0', '0',
 '0', '1', NULL);
 
-- Level 30 Horde Weapons
 
 replace into item_template values
 ('80614', '0', '2', '15', 'Curved Subtle Needler', '', '5928', '3', '0', '1', '2000', '500', '13', '77', '-1', '36',
 '30', '0', '0', '0', '0', '0', '893', '5', '0', '1', '0', '3', '6', '7', '4',
 '0', '0', '0', '0', '0', '0', '0', '0', '0', '0', '0', '0', '0', '0', '0', '0', '1400', '0',
 '0', '23', '44', '0', '0', '0', '0', '0', '0', '0', '0', '0', '0', '0', '0', '0', '0', '0', '0', '0', '0',
 '0', '0', '0', '0', '0', '0', '0', '-1', '0', '-1', '0', '0', '0', '0', '-1', '0', '-1', '0', '0',
 '0', '0', '-1', '0', '-1', '0', '0', '0', '0', '-1', '0', '-1', '0', '0', '0', '0', '-1', '0',
 '-1', '1', '0', '0', '0', '0', '0', '1', '3', '0', '0', '65', '0', '0', '0', '0', '0', '0', '0', '0',
 '0', '1', NULL);
 replace into item_template values
 ('80615', '0', '2', '15', 'Knife of Rites', '', '5928', '3', '0', '1', '2000', '500', '21', '1488', '-1', '36',
 '30', '0', '0', '0', '0', '0', '893', '5', '0', '1', '0', '5', '4', '0', '0',
 '0', '0', '0', '0', '0', '0', '0', '0', '0', '0', '0', '0', '0', '0', '0', '0', '1400', '0',
 '0', '23', '44', '0', '0', '0', '0', '0', '0', '0', '0', '0', '0', '0', '0', '0', '0', '0', '0', '0', '0',
 '0', '0', '0', '9397', '1', '0', '0', '-1', '0', '-1', '0', '0', '0', '0', '-1', '0', '-1', '0', '0',
 '0', '0', '-1', '0', '-1', '0', '0', '0', '0', '-1', '0', '-1', '0', '0', '0', '0', '-1', '0',
 '-1', '1', '0', '0', '0', '0', '0', '1', '3', '0', '0', '65', '0', '0', '0', '0', '0', '0', '0', '0',
 '0', '1', NULL);
 replace into item_template values
 ('80616', '0', '2', '4', 'Smashing Mallet', '', '5928', '3', '0', '1', '2000', '500', '13', '11', '-1', '36',
 '30', '0', '0', '0', '0', '0', '893', '5', '0', '1', '0', '4', '7', '7', '3',
 '0', '0', '0', '0', '0', '0', '0', '0', '0', '0', '0', '0', '0', '0', '0', '0', '2600', '0',
 '0', '43', '82', '0', '0', '0', '0', '0', '0', '0', '0', '0', '0', '0', '0', '0', '0', '0', '0', '0', '0',
 '0', '0', '0', '0', '0', '0', '0', '-1', '0', '-1', '0', '0', '0', '0', '-1', '0', '-1', '0', '0',
 '0', '0', '-1', '0', '-1', '0', '0', '0', '0', '-1', '0', '-1', '0', '0', '0', '0', '-1', '0',
 '-1', '1', '0', '0', '0', '0', '0', '1', '3', '0', '0', '90', '0', '0', '0', '0', '0', '0', '0', '0',
 '0', '1', NULL);
 replace into item_template values
 ('80617', '0', '2', '5', 'Bulky Rocksmasher', '', '5928', '3', '0', '1', '3000', '750', '17', '1089', '-1', '36',
 '30', '0', '0', '0', '0', '0', '893', '5', '0', '1', '0', '4', '16', '7', '10',
 '0', '0', '0', '0', '0', '0', '0', '0', '0', '0', '0', '0', '0', '0', '0', '0', '3100', '0',
 '0', '77', '117', '0', '0', '0', '0', '0', '0', '0', '0', '0', '0', '0', '0', '0', '0', '0', '0', '0', '0',
 '0', '0', '0', '0', '0', '0', '0', '-1', '0', '-1', '0', '0', '0', '0', '-1', '0', '-1', '0', '0',
 '0', '0', '-1', '0', '-1', '0', '0', '0', '0', '-1', '0', '-1', '0', '0', '0', '0', '-1', '0',
 '-1', '1', '0', '0', '0', '0', '0', '1', '1', '0', '0', '100', '0', '0', '0', '0', '0', '0', '0', '0',
 '0', '1', NULL);
 replace into item_template values
 ('80618', '0', '2', '15', 'Spirit-blessed Dagger', '', '5928', '3', '0', '1', '2000', '500', '21', '1104', '-1', '36',
 '30', '0', '0', '0', '0', '0', '893', '5', '0', '1', '0', '5', '4', '0', '0',
 '0', '0', '0', '0', '0', '0', '0', '0', '0', '0', '0', '0', '0', '0', '0', '0', '1900', '0',
 '0', '28', '63', '0', '0', '0', '0', '0', '0', '0', '0', '0', '0', '0', '0', '0', '0', '0', '0', '0', '0',
 '0', '0', '0', '7680', '1', '0', '0', '-1', '0', '-1', '0', '0', '0', '0', '-1', '0', '-1', '0', '0',
 '0', '0', '-1', '0', '-1', '0', '0', '0', '0', '-1', '0', '-1', '0', '0', '0', '0', '-1', '0',
 '-1', '1', '0', '0', '0', '0', '0', '1', '3', '0', '0', '90', '0', '0', '0', '0', '0', '0', '0', '0',
 '0', '1', NULL);
 replace into item_template values
 ('80619', '0', '2', '7', 'Thrashing Cutlass', '', '5928', '3', '0', '1', '2000', '500', '13', '13', '-1', '36',
 '30', '0', '0', '0', '0', '0', '893', '5', '0', '1', '0', '7', '4', '0', '0',
 '0', '0', '0', '0', '0', '0', '0', '0', '0', '0', '0', '0', '0', '0', '0', '0', '2100', '0',
 '0', '37', '65', '0', '0', '0', '0', '0', '0', '0', '0', '0', '0', '0', '0', '0', '0', '0', '0', '0', '0',
 '0', '0', '0', '9141', '1', '0', '0', '-1', '0', '-1', '0', '0', '0', '0', '-1', '0', '-1', '0', '0',
 '0', '0', '-1', '0', '-1', '0', '0', '0', '0', '-1', '0', '-1', '0', '0', '0', '0', '-1', '0',
 '-1', '1', '0', '0', '0', '0', '0', '1', '3', '0', '0', '90', '0', '0', '0', '0', '0', '0', '0', '0',
 '0', '1', NULL);
 replace into item_template values
 ('80620', '0', '2', '8', 'Curved Longsword', '', '5928', '3', '0', '1', '3000', '750', '17', '5', '-1', '36',
 '30', '0', '0', '0', '0', '0', '893', '5', '0', '1', '0', '7', '10', '0', '0',
 '0', '0', '0', '0', '0', '0', '0', '0', '0', '0', '0', '0', '0', '0', '0', '0', '2900', '0',
 '0', '73', '108', '0', '0', '0', '0', '0', '0', '0', '0', '0', '0', '0', '0', '0', '0', '0', '0', '0', '0',
 '0', '0', '0', '15807', '1', '0', '0', '-1', '0', '-1', '0', '0', '0', '0', '-1', '0', '-1', '0', '0',
 '0', '0', '-1', '0', '-1', '0', '0', '0', '0', '-1', '0', '-1', '0', '0', '0', '0', '-1', '0',
 '-1', '1', '0', '0', '0', '0', '0', '1', '1', '0', '0', '100', '0', '0', '0', '0', '0', '0', '0', '0',
 '0', '1', NULL);
 replace into item_template values
 ('80621', '0', '2', '0', 'Deflecting Broadaxe', '', '5928', '3', '0', '1', '2000', '500', '21', '1', '-1', '36',
 '30', '0', '0', '0', '0', '0', '893', '5', '0', '1', '0', '7', '6', '0', '0',
 '0', '0', '0', '0', '0', '0', '0', '0', '0', '0', '0', '0', '0', '0', '0', '0', '1900', '0',
 '0', '32', '60', '0', '0', '0', '0', '0', '0', '0', '0', '0', '0', '0', '0', '0', '0', '0', '0', '0', '0',
 '0', '0', '0', '7514', '1', '0', '0', '-1', '0', '-1', '0', '0', '0', '0', '-1', '0', '-1', '0', '0',
 '0', '0', '-1', '0', '-1', '0', '0', '0', '0', '-1', '0', '-1', '0', '0', '0', '0', '-1', '0',
 '-1', '1', '0', '0', '0', '0', '0', '1', '3', '0', '0', '90', '0', '0', '0', '0', '0', '0', '0', '0',
 '0', '1', NULL);
 replace into item_template values
 ('80622', '0', '2', '0', 'Jagged Sharp Axe', '', '5928', '3', '0', '1', '2000', '500', '13', '5', '-1', '36',
 '30', '0', '0', '0', '0', '0', '893', '5', '0', '1', '0', '4', '7', '7', '3',
 '0', '0', '0', '0', '0', '0', '0', '0', '0', '0', '0', '0', '0', '0', '0', '0', '1400', '0',
 '0', '23', '44', '0', '0', '0', '0', '0', '0', '0', '0', '0', '0', '0', '0', '0', '0', '0', '0', '0', '0',
 '0', '0', '0', '0', '0', '0', '0', '-1', '0', '-1', '0', '0', '0', '0', '-1', '0', '-1', '0', '0',
 '0', '0', '-1', '0', '-1', '0', '0', '0', '0', '-1', '0', '-1', '0', '0', '0', '0', '-1', '0',
 '-1', '1', '0', '0', '0', '0', '0', '1', '3', '0', '0', '90', '0', '0', '0', '0', '0', '0', '0', '0',
 '0', '1', NULL);
 replace into item_template values
 ('80623', '0', '2', '1', 'Rockcleaver', '', '5928', '3', '0', '1', '3000', '750', '17', '69', '-1', '36',
 '30', '0', '0', '0', '0', '0', '893', '5', '0', '1', '0', '4', '16', '7', '10',
 '0', '0', '0', '0', '0', '0', '0', '0', '0', '0', '0', '0', '0', '0', '0', '0', '3100', '0',
 '0', '77', '117', '0', '0', '0', '0', '0', '0', '0', '0', '0', '0', '0', '0', '0', '0', '0', '0', '0', '0',
 '0', '0', '0', '0', '0', '0', '0', '-1', '0', '-1', '0', '0', '0', '0', '-1', '0', '-1', '0', '0',
 '0', '0', '-1', '0', '-1', '0', '0', '0', '0', '-1', '0', '-1', '0', '0', '0', '0', '-1', '0',
 '-1', '1', '0', '0', '0', '0', '0', '1', '1', '0', '0', '100', '0', '0', '0', '0', '0', '0', '0', '0',
 '0', '1', NULL);
 replace into item_template values
 ('80624', '0', '2', '6', 'Feather Garbed Spear', '', '5928', '3', '0', '1', '3000', '750', '17', '5', '-1', '36',
 '30', '0', '0', '0', '0', '0', '893', '5', '0', '1', '0', '7', '10', '0', '0',
 '0', '0', '0', '0', '0', '0', '0', '0', '0', '0', '0', '0', '0', '0', '0', '0', '2900', '0',
 '0', '73', '108', '0', '0', '0', '0', '0', '0', '0', '0', '0', '0', '0', '0', '0', '0', '0', '0', '0', '0',
 '0', '0', '0', '15807', '1', '0', '0', '-1', '0', '-1', '0', '0', '0', '0', '-1', '0', '-1', '0', '0',
 '0', '0', '-1', '0', '-1', '0', '0', '0', '0', '-1', '0', '-1', '0', '0', '0', '0', '-1', '0',
 '-1', '1', '0', '0', '0', '0', '0', '1', '1', '0', '0', '100', '0', '0', '0', '0', '0', '0', '0', '0',
 '0', '1', NULL);
 replace into item_template values
 ('80625', '0', '4', '0', 'Book of Advanced Mojobending', '', '5928', '3', '0', '1', '2000', '500', '23', '1488', '-1', '36',
 '30', '0', '0', '0', '0', '0', '893', '5', '0', '1', '0', '5', '6', '0', '0',
 '0', '0', '0', '0', '0', '0', '0', '0', '0', '0', '0', '0', '0', '0', '0', '0', '0', '0',
 '0', '0', '0', '0', '0', '0', '0', '0', '0', '0', '0', '0', '0', '0', '0', '0', '0', '0', '0', '0', '0',
 '0', '0', '0', '9415', '1', '0', '0', '-1', '0', '-1', '0', '0', '0', '0', '-1', '0', '-1', '0', '0',
 '0', '0', '-1', '0', '-1', '0', '0', '0', '0', '-1', '0', '-1', '0', '0', '0', '0', '-1', '0',
 '-1', '1', '0', '0', '0', '0', '0', '8', '6', '0', '0', '0', '0', '0', '0', '0', '0', '0', '0', '0',
 '0', '1', NULL);
 replace into item_template values
 ('80626', '0', '2', '10', 'Staff of Veiled Power', '', '5928', '3', '0', '1', '3000', '750', '17', '1488', '-1', '36',
 '30', '0', '0', '0', '0', '0', '893', '5', '0', '1', '0', '5', '7', '7', '7',
 '0', '0', '0', '0', '0', '0', '0', '0', '0', '0', '0', '0', '0', '0', '0', '0', '2400', '0',
 '0', '57', '87', '0', '0', '0', '0', '0', '0', '0', '0', '0', '0', '0', '0', '0', '0', '0', '0', '0', '0',
 '0', '0', '0', '9343', '1', '0', '0', '-1', '0', '-1', '0', '0', '0', '0', '-1', '0', '-1', '0', '0',
 '0', '0', '-1', '0', '-1', '0', '0', '0', '0', '-1', '0', '-1', '0', '0', '0', '0', '-1', '0',
 '-1', '1', '0', '0', '0', '0', '0', '1', '2', '0', '0', '100', '0', '0', '0', '0', '0', '0', '0', '0',
 '0', '1', NULL);
 replace into item_template values
 ('80627', '0', '2', '10', 'Mender\'s Walking Cane', '', '5928', '3', '0', '1', '3000', '750', '17', '1104', '-1', '36',
 '30', '0', '0', '0', '0', '0', '893', '5', '0', '1', '0', '5', '4', '6', '8',
 '0', '0', '0', '0', '0', '0', '0', '0', '0', '0', '0', '0', '0', '0', '0', '0', '2400', '0',
 '0', '57', '87', '0', '0', '0', '0', '0', '0', '0', '0', '0', '0', '0', '0', '0', '0', '0', '0', '0', '0',
 '0', '0', '0', '9317', '0', '0', '0', '-1', '0', '-1', '0', '0', '0', '0', '-1', '0', '-1', '0', '0',
 '0', '0', '-1', '0', '-1', '0', '0', '0', '0', '-1', '0', '-1', '0', '0', '0', '0', '-1', '0',
 '-1', '1', '0', '0', '0', '0', '0', '1', '2', '0', '0', '100', '0', '0', '0', '0', '0', '0', '0', '0',
 '0', '1', NULL);
 replace into item_template values
 ('80628', '0', '4', '6', 'Mojo Deflector', '', '5928', '3', '0', '1', '2000', '500', '14', '65', '-1', '36',
 '30', '0', '0', '0', '0', '0', '893', '5', '0', '1', '0', '4', '5', '7', '10',
 '0', '0', '0', '0', '0', '0', '0', '0', '0', '0', '0', '0', '0', '0', '0', '0', '0', '0',
 '0', '0', '0', '0', '0', '0', '0', '0', '0', '0', '0', '0', '0', '0', '0', '0', '17', '776', '0', '0', '0',
 '0', '0', '0', '0', '0', '0', '0', '-1', '0', '-1', '0', '0', '0', '0', '-1', '0', '-1', '0', '0',
 '0', '0', '-1', '0', '-1', '0', '0', '0', '0', '-1', '0', '-1', '0', '0', '0', '0', '-1', '0',
 '-1', '1', '0', '0', '0', '0', '0', '2', '4', '0', '0', '100', '0', '0', '0', '0', '0', '0', '0', '0',
 '0', '1', NULL);
 replace into item_template values
 ('80629', '0', '2', '19', 'Chanting Rod', '', '5928', '3', '0', '1', '2000', '500', '15', '400', '-1', '36',
 '30', '0', '0', '0', '0', '0', '893', '5', '0', '1', '0', '0', '0', '0', '0',
 '0', '0', '0', '0', '0', '0', '0', '0', '0', '0', '0', '0', '0', '0', '0', '0', '1800', '100',
 '0', '45', '74', '5', '0', '0', '0', '0', '0', '0', '0', '0', '0', '0', '0', '0', '0', '0', '0', '0', '0',
 '0', '0', '0', '0', '0', '0', '0', '-1', '0', '-1', '0', '0', '0', '0', '-1', '0', '-1', '0', '0',
 '0', '0', '-1', '0', '-1', '0', '0', '0', '0', '-1', '0', '-1', '0', '0', '0', '0', '-1', '0',
 '-1', '1', '0', '0', '0', '0', '0', '4', '3', '0', '0', '65', '0', '0', '0', '0', '0', '0', '0', '0',
 '0', '1', NULL);
 replace into item_template values
 ('80630', '0', '2', '2', 'Drudge Enforcer\'s Bow', '', '5928', '3', '0', '1', '2000', '500', '15', '13', '-1', '36',
 '30', '0', '0', '0', '0', '0', '893', '5', '0', '1', '0', '0', '0', '0', '0',
 '0', '0', '0', '0', '0', '0', '0', '0', '0', '0', '0', '0', '0', '0', '0', '0', '2800', '100',
 '2', '36', '68', '0', '0', '0', '0', '0', '0', '0', '0', '0', '0', '0', '0', '0', '0', '0', '0', '0', '0',
 '0', '0', '0', '0', '0', '0', '0', '-1', '0', '-1', '0', '0', '0', '0', '-1', '0', '-1', '0', '0',
 '0', '0', '-1', '0', '-1', '0', '0', '0', '0', '-1', '0', '-1', '0', '0', '0', '0', '-1', '0',
 '-1', '1', '0', '0', '0', '0', '0', '2', '1', '0', '0', '75', '0', '0', '0', '0', '0', '0', '0', '0',
 '0', '1', NULL);
 replace into item_template values
 ('80631', '0', '2', '10', 'Rune-etched Baton', '', '5928', '3', '0', '1', '3000', '500', '17', '1093', '-1', '36',
 '0', '0', '0', '0', '0', '0', '893', '5', '0', '1', '0', '3', '5', '7', '13',
 '0', '0', '0', '0', '0', '0', '0', '0', '0', '0', '0', '0', '0', '0', '0', '0', '2800', '0',
 '0', '68', '108', '0', '0', '0', '0', '0', '0', '0', '0', '0', '0', '0', '0', '0', '0', '80', '0', '0', '0',
 '0', '0', '0', '0', '0', '0', '0', '-1', '0', '-1', '0', '0', '0', '0', '-1', '0', '-1', '0', '0',
 '0', '0', '-1', '0', '-1', '0', '0', '0', '0', '-1', '0', '-1', '0', '0', '0', '0', '-1', '0',
 '-1', '1', '0', '0', '0', '0', '0', '1', '2', '0', '0', '100', '0', '0', '0', '0', '0', '0', '0', '0',
 '0', '1', NULL);
 
REPLACE INTO `creature_template` VALUES (80458, 0, 18214, 0, 0, 0, 'Ranger Canarah Kim\'Alah', 'Hunter Trainer', 59005, 63, 63, 675612, 675612, 6761, 6761, 4561, 371, 16, 1, 1.14286, 0, 20, 5, 0, 3, 1, 236, 348, 0, 200, 1, 1800, 2000, 4, 4864, 0, 0, 0, 0, 3, 0, 174, 747, 200, 7, 0, 0, 0, 0, 0, 0, 60, 0, 0, 60, 0, 0, 0, 0, 0, 0, 0, 0, 'EventAI', 0, 3, 0, 1, 3, 15181, 0, 0, 2764783451, 0, 557064, '');

-- Update quartermaster:

replace into `creature_template` values 
(80266, 0, 16833, 0, 0, 0, 'Soalara Dawnstar', 'Silvermoon Remnant Weapons Quartermaster', 0, 11, 11, 456, 456, 0, 0, 20, 371, 16388, 1.1, 1.14286, 0, 20, 5, 0, 0, 1, 12, 14, 0, 64, 1, 2000, 2090, 1, 4864, 0, 0, 0, 0, 0, 0, 18.392, 25.289, 100, 7, 0, 0, 0, 0, 0, 0, 0, 0, 0, 0, 0, 0, 0, 0, 0, 0, 0, 0, 'EventAI', 0, 3, 0, 0, 3, 0, 0, 0, 0, 0, 524298, '');

replace into `creature_template` values 
(80459, 0, 18225, 0, 0, 0, 'Alinerenah Sunsparrow', 'Silvermoon Remnant Armor Quartermaster', 0, 11, 11, 456, 456, 0, 0, 20, 371, 16388, 1.1, 1.14286, 0, 20, 5, 0, 0, 1, 12, 14, 0, 64, 1, 2000, 2090, 1, 4864, 0, 0, 0, 0, 0, 0, 18.392, 25.289, 100, 7, 0, 0, 0, 0, 0, 0, 0, 0, 0, 0, 0, 0, 0, 0, 0, 0, 0, 0, 'EventAI', 0, 3, 0, 0, 3, 0, 0, 0, 0, 0, 524298, '');
 
 replace into creature_model_info values (18214, 5875, 2, 2, 0, 0, 0);
 replace into creature_model_info values (18225, 5875, 2, 2, 0, 0, 0);
 replace into creature_model_info values (4033, 5875, 2, 2, 0, 0, 0);
 
replace into `creature_template` values 
(80807, 0, 14773, 0, 0, 0, 'Reolis Riptusk', 'Revantusk Trolls Weapons Quartermaster', 0, 11, 11, 456, 456, 0, 0, 20, 1494, 16388, 1.1, 1.14286, 0, 20, 5, 0, 0, 1, 12, 14, 0, 64, 1, 2000, 2090, 1, 4864, 0, 0, 0, 0, 0, 0, 18.392, 25.289, 100, 7, 0, 0, 0, 0, 0, 0, 0, 0, 0, 0, 0, 0, 0, 0, 0, 0, 0, 0, 'EventAI', 0, 3, 0, 0, 3, 0, 0, 0, 0, 0, 524298, '');

replace into `creature_template` values 
(80812, 0, 4033 , 0, 0, 0, 'Partayblade Riptusk', 'Revantusk Trolls Armor Quartermaster', 0, 11, 11, 456, 456, 0, 0, 20, 1494, 16388, 1.1, 1.14286, 0, 20, 5, 0, 0, 1, 12, 14, 0, 64, 1, 2000, 2090, 1, 4864, 0, 0, 0, 0, 0, 0, 18.392, 25.289, 100, 7, 0, 0, 0, 0, 0, 0, 0, 0, 0, 0, 0, 0, 0, 0, 0, 0, 0, 0, 'EventAI', 0, 3, 0, 0, 3, 0, 0, 0, 0, 0, 524298, '');

-- Add faction weapons to weapon quartermasters:

REPLACE INTO `npc_vendor` VALUES (80266, 80500, 0, 0, 0, 0);
REPLACE INTO `npc_vendor` VALUES (80266, 80501, 0, 0, 0, 0);
REPLACE INTO `npc_vendor` VALUES (80266, 80502, 0, 0, 0, 0);
REPLACE INTO `npc_vendor` VALUES (80266, 80503, 0, 0, 0, 0);
REPLACE INTO `npc_vendor` VALUES (80266, 80504, 0, 0, 0, 0);
REPLACE INTO `npc_vendor` VALUES (80266, 80505, 0, 0, 0, 0);
REPLACE INTO `npc_vendor` VALUES (80266, 80506, 0, 0, 0, 0);
REPLACE INTO `npc_vendor` VALUES (80266, 80507, 0, 0, 0, 0);
REPLACE INTO `npc_vendor` VALUES (80266, 80508, 0, 0, 0, 0);
REPLACE INTO `npc_vendor` VALUES (80266, 80509, 0, 0, 0, 0);
REPLACE INTO `npc_vendor` VALUES (80266, 80510, 0, 0, 0, 0);
REPLACE INTO `npc_vendor` VALUES (80266, 80511, 0, 0, 0, 0);
REPLACE INTO `npc_vendor` VALUES (80266, 80512, 0, 0, 0, 0);
REPLACE INTO `npc_vendor` VALUES (80266, 80513, 0, 0, 0, 0);
REPLACE INTO `npc_vendor` VALUES (80266, 80514, 0, 0, 0, 0);
REPLACE INTO `npc_vendor` VALUES (80266, 80515, 0, 0, 0, 0);
REPLACE INTO `npc_vendor` VALUES (80266, 80516, 0, 0, 0, 0);
REPLACE INTO `npc_vendor` VALUES (80266, 80517, 0, 0, 0, 0);
REPLACE INTO `npc_vendor` VALUES (80266, 80518, 0, 0, 0, 0);
REPLACE INTO `npc_vendor` VALUES (80266, 80519, 0, 0, 0, 0);
REPLACE INTO `npc_vendor` VALUES (80266, 80520, 0, 0, 0, 0);
REPLACE INTO `npc_vendor` VALUES (80266, 80521, 0, 0, 0, 0);
REPLACE INTO `npc_vendor` VALUES (80266, 80522, 0, 0, 0, 0);
REPLACE INTO `npc_vendor` VALUES (80266, 80523, 0, 0, 0, 0);
REPLACE INTO `npc_vendor` VALUES (80266, 80524, 0, 0, 0, 0);
REPLACE INTO `npc_vendor` VALUES (80266, 80525, 0, 0, 0, 0);
REPLACE INTO `npc_vendor` VALUES (80266, 80526, 0, 0, 0, 0);
REPLACE INTO `npc_vendor` VALUES (80266, 80527, 0, 0, 0, 0);
REPLACE INTO `npc_vendor` VALUES (80266, 80528, 0, 0, 0, 0);
REPLACE INTO `npc_vendor` VALUES (80266, 80529, 0, 0, 0, 0);
REPLACE INTO `npc_vendor` VALUES (80266, 80530, 0, 0, 0, 0);
REPLACE INTO `npc_vendor` VALUES (80266, 80531, 0, 0, 0, 0);
REPLACE INTO `npc_vendor` VALUES (80266, 80532, 0, 0, 0, 0);
REPLACE INTO `npc_vendor` VALUES (80266, 80533, 0, 0, 0, 0);
REPLACE INTO `npc_vendor` VALUES (80266, 80534, 0, 0, 0, 0);
REPLACE INTO `npc_vendor` VALUES (80266, 80535, 0, 0, 0, 0);

REPLACE INTO `npc_vendor` VALUES (80807, 80600, 0, 0, 0, 0);
REPLACE INTO `npc_vendor` VALUES (80807, 80601, 0, 0, 0, 0);
REPLACE INTO `npc_vendor` VALUES (80807, 80602, 0, 0, 0, 0);
REPLACE INTO `npc_vendor` VALUES (80807, 80603, 0, 0, 0, 0);
REPLACE INTO `npc_vendor` VALUES (80807, 80604, 0, 0, 0, 0);
REPLACE INTO `npc_vendor` VALUES (80807, 80605, 0, 0, 0, 0);
REPLACE INTO `npc_vendor` VALUES (80807, 80606, 0, 0, 0, 0);
REPLACE INTO `npc_vendor` VALUES (80807, 80607, 0, 0, 0, 0);
REPLACE INTO `npc_vendor` VALUES (80807, 80608, 0, 0, 0, 0);
REPLACE INTO `npc_vendor` VALUES (80807, 80609, 0, 0, 0, 0);
REPLACE INTO `npc_vendor` VALUES (80807, 80610, 0, 0, 0, 0);
REPLACE INTO `npc_vendor` VALUES (80807, 80611, 0, 0, 0, 0);
REPLACE INTO `npc_vendor` VALUES (80807, 80612, 0, 0, 0, 0);
REPLACE INTO `npc_vendor` VALUES (80807, 80613, 0, 0, 0, 0);
REPLACE INTO `npc_vendor` VALUES (80807, 80614, 0, 0, 0, 0);
REPLACE INTO `npc_vendor` VALUES (80807, 80615, 0, 0, 0, 0);
REPLACE INTO `npc_vendor` VALUES (80807, 80616, 0, 0, 0, 0);
REPLACE INTO `npc_vendor` VALUES (80807, 80617, 0, 0, 0, 0);
REPLACE INTO `npc_vendor` VALUES (80807, 80618, 0, 0, 0, 0);
REPLACE INTO `npc_vendor` VALUES (80807, 80619, 0, 0, 0, 0);
REPLACE INTO `npc_vendor` VALUES (80807, 80620, 0, 0, 0, 0);
REPLACE INTO `npc_vendor` VALUES (80807, 80621, 0, 0, 0, 0);
REPLACE INTO `npc_vendor` VALUES (80807, 80622, 0, 0, 0, 0);
REPLACE INTO `npc_vendor` VALUES (80807, 80623, 0, 0, 0, 0);
REPLACE INTO `npc_vendor` VALUES (80807, 80624, 0, 0, 0, 0);
REPLACE INTO `npc_vendor` VALUES (80807, 80625, 0, 0, 0, 0);
REPLACE INTO `npc_vendor` VALUES (80807, 80626, 0, 0, 0, 0);
REPLACE INTO `npc_vendor` VALUES (80807, 80627, 0, 0, 0, 0);
REPLACE INTO `npc_vendor` VALUES (80807, 80628, 0, 0, 0, 0);
REPLACE INTO `npc_vendor` VALUES (80807, 80629, 0, 0, 0, 0);
REPLACE INTO `npc_vendor` VALUES (80807, 80630, 0, 0, 0, 0);
REPLACE INTO `npc_vendor` VALUES (80807, 80631, 0, 0, 0, 0);
REPLACE INTO `npc_vendor` VALUES (80807, 80632, 0, 0, 0, 0);
REPLACE INTO `npc_vendor` VALUES (80807, 80633, 0, 0, 0, 0);
REPLACE INTO `npc_vendor` VALUES (80807, 80634, 0, 0, 0, 0);
REPLACE INTO `npc_vendor` VALUES (80807, 80635, 0, 0, 0, 0);

-- Little Silvermoon's pet quartermaster:

replace into `creature_template` values 
(80403, 0, 16814, 0, 0, 0, 'Tolif Valanor', 'Pet Collector', 0, 11, 11, 456, 456, 0, 0, 20, 371, 16388, 1.1, 1.14286, 0, 20, 5, 0, 0, 1, 12, 14, 0, 64, 1, 2000, 2090, 1, 4864, 0, 0, 0, 0, 0, 0, 18.392, 25.289, 100, 7, 0, 0, 0, 0, 0, 0, 0, 0, 0, 0, 0, 0, 0, 0, 0, 0, 0, 0, 'EventAI', 0, 3, 0, 0, 3, 0, 0, 0, 0, 0, 524298, '');

REPLACE INTO `npc_vendor` VALUES (80403, 80000, 0, 0, 0, 0);
REPLACE INTO `npc_vendor` VALUES (80403, 80001, 0, 0, 0, 0);
REPLACE INTO `npc_vendor` VALUES (80403, 80003, 0, 0, 0, 0);
REPLACE INTO `npc_vendor` VALUES (80403, 80007, 0, 0, 0, 0);

REPLACE INTO `item_template` VALUES (80007, 0, 15, 0, 'Enchanted Broom', 'Created by a high elf apprentice, this broom would be extremely useful if anyone could figure out how to make it stop.', 3509, 1, 0, 1, 6000, 1500, 0, -1, -1, 20, 0, 0, 0, 0, 0, 0, 0, 0, 0, 1, 0, 0, 0, 0, 0, 0, 0, 0, 0, 0, 0, 0, 0, 0, 0, 0, 0, 0, 0, 0, 0, 0, 0, 0, 0, 0, 0, 0, 0, 0, 0, 0, 0, 0, 0, 0, 0, 0, 0, 0, 0, 0, 0, 0, 0, 0, 0, 45014, 0, 0, 0, -1, 0, -1, 0, 0, 0, 0, -1, 0, -1, 0, 0, 0, 0, -1, 0, -1, 0, 0, 0, 0, -1, 0, -1, 0, 0, 0, 0, 0, 0, 0, 3, 0, 0, 0, 0, 0, 0, 0, 0, 0, 0, 0, 0, 0, 0, 0, 0, 0, 0, 0, 1, NULL);

REPLACE INTO `item_template` VALUES (80000, 0, 15, 0, 'Golden Dragonhawk Hatchling', 'Once prized by dragonhawk breeders in Silvermoon. Stands out at night to predators, making it necessary to gain awareness at an early age.', 20629, 1, 0, 1, 6000, 1500, 0, -1, -1, 20, 0, 0, 0, 0, 0, 0, 0, 0, 0, 1, 0, 0, 0, 0, 0, 0, 0, 0, 0, 0, 0, 0, 0, 0, 0, 0, 0, 0, 0, 0, 0, 0, 0, 0, 0, 0, 0, 0, 0, 0, 0, 0, 0, 0, 0, 0, 0, 0, 0, 0, 0, 0, 0, 0, 0, 0, 0, 45021, 0, 0, 0, -1, 0, -1, 0, 0, 0, 0, -1, 0, -1, 0, 0, 0, 0, -1, 0, -1, 0, 0, 0, 0, -1, 0, -1, 0, 0, 0, 0, 0, 0, 0, 3, 0, 0, 0, 0, 0, 0, 0, 0, 0, 0, 0, 0, 0, 0, 0, 0, 0, 0, 0, 1, NULL);
REPLACE INTO `item_template` VALUES (80001, 0, 15, 0, 'Thalassian Tender', 'It always wakes up dancing. What a happy little tree!', 19496, 1, 0, 1, 6000, 1500, 0, -1, -1, 20, 0, 0, 0, 0, 0, 0, 0, 0, 0, 1, 0, 0, 0, 0, 0, 0, 0, 0, 0, 0, 0, 0, 0, 0, 0, 0, 0, 0, 0, 0, 0, 0, 0, 0, 0, 0, 0, 0, 0, 0, 0, 0, 0, 0, 0, 0, 0, 0, 0, 0, 0, 0, 0, 0, 0, 0, 0, 45015, 0, 0, 0, -1, 0, -1, 0, 0, 0, 0, -1, 0, -1, 0, 0, 0, 0, -1, 0, -1, 0, 0, 0, 0, -1, 0, -1, 0, 0, 0, 0, 0, 0, 0, 3, 0, 0, 0, 0, 0, 0, 0, 0, 0, 0, 0, 0, 0, 0, 0, 0, 0, 0, 0, 1, NULL);

REPLACE INTO `item_template` VALUES (80003, 0, 15, 0, 'Fox Kit', 'During frigid nights, these critters use their fluffy tails as a blanket to stay warm.', 40126 , 1, 0, 1, 6000, 1500, 0, -1, -1, 20, 0, 0, 0, 0, 0, 0, 0, 0, 0, 1, 0, 0, 0, 0, 0, 0, 0, 0, 0, 0, 0, 0, 0, 0, 0, 0, 0, 0, 0, 0, 0, 0, 0, 0, 0, 0, 0, 0, 0, 0, 0, 0, 0, 0, 0, 0, 0, 0, 0, 0, 0, 0, 0, 0, 0, 0, 0, 45000, 0, 0, 0, -1, 0, -1, 0, 0, 0, 0, -1, 0, -1, 0, 0, 0, 0, -1, 0, -1, 0, 0, 0, 0, -1, 0, -1, 0, 0, 0, 0, 0, 0, 0, 3, 0, 0, 0, 0, 0, 0, 0, 0, 0, 0, 0, 0, 0, 0, 0, 0, 0, 0, 0, 1, NULL);

update item_template set required_reputation_faction = 269, required_reputation_rank = 7, buy_price = 253000, sell_price = 150000 where entry in (80000, 80001, 80003, 80007);

update creature_template set scale = 1 where entry = 80404;
update creature_template set scale = 1 where entry = 80401;

REPLACE INTO `creature_template` VALUES (80460, 0, 9591, 0, 0, 0, 'Applebough', 'Fruit Vendor', 9503, 30, 30, 1605, 1605, 0, 0, 1200, 875, 6, 1, 1.14286, 1.15, 20, 5, 0, 0, 1, 42, 53, 0, 122, 1, 2000, 2000, 1, 4608, 0, 0, 0, 0, 0, 0, 45.144, 62.073, 100, 7, 0, 0, 0, 0, 0, 0, 0, 0, 0, 0, 0, 0, 0, 0, 0, 0, 0, 0, 'EventAI', 0, 3, 0, 0, 3, 0, 0, 0, 0, 0, 524298, '');
