update item_template set display_id = 34469 where entry = 80776;

replace into `item_template` values 
(50511, 0, 4, 1, 'Dressing Box: Goldweave Raiment', 'It\'s yellow.', 35406, 1, 4, 1, 50000, 0, 0, -1, -1, 0, 0, 0, 0, 0, 0, 0, 0, 0, 0, 1, 0, 0, 0, 0, 0, 0, 0, 0, 0, 0, 0, 0, 0, 0, 0, 0, 0, 0, 0, 0, 0, 1000, 0, 0, 0, 0, 0, 0, 0, 0, 0, 0, 0, 0, 0, 0, 0, 0, 0, 0, 0, 0, 0, 0, 0, 0, 0, 0, 0, 0, 0, -1, 0, -1, 0, 0, 0, 0, -1, 0, -1, 0, 0, 0, 0, -1, 0, -1, 0, 0, 0, 0, -1, 0, -1, 0, 0, 0, 0, -1, 0, -1, 1, 0, 0, 0, 0, 0, 0, 0, 0, 0, 0, 0, 0, 0, 0, 0, 0, 0, 0, 0, 1, NULL),
(50512, 0, 4, 1, 'Goldweave Sash', '', 16829, 1, 0, 1, 0, 0, 20, -1, -1, 0, 0, 0, 0, 0, 0, 0, 0, 0, 0, 1, 0, 0, 0, 0, 0, 0, 0, 0, 0, 0, 0, 0, 0, 0, 0, 0, 0, 0, 0, 0, 0, 1000, 0, 0, 0, 0, 0, 0, 0, 0, 0, 0, 0, 0, 0, 0, 0, 0, 0, 0, 0, 0, 0, 0, 0, 0, 0, 0, 0, 0, 0, -1, 0, -1, 0, 0, 0, 0, -1, 0, -1, 0, 0, 0, 0, -1, 0, -1, 0, 0, 0, 0, -1, 0, -1, 0, 0, 0, 0, -1, 0, -1, 1, 0, 0, 0, 0, 0, 0, 0, 0, 0, 0, 0, 0, 0, 0, 0, 0, 0, 0, 0, 1, NULL),
(50513, 0, 4, 1, 'Dressing Box: Necromancer', 'Do you smell something? *sniff* Oh, it\'s just the troops.', 35406, 1, 4, 1, 50000, 0, 0, -1, -1, 0, 0, 0, 0, 0, 0, 0, 0, 0, 0, 1, 0, 0, 0, 0, 0, 0, 0, 0, 0, 0, 0, 0, 0, 0, 0, 0, 0, 0, 0, 0, 0, 1000, 0, 0, 0, 0, 0, 0, 0, 0, 0, 0, 0, 0, 0, 0, 0, 0, 0, 0, 0, 0, 0, 0, 0, 0, 0, 0, 0, 0, 0, -1, 0, -1, 0, 0, 0, 0, -1, 0, -1, 0, 0, 0, 0, -1, 0, -1, 0, 0, 0, 0, -1, 0, -1, 0, 0, 0, 0, -1, 0, -1, 1, 0, 0, 0, 0, 0, 0, 0, 0, 0, 0, 0, 0, 0, 0, 0, 0, 0, 0, 0, 1, NULL),
(50514, 0, 4, 1, 'Necromancer\'s Cuirass', '', 35121, 1, 0, 1, 0, 0, 5, -1, -1, 0, 0, 0, 0, 0, 0, 0, 0, 0, 0, 1, 0, 0, 0, 0, 0, 0, 0, 0, 0, 0, 0, 0, 0, 0, 0, 0, 0, 0, 0, 0, 0, 1000, 0, 0, 0, 0, 0, 0, 0, 0, 0, 0, 0, 0, 0, 0, 0, 0, 0, 0, 0, 0, 0, 0, 0, 0, 0, 0, 0, 0, 0, -1, 0, -1, 0, 0, 0, 0, -1, 0, -1, 0, 0, 0, 0, -1, 0, -1, 0, 0, 0, 0, -1, 0, -1, 0, 0, 0, 0, -1, 0, -1, 1, 0, 0, 0, 0, 0, 0, 0, 0, 0, 0, 0, 0, 0, 0, 0, 0, 0, 0, 0, 1, NULL),
(50515, 0, 4, 1, 'Necromancer\'s Belt', '', 35122, 1, 0, 1, 0, 0, 6, -1, -1, 0, 0, 0, 0, 0, 0, 0, 0, 0, 0, 1, 0, 0, 0, 0, 0, 0, 0, 0, 0, 0, 0, 0, 0, 0, 0, 0, 0, 0, 0, 0, 0, 1000, 0, 0, 0, 0, 0, 0, 0, 0, 0, 0, 0, 0, 0, 0, 0, 0, 0, 0, 0, 0, 0, 0, 0, 0, 0, 0, 0, 0, 0, -1, 0, -1, 0, 0, 0, 0, -1, 0, -1, 0, 0, 0, 0, -1, 0, -1, 0, 0, 0, 0, -1, 0, -1, 0, 0, 0, 0, -1, 0, -1, 1, 0, 0, 0, 0, 0, 0, 0, 0, 0, 0, 0, 0, 0, 0, 0, 0, 0, 0, 0, 1, NULL),
(50516, 0, 4, 1, 'Necromancer\'s Pants', '', 35123, 1, 0, 1, 0, 0, 7, -1, -1, 0, 0, 0, 0, 0, 0, 0, 0, 0, 0, 1, 0, 0, 0, 0, 0, 0, 0, 0, 0, 0, 0, 0, 0, 0, 0, 0, 0, 0, 0, 0, 0, 1000, 0, 0, 0, 0, 0, 0, 0, 0, 0, 0, 0, 0, 0, 0, 0, 0, 0, 0, 0, 0, 0, 0, 0, 0, 0, 0, 0, 0, 0, -1, 0, -1, 0, 0, 0, 0, -1, 0, -1, 0, 0, 0, 0, -1, 0, -1, 0, 0, 0, 0, -1, 0, -1, 0, 0, 0, 0, -1, 0, -1, 1, 0, 0, 0, 0, 0, 0, 0, 0, 0, 0, 0, 0, 0, 0, 0, 0, 0, 0, 0, 1, NULL),
(50517, 0, 4, 1, 'Necromancer\'s Boots', '', 9098, 1, 0, 1, 0, 0, 8, -1, -1, 0, 0, 0, 0, 0, 0, 0, 0, 0, 0, 1, 0, 0, 0, 0, 0, 0, 0, 0, 0, 0, 0, 0, 0, 0, 0, 0, 0, 0, 0, 0, 0, 1000, 0, 0, 0, 0, 0, 0, 0, 0, 0, 0, 0, 0, 0, 0, 0, 0, 0, 0, 0, 0, 0, 0, 0, 0, 0, 0, 0, 0, 0, -1, 0, -1, 0, 0, 0, 0, -1, 0, -1, 0, 0, 0, 0, -1, 0, -1, 0, 0, 0, 0, -1, 0, -1, 0, 0, 0, 0, -1, 0, -1, 1, 0, 0, 0, 0, 0, 0, 0, 0, 0, 0, 0, 0, 0, 0, 0, 0, 0, 0, 0, 1, NULL),
(50518, 0, 4, 1, 'Necromancer\'s Shoulders', '', 35136, 1, 0, 1, 0, 0, 3, -1, -1, 0, 0, 0, 0, 0, 0, 0, 0, 0, 0, 1, 0, 0, 0, 0, 0, 0, 0, 0, 0, 0, 0, 0, 0, 0, 0, 0, 0, 0, 0, 0, 0, 1000, 0, 0, 0, 0, 0, 0, 0, 0, 0, 0, 0, 0, 0, 0, 0, 0, 0, 0, 0, 0, 0, 0, 0, 0, 0, 0, 0, 0, 0, -1, 0, -1, 0, 0, 0, 0, -1, 0, -1, 0, 0, 0, 0, -1, 0, -1, 0, 0, 0, 0, -1, 0, -1, 0, 0, 0, 0, -1, 0, -1, 1, 0, 0, 0, 0, 0, 0, 0, 0, 0, 0, 0, 0, 0, 0, 0, 0, 0, 0, 0, 1, NULL),
(50519, 0, 4, 1, 'Necromancer\'s Cowl', '', 35137, 1, 0, 1, 0, 0, 1, -1, -1, 0, 0, 0, 0, 0, 0, 0, 0, 0, 0, 1, 0, 0, 0, 0, 0, 0, 0, 0, 0, 0, 0, 0, 0, 0, 0, 0, 0, 0, 0, 0, 0, 1000, 0, 0, 0, 0, 0, 0, 0, 0, 0, 0, 0, 0, 0, 0, 0, 0, 0, 0, 0, 0, 0, 0, 0, 0, 0, 0, 0, 0, 0, -1, 0, -1, 0, 0, 0, 0, -1, 0, -1, 0, 0, 0, 0, -1, 0, -1, 0, 0, 0, 0, -1, 0, -1, 0, 0, 0, 0, -1, 0, -1, 1, 0, 0, 0, 0, 0, 0, 0, 0, 0, 0, 0, 0, 0, 0, 0, 0, 0, 0, 0, 1, NULL),
(50520, 0, 0, 0, 'Torta\'s Test Tabard', '', 24611, 1, 0, 1, 0, 0, 19, -1, -1, 0, 0, 0, 0, 0, 0, 0, 0, 0, 0, 1, 0, 0, 0, 0, 0, 0, 0, 0, 0, 0, 0, 0, 0, 0, 0, 0, 0, 0, 0, 0, 0, 1000, 0, 0, 0, 0, 0, 0, 0, 0, 0, 0, 0, 0, 0, 0, 0, 0, 0, 0, 0, 0, 0, 0, 0, 0, 0, 0, 0, 0, 0, -1, 0, -1, 0, 0, 0, 0, -1, 0, -1, 0, 0, 0, 0, -1, 0, -1, 0, 0, 0, 0, -1, 0, -1, 0, 0, 0, 0, -1, 0, -1, 1, 0, 0, 0, 0, 0, 0, 0, 0, 0, 0, 0, 0, 0, 0, 0, 0, 0, 0, 0, 1, NULL),
(50521, 0, 13, 0, 'Glyph of Exhaustion', 'This glyph prevents you from ever receiving rested experience.', 7694, 1, 0, 1, 0, 0, 0, -1, -1, 0, 0, 0, 0, 0, 0, 0, 0, 0, 1, 1, 0, 0, 0, 0, 0, 0, 0, 0, 0, 0, 0, 0, 0, 0, 0, 0, 0, 0, 0, 0, 0, 1000, 0, 0, 0, 0, 0, 0, 0, 0, 0, 0, 0, 0, 0, 0, 0, 0, 0, 0, 0, 0, 0, 0, 0, 0, 0, 0, 0, 0, 0, 0, 0, -1, 0, 0, 0, 0, -1, 0, -1, 0, 0, 0, 0, -1, 0, -1, 0, 0, 0, 0, -1, 0, -1, 0, 0, 0, 0, -1, 0, -1, 0, 0, 0, 0, 0, 0, 0, 0, 0, 0, 0, 0, 0, 0, 9, 0, 0, 0, 0, 0, 1, ''),
(50522, 0, 15, 0, 'Goblin Race Car Manual', '', 8117, 1, 16384, 1, 0, 0, 0, -1, -1, 0, 0, 0, 0, 0, 0, 0, 0, 0, 0, 1, 0, 0, 0, 0, 0, 0, 0, 0, 0, 0, 0, 0, 0, 0, 0, 0, 0, 0, 0, 0, 0, 1000, 0, 0, 0, 0, 0, 0, 0, 0, 0, 0, 0, 0, 0, 0, 0, 0, 0, 0, 0, 0, 0, 0, 0, 0, 0, 0, 0, 0, 0, -1, 0, -1, 0, 0, 0, 0, -1, 0, -1, 0, 0, 0, 0, -1, 0, -1, 0, 0, 0, 0, -1, 0, -1, 0, 0, 0, 0, -1, 0, -1, 1, 50066, 0, 0, 0, 0, -1, 0, 0, 0, 0, 0, 0, 0, 0, 0, 0, 0, 0, 0, 1, NULL),
(50523, 0, 15, 0, 'Gnome Race Car Manual', '', 8117, 1, 16384, 1, 0, 0, 0, -1, -1, 0, 0, 0, 0, 0, 0, 0, 0, 0, 0, 1, 0, 0, 0, 0, 0, 0, 0, 0, 0, 0, 0, 0, 0, 0, 0, 0, 0, 0, 0, 0, 0, 1000, 0, 0, 0, 0, 0, 0, 0, 0, 0, 0, 0, 0, 0, 0, 0, 0, 0, 0, 0, 0, 0, 0, 0, 0, 0, 0, 0, 0, 0, -1, 0, -1, 0, 0, 0, 0, -1, 0, -1, 0, 0, 0, 0, -1, 0, -1, 0, 0, 0, 0, -1, 0, -1, 0, 0, 0, 0, -1, 0, -1, 1, 50067, 0, 0, 0, 0, -1, 0, 0, 0, 0, 0, 0, 0, 0, 0, 0, 0, 0, 0, 1, NULL),
(50524, 0, 4, 0, 'Gnome Car Key', 'Allows you to control marvelous gnomish invention. Handle with care.', 2530, 2, 0, 1, 25000, 25000, 12, -1, -1, 50, 0, 0, 0, 0, 0, 0, 0, 0, 0, 1, 0, 0, 0, 0, 0, 0, 0, 0, 0, 0, 0, 0, 0, 0, 0, 0, 0, 0, 0, 0, 0, 1300, 0, 0, 0, 0, 0, 0, 0, 0, 0, 0, 0, 0, 0, 0, 0, 0, 0, 0, 0, 0, 0, 0, 0, 0, 0, 13587, 1, 0, 0, -1, 0, -1, 0, 0, 0, 0, -1, 0, -1, 0, 0, 0, 0, -1, 0, -1, 0, 0, 0, 0, -1, 0, -1, 0, 0, 0, 0, -1, 0, -1, 0, 0, 0, 0, 0, 0, 0, 0, 0, 0, 0, 0, 0, 0, 0, 0, 0, 0, 0, 0, 1, NULL),
(50525, 0, 4, 0, 'Goblin Car Key', 'You\'re driving the best GOBLIN car ever, kid! What makes it fast? Explosions of course!', 3885, 2, 0, 1, 25000, 25000, 12, -1, -1, 50, 0, 0, 0, 0, 0, 0, 0, 0, 0, 1, 0, 0, 0, 0, 0, 0, 0, 0, 0, 0, 0, 0, 0, 0, 0, 0, 0, 0, 0, 0, 0, 1300, 0, 0, 0, 0, 0, 0, 0, 0, 0, 0, 0, 0, 0, 0, 0, 0, 0, 0, 0, 0, 0, 0, 0, 0, 0, 13587, 1, 0, 0, -1, 0, -1, 0, 0, 0, 0, -1, 0, -1, 0, 0, 0, 0, -1, 0, -1, 0, 0, 0, 0, -1, 0, -1, 0, 0, 0, 0, -1, 0, -1, 0, 0, 0, 0, 0, 0, 0, 0, 0, 0, 0, 0, 0, 0, 0, 0, 0, 0, 0, 0, 1, NULL),
(50530, 0, 2, 10, 'Torta\'s Broom of Doom', 'A heretic can be tolerated. But a heresy cannot.', 1661, 2, 0, 1, 0, 0, 17, -1, -1, 60, 0, 0, 0, 0, 0, 0, 0, 0, 0, 1, 0, 0, 0, 0, 0, 0, 0, 0, 0, 0, 0, 0, 0, 0, 0, 0, 0, 0, 0, 0, 0, 2000, 0, 0, 500, 1000, 1, 0, 0, 0, 0, 0, 0, 0, 0, 0, 0, 0, 0, 0, 0, 0, 0, 0, 0, 0, 0, 10689, 0, 0, 0, -1, 0, -1, 0, 0, 0, 0, -1, 0, -1, 0, 0, 0, 0, -1, 0, -1, 0, 0, 0, 0, -1, 0, -1, 0, 0, 0, 0, -1, 0, -1, 1, 0, 0, 0, 0, 0, 2, 1, 0, 0, 0, 0, 0, 0, 0, 0, 0, 0, 0, 0, 1, NULL),
(50600, 0, 15, 0, 'Summon: Barber', 'Summons your personal barber Sniptip, for when you need a quick style change.', 9825, 1, 0, 1, 0, 0, 0, -1, -1, 0, 0, 0, 0, 0, 0, 0, 0, 0, 1, 20, 0, 0, 0, 0, 0, 0, 0, 0, 0, 0, 0, 0, 0, 0, 0, 0, 0, 0, 0, 0, 0, 1000, 0, 0, 0, 0, 0, 0, 0, 0, 0, 0, 0, 0, 0, 0, 0, 0, 0, 0, 0, 0, 0, 0, 0, 0, 0, 28505, 0, 0, 0, 1000, 0, -1, 0, 0, 0, 0, -1, 0, -1, 0, 0, 0, 0, -1, 0, -1, 0, 0, 0, 0, -1, 0, -1, 0, 0, 0, 0, -1, 0, -1, 1, 0, 0, 0, 0, 0, 0, 0, 0, 0, 0, 0, 0, 0, 0, 0, 0, 0, 0, 0, 1, ''),
(50601, 0, 15, 0, 'Summon: Surgeon', 'Summon Dr. Topnose, your own private surgeon. List of services include scar removal, broken nose fix and others.', 22464, 1, 0, 1, 0, 0, 0, -1, -1, 0, 0, 0, 0, 0, 0, 0, 0, 0, 1, 20, 0, 0, 0, 0, 0, 0, 0, 0, 0, 0, 0, 0, 0, 0, 0, 0, 0, 0, 0, 0, 0, 1000, 0, 0, 0, 0, 0, 0, 0, 0, 0, 0, 0, 0, 0, 0, 0, 0, 0, 0, 0, 0, 0, 0, 0, 0, 0, 28505, 0, 0, 0, 1000, 0, -1, 0, 0, 0, 0, -1, 0, -1, 0, 0, 0, 0, -1, 0, -1, 0, 0, 0, 0, -1, 0, -1, 0, 0, 0, 0, -1, 0, -1, 1, 0, 0, 0, 0, 0, 0, 0, 0, 0, 0, 0, 0, 0, 0, 0, 0, 0, 0, 0, 1, ''),
(50602, 0, 15, 0, 'Summon: Auctioneer', 'Summon your local Goblin entrepreneur. Buy, sell, bid — he’s got the best deals anywhere!', 7260, 1, 0, 1, 0, 0, 0, -1, -1, 0, 0, 0, 0, 0, 0, 0, 0, 0, 1, 20, 0, 0, 0, 0, 0, 0, 0, 0, 0, 0, 0, 0, 0, 0, 0, 0, 0, 0, 0, 0, 0, 1000, 0, 0, 0, 0, 0, 0, 0, 0, 0, 0, 0, 0, 0, 0, 0, 0, 0, 0, 0, 0, 0, 0, 0, 0, 0, 28505, 0, 0, 0, 1000, 0, -1, 0, 0, 0, 0, -1, 0, -1, 0, 0, 0, 0, -1, 0, -1, 0, 0, 0, 0, -1, 0, -1, 0, 0, 0, 0, -1, 0, -1, 1, 0, 0, 0, 0, 0, 0, 0, 0, 0, 0, 0, 0, 0, 0, 0, 0, 0, 0, 0, 1, ''),
(50603, 0, 15, 0, 'Race Change Token: Human', 'Right click to use.', 30658, 1, 0, 1, 0, 0, 0, -1, -1, 0, 0, 0, 0, 0, 0, 0, 0, 0, 0, 20, 0, 0, 0, 0, 0, 0, 0, 0, 0, 0, 0, 0, 0, 0, 0, 0, 0, 0, 0, 0, 0, 1000, 0, 0, 0, 0, 0, 0, 0, 0, 0, 0, 0, 0, 0, 0, 0, 0, 0, 0, 0, 0, 0, 0, 0, 0, 0, 1575, 0, -1, 0, 1000, 0, -1, 0, 0, 0, 0, -1, 0, -1, 0, 0, 0, 0, -1, 0, -1, 0, 0, 0, 0, -1, 0, -1, 0, 0, 0, 0, -1, 0, -1, 1, 0, 0, 0, 0, 0, 0, 0, 0, 0, 0, 0, 0, 0, 0, 0, 0, 0, 0, 0, 1, 'shop_racechange'),
(50604, 0, 15, 0, 'Race Change Token: Gnome', 'Right click to use.', 30658, 1, 0, 1, 0, 0, 0, -1, -1, 0, 0, 0, 0, 0, 0, 0, 0, 0, 0, 20, 0, 0, 0, 0, 0, 0, 0, 0, 0, 0, 0, 0, 0, 0, 0, 0, 0, 0, 0, 0, 0, 1000, 0, 0, 0, 0, 0, 0, 0, 0, 0, 0, 0, 0, 0, 0, 0, 0, 0, 0, 0, 0, 0, 0, 0, 0, 0, 1575, 0, -1, 0, 1000, 0, -1, 0, 0, 0, 0, -1, 0, -1, 0, 0, 0, 0, -1, 0, -1, 0, 0, 0, 0, -1, 0, -1, 0, 0, 0, 0, -1, 0, -1, 1, 0, 0, 0, 0, 0, 0, 0, 0, 0, 0, 0, 0, 0, 0, 0, 0, 0, 0, 0, 1, 'shop_racechange'),
(50605, 0, 15, 0, 'Race Change Token: Dwarf', 'Right click to use.', 30658, 1, 0, 1, 0, 0, 0, -1, -1, 0, 0, 0, 0, 0, 0, 0, 0, 0, 0, 20, 0, 0, 0, 0, 0, 0, 0, 0, 0, 0, 0, 0, 0, 0, 0, 0, 0, 0, 0, 0, 0, 1000, 0, 0, 0, 0, 0, 0, 0, 0, 0, 0, 0, 0, 0, 0, 0, 0, 0, 0, 0, 0, 0, 0, 0, 0, 0, 1575, 0, -1, 0, 1000, 0, -1, 0, 0, 0, 0, -1, 0, -1, 0, 0, 0, 0, -1, 0, -1, 0, 0, 0, 0, -1, 0, -1, 0, 0, 0, 0, -1, 0, -1, 1, 0, 0, 0, 0, 0, 0, 0, 0, 0, 0, 0, 0, 0, 0, 0, 0, 0, 0, 0, 1, 'shop_racechange'),
(50606, 0, 15, 0, 'Race Change Token: Night Elf', 'Right click to use.', 30658, 1, 0, 1, 0, 0, 0, -1, -1, 0, 0, 0, 0, 0, 0, 0, 0, 0, 0, 20, 0, 0, 0, 0, 0, 0, 0, 0, 0, 0, 0, 0, 0, 0, 0, 0, 0, 0, 0, 0, 0, 1000, 0, 0, 0, 0, 0, 0, 0, 0, 0, 0, 0, 0, 0, 0, 0, 0, 0, 0, 0, 0, 0, 0, 0, 0, 0, 1575, 0, -1, 0, 1000, 0, -1, 0, 0, 0, 0, -1, 0, -1, 0, 0, 0, 0, -1, 0, -1, 0, 0, 0, 0, -1, 0, -1, 0, 0, 0, 0, -1, 0, -1, 1, 0, 0, 0, 0, 0, 0, 0, 0, 0, 0, 0, 0, 0, 0, 0, 0, 0, 0, 0, 1, 'shop_racechange'),
(50607, 0, 15, 0, 'Race Change Token: Orc', 'Right click to use.', 30658, 1, 0, 1, 0, 0, 0, -1, -1, 0, 0, 0, 0, 0, 0, 0, 0, 0, 0, 20, 0, 0, 0, 0, 0, 0, 0, 0, 0, 0, 0, 0, 0, 0, 0, 0, 0, 0, 0, 0, 0, 1000, 0, 0, 0, 0, 0, 0, 0, 0, 0, 0, 0, 0, 0, 0, 0, 0, 0, 0, 0, 0, 0, 0, 0, 0, 0, 1575, 0, -1, 0, 1000, 0, -1, 0, 0, 0, 0, -1, 0, -1, 0, 0, 0, 0, -1, 0, -1, 0, 0, 0, 0, -1, 0, -1, 0, 0, 0, 0, -1, 0, -1, 1, 0, 0, 0, 0, 0, 0, 0, 0, 0, 0, 0, 0, 0, 0, 0, 0, 0, 0, 0, 1, 'shop_racechange'),
(50608, 0, 15, 0, 'Race Change Token: Troll', 'Right click to use.', 30658, 1, 0, 1, 0, 0, 0, -1, -1, 0, 0, 0, 0, 0, 0, 0, 0, 0, 0, 20, 0, 0, 0, 0, 0, 0, 0, 0, 0, 0, 0, 0, 0, 0, 0, 0, 0, 0, 0, 0, 0, 1000, 0, 0, 0, 0, 0, 0, 0, 0, 0, 0, 0, 0, 0, 0, 0, 0, 0, 0, 0, 0, 0, 0, 0, 0, 0, 1575, 0, -1, 0, 1000, 0, -1, 0, 0, 0, 0, -1, 0, -1, 0, 0, 0, 0, -1, 0, -1, 0, 0, 0, 0, -1, 0, -1, 0, 0, 0, 0, -1, 0, -1, 1, 0, 0, 0, 0, 0, 0, 0, 0, 0, 0, 0, 0, 0, 0, 0, 0, 0, 0, 0, 1, 'shop_racechange'),
(50609, 0, 15, 0, 'Race Change Token: Tauren', 'Right click to use.', 30658, 1, 0, 1, 0, 0, 0, -1, -1, 0, 0, 0, 0, 0, 0, 0, 0, 0, 0, 20, 0, 0, 0, 0, 0, 0, 0, 0, 0, 0, 0, 0, 0, 0, 0, 0, 0, 0, 0, 0, 0, 1000, 0, 0, 0, 0, 0, 0, 0, 0, 0, 0, 0, 0, 0, 0, 0, 0, 0, 0, 0, 0, 0, 0, 0, 0, 0, 1575, 0, -1, 0, 1000, 0, -1, 0, 0, 0, 0, -1, 0, -1, 0, 0, 0, 0, -1, 0, -1, 0, 0, 0, 0, -1, 0, -1, 0, 0, 0, 0, -1, 0, -1, 1, 0, 0, 0, 0, 0, 0, 0, 0, 0, 0, 0, 0, 0, 0, 0, 0, 0, 0, 0, 1, 'shop_racechange'),
(50610, 0, 15, 0, 'Race Change Token: Undead', 'Right click to use.', 30658, 1, 0, 1, 0, 0, 0, -1, -1, 0, 0, 0, 0, 0, 0, 0, 0, 0, 0, 20, 0, 0, 0, 0, 0, 0, 0, 0, 0, 0, 0, 0, 0, 0, 0, 0, 0, 0, 0, 0, 0, 1000, 0, 0, 0, 0, 0, 0, 0, 0, 0, 0, 0, 0, 0, 0, 0, 0, 0, 0, 0, 0, 0, 0, 0, 0, 0, 1575, 0, -1, 0, 1000, 0, -1, 0, 0, 0, 0, -1, 0, -1, 0, 0, 0, 0, -1, 0, -1, 0, 0, 0, 0, -1, 0, -1, 0, 0, 0, 0, -1, 0, -1, 1, 0, 0, 0, 0, 0, 0, 0, 0, 0, 0, 0, 0, 0, 0, 0, 0, 0, 0, 0, 1, 'shop_racechange'),
(50611, 0, 15, 0, 'Character: Change Gender', 'Right click to use.', 30658, 1, 0, 1, 0, 0, 0, -1, -1, 0, 0, 0, 0, 0, 0, 0, 0, 0, 0, 20, 0, 0, 0, 0, 0, 0, 0, 0, 0, 0, 0, 0, 0, 0, 0, 0, 0, 0, 0, 0, 0, 1000, 0, 0, 0, 0, 0, 0, 0, 0, 0, 0, 0, 0, 0, 0, 0, 0, 0, 0, 0, 0, 0, 0, 0, 0, 0, 1575, 0, -1, 0, 1000, 0, -1, 0, 0, 0, 0, -1, 0, -1, 0, 0, 0, 0, -1, 0, -1, 0, 0, 0, 0, -1, 0, -1, 0, 0, 0, 0, -1, 0, -1, 1, 0, 0, 0, 0, 0, 0, 0, 0, 0, 0, 0, 0, 0, 0, 0, 0, 0, 0, 0, 1, 'shop_changegender');

update creature_template set scale = 1.6 where entry = 80830;
update creature_template set scale = 1.3, faction = 29 where entry = 80831;

update item_template set sheath = 1 where entry = 80775;
update item_template set display_id = 1297 where entry = 30817;

-- Faction rewards (WIP)

delete from item_template where entry between 80500 and 80680;

-- Faction rewards END
 
REPLACE INTO `creature_template` VALUES (80458, 0, 18214, 0, 0, 0, 'Ranger Canarah Kim\'Alah', 'Hunter Trainer', 59005, 63, 63, 675612, 675612, 6761, 6761, 4561, 371, 16, 1, 1.14286, 0, 20, 5, 0, 3, 1, 236, 348, 0, 200, 1, 1800, 2000, 4, 4864, 0, 0, 0, 0, 3, 0, 174, 747, 200, 7, 0, 0, 0, 0, 0, 0, 60, 0, 0, 60, 0, 0, 0, 0, 0, 0, 0, 0, 'EventAI', 0, 3, 0, 1, 3, 15181, 0, 0, 2764783451, 0, 557064, '');

-- Update quartermaster:

replace into `creature_template` values 
(80266, 0, 16833, 0, 0, 0, 'Soalara Dawnstar', 'Silvermoon Remnant Weapons Quartermaster', 0, 11, 11, 456, 456, 0, 0, 20, 371, 16388, 1.1, 1.14286, 0, 20, 5, 0, 0, 1, 12, 14, 0, 64, 1, 2000, 2090, 1, 4864, 0, 0, 0, 0, 0, 0, 18.392, 25.289, 100, 7, 0, 0, 0, 0, 0, 0, 0, 0, 0, 0, 0, 0, 0, 0, 0, 0, 0, 0, 'EventAI', 0, 3, 0, 0, 3, 0, 0, 0, 0, 0, 524298, '');

replace into `creature_template` values 
(80459, 0, 18225, 0, 0, 0, 'Alinerenah Sunsparrow', 'Silvermoon Remnant Armor Quartermaster', 0, 11, 11, 456, 456, 0, 0, 20, 371, 16388, 1.1, 1.14286, 0, 20, 5, 0, 0, 1, 12, 14, 0, 64, 1, 2000, 2090, 1, 4864, 0, 0, 0, 0, 0, 0, 18.392, 25.289, 100, 7, 0, 0, 0, 0, 0, 0, 0, 0, 0, 0, 0, 0, 0, 0, 0, 0, 0, 0, 'EventAI', 0, 3, 0, 0, 3, 0, 0, 0, 0, 0, 524298, '');
 
 replace into creature_model_info values (18214, 5875, 2, 2, 0, 0, 0);
 replace into creature_model_info values (18225, 5875, 2, 2, 0, 0, 0);
 replace into creature_model_info values (4033, 5875, 2, 2, 0, 0, 0);
 
replace into `creature_template` values 
(80807, 0, 14773, 0, 0, 0, 'Reolis Riptusk', 'Revantusk Trolls Weapons Quartermaster', 0, 11, 11, 456, 456, 0, 0, 20, 1494, 16388, 1.1, 1.14286, 0, 20, 5, 0, 0, 1, 12, 14, 0, 64, 1, 2000, 2090, 1, 4864, 0, 0, 0, 0, 0, 0, 18.392, 25.289, 100, 7, 0, 0, 0, 0, 0, 0, 0, 0, 0, 0, 0, 0, 0, 0, 0, 0, 0, 0, 'EventAI', 0, 3, 0, 0, 3, 0, 0, 0, 0, 0, 524298, '');

replace into `creature_template` values 
(80812, 0, 4033 , 0, 0, 0, 'Partayblade Riptusk', 'Revantusk Trolls Armor Quartermaster', 0, 11, 11, 456, 456, 0, 0, 20, 1494, 16388, 1.1, 1.14286, 0, 20, 5, 0, 0, 1, 12, 14, 0, 64, 1, 2000, 2090, 1, 4864, 0, 0, 0, 0, 0, 0, 18.392, 25.289, 100, 7, 0, 0, 0, 0, 0, 0, 0, 0, 0, 0, 0, 0, 0, 0, 0, 0, 0, 0, 'EventAI', 0, 3, 0, 0, 3, 0, 0, 0, 0, 0, 524298, '');

-- Add faction weapons to weapon quartermasters:

REPLACE INTO `npc_vendor` VALUES (80266, 80500, 0, 0, 0, 0);
REPLACE INTO `npc_vendor` VALUES (80266, 80501, 0, 0, 0, 0);
REPLACE INTO `npc_vendor` VALUES (80266, 80502, 0, 0, 0, 0);
REPLACE INTO `npc_vendor` VALUES (80266, 80503, 0, 0, 0, 0);
REPLACE INTO `npc_vendor` VALUES (80266, 80504, 0, 0, 0, 0);
REPLACE INTO `npc_vendor` VALUES (80266, 80505, 0, 0, 0, 0);
REPLACE INTO `npc_vendor` VALUES (80266, 80506, 0, 0, 0, 0);
REPLACE INTO `npc_vendor` VALUES (80266, 80507, 0, 0, 0, 0);
REPLACE INTO `npc_vendor` VALUES (80266, 80508, 0, 0, 0, 0);
REPLACE INTO `npc_vendor` VALUES (80266, 80509, 0, 0, 0, 0);
REPLACE INTO `npc_vendor` VALUES (80266, 80510, 0, 0, 0, 0);
REPLACE INTO `npc_vendor` VALUES (80266, 80511, 0, 0, 0, 0);
REPLACE INTO `npc_vendor` VALUES (80266, 80512, 0, 0, 0, 0);
REPLACE INTO `npc_vendor` VALUES (80266, 80513, 0, 0, 0, 0);
REPLACE INTO `npc_vendor` VALUES (80266, 80514, 0, 0, 0, 0);
REPLACE INTO `npc_vendor` VALUES (80266, 80515, 0, 0, 0, 0);
REPLACE INTO `npc_vendor` VALUES (80266, 80516, 0, 0, 0, 0);
REPLACE INTO `npc_vendor` VALUES (80266, 80517, 0, 0, 0, 0);
REPLACE INTO `npc_vendor` VALUES (80266, 80518, 0, 0, 0, 0);
REPLACE INTO `npc_vendor` VALUES (80266, 80519, 0, 0, 0, 0);
REPLACE INTO `npc_vendor` VALUES (80266, 80520, 0, 0, 0, 0);

REPLACE INTO `npc_vendor` VALUES (80807, 80600, 0, 0, 0, 0);
REPLACE INTO `npc_vendor` VALUES (80807, 80601, 0, 0, 0, 0);
REPLACE INTO `npc_vendor` VALUES (80807, 80602, 0, 0, 0, 0);
REPLACE INTO `npc_vendor` VALUES (80807, 80603, 0, 0, 0, 0);
REPLACE INTO `npc_vendor` VALUES (80807, 80604, 0, 0, 0, 0);
REPLACE INTO `npc_vendor` VALUES (80807, 80605, 0, 0, 0, 0);
REPLACE INTO `npc_vendor` VALUES (80807, 80606, 0, 0, 0, 0);
REPLACE INTO `npc_vendor` VALUES (80807, 80607, 0, 0, 0, 0);
REPLACE INTO `npc_vendor` VALUES (80807, 80608, 0, 0, 0, 0);
REPLACE INTO `npc_vendor` VALUES (80807, 80609, 0, 0, 0, 0);
REPLACE INTO `npc_vendor` VALUES (80807, 80610, 0, 0, 0, 0);
REPLACE INTO `npc_vendor` VALUES (80807, 80611, 0, 0, 0, 0);
REPLACE INTO `npc_vendor` VALUES (80807, 80612, 0, 0, 0, 0);
REPLACE INTO `npc_vendor` VALUES (80807, 80613, 0, 0, 0, 0);
REPLACE INTO `npc_vendor` VALUES (80807, 80614, 0, 0, 0, 0);
REPLACE INTO `npc_vendor` VALUES (80807, 80615, 0, 0, 0, 0);
REPLACE INTO `npc_vendor` VALUES (80807, 80616, 0, 0, 0, 0);
REPLACE INTO `npc_vendor` VALUES (80807, 80617, 0, 0, 0, 0);
REPLACE INTO `npc_vendor` VALUES (80807, 80618, 0, 0, 0, 0);
REPLACE INTO `npc_vendor` VALUES (80807, 80619, 0, 0, 0, 0);
REPLACE INTO `npc_vendor` VALUES (80807, 80620, 0, 0, 0, 0);

-- Little Silvermoon's pet quartermaster:

replace into `creature_template` values 
(80403, 0, 16814, 0, 0, 0, 'Tolif Valanor', 'Pet Collector', 0, 11, 11, 456, 456, 0, 0, 20, 371, 16388, 1.1, 1.14286, 0, 20, 5, 0, 0, 1, 12, 14, 0, 64, 1, 2000, 2090, 1, 4864, 0, 0, 0, 0, 0, 0, 18.392, 25.289, 100, 7, 0, 0, 0, 0, 0, 0, 0, 0, 0, 0, 0, 0, 0, 0, 0, 0, 0, 0, 'EventAI', 0, 3, 0, 0, 3, 0, 0, 0, 0, 0, 524298, '');

REPLACE INTO `npc_vendor` VALUES (80403, 80000, 0, 0, 0, 0);
REPLACE INTO `npc_vendor` VALUES (80403, 80001, 0, 0, 0, 0);
REPLACE INTO `npc_vendor` VALUES (80403, 80003, 0, 0, 0, 0);
REPLACE INTO `npc_vendor` VALUES (80403, 80007, 0, 0, 0, 0);

REPLACE INTO `item_template` VALUES (80007, 0, 15, 0, 'Enchanted Broom', 'Created by a high elf apprentice, this broom would be extremely useful if anyone could figure out how to make it stop.', 3509, 1, 0, 1, 6000, 1500, 0, -1, -1, 20, 0, 0, 0, 0, 0, 0, 0, 0, 0, 1, 0, 0, 0, 0, 0, 0, 0, 0, 0, 0, 0, 0, 0, 0, 0, 0, 0, 0, 0, 0, 0, 0, 0, 0, 0, 0, 0, 0, 0, 0, 0, 0, 0, 0, 0, 0, 0, 0, 0, 0, 0, 0, 0, 0, 0, 0, 0, 45014, 0, 0, 0, -1, 0, -1, 0, 0, 0, 0, -1, 0, -1, 0, 0, 0, 0, -1, 0, -1, 0, 0, 0, 0, -1, 0, -1, 0, 0, 0, 0, 0, 0, 0, 3, 0, 0, 0, 0, 0, 0, 0, 0, 0, 0, 0, 0, 0, 0, 0, 0, 0, 0, 0, 1, NULL);

REPLACE INTO `item_template` VALUES (80000, 0, 15, 0, 'Golden Dragonhawk Hatchling', 'Once prized by dragonhawk breeders in Silvermoon. Stands out at night to predators, making it necessary to gain awareness at an early age.', 20629, 1, 0, 1, 6000, 1500, 0, -1, -1, 20, 0, 0, 0, 0, 0, 0, 0, 0, 0, 1, 0, 0, 0, 0, 0, 0, 0, 0, 0, 0, 0, 0, 0, 0, 0, 0, 0, 0, 0, 0, 0, 0, 0, 0, 0, 0, 0, 0, 0, 0, 0, 0, 0, 0, 0, 0, 0, 0, 0, 0, 0, 0, 0, 0, 0, 0, 0, 45021, 0, 0, 0, -1, 0, -1, 0, 0, 0, 0, -1, 0, -1, 0, 0, 0, 0, -1, 0, -1, 0, 0, 0, 0, -1, 0, -1, 0, 0, 0, 0, 0, 0, 0, 3, 0, 0, 0, 0, 0, 0, 0, 0, 0, 0, 0, 0, 0, 0, 0, 0, 0, 0, 0, 1, NULL);
REPLACE INTO `item_template` VALUES (80001, 0, 15, 0, 'Thalassian Tender', 'It always wakes up dancing. What a happy little tree!', 19496, 1, 0, 1, 6000, 1500, 0, -1, -1, 20, 0, 0, 0, 0, 0, 0, 0, 0, 0, 1, 0, 0, 0, 0, 0, 0, 0, 0, 0, 0, 0, 0, 0, 0, 0, 0, 0, 0, 0, 0, 0, 0, 0, 0, 0, 0, 0, 0, 0, 0, 0, 0, 0, 0, 0, 0, 0, 0, 0, 0, 0, 0, 0, 0, 0, 0, 0, 45015, 0, 0, 0, -1, 0, -1, 0, 0, 0, 0, -1, 0, -1, 0, 0, 0, 0, -1, 0, -1, 0, 0, 0, 0, -1, 0, -1, 0, 0, 0, 0, 0, 0, 0, 3, 0, 0, 0, 0, 0, 0, 0, 0, 0, 0, 0, 0, 0, 0, 0, 0, 0, 0, 0, 1, NULL);

REPLACE INTO `item_template` VALUES (80003, 0, 15, 0, 'Fox Kit', 'During frigid nights, these critters use their fluffy tails as a blanket to stay warm.', 40126 , 1, 0, 1, 6000, 1500, 0, -1, -1, 20, 0, 0, 0, 0, 0, 0, 0, 0, 0, 1, 0, 0, 0, 0, 0, 0, 0, 0, 0, 0, 0, 0, 0, 0, 0, 0, 0, 0, 0, 0, 0, 0, 0, 0, 0, 0, 0, 0, 0, 0, 0, 0, 0, 0, 0, 0, 0, 0, 0, 0, 0, 0, 0, 0, 0, 0, 0, 45000, 0, 0, 0, -1, 0, -1, 0, 0, 0, 0, -1, 0, -1, 0, 0, 0, 0, -1, 0, -1, 0, 0, 0, 0, -1, 0, -1, 0, 0, 0, 0, 0, 0, 0, 3, 0, 0, 0, 0, 0, 0, 0, 0, 0, 0, 0, 0, 0, 0, 0, 0, 0, 0, 0, 1, NULL);

update item_template set required_reputation_faction = 269, required_reputation_rank = 7, buy_price = 253000, sell_price = 150000 where entry in (80000, 80001, 80003, 80007);

update creature_template set scale = 1 where entry = 80404;
update creature_template set scale = 1 where entry = 80401;

REPLACE INTO `creature_template` VALUES (80460, 0, 9591, 0, 0, 0, 'Applebough', 'Fruit Vendor', 9503, 30, 30, 1605, 1605, 0, 0, 1200, 875, 6, 1, 1.14286, 1.15, 20, 5, 0, 0, 1, 42, 53, 0, 122, 1, 2000, 2000, 1, 4608, 0, 0, 0, 0, 0, 0, 45.144, 62.073, 100, 7, 0, 0, 0, 0, 0, 0, 0, 0, 0, 0, 0, 0, 0, 0, 0, 0, 0, 0, 'EventAI', 0, 3, 0, 0, 3, 0, 0, 0, 0, 0, 524298, '');

-- Etched Rune

set @quest_entry = 80310;
set @quest_zone = 1;
set @title = 'Etched Rune';
set @description = 'While you were helping me out, this rune was given to me to pass on to you.\n\nTake some time to read it when you have a chance. I\'m thinkin\' it came from the hunter trainer, Thorgas.\n\nTake a gander at it, then go find him inside Anvilmar when you have the chance. ';
set @objective = 'Read the Etched Rune and speak to Thorgas Grimson in Coldridge Valley.';
set @completetext = 'One thing you should always remember is that you gotta respect the world you\'re livin\' in. You gnomes intend to follow this path using other means, but I believe respect for nature is always essential.\n\nI\'ll do what I can to help you, but most of the work\'s up to you. Any time you think you\'re ready, come back and talk to me. I\'ll train you when I can.';
set @incompletetext = 'You made it! Good to hear.\n\nBet’cha didn\'t have to track me to find the place, either. Haha!\n\nOur profession is pretty steeped in tradition, $N. Not many gnomes have what it takes, but I can see that you are determined to master the ways of the hunter with your own twist, so who am I to stop you?';
set @faction_id = 0;
set @faction_count = 0;
set @xp_or_money = 164;
set @reward_money = 0; 
set @quest_level = 1;
set @min_level = 1;
set @questgiver_id = 658;
set @quest_finisher = 895;
set @nextquest = 0;
set @nextquestinchain = 0;
set @prevquest = 179;
set @RewChoiceItemId1 = 0; 
set @RewChoiceItemId2 = 0; 
set @RewChoiceItemId3 = 0;
set @RewChoiceItemId4 = 0; 
set @RewChoiceItemCount1 = 0;
set @RewChoiceItemCount2 = 0;
set @RewChoiceItemCount3 = 0;
set @RewChoiceItemCount4 = 0;
set @reward_item_1 = 0;
set @reward_item_2 = 0; 
set @reward_item_3 = 0;
set @reward_item_4 = 0;
set @reward_item_1_count = 0;
set @reward_item_2_count = 0;
set @reward_item_3_count = 0;
set @reward_item_4_count = 0;
set @creature_to_kill_1 = 0;
set @creature_to_kill_2 = 0; 
set @creature_to_kill_3 = 0;
set @creature_to_kill_4 = 0;
set @creature_to_kill_1_count = 0;
set @creature_to_kill_2_count = 0;
set @creature_to_kill_3_count = 0;
set @creature_to_kill_4_count = 0;
set @required_item_1 = 9566;
set @required_item_2 = 0;
set @required_item_3 = 0;
set @required_item_4 = 0;
set @required_item_1_count = 1;
set @required_item_2_count = 0;
set @required_item_3_count = 0;
set @required_item_4_count = 0;

replace into quest_template values 

(@quest_entry, '0', '2', @quest_zone, @min_level,  '0', @quest_level, '0', '0', '0', '0', '0', '0', '0', '0', '0','0', '0', '0', '0', '0', '0', '0', '0', '0', '0', '0', '0', '0', @title, @description, @objective, @completetext, @incompletetext, '', '', '', '', '', '0', '0', '0', '0', '0', '0', '0', '0', '0', '0', '0', '0', '0', '0', '0', '0', '0', '0', '0', '0', '0', '0', '0', '0', '0', '0', '0', '0', '0', '0', '0', '0', '0', '0', '0', '0', '0', '0', '0', '0', '0', '0', '0', '0', '0', '0', '0', '0', @faction_id, '0', '0', '0', '0', @faction_count, '0', '0', '0', '0', '0', @xp_or_money, '0', '0', '0', '0', '0', '0', '0', '0', '0', '0', '0', '0', '0', '0', '0', '0', '0', '0', '0', '0', '0', '0', '0', '0', '0', '0','0', 0, 0);
     
replace into creature_questrelation (id, quest, patch_min, patch_max) values (@questgiver_id, @quest_entry,'0','10'); 
replace into creature_involvedrelation (id, quest, patch_min, patch_max) values (@quest_finisher, @quest_entry,'0','10');
	 
update quest_template set 
rewitemid1 = @reward_item_1, rewitemcount1 = @reward_item_1_count,
rewitemid2 = @reward_item_2, rewitemcount2 = @reward_item_2_count,
rewitemid3 = @reward_item_3, rewitemcount3 = @reward_item_3_count,
rewitemid4 = @reward_item_4, rewitemcount4 = @reward_item_4_count,
RewChoiceItemId1 = @RewChoiceItemId1, RewChoiceItemCount1 = @RewChoiceItemCount1,
RewChoiceItemId2 = @RewChoiceItemId2, RewChoiceItemCount2 = @RewChoiceItemCount2,
RewChoiceItemId3 = @RewChoiceItemId3, RewChoiceItemCount3 = @RewChoiceItemCount3,
RewChoiceItemId4 = @RewChoiceItemId4, RewChoiceItemCount4 = @RewChoiceItemCount4,
ReqCreatureOrGOId1 = @creature_to_kill_1, ReqCreatureOrGOCount1 = @creature_to_kill_1_count,
ReqCreatureOrGOId2 = @creature_to_kill_2, ReqCreatureOrGOCount2 = @creature_to_kill_2_count,
ReqCreatureOrGOId3 = @creature_to_kill_3, ReqCreatureOrGOCount3 = @creature_to_kill_3_count,
ReqCreatureOrGOId4 = @creature_to_kill_4, ReqCreatureOrGOCount4 = @creature_to_kill_4_count,
reqitemid1 = @required_item_1, reqitemcount1 = @required_item_1_count,
reqitemid2 = @required_item_2, reqitemcount2 = @required_item_2_count,
reqitemid3 = @required_item_3, reqitemcount3 = @required_item_3_count,
reqitemid4 = @required_item_4, reqitemcount4 = @required_item_4_count,
nextquestid = @nextquest, RewOrReqMoney = @reward_money, 
nextquestinchain = @nextquestinchain, prevquestid = @prevquest,
srcItemId = 9566, srcitemcount = 1, RequiredClasses = 4, RequiredRaces = 64
where entry = @quest_entry;	

update quest_template set RequiredClasses = 4, RequiredRaces = 4 where entry = 3108;

-- Misc. DB fixes:

replace into `creature_template` values (80855, 0, 1890, 0, 0, 0, 'Clover Spinpistol', 'Hunter Trainer', 4648, 8, 8, 334, 334, 297, 297, 20, 126, 19, 1, 1.14286, 0, 20, 5, 0, 0, 1, 7, 10, 0, 58, 1, 2000, 2000, 1, 4864, 0, 0, 0, 0, 3, 0, 13.5872, 18.6824, 100, 7, 0, 0, 0, 0, 0, 0, 0, 0, 0, 0, 0, 0, 0, 0, 0, 0, 0, 0, 'EventAI', 0, 3, 0, 0, 3, 3154, 0, 0, 0, 0, 524298, '');

update creature_template set faction = 54 where entry = 80855;

replace into `creature_template` values (80856, 0, 18330, 0, 0, 0, 'Twinkie Boomstick', 'Hunter Trainer', 4648, 8, 8, 334, 334, 297, 297, 20, 126, 19, 1, 1.14286, 0, 20, 5, 0, 0, 1, 7, 10, 0, 58, 1, 2000, 2000, 1, 4864, 0, 0, 0, 0, 3, 0, 13.5872, 18.6824, 100, 7, 0, 0, 0, 0, 0, 0, 0, 0, 0, 0, 0, 0, 0, 0, 0, 0, 0, 0, 'EventAI', 0, 3, 0, 0, 3, 3154, 0, 0, 0, 0, 524298, '');

update creature_template set faction = 470 where entry = 80856;

-- New class quests for Orc Mages:

update creature_template set name = 'Chok\'Garok' where entry = 80831;
update creature_template set subname = 'Stonemaul Clan' where entry = 80831;

set @ureda = 0;

-- Mastering the Arcane, Part I

set @quest_entry = 80311;
set @quest_zone = 17;
set @title = 'Mastering the Arcane (Part I)';
set @description = '<Ureda glances at you with dismay.>\n\nYour skills still require some honing and your posture betrayes your arrogance. Typical of any new apprentice who bears overconfidence before his own wits. Not that it matters to me. It\'s your own problem.\n\nAny aspiring mage should have his spells ready at all time and think two steps ahead. That\'s why your lack of awareness should be compensated with at least something you could procure by yourself.\n\nThere is a… mage who resides on a bank of Southfury River, not far from the Thunder Ridge. Task you will recieve from this mage might be arduous at first glance yet most likely will bear fruit if you put your brain into it.';
set @objective = 'Speak to Chok\'Garok on a bank of Southfury River in Barrens';
set @completetext = 'Another one with thirst for knowledge. Good, good! I know what you need. I know what you want!\n\nYes, we know what you crave for!';
set @incompletetext = 'Hrrm? Yes, what, huh?\n\nChok\'Garok. Yes, it\'s us! Yes, two heads! ';
set @faction_id = 0;
set @faction_count = 0;
set @xp_or_money = 964;
set @reward_money = 0; 
set @quest_level = 16;
set @min_level = 14;
set @questgiver_id = @ureda;
set @quest_finisher = 80831;
set @nextquest = 0;
set @nextquestinchain = 0;
set @prevquest = 0;
set @RewChoiceItemId1 = 0; 
set @RewChoiceItemId2 = 0; 
set @RewChoiceItemId3 = 0;
set @RewChoiceItemId4 = 0; 
set @RewChoiceItemCount1 = 0;
set @RewChoiceItemCount2 = 0;
set @RewChoiceItemCount3 = 0;
set @RewChoiceItemCount4 = 0;
set @reward_item_1 = 0;
set @reward_item_2 = 0; 
set @reward_item_3 = 0;
set @reward_item_4 = 0;
set @reward_item_1_count = 0;
set @reward_item_2_count = 0;
set @reward_item_3_count = 0;
set @reward_item_4_count = 0;
set @creature_to_kill_1 = 0;
set @creature_to_kill_2 = 0; 
set @creature_to_kill_3 = 0;
set @creature_to_kill_4 = 0;
set @creature_to_kill_1_count = 0;
set @creature_to_kill_2_count = 0;
set @creature_to_kill_3_count = 0;
set @creature_to_kill_4_count = 0;
set @required_item_1 = 0;
set @required_item_2 = 0;
set @required_item_3 = 0;
set @required_item_4 = 0;
set @required_item_1_count = 0;
set @required_item_2_count = 0;
set @required_item_3_count = 0;
set @required_item_4_count = 0;

replace into quest_template values 

(@quest_entry, '0', '2', @quest_zone, @min_level,  '0', @quest_level, '0', '0', '0', '0', '0', '0', '0', '0', '0','0', '0', '0', '0', '0', '0', '0', '0', '0', '0', '0', '0', '0', @title, @description, @objective, @completetext, @incompletetext, '', '', '', '', '', '0', '0', '0', '0', '0', '0', '0', '0', '0', '0', '0', '0', '0', '0', '0', '0', '0', '0', '0', '0', '0', '0', '0', '0', '0', '0', '0', '0', '0', '0', '0', '0', '0', '0', '0', '0', '0', '0', '0', '0', '0', '0', '0', '0', '0', '0', '0', '0', @faction_id, '0', '0', '0', '0', @faction_count, '0', '0', '0', '0', '0', @xp_or_money, '0', '0', '0', '0', '0', '0', '0', '0', '0', '0', '0', '0', '0', '0', '0', '0', '0', '0', '0', '0', '0', '0', '0', '0', '0', '0','0', 0, 0);
     
replace into creature_questrelation (id, quest, patch_min, patch_max) values (@questgiver_id, @quest_entry,'0','10'); 
replace into creature_involvedrelation (id, quest, patch_min, patch_max) values (@quest_finisher, @quest_entry,'0','10');
	 
update quest_template set 
rewitemid1 = @reward_item_1, rewitemcount1 = @reward_item_1_count,
rewitemid2 = @reward_item_2, rewitemcount2 = @reward_item_2_count,
rewitemid3 = @reward_item_3, rewitemcount3 = @reward_item_3_count,
rewitemid4 = @reward_item_4, rewitemcount4 = @reward_item_4_count,
RewChoiceItemId1 = @RewChoiceItemId1, RewChoiceItemCount1 = @RewChoiceItemCount1,
RewChoiceItemId2 = @RewChoiceItemId2, RewChoiceItemCount2 = @RewChoiceItemCount2,
RewChoiceItemId3 = @RewChoiceItemId3, RewChoiceItemCount3 = @RewChoiceItemCount3,
RewChoiceItemId4 = @RewChoiceItemId4, RewChoiceItemCount4 = @RewChoiceItemCount4,
ReqCreatureOrGOId1 = @creature_to_kill_1, ReqCreatureOrGOCount1 = @creature_to_kill_1_count,
ReqCreatureOrGOId2 = @creature_to_kill_2, ReqCreatureOrGOCount2 = @creature_to_kill_2_count,
ReqCreatureOrGOId3 = @creature_to_kill_3, ReqCreatureOrGOCount3 = @creature_to_kill_3_count,
ReqCreatureOrGOId4 = @creature_to_kill_4, ReqCreatureOrGOCount4 = @creature_to_kill_4_count,
reqitemid1 = @required_item_1, reqitemcount1 = @required_item_1_count,
reqitemid2 = @required_item_2, reqitemcount2 = @required_item_2_count,
reqitemid3 = @required_item_3, reqitemcount3 = @required_item_3_count,
reqitemid4 = @required_item_4, reqitemcount4 = @required_item_4_count,
nextquestid = @nextquest, RewOrReqMoney = @reward_money, 
nextquestinchain = @nextquestinchain, prevquestid = @prevquest,
RequiredClasses = 128, RequiredRaces = 50
where entry = @quest_entry;	

-- Mastering the Arcane, Part II

set @quest_entry = 80312;
set @quest_zone = 17;
set @title = 'Mastering the Arcane (Part II)';
set @description = 'Ureda sends only worthy mages! Ureda be nasty!\n\n<Heads stare at each other with a surprised look.>\n\nWe know what you really need as a mage, we know where to get parts. You bring us parts and essence too and we make you a weapon, yes!\n\nWhere you get parts? It\'s in the cave. Barrens!! Yes, yes. Wailing Caverns they call it. Caverns with druids and snakes! Yes. You find us 5 Moontouched Wood, Crystal of the Serpent and Everchanging Essence. Yes, the Essence!\n\nYou bring it all to us and we make it all a worthy weapon! Yes, you\'ll be thankful!';
set @objective = 'Bring Chok\'Garok ingrigients for a staff from Wailing Caverns.';
set @completetext = 'Yess, yesss!! That\'s what we need! The Arcane be strong to weave on this one! Yes, powerful casting!\n\nYou take this weapon now, be proud and strong! Yess, yesss!\n\nChok\'Garok powerful, yess!!!';
set @incompletetext = 'You have the parts yet? Yes, yes, bring the parts!';
set @faction_id = 0;
set @faction_count = 0;
set @xp_or_money = 2020;
set @reward_money = 0; 
set @quest_level = 18;
set @min_level = 14;
set @questgiver_id = 80831;
set @quest_finisher = 80831;
set @nextquest = 0;
set @nextquestinchain = 0;
set @prevquest = 80311;
set @RewChoiceItemId1 = 0; 
set @RewChoiceItemId2 = 0; 
set @RewChoiceItemId3 = 0;
set @RewChoiceItemId4 = 0; 
set @RewChoiceItemCount1 = 0;
set @RewChoiceItemCount2 = 0;
set @RewChoiceItemCount3 = 0;
set @RewChoiceItemCount4 = 0;
set @reward_item_1 = 0;
set @reward_item_2 = 0; 
set @reward_item_3 = 0;
set @reward_item_4 = 0;
set @reward_item_1_count = 0;
set @reward_item_2_count = 0;
set @reward_item_3_count = 0;
set @reward_item_4_count = 0;
set @creature_to_kill_1 = 0;
set @creature_to_kill_2 = 0; 
set @creature_to_kill_3 = 0;
set @creature_to_kill_4 = 0;
set @creature_to_kill_1_count = 0;
set @creature_to_kill_2_count = 0;
set @creature_to_kill_3_count = 0;
set @creature_to_kill_4_count = 0;
set @required_item_1 = 0;
set @required_item_2 = 0;
set @required_item_3 = 0;
set @required_item_4 = 0;
set @required_item_1_count = 0;
set @required_item_2_count = 0;
set @required_item_3_count = 0;
set @required_item_4_count = 0;

replace into quest_template values 

(@quest_entry, '0', '2', @quest_zone, @min_level,  '0', @quest_level, '0', '0', '0', '0', '0', '0', '0', '0', '0','0', '0', '0', '0', '0', '0', '0', '0', '0', '0', '0', '0', '0', @title, @description, @objective, @completetext, @incompletetext, '', '', '', '', '', '0', '0', '0', '0', '0', '0', '0', '0', '0', '0', '0', '0', '0', '0', '0', '0', '0', '0', '0', '0', '0', '0', '0', '0', '0', '0', '0', '0', '0', '0', '0', '0', '0', '0', '0', '0', '0', '0', '0', '0', '0', '0', '0', '0', '0', '0', '0', '0', @faction_id, '0', '0', '0', '0', @faction_count, '0', '0', '0', '0', '0', @xp_or_money, '0', '0', '0', '0', '0', '0', '0', '0', '0', '0', '0', '0', '0', '0', '0', '0', '0', '0', '0', '0', '0', '0', '0', '0', '0', '0','0', 0, 0);
     
replace into creature_questrelation (id, quest, patch_min, patch_max) values (@questgiver_id, @quest_entry,'0','10'); 
replace into creature_involvedrelation (id, quest, patch_min, patch_max) values (@quest_finisher, @quest_entry,'0','10');
	 
update quest_template set 
rewitemid1 = @reward_item_1, rewitemcount1 = @reward_item_1_count,
rewitemid2 = @reward_item_2, rewitemcount2 = @reward_item_2_count,
rewitemid3 = @reward_item_3, rewitemcount3 = @reward_item_3_count,
rewitemid4 = @reward_item_4, rewitemcount4 = @reward_item_4_count,
RewChoiceItemId1 = @RewChoiceItemId1, RewChoiceItemCount1 = @RewChoiceItemCount1,
RewChoiceItemId2 = @RewChoiceItemId2, RewChoiceItemCount2 = @RewChoiceItemCount2,
RewChoiceItemId3 = @RewChoiceItemId3, RewChoiceItemCount3 = @RewChoiceItemCount3,
RewChoiceItemId4 = @RewChoiceItemId4, RewChoiceItemCount4 = @RewChoiceItemCount4,
ReqCreatureOrGOId1 = @creature_to_kill_1, ReqCreatureOrGOCount1 = @creature_to_kill_1_count,
ReqCreatureOrGOId2 = @creature_to_kill_2, ReqCreatureOrGOCount2 = @creature_to_kill_2_count,
ReqCreatureOrGOId3 = @creature_to_kill_3, ReqCreatureOrGOCount3 = @creature_to_kill_3_count,
ReqCreatureOrGOId4 = @creature_to_kill_4, ReqCreatureOrGOCount4 = @creature_to_kill_4_count,
reqitemid1 = @required_item_1, reqitemcount1 = @required_item_1_count,
reqitemid2 = @required_item_2, reqitemcount2 = @required_item_2_count,
reqitemid3 = @required_item_3, reqitemcount3 = @required_item_3_count,
reqitemid4 = @required_item_4, reqitemcount4 = @required_item_4_count,
nextquestid = @nextquest, RewOrReqMoney = @reward_money, 
nextquestinchain = @nextquestinchain, prevquestid = @prevquest,
RequiredClasses = 128, RequiredRaces = 50
where entry = @quest_entry;	
